 VCS Coverage Metrics Release U-2023.03_Full64 Copyright (c) 1991-2023 by Synopsys Inc.
[PASS] seq=idle_no_branch_no_jal          cyc=0 op=BK_IDLE            pc=0x00000000 branch=0 jal=0 -> taken=0 valid=0 tgt=0x00000000
[PASS] seq=backward_branch_typical        cyc=0 op=BK_BACKWARD_BRANCH pc=0x00000100 branch=1 jal=0 -> taken=1 valid=1 tgt=0x000000f8
[PASS] seq=backward_branch_max_offset     cyc=0 op=BK_BACKWARD_BRANCH pc=0x00001000 branch=1 jal=0 -> taken=1 valid=1 tgt=0x00000000
[PASS] seq=forward_branch_typical         cyc=0 op=BK_FORWARD_BRANCH  pc=0x00000100 branch=1 jal=0 -> taken=0 valid=0 tgt=0x00000110
[PASS] seq=forward_branch_max_offset      cyc=0 op=BK_FORWARD_BRANCH  pc=0x00000100 branch=1 jal=0 -> taken=0 valid=0 tgt=0x000010fe
[PASS] seq=jal_positive_offset            cyc=0 op=BK_JAL             pc=0x00000200 branch=0 jal=1 -> taken=0 valid=1 tgt=0x00000600
[PASS] seq=jal_negative_offset            cyc=0 op=BK_JAL             pc=0x00000200 branch=0 jal=1 -> taken=0 valid=1 tgt=0xfffffe00
[PASS] seq=jal_zero_offset_self_jump      cyc=0 op=BK_JAL             pc=0x00000200 branch=0 jal=1 -> taken=0 valid=1 tgt=0x00000200
[PASS] seq=jal_and_backward_branch        cyc=0 op=BK_JAL_AND_BRANCH  pc=0x00000300 branch=1 jal=1 -> taken=1 valid=1 tgt=0x00000b00
[PASS] seq=jal_and_forward_branch         cyc=0 op=BK_JAL_AND_BRANCH  pc=0x00000300 branch=1 jal=1 -> taken=0 valid=1 tgt=0x00000b00
[PASS] seq=branch_target_wraparound       cyc=0 op=BK_WRAPAROUND      pc=0xfffffffc branch=1 jal=0 -> taken=0 valid=0 tgt=0x00000004
[PASS] seq=jal_target_wraparound          cyc=0 op=BK_WRAPAROUND      pc=0xfffffffc branch=0 jal=1 -> taken=0 valid=1 tgt=0x00000004
[PASS] seq=branch_target_underflow        cyc=0 op=BK_WRAPAROUND      pc=0x00000000 branch=1 jal=0 -> taken=1 valid=1 tgt=0xfffffffc
[PASS] seq=immediate_all_ones_boundary    cyc=0 op=BK_RANDOM          pc=0x00000000 branch=1 jal=0 -> taken=1 valid=1 tgt=0xfffffffe
[PASS] seq=immediate_all_ones_boundary    cyc=1 op=BK_RANDOM          pc=0x00000000 branch=0 jal=1 -> taken=0 valid=1 tgt=0xfffffffe
[PASS] seq=stress_repeated_jal            cyc=0 op=BK_JAL             pc=0x00000400 branch=0 jal=1 -> taken=0 valid=1 tgt=0x00000404
[PASS] seq=stress_repeated_jal            cyc=1 op=BK_JAL             pc=0x00000400 branch=0 jal=1 -> taken=0 valid=1 tgt=0x00000404
[PASS] seq=stress_repeated_jal            cyc=2 op=BK_JAL             pc=0x00000400 branch=0 jal=1 -> taken=0 valid=1 tgt=0x00000404
[PASS] seq=stress_repeated_jal            cyc=3 op=BK_JAL             pc=0x00000400 branch=0 jal=1 -> taken=0 valid=1 tgt=0x00000404
[PASS] seq=stress_repeated_jal            cyc=4 op=BK_JAL             pc=0x00000400 branch=0 jal=1 -> taken=0 valid=1 tgt=0x00000404
[PASS] seq=stress_repeated_jal            cyc=5 op=BK_JAL             pc=0x00000400 branch=0 jal=1 -> taken=0 valid=1 tgt=0x00000404
[PASS] seq=stress_repeated_jal            cyc=6 op=BK_JAL             pc=0x00000400 branch=0 jal=1 -> taken=0 valid=1 tgt=0x00000404
[PASS] seq=stress_repeated_jal            cyc=7 op=BK_JAL             pc=0x00000400 branch=0 jal=1 -> taken=0 valid=1 tgt=0x00000404
[PASS] seq=stress_repeated_jal            cyc=8 op=BK_JAL             pc=0x00000400 branch=0 jal=1 -> taken=0 valid=1 tgt=0x00000404
[PASS] seq=stress_repeated_jal            cyc=9 op=BK_JAL             pc=0x00000400 branch=0 jal=1 -> taken=0 valid=1 tgt=0x00000404
[PASS] seq=stress_alternating_taken_not_taken cyc=0 op=BK_BACKWARD_BRANCH pc=0x00000500 branch=1 jal=0 -> taken=1 valid=1 tgt=0x000004f0
[PASS] seq=stress_alternating_taken_not_taken cyc=1 op=BK_FORWARD_BRANCH  pc=0x00000500 branch=1 jal=0 -> taken=0 valid=0 tgt=0x00000510
[PASS] seq=stress_alternating_taken_not_taken cyc=2 op=BK_BACKWARD_BRANCH pc=0x00000500 branch=1 jal=0 -> taken=1 valid=1 tgt=0x000004f0
[PASS] seq=stress_alternating_taken_not_taken cyc=3 op=BK_FORWARD_BRANCH  pc=0x00000500 branch=1 jal=0 -> taken=0 valid=0 tgt=0x00000510
[PASS] seq=stress_alternating_taken_not_taken cyc=4 op=BK_BACKWARD_BRANCH pc=0x00000500 branch=1 jal=0 -> taken=1 valid=1 tgt=0x000004f0
[PASS] seq=stress_alternating_taken_not_taken cyc=5 op=BK_FORWARD_BRANCH  pc=0x00000500 branch=1 jal=0 -> taken=0 valid=0 tgt=0x00000510
[PASS] seq=stress_alternating_taken_not_taken cyc=6 op=BK_BACKWARD_BRANCH pc=0x00000500 branch=1 jal=0 -> taken=1 valid=1 tgt=0x000004f0
[PASS] seq=stress_alternating_taken_not_taken cyc=7 op=BK_FORWARD_BRANCH  pc=0x00000500 branch=1 jal=0 -> taken=0 valid=0 tgt=0x00000510
[PASS] seq=crv_seq_0                      cyc=0 op=BK_JAL             pc=0xc4dec130 branch=0 jal=1 -> taken=0 valid=1 tgt=0x5dddc628
[PASS] seq=crv_seq_0                      cyc=1 op=BK_BACKWARD_BRANCH pc=0x7aa056dc branch=1 jal=0 -> taken=1 valid=1 tgt=0x72369a16
[PASS] seq=crv_seq_0                      cyc=2 op=BK_BACKWARD_BRANCH pc=0x33aea6e8 branch=1 jal=0 -> taken=1 valid=1 tgt=0xde2a0a74
[PASS] seq=crv_seq_0                      cyc=3 op=BK_JAL_AND_BRANCH  pc=0xefb39504 branch=1 jal=1 -> taken=0 valid=1 tgt=0xe31939ee
[PASS] seq=crv_seq_0                      cyc=4 op=BK_JAL_AND_BRANCH  pc=0xcabd51f8 branch=1 jal=1 -> taken=0 valid=1 tgt=0x24d32f70
[PASS] seq=crv_seq_0                      cyc=5 op=BK_BACKWARD_BRANCH pc=0xcb3e9bd8 branch=1 jal=0 -> taken=1 valid=1 tgt=0xc0e45c5c
[PASS] seq=crv_seq_0                      cyc=6 op=BK_JAL             pc=0x2aeb0868 branch=0 jal=1 -> taken=0 valid=1 tgt=0x00035672
[PASS] seq=crv_seq_0                      cyc=7 op=BK_JAL_AND_BRANCH  pc=0xf74fe6ec branch=1 jal=1 -> taken=1 valid=1 tgt=0x7d434a4c
[PASS] seq=crv_seq_0                      cyc=8 op=BK_FORWARD_BRANCH  pc=0x4bf6bd4c branch=1 jal=0 -> taken=0 valid=0 tgt=0x8e996990
[PASS] seq=crv_seq_0                      cyc=9 op=BK_FORWARD_BRANCH  pc=0x023760e4 branch=1 jal=0 -> taken=0 valid=0 tgt=0x72abd2ae
[PASS] seq=crv_seq_0                      cyc=10 op=BK_FORWARD_BRANCH  pc=0x0d09dd38 branch=1 jal=0 -> taken=0 valid=0 tgt=0x1f61d340
[PASS] seq=crv_seq_0                      cyc=11 op=BK_RANDOM          pc=0xd47d69dc branch=0 jal=0 -> taken=0 valid=0 tgt=0xa617773e
[PASS] seq=crv_seq_0                      cyc=12 op=BK_JAL_AND_BRANCH  pc=0x2f652fe8 branch=1 jal=1 -> taken=1 valid=1 tgt=0xe4659408
[PASS] seq=crv_seq_0                      cyc=13 op=BK_FORWARD_BRANCH  pc=0x3fe04a60 branch=1 jal=0 -> taken=0 valid=0 tgt=0x7053b9a6
[PASS] seq=crv_seq_0                      cyc=14 op=BK_FORWARD_BRANCH  pc=0x43901104 branch=1 jal=0 -> taken=0 valid=0 tgt=0xa217b030
[PASS] seq=crv_seq_0                      cyc=15 op=BK_JAL             pc=0xb133c330 branch=0 jal=1 -> taken=0 valid=1 tgt=0x91fb5924
[PASS] seq=crv_seq_0                      cyc=16 op=BK_BACKWARD_BRANCH pc=0x00062da4 branch=1 jal=0 -> taken=1 valid=1 tgt=0xfcea9c38
[PASS] seq=crv_seq_0                      cyc=17 op=BK_IDLE            pc=0x749f0eec branch=0 jal=0 -> taken=0 valid=0 tgt=0x977094b6
[PASS] seq=crv_seq_0                      cyc=18 op=BK_FORWARD_BRANCH  pc=0x3eddbee0 branch=1 jal=0 -> taken=0 valid=0 tgt=0x737b5490
[PASS] seq=crv_seq_0                      cyc=19 op=BK_JAL             pc=0x0c370c4c branch=0 jal=1 -> taken=0 valid=1 tgt=0x8192da38
[PASS] seq=crv_seq_0                      cyc=20 op=BK_JAL_AND_BRANCH  pc=0x3b8b20c8 branch=1 jal=1 -> taken=0 valid=1 tgt=0x81c2c51c
[PASS] seq=crv_seq_0                      cyc=21 op=BK_BACKWARD_BRANCH pc=0xc6537f80 branch=1 jal=0 -> taken=1 valid=1 tgt=0xa04583b2
[PASS] seq=crv_seq_0                      cyc=22 op=BK_JAL_AND_BRANCH  pc=0x820c246c branch=1 jal=1 -> taken=1 valid=1 tgt=0x876b07fa
[PASS] seq=crv_seq_0                      cyc=23 op=BK_JAL_AND_BRANCH  pc=0x00300110 branch=1 jal=1 -> taken=0 valid=1 tgt=0x9c6efe1c
[PASS] seq=crv_seq_0                      cyc=24 op=BK_IDLE            pc=0xf1a57b48 branch=0 jal=0 -> taken=0 valid=0 tgt=0x798d5f40
[PASS] seq=crv_seq_0                      cyc=25 op=BK_FORWARD_BRANCH  pc=0x46b9a444 branch=1 jal=0 -> taken=0 valid=0 tgt=0xba560c72
[PASS] seq=crv_seq_0                      cyc=26 op=BK_FORWARD_BRANCH  pc=0x03664530 branch=1 jal=0 -> taken=0 valid=0 tgt=0x6edfd9f0
[PASS] seq=crv_seq_0                      cyc=27 op=BK_WRAPAROUND      pc=0x3b1b9130 branch=1 jal=0 -> taken=0 valid=0 tgt=0x5f8a4386
[PASS] seq=crv_seq_0                      cyc=28 op=BK_JAL             pc=0x7c2f5164 branch=0 jal=1 -> taken=0 valid=1 tgt=0x4fab661a
[PASS] seq=crv_seq_0                      cyc=29 op=BK_RANDOM          pc=0x0b6b13a4 branch=0 jal=0 -> taken=0 valid=0 tgt=0x457f40c0
[PASS] seq=crv_seq_0                      cyc=30 op=BK_JAL             pc=0x007dbfac branch=0 jal=1 -> taken=0 valid=1 tgt=0x41641be0
[PASS] seq=crv_seq_0                      cyc=31 op=BK_RANDOM          pc=0x4c56b068 branch=1 jal=0 -> taken=1 valid=1 tgt=0xe46fb204
[PASS] seq=crv_seq_0                      cyc=32 op=BK_RANDOM          pc=0x247ec7fc branch=0 jal=1 -> taken=0 valid=1 tgt=0xb25e60ae
[PASS] seq=crv_seq_0                      cyc=33 op=BK_IDLE            pc=0x932cb220 branch=0 jal=0 -> taken=0 valid=0 tgt=0xa01b1dd8
[PASS] seq=crv_seq_0                      cyc=34 op=BK_IDLE            pc=0x8c829c30 branch=0 jal=0 -> taken=0 valid=0 tgt=0x3383778c
[PASS] seq=crv_seq_0                      cyc=35 op=BK_BACKWARD_BRANCH pc=0x7a2dac04 branch=1 jal=0 -> taken=1 valid=1 tgt=0x3382e8be
[PASS] seq=crv_seq_0                      cyc=36 op=BK_RANDOM          pc=0x280fe048 branch=1 jal=0 -> taken=0 valid=0 tgt=0x85d753a2
[PASS] seq=crv_seq_0                      cyc=37 op=BK_BACKWARD_BRANCH pc=0x5cc5c6c8 branch=1 jal=0 -> taken=1 valid=1 tgt=0x2babcb6a
[PASS] seq=crv_seq_0                      cyc=38 op=BK_FORWARD_BRANCH  pc=0xc386f488 branch=1 jal=0 -> taken=0 valid=0 tgt=0x3d668e1a
[PASS] seq=crv_seq_0                      cyc=39 op=BK_FORWARD_BRANCH  pc=0x0fee240c branch=1 jal=0 -> taken=0 valid=0 tgt=0x1c4f15da
[PASS] seq=crv_seq_0                      cyc=40 op=BK_RANDOM          pc=0x5e385a7c branch=0 jal=0 -> taken=0 valid=0 tgt=0x0858d2cc
[PASS] seq=crv_seq_0                      cyc=41 op=BK_JAL_AND_BRANCH  pc=0xc2ef5c3c branch=1 jal=1 -> taken=0 valid=1 tgt=0x003025d0
[PASS] seq=crv_seq_0                      cyc=42 op=BK_JAL             pc=0x8f8b62cc branch=0 jal=1 -> taken=0 valid=1 tgt=0xb832fa52
[PASS] seq=crv_seq_0                      cyc=43 op=BK_BACKWARD_BRANCH pc=0x8311f344 branch=1 jal=0 -> taken=1 valid=1 tgt=0x78a29878
[PASS] seq=crv_seq_0                      cyc=44 op=BK_RANDOM          pc=0x6fa4ff64 branch=1 jal=0 -> taken=1 valid=1 tgt=0x47a1a5ca
[PASS] seq=crv_seq_0                      cyc=45 op=BK_JAL_AND_BRANCH  pc=0x54ab2660 branch=1 jal=1 -> taken=0 valid=1 tgt=0x5c23ddf8
[PASS] seq=crv_seq_0                      cyc=46 op=BK_FORWARD_BRANCH  pc=0xf0ca5f18 branch=1 jal=0 -> taken=0 valid=0 tgt=0x650c1436
[PASS] seq=crv_seq_0                      cyc=47 op=BK_IDLE            pc=0x4bd0e580 branch=0 jal=0 -> taken=0 valid=0 tgt=0xa06d09e8
[PASS] seq=crv_seq_0                      cyc=48 op=BK_BACKWARD_BRANCH pc=0x70984118 branch=1 jal=0 -> taken=1 valid=1 tgt=0x6870cba2
[PASS] seq=crv_seq_0                      cyc=49 op=BK_FORWARD_BRANCH  pc=0x0f553c74 branch=1 jal=0 -> taken=0 valid=0 tgt=0x8b9ec92a
[PASS] seq=crv_seq_0                      cyc=50 op=BK_BACKWARD_BRANCH pc=0x60b1dd98 branch=1 jal=0 -> taken=1 valid=1 tgt=0x458cf55a
[PASS] seq=crv_seq_0                      cyc=51 op=BK_RANDOM          pc=0x345baf24 branch=1 jal=1 -> taken=1 valid=1 tgt=0x6049273a
[PASS] seq=crv_seq_0                      cyc=52 op=BK_JAL             pc=0x5c269ed4 branch=0 jal=1 -> taken=0 valid=1 tgt=0xbe46a698
[PASS] seq=crv_seq_0                      cyc=53 op=BK_RANDOM          pc=0x71ed9e7c branch=1 jal=1 -> taken=1 valid=1 tgt=0x6189f01a
[PASS] seq=crv_seq_0                      cyc=54 op=BK_JAL_AND_BRANCH  pc=0xedb57ae0 branch=1 jal=1 -> taken=1 valid=1 tgt=0x84c9366c
[PASS] seq=crv_seq_0                      cyc=55 op=BK_FORWARD_BRANCH  pc=0x6ebcfd9c branch=1 jal=0 -> taken=0 valid=0 tgt=0x9b48b342
[PASS] seq=crv_seq_0                      cyc=56 op=BK_BACKWARD_BRANCH pc=0x7e191a54 branch=1 jal=0 -> taken=1 valid=1 tgt=0x188740fa
[PASS] seq=crv_seq_0                      cyc=57 op=BK_JAL             pc=0x3cdd9dfc branch=0 jal=1 -> taken=0 valid=1 tgt=0x29bd7302
[PASS] seq=crv_seq_0                      cyc=58 op=BK_RANDOM          pc=0x231c72e8 branch=0 jal=1 -> taken=0 valid=1 tgt=0x59123a2c
[PASS] seq=crv_seq_0                      cyc=59 op=BK_RANDOM          pc=0xe236204c branch=0 jal=0 -> taken=0 valid=0 tgt=0xea446610
[PASS] seq=crv_seq_0                      cyc=60 op=BK_IDLE            pc=0xaf9d0cd4 branch=0 jal=0 -> taken=0 valid=0 tgt=0x9a73e67c
[PASS] seq=crv_seq_0                      cyc=61 op=BK_JAL_AND_BRANCH  pc=0x2c93a62c branch=1 jal=1 -> taken=1 valid=1 tgt=0x5df6d6a0
[PASS] seq=crv_seq_0                      cyc=62 op=BK_RANDOM          pc=0xfa0f7b08 branch=0 jal=0 -> taken=0 valid=0 tgt=0xa5f47038
[PASS] seq=crv_seq_0                      cyc=63 op=BK_FORWARD_BRANCH  pc=0xdebe3bf0 branch=1 jal=0 -> taken=0 valid=0 tgt=0x3285c834
[PASS] seq=crv_seq_0                      cyc=64 op=BK_JAL             pc=0x7d563640 branch=0 jal=1 -> taken=0 valid=1 tgt=0x475f21f8
[PASS] seq=crv_seq_0                      cyc=65 op=BK_WRAPAROUND      pc=0x5f521c1c branch=1 jal=0 -> taken=0 valid=0 tgt=0xb7969a60
[PASS] seq=crv_seq_0                      cyc=66 op=BK_BACKWARD_BRANCH pc=0x3c2e12f0 branch=1 jal=0 -> taken=1 valid=1 tgt=0xf029c6e4
[PASS] seq=crv_seq_0                      cyc=67 op=BK_IDLE            pc=0x87826c70 branch=0 jal=0 -> taken=0 valid=0 tgt=0xbe3c19ae
[PASS] seq=crv_seq_0                      cyc=68 op=BK_RANDOM          pc=0x0a748d00 branch=0 jal=0 -> taken=0 valid=0 tgt=0x9c1cdac6
[PASS] seq=crv_seq_0                      cyc=69 op=BK_BACKWARD_BRANCH pc=0x9bdf103c branch=1 jal=0 -> taken=1 valid=1 tgt=0x56045c60
[PASS] seq=crv_seq_0                      cyc=70 op=BK_RANDOM          pc=0xf9a7902c branch=0 jal=0 -> taken=0 valid=0 tgt=0x5108330a
[PASS] seq=crv_seq_0                      cyc=71 op=BK_BACKWARD_BRANCH pc=0x1f1ba484 branch=1 jal=0 -> taken=1 valid=1 tgt=0xa3ef9262
[PASS] seq=crv_seq_0                      cyc=72 op=BK_BACKWARD_BRANCH pc=0xf68cdb78 branch=1 jal=0 -> taken=1 valid=1 tgt=0xb645b190
[PASS] seq=crv_seq_0                      cyc=73 op=BK_JAL             pc=0x175cfe40 branch=0 jal=1 -> taken=0 valid=1 tgt=0x943b70ac
[PASS] seq=crv_seq_0                      cyc=74 op=BK_JAL_AND_BRANCH  pc=0x0d559174 branch=1 jal=1 -> taken=0 valid=1 tgt=0x1af4b9d0
[PASS] seq=crv_seq_0                      cyc=75 op=BK_FORWARD_BRANCH  pc=0xfde64868 branch=1 jal=0 -> taken=0 valid=0 tgt=0x273fba26
[PASS] seq=crv_seq_0                      cyc=76 op=BK_RANDOM          pc=0x791fe54c branch=1 jal=0 -> taken=1 valid=1 tgt=0x12cb967c
[PASS] seq=crv_seq_0                      cyc=77 op=BK_JAL             pc=0x4b48a0a0 branch=0 jal=1 -> taken=0 valid=1 tgt=0x80a9f142
[PASS] seq=crv_seq_0                      cyc=78 op=BK_FORWARD_BRANCH  pc=0x9cbb4f60 branch=1 jal=0 -> taken=0 valid=0 tgt=0xce461f76
[PASS] seq=crv_seq_0                      cyc=79 op=BK_RANDOM          pc=0x23d98358 branch=0 jal=1 -> taken=0 valid=1 tgt=0x899ea1e2
[PASS] seq=crv_seq_0                      cyc=80 op=BK_RANDOM          pc=0x8870d5c4 branch=0 jal=1 -> taken=0 valid=1 tgt=0x7f08a62c
[PASS] seq=crv_seq_0                      cyc=81 op=BK_BACKWARD_BRANCH pc=0x87e82e78 branch=1 jal=0 -> taken=1 valid=1 tgt=0x7cf7fb7a
[PASS] seq=crv_seq_0                      cyc=82 op=BK_RANDOM          pc=0x443ac100 branch=0 jal=1 -> taken=0 valid=1 tgt=0x7b8a8ab8
[PASS] seq=crv_seq_0                      cyc=83 op=BK_FORWARD_BRANCH  pc=0xc16238b4 branch=1 jal=0 -> taken=0 valid=0 tgt=0x35599e46
[PASS] seq=crv_seq_0                      cyc=84 op=BK_IDLE            pc=0xa0e8433c branch=0 jal=0 -> taken=0 valid=0 tgt=0x5e532db6
[PASS] seq=crv_seq_0                      cyc=85 op=BK_RANDOM          pc=0x20c69c44 branch=0 jal=1 -> taken=0 valid=1 tgt=0xff20be6a
[PASS] seq=crv_seq_0                      cyc=86 op=BK_RANDOM          pc=0xb027436c branch=1 jal=1 -> taken=1 valid=1 tgt=0x7c44d17e
[PASS] seq=crv_seq_0                      cyc=87 op=BK_JAL_AND_BRANCH  pc=0x60b068a4 branch=1 jal=1 -> taken=1 valid=1 tgt=0x247e5b3c
[PASS] seq=crv_seq_0                      cyc=88 op=BK_BACKWARD_BRANCH pc=0xa34af434 branch=1 jal=0 -> taken=1 valid=1 tgt=0x97b336a4
[PASS] seq=crv_seq_0                      cyc=89 op=BK_JAL             pc=0x8c01008c branch=0 jal=1 -> taken=0 valid=1 tgt=0x495b5040
[PASS] seq=crv_seq_0                      cyc=90 op=BK_JAL             pc=0xb44cbb94 branch=0 jal=1 -> taken=0 valid=1 tgt=0xf8f1af02
[PASS] seq=crv_seq_0                      cyc=91 op=BK_FORWARD_BRANCH  pc=0x4bb4d704 branch=1 jal=0 -> taken=0 valid=0 tgt=0x7854e00c
[PASS] seq=crv_seq_0                      cyc=92 op=BK_FORWARD_BRANCH  pc=0xfadf9bb4 branch=1 jal=0 -> taken=0 valid=0 tgt=0x5e17bcd6
[PASS] seq=crv_seq_0                      cyc=93 op=BK_BACKWARD_BRANCH pc=0x6fb424f4 branch=1 jal=0 -> taken=1 valid=1 tgt=0x63daeddc
[PASS] seq=crv_seq_0                      cyc=94 op=BK_FORWARD_BRANCH  pc=0x07c3f8f0 branch=1 jal=0 -> taken=0 valid=0 tgt=0x139c34f4
[PASS] seq=crv_seq_0                      cyc=95 op=BK_BACKWARD_BRANCH pc=0xbe52a310 branch=1 jal=0 -> taken=1 valid=1 tgt=0xbb8308c6
[PASS] seq=crv_seq_0                      cyc=96 op=BK_BACKWARD_BRANCH pc=0x4ad4c02c branch=1 jal=0 -> taken=1 valid=1 tgt=0xfd2b9c76
[PASS] seq=crv_seq_0                      cyc=97 op=BK_RANDOM          pc=0x04112644 branch=1 jal=1 -> taken=1 valid=1 tgt=0xb89e891c
[PASS] seq=crv_seq_0                      cyc=98 op=BK_IDLE            pc=0xac423e48 branch=0 jal=0 -> taken=0 valid=0 tgt=0xb07417c6
[PASS] seq=crv_seq_0                      cyc=99 op=BK_BACKWARD_BRANCH pc=0x46acfcf8 branch=1 jal=0 -> taken=1 valid=1 tgt=0x45ad7202
[PASS] seq=crv_seq_0                      cyc=100 op=BK_FORWARD_BRANCH  pc=0xfdc5b28c branch=1 jal=0 -> taken=0 valid=0 tgt=0x61d88522
[PASS] seq=crv_seq_0                      cyc=101 op=BK_BACKWARD_BRANCH pc=0x5caf0458 branch=1 jal=0 -> taken=1 valid=1 tgt=0xfe9958f6
[PASS] seq=crv_seq_0                      cyc=102 op=BK_JAL             pc=0x70284ce8 branch=0 jal=1 -> taken=0 valid=1 tgt=0x82b42b70
[PASS] seq=crv_seq_0                      cyc=103 op=BK_JAL             pc=0x9b486dc0 branch=0 jal=1 -> taken=0 valid=1 tgt=0x27fc846c
[PASS] seq=crv_seq_0                      cyc=104 op=BK_WRAPAROUND      pc=0xb3a31638 branch=1 jal=0 -> taken=0 valid=0 tgt=0xb850f7a4
[PASS] seq=crv_seq_0                      cyc=105 op=BK_BACKWARD_BRANCH pc=0x9adfe978 branch=1 jal=0 -> taken=1 valid=1 tgt=0x27bf9c3c
[PASS] seq=crv_seq_0                      cyc=106 op=BK_IDLE            pc=0x2ee902fc branch=0 jal=0 -> taken=0 valid=0 tgt=0xb432ff86
[PASS] seq=crv_seq_0                      cyc=107 op=BK_FORWARD_BRANCH  pc=0xaca24a2c branch=1 jal=0 -> taken=0 valid=0 tgt=0x1e388d20
[PASS] seq=crv_seq_0                      cyc=108 op=BK_JAL             pc=0x5f43e024 branch=0 jal=1 -> taken=0 valid=1 tgt=0xb1839a34
[PASS] seq=crv_seq_0                      cyc=109 op=BK_JAL             pc=0x1cc69050 branch=0 jal=1 -> taken=0 valid=1 tgt=0x352fa10a
[PASS] seq=crv_seq_0                      cyc=110 op=BK_RANDOM          pc=0xf8ae6104 branch=1 jal=0 -> taken=0 valid=0 tgt=0x44764a94
[PASS] seq=crv_seq_0                      cyc=111 op=BK_JAL             pc=0x31571e1c branch=0 jal=1 -> taken=0 valid=1 tgt=0x2015dd8a
[PASS] seq=crv_seq_0                      cyc=112 op=BK_RANDOM          pc=0x577b71e8 branch=0 jal=0 -> taken=0 valid=0 tgt=0xd388bf26
[PASS] seq=crv_seq_0                      cyc=113 op=BK_RANDOM          pc=0x488e8dac branch=0 jal=0 -> taken=0 valid=0 tgt=0xfaf0b2e6
[PASS] seq=crv_seq_0                      cyc=114 op=BK_JAL             pc=0x030bc150 branch=0 jal=1 -> taken=0 valid=1 tgt=0x6df5a220
[PASS] seq=crv_seq_0                      cyc=115 op=BK_IDLE            pc=0x0cdfdfa4 branch=0 jal=0 -> taken=0 valid=0 tgt=0x4e1db478
[PASS] seq=crv_seq_0                      cyc=116 op=BK_BACKWARD_BRANCH pc=0x52847b0c branch=1 jal=0 -> taken=1 valid=1 tgt=0x252d0932
[PASS] seq=crv_seq_0                      cyc=117 op=BK_JAL_AND_BRANCH  pc=0xee85d0fc branch=1 jal=1 -> taken=0 valid=1 tgt=0x62d01ae4
[PASS] seq=crv_seq_0                      cyc=118 op=BK_IDLE            pc=0xb1699bf4 branch=0 jal=0 -> taken=0 valid=0 tgt=0xdd2147be
[PASS] seq=crv_seq_0                      cyc=119 op=BK_FORWARD_BRANCH  pc=0x59c389cc branch=1 jal=0 -> taken=0 valid=0 tgt=0xa66d69f4
[PASS] seq=crv_seq_0                      cyc=120 op=BK_RANDOM          pc=0x712340d0 branch=0 jal=0 -> taken=0 valid=0 tgt=0xed83d3c8
[PASS] seq=crv_seq_0                      cyc=121 op=BK_BACKWARD_BRANCH pc=0xd79ee7e0 branch=1 jal=0 -> taken=1 valid=1 tgt=0xbf49f2b2
[PASS] seq=crv_seq_0                      cyc=122 op=BK_BACKWARD_BRANCH pc=0xa2f73afc branch=1 jal=0 -> taken=1 valid=1 tgt=0x43b2ddf0
[PASS] seq=crv_seq_0                      cyc=123 op=BK_BACKWARD_BRANCH pc=0x041e1900 branch=1 jal=0 -> taken=1 valid=1 tgt=0xd4c1b29a
[PASS] seq=crv_seq_0                      cyc=124 op=BK_RANDOM          pc=0xe25752dc branch=1 jal=1 -> taken=0 valid=1 tgt=0x6e0dae64
[PASS] seq=crv_seq_0                      cyc=125 op=BK_IDLE            pc=0xa79771cc branch=0 jal=0 -> taken=0 valid=0 tgt=0x1353fb4e
[PASS] seq=crv_seq_0                      cyc=126 op=BK_BACKWARD_BRANCH pc=0xc90f75d4 branch=1 jal=0 -> taken=1 valid=1 tgt=0x8d8e4570
[PASS] seq=crv_seq_0                      cyc=127 op=BK_WRAPAROUND      pc=0x21f03b5c branch=0 jal=0 -> taken=0 valid=0 tgt=0xb75538ee
[PASS] seq=crv_seq_0                      cyc=128 op=BK_BACKWARD_BRANCH pc=0x74e9cd08 branch=1 jal=0 -> taken=1 valid=1 tgt=0x4b8ba074
[PASS] seq=crv_seq_0                      cyc=129 op=BK_JAL_AND_BRANCH  pc=0xe661d5f4 branch=1 jal=1 -> taken=1 valid=1 tgt=0x3ba9f9c8
[PASS] seq=crv_seq_0                      cyc=130 op=BK_BACKWARD_BRANCH pc=0x2a040a44 branch=1 jal=0 -> taken=1 valid=1 tgt=0xebc44358
[PASS] seq=crv_seq_0                      cyc=131 op=BK_BACKWARD_BRANCH pc=0x0c873958 branch=1 jal=0 -> taken=1 valid=1 tgt=0x9b1e1b2a
[PASS] seq=crv_seq_0                      cyc=132 op=BK_RANDOM          pc=0xcbcdcfbc branch=0 jal=1 -> taken=0 valid=1 tgt=0xc4a10476
[PASS] seq=crv_seq_0                      cyc=133 op=BK_IDLE            pc=0x1c271718 branch=0 jal=0 -> taken=0 valid=0 tgt=0x2a190bc8
[PASS] seq=crv_seq_0                      cyc=134 op=BK_RANDOM          pc=0xc09567bc branch=1 jal=0 -> taken=0 valid=0 tgt=0xe2d9d120
[PASS] seq=crv_seq_0                      cyc=135 op=BK_FORWARD_BRANCH  pc=0x2a017ca8 branch=1 jal=0 -> taken=0 valid=0 tgt=0x7ef0f38e
[PASS] seq=crv_seq_0                      cyc=136 op=BK_BACKWARD_BRANCH pc=0x731dc4dc branch=1 jal=0 -> taken=1 valid=1 tgt=0x06c83e7c
[PASS] seq=crv_seq_0                      cyc=137 op=BK_BACKWARD_BRANCH pc=0xf755a5e8 branch=1 jal=0 -> taken=1 valid=1 tgt=0x793cdd9e
[PASS] seq=crv_seq_0                      cyc=138 op=BK_RANDOM          pc=0xdcd646d8 branch=0 jal=0 -> taken=0 valid=0 tgt=0x81def8e6
[PASS] seq=crv_seq_0                      cyc=139 op=BK_JAL             pc=0xc3766a6c branch=0 jal=1 -> taken=0 valid=1 tgt=0xb01ac96a
[PASS] seq=crv_seq_0                      cyc=140 op=BK_FORWARD_BRANCH  pc=0x3442ac9c branch=1 jal=0 -> taken=0 valid=0 tgt=0xad0b356c
[PASS] seq=crv_seq_0                      cyc=141 op=BK_FORWARD_BRANCH  pc=0x94e9deb4 branch=1 jal=0 -> taken=0 valid=0 tgt=0xf55de9b0
[PASS] seq=crv_seq_0                      cyc=142 op=BK_RANDOM          pc=0x2f538320 branch=0 jal=1 -> taken=0 valid=1 tgt=0x6dfce7a8
[PASS] seq=crv_seq_0                      cyc=143 op=BK_BACKWARD_BRANCH pc=0x4c2c299c branch=1 jal=0 -> taken=1 valid=1 tgt=0x044df11e
[PASS] seq=crv_seq_0                      cyc=144 op=BK_RANDOM          pc=0x211875c0 branch=1 jal=0 -> taken=0 valid=0 tgt=0x2168d168
[PASS] seq=crv_seq_0                      cyc=145 op=BK_BACKWARD_BRANCH pc=0x2ff45720 branch=1 jal=0 -> taken=1 valid=1 tgt=0xce035660
[PASS] seq=crv_seq_0                      cyc=146 op=BK_JAL_AND_BRANCH  pc=0xfbf8091c branch=1 jal=1 -> taken=0 valid=1 tgt=0xa764f99a
[PASS] seq=crv_seq_0                      cyc=147 op=BK_FORWARD_BRANCH  pc=0xb8f0d170 branch=1 jal=0 -> taken=0 valid=0 tgt=0xc1919fe4
[PASS] seq=crv_seq_0                      cyc=148 op=BK_RANDOM          pc=0xf6d882f0 branch=0 jal=1 -> taken=0 valid=1 tgt=0x4ce2e20c
[PASS] seq=crv_seq_0                      cyc=149 op=BK_JAL             pc=0x75309bc0 branch=0 jal=1 -> taken=0 valid=1 tgt=0x818a1c6a
[PASS] seq=crv_seq_0                      cyc=150 op=BK_FORWARD_BRANCH  pc=0x2b400e78 branch=1 jal=0 -> taken=0 valid=0 tgt=0x64f29d2e
[PASS] seq=crv_seq_0                      cyc=151 op=BK_FORWARD_BRANCH  pc=0x70029ba4 branch=1 jal=0 -> taken=0 valid=0 tgt=0x839963c0
[PASS] seq=crv_seq_0                      cyc=152 op=BK_FORWARD_BRANCH  pc=0xa0ecf10c branch=1 jal=0 -> taken=0 valid=0 tgt=0xd362e3b6
[PASS] seq=crv_seq_0                      cyc=153 op=BK_FORWARD_BRANCH  pc=0xf4c8487c branch=1 jal=0 -> taken=0 valid=0 tgt=0x08c31f82
[PASS] seq=crv_seq_0                      cyc=154 op=BK_FORWARD_BRANCH  pc=0xc0903080 branch=1 jal=0 -> taken=0 valid=0 tgt=0x18e88be8
[PASS] seq=crv_seq_0                      cyc=155 op=BK_JAL             pc=0x70c99178 branch=0 jal=1 -> taken=0 valid=1 tgt=0x1dcdf120
[PASS] seq=crv_seq_0                      cyc=156 op=BK_JAL_AND_BRANCH  pc=0x76005938 branch=1 jal=1 -> taken=0 valid=1 tgt=0xba3b17be
[PASS] seq=crv_seq_0                      cyc=157 op=BK_FORWARD_BRANCH  pc=0xfc69a9ec branch=1 jal=0 -> taken=0 valid=0 tgt=0x47bafe04
[PASS] seq=crv_seq_0                      cyc=158 op=BK_BACKWARD_BRANCH pc=0x3a84ebc8 branch=1 jal=0 -> taken=1 valid=1 tgt=0x3893aed2
[PASS] seq=crv_seq_0                      cyc=159 op=BK_JAL_AND_BRANCH  pc=0xde932744 branch=1 jal=1 -> taken=1 valid=1 tgt=0x5924b010
[PASS] seq=crv_seq_0                      cyc=160 op=BK_FORWARD_BRANCH  pc=0x5090bcbc branch=1 jal=0 -> taken=0 valid=0 tgt=0x695c7fa6
[PASS] seq=crv_seq_0                      cyc=161 op=BK_JAL_AND_BRANCH  pc=0x7ddafde8 branch=1 jal=1 -> taken=1 valid=1 tgt=0xfcadf3ea
[PASS] seq=crv_seq_0                      cyc=162 op=BK_WRAPAROUND      pc=0x43c00dc4 branch=0 jal=0 -> taken=0 valid=0 tgt=0x2359ba04
[PASS] seq=crv_seq_0                      cyc=163 op=BK_FORWARD_BRANCH  pc=0x569e2734 branch=1 jal=0 -> taken=0 valid=0 tgt=0xa3e23d78
[PASS] seq=crv_seq_0                      cyc=164 op=BK_RANDOM          pc=0xc72ea8cc branch=0 jal=0 -> taken=0 valid=0 tgt=0xf167e72c
[PASS] seq=crv_seq_0                      cyc=165 op=BK_IDLE            pc=0xa7aa1b84 branch=0 jal=0 -> taken=0 valid=0 tgt=0x17f48f66
[PASS] seq=crv_seq_0                      cyc=166 op=BK_FORWARD_BRANCH  pc=0xf59277ac branch=1 jal=0 -> taken=0 valid=0 tgt=0x4f087768
[PASS] seq=crv_seq_0                      cyc=167 op=BK_BACKWARD_BRANCH pc=0xe99d2018 branch=1 jal=0 -> taken=1 valid=1 tgt=0x9304096e
[PASS] seq=crv_seq_0                      cyc=168 op=BK_RANDOM          pc=0x9bf726c4 branch=1 jal=0 -> taken=1 valid=1 tgt=0x7d1b23a6
[PASS] seq=crv_seq_0                      cyc=169 op=BK_JAL             pc=0x9d66d038 branch=0 jal=1 -> taken=0 valid=1 tgt=0x92522a2e
[PASS] seq=crv_seq_0                      cyc=170 op=BK_FORWARD_BRANCH  pc=0x1a4a6d2c branch=1 jal=0 -> taken=0 valid=0 tgt=0x6f4c2f2a
[PASS] seq=crv_seq_0                      cyc=171 op=BK_BACKWARD_BRANCH pc=0x5abaa58c branch=1 jal=0 -> taken=1 valid=1 tgt=0xf722b4ca
[PASS] seq=crv_seq_0                      cyc=172 op=BK_FORWARD_BRANCH  pc=0xc7a8e7c8 branch=1 jal=0 -> taken=0 valid=0 tgt=0x1297b788
[PASS] seq=crv_seq_0                      cyc=173 op=BK_JAL_AND_BRANCH  pc=0xe925bc58 branch=1 jal=1 -> taken=0 valid=1 tgt=0x2a84e730
[PASS] seq=crv_seq_0                      cyc=174 op=BK_FORWARD_BRANCH  pc=0x72f60c1c branch=1 jal=0 -> taken=0 valid=0 tgt=0xa029128e
[PASS] seq=crv_seq_0                      cyc=175 op=BK_RANDOM          pc=0xfb0ed48c branch=0 jal=0 -> taken=0 valid=0 tgt=0x4555ae06
[PASS] seq=crv_seq_0                      cyc=176 op=BK_JAL             pc=0xe026b940 branch=0 jal=1 -> taken=0 valid=1 tgt=0x0ee92f3a
[PASS] seq=crv_seq_0                      cyc=177 op=BK_RANDOM          pc=0xc1ba76e0 branch=1 jal=0 -> taken=1 valid=1 tgt=0x950fa1ac
[PASS] seq=crv_seq_0                      cyc=178 op=BK_RANDOM          pc=0x8ccf0d54 branch=0 jal=0 -> taken=0 valid=0 tgt=0x43e7a342
[PASS] seq=crv_seq_0                      cyc=179 op=BK_IDLE            pc=0x3cd3fea0 branch=0 jal=0 -> taken=0 valid=0 tgt=0x1f74884e
[PASS] seq=crv_seq_0                      cyc=180 op=BK_RANDOM          pc=0xd17ce200 branch=0 jal=0 -> taken=0 valid=0 tgt=0xe8f2f6d8
[PASS] seq=crv_seq_0                      cyc=181 op=BK_RANDOM          pc=0x0d3979b0 branch=0 jal=1 -> taken=0 valid=1 tgt=0x5ff3d1e0
[PASS] seq=crv_seq_0                      cyc=182 op=BK_FORWARD_BRANCH  pc=0x38a64af4 branch=1 jal=0 -> taken=0 valid=0 tgt=0xa2282cd4
[PASS] seq=crv_seq_0                      cyc=183 op=BK_FORWARD_BRANCH  pc=0x2af972e0 branch=1 jal=0 -> taken=0 valid=0 tgt=0x4afd8636
[PASS] seq=crv_seq_0                      cyc=184 op=BK_IDLE            pc=0x569c38c0 branch=0 jal=0 -> taken=0 valid=0 tgt=0x2c45357a
[PASS] seq=crv_seq_0                      cyc=185 op=BK_WRAPAROUND      pc=0xa17a0480 branch=0 jal=0 -> taken=0 valid=0 tgt=0xc17375a2
[PASS] seq=crv_seq_0                      cyc=186 op=BK_FORWARD_BRANCH  pc=0x75a015a4 branch=1 jal=0 -> taken=0 valid=0 tgt=0xd05a7ac8
[PASS] seq=crv_seq_0                      cyc=187 op=BK_RANDOM          pc=0x3242a700 branch=0 jal=1 -> taken=0 valid=1 tgt=0x6a5e7648
[PASS] seq=crv_seq_0                      cyc=188 op=BK_JAL             pc=0xcc606558 branch=0 jal=1 -> taken=0 valid=1 tgt=0x069fa7d2
[PASS] seq=crv_seq_0                      cyc=189 op=BK_BACKWARD_BRANCH pc=0xdacea4a4 branch=1 jal=0 -> taken=1 valid=1 tgt=0x8f260e38
[PASS] seq=crv_seq_0                      cyc=190 op=BK_FORWARD_BRANCH  pc=0x4035d190 branch=1 jal=0 -> taken=0 valid=0 tgt=0x87b9a2aa
[PASS] seq=crv_seq_0                      cyc=191 op=BK_BACKWARD_BRANCH pc=0x924fdd60 branch=1 jal=0 -> taken=1 valid=1 tgt=0x773d0596
[PASS] seq=crv_seq_0                      cyc=192 op=BK_BACKWARD_BRANCH pc=0xb2fc5efc branch=1 jal=0 -> taken=1 valid=1 tgt=0x8871a59c
[PASS] seq=crv_seq_0                      cyc=193 op=BK_RANDOM          pc=0xa9cd23d4 branch=1 jal=0 -> taken=1 valid=1 tgt=0x8f369e00
[PASS] seq=crv_seq_0                      cyc=194 op=BK_RANDOM          pc=0x8ffe6d20 branch=1 jal=0 -> taken=0 valid=0 tgt=0xf7c92ea6
[PASS] seq=crv_seq_0                      cyc=195 op=BK_JAL             pc=0x69b54304 branch=0 jal=1 -> taken=0 valid=1 tgt=0x360132f8
[PASS] seq=crv_seq_0                      cyc=196 op=BK_BACKWARD_BRANCH pc=0xa56a4cc4 branch=1 jal=0 -> taken=1 valid=1 tgt=0x4ec9247c
[PASS] seq=crv_seq_0                      cyc=197 op=BK_BACKWARD_BRANCH pc=0x5b68385c branch=1 jal=0 -> taken=1 valid=1 tgt=0x54118330
[PASS] seq=crv_seq_0                      cyc=198 op=BK_RANDOM          pc=0x4f49add0 branch=0 jal=1 -> taken=0 valid=1 tgt=0x95123ac0
[PASS] seq=crv_seq_0                      cyc=199 op=BK_JAL_AND_BRANCH  pc=0x0b0ebcdc branch=1 jal=1 -> taken=1 valid=1 tgt=0xb0a7dbbe
[PASS] seq=crv_seq_1                      cyc=0 op=BK_WRAPAROUND      pc=0x2f25a464 branch=0 jal=1 -> taken=0 valid=1 tgt=0x85927d08
[PASS] seq=crv_seq_1                      cyc=1 op=BK_FORWARD_BRANCH  pc=0x550fb728 branch=1 jal=0 -> taken=0 valid=0 tgt=0x5a21c06c
[PASS] seq=crv_seq_1                      cyc=2 op=BK_IDLE            pc=0xe0093430 branch=0 jal=0 -> taken=0 valid=0 tgt=0x08a90f56
[PASS] seq=crv_seq_1                      cyc=3 op=BK_FORWARD_BRANCH  pc=0x88372c10 branch=1 jal=0 -> taken=0 valid=0 tgt=0xf46f20a0
[PASS] seq=crv_seq_1                      cyc=4 op=BK_RANDOM          pc=0xa0257d24 branch=0 jal=1 -> taken=0 valid=1 tgt=0xbcc9c3ee
[PASS] seq=crv_seq_1                      cyc=5 op=BK_RANDOM          pc=0x252bcd00 branch=0 jal=0 -> taken=0 valid=0 tgt=0x7749143a
[PASS] seq=crv_seq_1                      cyc=6 op=BK_RANDOM          pc=0xb265791c branch=1 jal=1 -> taken=1 valid=1 tgt=0x72eba602
[PASS] seq=crv_seq_1                      cyc=7 op=BK_IDLE            pc=0x1b1d3544 branch=0 jal=0 -> taken=0 valid=0 tgt=0xb5f1e5f8
[PASS] seq=crv_seq_1                      cyc=8 op=BK_WRAPAROUND      pc=0x5b43f8b8 branch=1 jal=0 -> taken=0 valid=0 tgt=0x689a35f2
[PASS] seq=crv_seq_1                      cyc=9 op=BK_JAL_AND_BRANCH  pc=0x3fb41c14 branch=1 jal=1 -> taken=0 valid=1 tgt=0x2ccbf158
[PASS] seq=crv_seq_1                      cyc=10 op=BK_IDLE            pc=0xeb0508ec branch=0 jal=0 -> taken=0 valid=0 tgt=0x2fda1220
[PASS] seq=crv_seq_1                      cyc=11 op=BK_RANDOM          pc=0xdc279cbc branch=0 jal=0 -> taken=0 valid=0 tgt=0x482afa18
[PASS] seq=crv_seq_1                      cyc=12 op=BK_FORWARD_BRANCH  pc=0xf603169c branch=1 jal=0 -> taken=0 valid=0 tgt=0x07d96dec
[PASS] seq=crv_seq_1                      cyc=13 op=BK_RANDOM          pc=0x7ed9cbc0 branch=0 jal=1 -> taken=0 valid=1 tgt=0x88ff222c
[PASS] seq=crv_seq_1                      cyc=14 op=BK_BACKWARD_BRANCH pc=0x4d7e58e8 branch=1 jal=0 -> taken=1 valid=1 tgt=0xde595ef6
[PASS] seq=crv_seq_1                      cyc=15 op=BK_RANDOM          pc=0xc4fa46b8 branch=0 jal=1 -> taken=0 valid=1 tgt=0x8ea3dfc2
[PASS] seq=crv_seq_1                      cyc=16 op=BK_IDLE            pc=0xdc3b2d28 branch=0 jal=0 -> taken=0 valid=0 tgt=0xa426a282
[PASS] seq=crv_seq_1                      cyc=17 op=BK_BACKWARD_BRANCH pc=0xac509f3c branch=1 jal=0 -> taken=1 valid=1 tgt=0xa09776dc
[PASS] seq=crv_seq_1                      cyc=18 op=BK_RANDOM          pc=0xdd0db964 branch=0 jal=0 -> taken=0 valid=0 tgt=0x250ede82
[PASS] seq=crv_seq_1                      cyc=19 op=BK_BACKWARD_BRANCH pc=0xce3585b0 branch=1 jal=0 -> taken=1 valid=1 tgt=0xa569fffa
[PASS] seq=crv_seq_1                      cyc=20 op=BK_BACKWARD_BRANCH pc=0x3d56645c branch=1 jal=0 -> taken=1 valid=1 tgt=0xc068e240
[PASS] seq=crv_seq_1                      cyc=21 op=BK_RANDOM          pc=0xdc941750 branch=0 jal=1 -> taken=0 valid=1 tgt=0x37b73bae
[PASS] seq=crv_seq_1                      cyc=22 op=BK_JAL             pc=0xecbf2728 branch=0 jal=1 -> taken=0 valid=1 tgt=0xb3b28d38
[PASS] seq=crv_seq_1                      cyc=23 op=BK_JAL             pc=0x08add608 branch=0 jal=1 -> taken=0 valid=1 tgt=0x30c713e4
[PASS] seq=crv_seq_1                      cyc=24 op=BK_BACKWARD_BRANCH pc=0x3de004ac branch=1 jal=0 -> taken=1 valid=1 tgt=0x05455cf2
[PASS] seq=crv_seq_1                      cyc=25 op=BK_IDLE            pc=0xad12f364 branch=0 jal=0 -> taken=0 valid=0 tgt=0x13dbb896
[PASS] seq=crv_seq_1                      cyc=26 op=BK_IDLE            pc=0xf8b0520c branch=0 jal=0 -> taken=0 valid=0 tgt=0x30712abe
[PASS] seq=crv_seq_1                      cyc=27 op=BK_BACKWARD_BRANCH pc=0xb015a804 branch=1 jal=0 -> taken=1 valid=1 tgt=0x718b17c8
[PASS] seq=crv_seq_1                      cyc=28 op=BK_BACKWARD_BRANCH pc=0x21cd5388 branch=1 jal=0 -> taken=1 valid=1 tgt=0xef0a21fe
[PASS] seq=crv_seq_1                      cyc=29 op=BK_JAL_AND_BRANCH  pc=0x16e24a0c branch=1 jal=1 -> taken=1 valid=1 tgt=0xb655e986
[PASS] seq=crv_seq_1                      cyc=30 op=BK_BACKWARD_BRANCH pc=0xfabf2464 branch=1 jal=0 -> taken=1 valid=1 tgt=0xf640fcda
[PASS] seq=crv_seq_1                      cyc=31 op=BK_WRAPAROUND      pc=0xa847ad60 branch=0 jal=1 -> taken=0 valid=1 tgt=0x52b9484e
[PASS] seq=crv_seq_1                      cyc=32 op=BK_RANDOM          pc=0x24a4ec90 branch=0 jal=1 -> taken=0 valid=1 tgt=0x076988a8
[PASS] seq=crv_seq_1                      cyc=33 op=BK_JAL             pc=0x30ca4b40 branch=0 jal=1 -> taken=0 valid=1 tgt=0x297c0cb2
[PASS] seq=crv_seq_1                      cyc=34 op=BK_FORWARD_BRANCH  pc=0x1e2c2680 branch=1 jal=0 -> taken=0 valid=0 tgt=0x789bbfa8
[PASS] seq=crv_seq_1                      cyc=35 op=BK_JAL_AND_BRANCH  pc=0xa024a3ec branch=1 jal=1 -> taken=1 valid=1 tgt=0x3e528c98
[PASS] seq=crv_seq_1                      cyc=36 op=BK_BACKWARD_BRANCH pc=0xb82a4494 branch=1 jal=0 -> taken=1 valid=1 tgt=0x501f13b2
[PASS] seq=crv_seq_1                      cyc=37 op=BK_JAL_AND_BRANCH  pc=0x0c0ab4cc branch=1 jal=1 -> taken=0 valid=1 tgt=0x628376dc
[PASS] seq=crv_seq_1                      cyc=38 op=BK_RANDOM          pc=0x1c2ccc8c branch=1 jal=1 -> taken=0 valid=1 tgt=0x7f8f14d4
[PASS] seq=crv_seq_1                      cyc=39 op=BK_BACKWARD_BRANCH pc=0x98e904e4 branch=1 jal=0 -> taken=1 valid=1 tgt=0x56a47796
[PASS] seq=crv_seq_1                      cyc=40 op=BK_FORWARD_BRANCH  pc=0xa17dc684 branch=1 jal=0 -> taken=0 valid=0 tgt=0xec4a890a
[PASS] seq=crv_seq_1                      cyc=41 op=BK_BACKWARD_BRANCH pc=0xbd6356e0 branch=1 jal=0 -> taken=1 valid=1 tgt=0x7ae8e65c
[PASS] seq=crv_seq_1                      cyc=42 op=BK_BACKWARD_BRANCH pc=0xfa12a644 branch=1 jal=0 -> taken=1 valid=1 tgt=0x81005cd8
[PASS] seq=crv_seq_1                      cyc=43 op=BK_RANDOM          pc=0xd765e09c branch=0 jal=0 -> taken=0 valid=0 tgt=0x4ba88e2e
[PASS] seq=crv_seq_1                      cyc=44 op=BK_BACKWARD_BRANCH pc=0x1bcc8b20 branch=1 jal=0 -> taken=1 valid=1 tgt=0xfe43ff2c
[PASS] seq=crv_seq_1                      cyc=45 op=BK_BACKWARD_BRANCH pc=0x7cb721d4 branch=1 jal=0 -> taken=1 valid=1 tgt=0x3f9e4fd6
[PASS] seq=crv_seq_1                      cyc=46 op=BK_FORWARD_BRANCH  pc=0xac786ca4 branch=1 jal=0 -> taken=0 valid=0 tgt=0xfa7e505a
[PASS] seq=crv_seq_1                      cyc=47 op=BK_BACKWARD_BRANCH pc=0x60e4b6a8 branch=1 jal=0 -> taken=1 valid=1 tgt=0xed5978ac
[PASS] seq=crv_seq_1                      cyc=48 op=BK_WRAPAROUND      pc=0x35c95a90 branch=1 jal=0 -> taken=0 valid=0 tgt=0xb07b6e8e
[PASS] seq=crv_seq_1                      cyc=49 op=BK_JAL_AND_BRANCH  pc=0x035438a8 branch=1 jal=1 -> taken=0 valid=1 tgt=0x175e408a
[PASS] seq=crv_seq_1                      cyc=50 op=BK_FORWARD_BRANCH  pc=0xe60823fc branch=1 jal=0 -> taken=0 valid=0 tgt=0x1e81616a
[PASS] seq=crv_seq_1                      cyc=51 op=BK_JAL             pc=0x1a8c2c30 branch=0 jal=1 -> taken=0 valid=1 tgt=0x0fcc90ec
[PASS] seq=crv_seq_1                      cyc=52 op=BK_BACKWARD_BRANCH pc=0xbbf52e04 branch=1 jal=0 -> taken=1 valid=1 tgt=0x8879c6f2
[PASS] seq=crv_seq_1                      cyc=53 op=BK_BACKWARD_BRANCH pc=0x7da92d64 branch=1 jal=0 -> taken=1 valid=1 tgt=0x4f9a31b6
[PASS] seq=crv_seq_1                      cyc=54 op=BK_FORWARD_BRANCH  pc=0xd469b9c4 branch=1 jal=0 -> taken=0 valid=0 tgt=0xf3135b56
[PASS] seq=crv_seq_1                      cyc=55 op=BK_FORWARD_BRANCH  pc=0xc6f67874 branch=1 jal=0 -> taken=0 valid=0 tgt=0x2e892c42
[PASS] seq=crv_seq_1                      cyc=56 op=BK_FORWARD_BRANCH  pc=0x03c00714 branch=1 jal=0 -> taken=0 valid=0 tgt=0x05e2a5b0
[PASS] seq=crv_seq_1                      cyc=57 op=BK_BACKWARD_BRANCH pc=0xb86579ec branch=1 jal=0 -> taken=1 valid=1 tgt=0x9b2c19ee
[PASS] seq=crv_seq_1                      cyc=58 op=BK_BACKWARD_BRANCH pc=0xa38400d0 branch=1 jal=0 -> taken=1 valid=1 tgt=0x4d6693f8
[PASS] seq=crv_seq_1                      cyc=59 op=BK_JAL_AND_BRANCH  pc=0x724e3758 branch=1 jal=1 -> taken=0 valid=1 tgt=0x8edd6c5a
[PASS] seq=crv_seq_1                      cyc=60 op=BK_FORWARD_BRANCH  pc=0xfebfaf88 branch=1 jal=0 -> taken=0 valid=0 tgt=0x502e384c
[PASS] seq=crv_seq_1                      cyc=61 op=BK_FORWARD_BRANCH  pc=0xbd4029a0 branch=1 jal=0 -> taken=0 valid=0 tgt=0xc7acdf02
[PASS] seq=crv_seq_1                      cyc=62 op=BK_RANDOM          pc=0xd5866d20 branch=0 jal=0 -> taken=0 valid=0 tgt=0x83f5a3be
[PASS] seq=crv_seq_1                      cyc=63 op=BK_FORWARD_BRANCH  pc=0xbfadb9f4 branch=1 jal=0 -> taken=0 valid=0 tgt=0xda6f830a
[PASS] seq=crv_seq_1                      cyc=64 op=BK_RANDOM          pc=0xe4e644c4 branch=1 jal=1 -> taken=1 valid=1 tgt=0x68b29d70
[PASS] seq=crv_seq_1                      cyc=65 op=BK_FORWARD_BRANCH  pc=0x2ae3953c branch=1 jal=0 -> taken=0 valid=0 tgt=0x35baccd4
[PASS] seq=crv_seq_1                      cyc=66 op=BK_BACKWARD_BRANCH pc=0xaf4dac40 branch=1 jal=0 -> taken=1 valid=1 tgt=0x9fd45daa
[PASS] seq=crv_seq_1                      cyc=67 op=BK_IDLE            pc=0xabd27438 branch=0 jal=0 -> taken=0 valid=0 tgt=0x21156b54
[PASS] seq=crv_seq_1                      cyc=68 op=BK_WRAPAROUND      pc=0xa0818e44 branch=0 jal=1 -> taken=0 valid=1 tgt=0x68edcdc8
[PASS] seq=crv_seq_1                      cyc=69 op=BK_BACKWARD_BRANCH pc=0xeaf9cf98 branch=1 jal=0 -> taken=1 valid=1 tgt=0x6cb7ea3c
[PASS] seq=crv_seq_1                      cyc=70 op=BK_JAL             pc=0xebd36dcc branch=0 jal=1 -> taken=0 valid=1 tgt=0xd3cff6aa
[PASS] seq=crv_seq_1                      cyc=71 op=BK_IDLE            pc=0x76fcd730 branch=0 jal=0 -> taken=0 valid=0 tgt=0xcaa26140
[PASS] seq=crv_seq_1                      cyc=72 op=BK_FORWARD_BRANCH  pc=0x4107a39c branch=1 jal=0 -> taken=0 valid=0 tgt=0x9fc55790
[PASS] seq=crv_seq_1                      cyc=73 op=BK_BACKWARD_BRANCH pc=0x0432acd4 branch=1 jal=0 -> taken=1 valid=1 tgt=0xbafbe796
[PASS] seq=crv_seq_1                      cyc=74 op=BK_JAL             pc=0x18dc2088 branch=0 jal=1 -> taken=0 valid=1 tgt=0x012b3fb6
[PASS] seq=crv_seq_1                      cyc=75 op=BK_RANDOM          pc=0x107207a4 branch=0 jal=0 -> taken=0 valid=0 tgt=0xc1745eea
[PASS] seq=crv_seq_1                      cyc=76 op=BK_JAL_AND_BRANCH  pc=0x420c5870 branch=1 jal=1 -> taken=1 valid=1 tgt=0xa903f94a
[PASS] seq=crv_seq_1                      cyc=77 op=BK_JAL             pc=0x85e537a8 branch=0 jal=1 -> taken=0 valid=1 tgt=0x486beb88
[PASS] seq=crv_seq_1                      cyc=78 op=BK_FORWARD_BRANCH  pc=0x9cb373e8 branch=1 jal=0 -> taken=0 valid=0 tgt=0xbc11f4ca
[PASS] seq=crv_seq_1                      cyc=79 op=BK_BACKWARD_BRANCH pc=0xa2461d24 branch=1 jal=0 -> taken=1 valid=1 tgt=0x53b71212
[PASS] seq=crv_seq_1                      cyc=80 op=BK_FORWARD_BRANCH  pc=0x33d98fb0 branch=1 jal=0 -> taken=0 valid=0 tgt=0x724d0ed8
[PASS] seq=crv_seq_1                      cyc=81 op=BK_IDLE            pc=0x9d6ca87c branch=0 jal=0 -> taken=0 valid=0 tgt=0x75f7c6ee
[PASS] seq=crv_seq_1                      cyc=82 op=BK_JAL             pc=0xc13fcedc branch=0 jal=1 -> taken=0 valid=1 tgt=0x4163a908
[PASS] seq=crv_seq_1                      cyc=83 op=BK_JAL_AND_BRANCH  pc=0x2c0d44fc branch=1 jal=1 -> taken=1 valid=1 tgt=0x027d1892
[PASS] seq=crv_seq_1                      cyc=84 op=BK_JAL             pc=0x17a060a8 branch=0 jal=1 -> taken=0 valid=1 tgt=0xacb18942
[PASS] seq=crv_seq_1                      cyc=85 op=BK_JAL             pc=0x0a5bfe2c branch=0 jal=1 -> taken=0 valid=1 tgt=0xa111e110
[PASS] seq=crv_seq_1                      cyc=86 op=BK_FORWARD_BRANCH  pc=0xa9806f58 branch=1 jal=0 -> taken=0 valid=0 tgt=0xc11d2974
[PASS] seq=crv_seq_1                      cyc=87 op=BK_WRAPAROUND      pc=0xbddcb310 branch=1 jal=0 -> taken=0 valid=0 tgt=0xd3da57b8
[PASS] seq=crv_seq_1                      cyc=88 op=BK_IDLE            pc=0x158bddc4 branch=0 jal=0 -> taken=0 valid=0 tgt=0xb6d7e458
[PASS] seq=crv_seq_1                      cyc=89 op=BK_FORWARD_BRANCH  pc=0xb26a1518 branch=1 jal=0 -> taken=0 valid=0 tgt=0x291412d2
[PASS] seq=crv_seq_1                      cyc=90 op=BK_FORWARD_BRANCH  pc=0x2028abe4 branch=1 jal=0 -> taken=0 valid=0 tgt=0xa00409f8
[PASS] seq=crv_seq_1                      cyc=91 op=BK_FORWARD_BRANCH  pc=0x798888cc branch=1 jal=0 -> taken=0 valid=0 tgt=0x95ee9984
[PASS] seq=crv_seq_1                      cyc=92 op=BK_IDLE            pc=0x9ab94694 branch=0 jal=0 -> taken=0 valid=0 tgt=0x4e09ed0c
[PASS] seq=crv_seq_1                      cyc=93 op=BK_BACKWARD_BRANCH pc=0x398431d0 branch=1 jal=0 -> taken=1 valid=1 tgt=0x21345006
[PASS] seq=crv_seq_1                      cyc=94 op=BK_BACKWARD_BRANCH pc=0x01c56fbc branch=1 jal=0 -> taken=1 valid=1 tgt=0xb37aa21c
[PASS] seq=crv_seq_1                      cyc=95 op=BK_JAL_AND_BRANCH  pc=0xdd95fe38 branch=1 jal=1 -> taken=1 valid=1 tgt=0xc764e532
[PASS] seq=crv_seq_1                      cyc=96 op=BK_BACKWARD_BRANCH pc=0x3254ad6c branch=1 jal=0 -> taken=1 valid=1 tgt=0xb64557b4
[PASS] seq=crv_seq_1                      cyc=97 op=BK_BACKWARD_BRANCH pc=0xe780164c branch=1 jal=0 -> taken=1 valid=1 tgt=0xccda5b32
[PASS] seq=crv_seq_1                      cyc=98 op=BK_IDLE            pc=0xdb6e8600 branch=0 jal=0 -> taken=0 valid=0 tgt=0xfc74398e
[PASS] seq=crv_seq_1                      cyc=99 op=BK_FORWARD_BRANCH  pc=0x9a877f90 branch=1 jal=0 -> taken=0 valid=0 tgt=0xa2f33708
[PASS] seq=crv_seq_1                      cyc=100 op=BK_IDLE            pc=0xfa808000 branch=0 jal=0 -> taken=0 valid=0 tgt=0x3f7483c4
[PASS] seq=crv_seq_1                      cyc=101 op=BK_JAL             pc=0x3c9923b8 branch=0 jal=1 -> taken=0 valid=1 tgt=0x7c82aa60
[PASS] seq=crv_seq_1                      cyc=102 op=BK_RANDOM          pc=0x4bf4f878 branch=1 jal=1 -> taken=0 valid=1 tgt=0x05a87188
[PASS] seq=crv_seq_1                      cyc=103 op=BK_JAL             pc=0xe44821cc branch=0 jal=1 -> taken=0 valid=1 tgt=0x3b6eb398
[PASS] seq=crv_seq_1                      cyc=104 op=BK_JAL_AND_BRANCH  pc=0x3c7ce018 branch=1 jal=1 -> taken=1 valid=1 tgt=0x6b20c290
[PASS] seq=crv_seq_1                      cyc=105 op=BK_BACKWARD_BRANCH pc=0x5f4001e4 branch=1 jal=0 -> taken=1 valid=1 tgt=0x4cbbd136
[PASS] seq=crv_seq_1                      cyc=106 op=BK_RANDOM          pc=0xf541c3f0 branch=0 jal=0 -> taken=0 valid=0 tgt=0x84d0ef9a
[PASS] seq=crv_seq_1                      cyc=107 op=BK_JAL             pc=0x10515020 branch=0 jal=1 -> taken=0 valid=1 tgt=0x515abe86
[PASS] seq=crv_seq_1                      cyc=108 op=BK_FORWARD_BRANCH  pc=0x56ad726c branch=1 jal=0 -> taken=0 valid=0 tgt=0x9c748f34
[PASS] seq=crv_seq_1                      cyc=109 op=BK_BACKWARD_BRANCH pc=0x25f0c988 branch=1 jal=0 -> taken=1 valid=1 tgt=0xaa53860e
[PASS] seq=crv_seq_1                      cyc=110 op=BK_BACKWARD_BRANCH pc=0x79866b00 branch=1 jal=0 -> taken=1 valid=1 tgt=0x161c2eac
[PASS] seq=crv_seq_1                      cyc=111 op=BK_FORWARD_BRANCH  pc=0xebec8e60 branch=1 jal=0 -> taken=0 valid=0 tgt=0x124c2562
[PASS] seq=crv_seq_1                      cyc=112 op=BK_IDLE            pc=0xc230f688 branch=0 jal=0 -> taken=0 valid=0 tgt=0xc92a782c
[PASS] seq=crv_seq_1                      cyc=113 op=BK_BACKWARD_BRANCH pc=0x52c0f5dc branch=1 jal=0 -> taken=1 valid=1 tgt=0x505ab63c
[PASS] seq=crv_seq_1                      cyc=114 op=BK_JAL_AND_BRANCH  pc=0xa2008fb4 branch=1 jal=1 -> taken=1 valid=1 tgt=0xb95a7286
[PASS] seq=crv_seq_1                      cyc=115 op=BK_IDLE            pc=0xce252fc8 branch=0 jal=0 -> taken=0 valid=0 tgt=0xcc83e8f2
[PASS] seq=crv_seq_1                      cyc=116 op=BK_JAL             pc=0x4ba057d8 branch=0 jal=1 -> taken=0 valid=1 tgt=0x1466f82a
[PASS] seq=crv_seq_1                      cyc=117 op=BK_RANDOM          pc=0x007f3cc8 branch=0 jal=0 -> taken=0 valid=0 tgt=0x4ef8cfe4
[PASS] seq=crv_seq_1                      cyc=118 op=BK_BACKWARD_BRANCH pc=0xc41d1768 branch=1 jal=0 -> taken=1 valid=1 tgt=0x9c48128a
[PASS] seq=crv_seq_1                      cyc=119 op=BK_FORWARD_BRANCH  pc=0x8ff89f74 branch=1 jal=0 -> taken=0 valid=0 tgt=0xe417c1c6
[PASS] seq=crv_seq_1                      cyc=120 op=BK_JAL             pc=0x17e993dc branch=0 jal=1 -> taken=0 valid=1 tgt=0xe197e04e
[PASS] seq=crv_seq_1                      cyc=121 op=BK_IDLE            pc=0x49f152d4 branch=0 jal=0 -> taken=0 valid=0 tgt=0xe618685a
[PASS] seq=crv_seq_1                      cyc=122 op=BK_FORWARD_BRANCH  pc=0x3e8f5a8c branch=1 jal=0 -> taken=0 valid=0 tgt=0x79e3952c
[PASS] seq=crv_seq_1                      cyc=123 op=BK_BACKWARD_BRANCH pc=0xdcd98c98 branch=1 jal=0 -> taken=1 valid=1 tgt=0xc8cd0488
[PASS] seq=crv_seq_1                      cyc=124 op=BK_JAL             pc=0xa1f0ec9c branch=0 jal=1 -> taken=0 valid=1 tgt=0x6fab66c2
[PASS] seq=crv_seq_1                      cyc=125 op=BK_BACKWARD_BRANCH pc=0x38168ec8 branch=1 jal=0 -> taken=1 valid=1 tgt=0x1c651628
[PASS] seq=crv_seq_1                      cyc=126 op=BK_IDLE            pc=0x3fb804f8 branch=0 jal=0 -> taken=0 valid=0 tgt=0x1d7b1a06
[PASS] seq=crv_seq_1                      cyc=127 op=BK_RANDOM          pc=0x0b9dc170 branch=0 jal=1 -> taken=0 valid=1 tgt=0x79857d14
[PASS] seq=crv_seq_1                      cyc=128 op=BK_WRAPAROUND      pc=0x7f057414 branch=1 jal=0 -> taken=1 valid=1 tgt=0x648fd318
[PASS] seq=crv_seq_1                      cyc=129 op=BK_JAL_AND_BRANCH  pc=0xeb7c49e0 branch=1 jal=1 -> taken=1 valid=1 tgt=0x20aaea84
[PASS] seq=crv_seq_1                      cyc=130 op=BK_JAL_AND_BRANCH  pc=0xd8c89100 branch=1 jal=1 -> taken=0 valid=1 tgt=0xfc99fa3c
[PASS] seq=crv_seq_1                      cyc=131 op=BK_FORWARD_BRANCH  pc=0x0b0b4b38 branch=1 jal=0 -> taken=0 valid=0 tgt=0x10b899b6
[PASS] seq=crv_seq_1                      cyc=132 op=BK_JAL             pc=0x97c64e08 branch=0 jal=1 -> taken=0 valid=1 tgt=0x6aeda8dc
[PASS] seq=crv_seq_1                      cyc=133 op=BK_FORWARD_BRANCH  pc=0x9c26cccc branch=1 jal=0 -> taken=0 valid=0 tgt=0xf5b418a4
[PASS] seq=crv_seq_1                      cyc=134 op=BK_BACKWARD_BRANCH pc=0x0520d5e4 branch=1 jal=0 -> taken=1 valid=1 tgt=0xa7648dda
[PASS] seq=crv_seq_1                      cyc=135 op=BK_IDLE            pc=0x03b046a0 branch=0 jal=0 -> taken=0 valid=0 tgt=0x67f62ee4
[PASS] seq=crv_seq_1                      cyc=136 op=BK_IDLE            pc=0x15648fec branch=0 jal=0 -> taken=0 valid=0 tgt=0x0b8895c6
[PASS] seq=crv_seq_1                      cyc=137 op=BK_JAL             pc=0x41ac22b0 branch=0 jal=1 -> taken=0 valid=1 tgt=0x3e9ddaa0
[PASS] seq=crv_seq_1                      cyc=138 op=BK_JAL             pc=0xac0b7a54 branch=0 jal=1 -> taken=0 valid=1 tgt=0x4c86aa54
[PASS] seq=crv_seq_1                      cyc=139 op=BK_BACKWARD_BRANCH pc=0x4902f200 branch=1 jal=0 -> taken=1 valid=1 tgt=0x471f18f8
[PASS] seq=crv_seq_1                      cyc=140 op=BK_FORWARD_BRANCH  pc=0x97ec37e8 branch=1 jal=0 -> taken=0 valid=0 tgt=0xb4635218
[PASS] seq=crv_seq_1                      cyc=141 op=BK_FORWARD_BRANCH  pc=0xbb26d090 branch=1 jal=0 -> taken=0 valid=0 tgt=0xd64e03d2
[PASS] seq=crv_seq_1                      cyc=142 op=BK_JAL             pc=0x0399a8b0 branch=0 jal=1 -> taken=0 valid=1 tgt=0x983213f0
[PASS] seq=crv_seq_1                      cyc=143 op=BK_JAL             pc=0x99b83114 branch=0 jal=1 -> taken=0 valid=1 tgt=0x477abaac
[PASS] seq=crv_seq_1                      cyc=144 op=BK_RANDOM          pc=0xb6d306a8 branch=0 jal=1 -> taken=0 valid=1 tgt=0x103eabac
[PASS] seq=crv_seq_1                      cyc=145 op=BK_JAL_AND_BRANCH  pc=0xf624785c branch=1 jal=1 -> taken=1 valid=1 tgt=0xe029863e
[PASS] seq=crv_seq_1                      cyc=146 op=BK_JAL_AND_BRANCH  pc=0x8004cf8c branch=1 jal=1 -> taken=1 valid=1 tgt=0x510c80dc
[PASS] seq=crv_seq_1                      cyc=147 op=BK_JAL             pc=0x40f200fc branch=0 jal=1 -> taken=0 valid=1 tgt=0xc78809f4
[PASS] seq=crv_seq_1                      cyc=148 op=BK_WRAPAROUND      pc=0xbcc64cc4 branch=0 jal=1 -> taken=0 valid=1 tgt=0xf760daba
[PASS] seq=crv_seq_1                      cyc=149 op=BK_JAL             pc=0xe2092a94 branch=0 jal=1 -> taken=0 valid=1 tgt=0x59a3a48e
[PASS] seq=crv_seq_1                      cyc=150 op=BK_BACKWARD_BRANCH pc=0xb64351a8 branch=1 jal=0 -> taken=1 valid=1 tgt=0x68ebd4e6
[PASS] seq=crv_seq_1                      cyc=151 op=BK_JAL             pc=0x7738d308 branch=0 jal=1 -> taken=0 valid=1 tgt=0x61f3b6ee
[PASS] seq=crv_seq_1                      cyc=152 op=BK_BACKWARD_BRANCH pc=0x65ab7344 branch=1 jal=0 -> taken=1 valid=1 tgt=0x308b7a3c
[PASS] seq=crv_seq_1                      cyc=153 op=BK_RANDOM          pc=0x566ac6a0 branch=0 jal=0 -> taken=0 valid=0 tgt=0x851847a0
[PASS] seq=crv_seq_1                      cyc=154 op=BK_JAL_AND_BRANCH  pc=0xcc313318 branch=1 jal=1 -> taken=1 valid=1 tgt=0x75c0fc24
[PASS] seq=crv_seq_1                      cyc=155 op=BK_IDLE            pc=0x24b18614 branch=0 jal=0 -> taken=0 valid=0 tgt=0x567bac3a
[PASS] seq=crv_seq_1                      cyc=156 op=BK_FORWARD_BRANCH  pc=0x924316ac branch=1 jal=0 -> taken=0 valid=0 tgt=0xa5ac6c4e
[PASS] seq=crv_seq_1                      cyc=157 op=BK_JAL             pc=0xbe5ad7c8 branch=0 jal=1 -> taken=0 valid=1 tgt=0xe2f7ee44
[PASS] seq=crv_seq_1                      cyc=158 op=BK_RANDOM          pc=0x2a5af534 branch=0 jal=0 -> taken=0 valid=0 tgt=0xc125c90a
[PASS] seq=crv_seq_1                      cyc=159 op=BK_BACKWARD_BRANCH pc=0x44dee79c branch=1 jal=0 -> taken=1 valid=1 tgt=0x38f5f83c
[PASS] seq=crv_seq_1                      cyc=160 op=BK_IDLE            pc=0xc9fe7e38 branch=0 jal=0 -> taken=0 valid=0 tgt=0x37847a12
[PASS] seq=crv_seq_1                      cyc=161 op=BK_RANDOM          pc=0x070f0f28 branch=0 jal=0 -> taken=0 valid=0 tgt=0xd663e692
[PASS] seq=crv_seq_1                      cyc=162 op=BK_JAL             pc=0x8d380048 branch=0 jal=1 -> taken=0 valid=1 tgt=0x3b4e4256
[PASS] seq=crv_seq_1                      cyc=163 op=BK_BACKWARD_BRANCH pc=0x72b14d38 branch=1 jal=0 -> taken=1 valid=1 tgt=0x2db78358
[PASS] seq=crv_seq_1                      cyc=164 op=BK_IDLE            pc=0xd9b15ab8 branch=0 jal=0 -> taken=0 valid=0 tgt=0xa176956e
[PASS] seq=crv_seq_1                      cyc=165 op=BK_RANDOM          pc=0x9cff150c branch=0 jal=0 -> taken=0 valid=0 tgt=0x43511e7e
[PASS] seq=crv_seq_1                      cyc=166 op=BK_FORWARD_BRANCH  pc=0x29e02cf4 branch=1 jal=0 -> taken=0 valid=0 tgt=0x308352f4
[PASS] seq=crv_seq_1                      cyc=167 op=BK_FORWARD_BRANCH  pc=0x55217b74 branch=1 jal=0 -> taken=0 valid=0 tgt=0x623bebae
[PASS] seq=crv_seq_1                      cyc=168 op=BK_FORWARD_BRANCH  pc=0x4f1648f8 branch=1 jal=0 -> taken=0 valid=0 tgt=0x7c23c794
[PASS] seq=crv_seq_1                      cyc=169 op=BK_RANDOM          pc=0x04b1e9d8 branch=1 jal=1 -> taken=1 valid=1 tgt=0xc3ec0710
[PASS] seq=crv_seq_1                      cyc=170 op=BK_BACKWARD_BRANCH pc=0x47dc6fd0 branch=1 jal=0 -> taken=1 valid=1 tgt=0x00dc8efa
[PASS] seq=crv_seq_1                      cyc=171 op=BK_BACKWARD_BRANCH pc=0xe4835614 branch=1 jal=0 -> taken=1 valid=1 tgt=0xd1c9c01a
[PASS] seq=crv_seq_1                      cyc=172 op=BK_FORWARD_BRANCH  pc=0x1bb717fc branch=1 jal=0 -> taken=0 valid=0 tgt=0x5357711c
[PASS] seq=crv_seq_1                      cyc=173 op=BK_JAL             pc=0x7e451914 branch=0 jal=1 -> taken=0 valid=1 tgt=0xbf07f390
[PASS] seq=crv_seq_1                      cyc=174 op=BK_RANDOM          pc=0x828e0830 branch=1 jal=0 -> taken=1 valid=1 tgt=0x3df7389e
[PASS] seq=crv_seq_1                      cyc=175 op=BK_FORWARD_BRANCH  pc=0x334c5898 branch=1 jal=0 -> taken=0 valid=0 tgt=0x3a4af4a2
[PASS] seq=crv_seq_1                      cyc=176 op=BK_IDLE            pc=0x0f161cd8 branch=0 jal=0 -> taken=0 valid=0 tgt=0x5361836c
[PASS] seq=crv_seq_1                      cyc=177 op=BK_BACKWARD_BRANCH pc=0x3b760e20 branch=1 jal=0 -> taken=1 valid=1 tgt=0x05d5a364
[PASS] seq=crv_seq_1                      cyc=178 op=BK_FORWARD_BRANCH  pc=0x73046150 branch=1 jal=0 -> taken=0 valid=0 tgt=0xc112512a
[PASS] seq=crv_seq_1                      cyc=179 op=BK_JAL             pc=0xa83fe7f4 branch=0 jal=1 -> taken=0 valid=1 tgt=0x92e81dfc
[PASS] seq=crv_seq_1                      cyc=180 op=BK_BACKWARD_BRANCH pc=0x3dad42fc branch=1 jal=0 -> taken=1 valid=1 tgt=0x11cf28ea
[PASS] seq=crv_seq_1                      cyc=181 op=BK_RANDOM          pc=0x85a65270 branch=0 jal=0 -> taken=0 valid=0 tgt=0x6cd68024
[PASS] seq=crv_seq_1                      cyc=182 op=BK_RANDOM          pc=0x9a3ab174 branch=1 jal=0 -> taken=1 valid=1 tgt=0x3238ef9c
[PASS] seq=crv_seq_1                      cyc=183 op=BK_RANDOM          pc=0x29bd5640 branch=1 jal=1 -> taken=1 valid=1 tgt=0x2784b87c
[PASS] seq=crv_seq_1                      cyc=184 op=BK_RANDOM          pc=0xbd51ad44 branch=1 jal=0 -> taken=1 valid=1 tgt=0x59e6a44c
[PASS] seq=crv_seq_1                      cyc=185 op=BK_FORWARD_BRANCH  pc=0x7e61b7b0 branch=1 jal=0 -> taken=0 valid=0 tgt=0xe0851696
[PASS] seq=crv_seq_1                      cyc=186 op=BK_IDLE            pc=0x5e0194ac branch=0 jal=0 -> taken=0 valid=0 tgt=0x33cf4766
[PASS] seq=crv_seq_1                      cyc=187 op=BK_JAL             pc=0x5a0b605c branch=0 jal=1 -> taken=0 valid=1 tgt=0xb0335028
[PASS] seq=crv_seq_1                      cyc=188 op=BK_IDLE            pc=0x6f15f0a0 branch=0 jal=0 -> taken=0 valid=0 tgt=0x1a5bf9e6
[PASS] seq=crv_seq_1                      cyc=189 op=BK_JAL             pc=0xfa1ea000 branch=0 jal=1 -> taken=0 valid=1 tgt=0x6ef3fda8
[PASS] seq=crv_seq_1                      cyc=190 op=BK_RANDOM          pc=0x67150274 branch=0 jal=1 -> taken=0 valid=1 tgt=0x19e5ebd0
[PASS] seq=crv_seq_1                      cyc=191 op=BK_FORWARD_BRANCH  pc=0xdfaff8d8 branch=1 jal=0 -> taken=0 valid=0 tgt=0x0d230708
[PASS] seq=crv_seq_1                      cyc=192 op=BK_BACKWARD_BRANCH pc=0xe5139fa8 branch=1 jal=0 -> taken=1 valid=1 tgt=0xa7fc595c
[PASS] seq=crv_seq_1                      cyc=193 op=BK_JAL_AND_BRANCH  pc=0x2f6f6d64 branch=1 jal=1 -> taken=1 valid=1 tgt=0x28022040
[PASS] seq=crv_seq_1                      cyc=194 op=BK_RANDOM          pc=0xd649136c branch=1 jal=0 -> taken=1 valid=1 tgt=0x83130872
[PASS] seq=crv_seq_1                      cyc=195 op=BK_RANDOM          pc=0x10eb48f4 branch=1 jal=0 -> taken=0 valid=0 tgt=0x21499aa4
[PASS] seq=crv_seq_1                      cyc=196 op=BK_JAL             pc=0xc427a0ec branch=0 jal=1 -> taken=0 valid=1 tgt=0xffe2aa04
[PASS] seq=crv_seq_1                      cyc=197 op=BK_JAL_AND_BRANCH  pc=0x9a98eb98 branch=1 jal=1 -> taken=1 valid=1 tgt=0x0b2d72e6
[PASS] seq=crv_seq_1                      cyc=198 op=BK_JAL             pc=0x9d79996c branch=0 jal=1 -> taken=0 valid=1 tgt=0x16d85a44
[PASS] seq=crv_seq_1                      cyc=199 op=BK_FORWARD_BRANCH  pc=0xd33a2a08 branch=1 jal=0 -> taken=0 valid=0 tgt=0xf710656c
[PASS] seq=crv_seq_2                      cyc=0 op=BK_JAL             pc=0xfd9780b8 branch=0 jal=1 -> taken=0 valid=1 tgt=0x7c53c298
[PASS] seq=crv_seq_2                      cyc=1 op=BK_JAL_AND_BRANCH  pc=0xc7d9c32c branch=1 jal=1 -> taken=0 valid=1 tgt=0xc6dfb2da
[PASS] seq=crv_seq_2                      cyc=2 op=BK_RANDOM          pc=0x28abc92c branch=0 jal=1 -> taken=0 valid=1 tgt=0x32f4739e
[PASS] seq=crv_seq_2                      cyc=3 op=BK_BACKWARD_BRANCH pc=0x9a3e832c branch=1 jal=0 -> taken=1 valid=1 tgt=0x877f4946
[PASS] seq=crv_seq_2                      cyc=4 op=BK_BACKWARD_BRANCH pc=0x8f51ea24 branch=1 jal=0 -> taken=1 valid=1 tgt=0x5d37dbe6
[PASS] seq=crv_seq_2                      cyc=5 op=BK_BACKWARD_BRANCH pc=0x369aaa58 branch=1 jal=0 -> taken=1 valid=1 tgt=0xca67ef7e
[PASS] seq=crv_seq_2                      cyc=6 op=BK_IDLE            pc=0x34db87c0 branch=0 jal=0 -> taken=0 valid=0 tgt=0xfb163f12
[PASS] seq=crv_seq_2                      cyc=7 op=BK_FORWARD_BRANCH  pc=0xc21bafdc branch=1 jal=0 -> taken=0 valid=0 tgt=0x0e19c28e
[PASS] seq=crv_seq_2                      cyc=8 op=BK_BACKWARD_BRANCH pc=0xcfce4c04 branch=1 jal=0 -> taken=1 valid=1 tgt=0x88c004d8
[PASS] seq=crv_seq_2                      cyc=9 op=BK_WRAPAROUND      pc=0x06190618 branch=1 jal=1 -> taken=1 valid=1 tgt=0x6baf8036
[PASS] seq=crv_seq_2                      cyc=10 op=BK_BACKWARD_BRANCH pc=0xeb38ee00 branch=1 jal=0 -> taken=1 valid=1 tgt=0x95f5db96
[PASS] seq=crv_seq_2                      cyc=11 op=BK_JAL             pc=0x37115158 branch=0 jal=1 -> taken=0 valid=1 tgt=0x914d6be4
[PASS] seq=crv_seq_2                      cyc=12 op=BK_BACKWARD_BRANCH pc=0x23160794 branch=1 jal=0 -> taken=1 valid=1 tgt=0x0686305e
[PASS] seq=crv_seq_2                      cyc=13 op=BK_WRAPAROUND      pc=0x8a3d5940 branch=1 jal=0 -> taken=1 valid=1 tgt=0x1081f6a4
[PASS] seq=crv_seq_2                      cyc=14 op=BK_RANDOM          pc=0xa93eb624 branch=1 jal=1 -> taken=1 valid=1 tgt=0x9f06e308
[PASS] seq=crv_seq_2                      cyc=15 op=BK_JAL             pc=0x2a444694 branch=0 jal=1 -> taken=0 valid=1 tgt=0x27ebc17e
[PASS] seq=crv_seq_2                      cyc=16 op=BK_JAL             pc=0xbcd85104 branch=0 jal=1 -> taken=0 valid=1 tgt=0x6e18445a
[PASS] seq=crv_seq_2                      cyc=17 op=BK_JAL             pc=0x2be45b70 branch=0 jal=1 -> taken=0 valid=1 tgt=0x7545265a
[PASS] seq=crv_seq_2                      cyc=18 op=BK_JAL_AND_BRANCH  pc=0xcb702dfc branch=1 jal=1 -> taken=1 valid=1 tgt=0x9ecb47ca
[PASS] seq=crv_seq_2                      cyc=19 op=BK_RANDOM          pc=0x767eed34 branch=1 jal=0 -> taken=0 valid=0 tgt=0x8de79a3c
[PASS] seq=crv_seq_2                      cyc=20 op=BK_IDLE            pc=0x0e595604 branch=0 jal=0 -> taken=0 valid=0 tgt=0xc8a41316
[PASS] seq=crv_seq_2                      cyc=21 op=BK_RANDOM          pc=0x77d74738 branch=1 jal=1 -> taken=1 valid=1 tgt=0x3f08f624
[PASS] seq=crv_seq_2                      cyc=22 op=BK_IDLE            pc=0x6769b9dc branch=0 jal=0 -> taken=0 valid=0 tgt=0x66934aea
[PASS] seq=crv_seq_2                      cyc=23 op=BK_BACKWARD_BRANCH pc=0xe37febb4 branch=1 jal=0 -> taken=1 valid=1 tgt=0xd70906bc
[PASS] seq=crv_seq_2                      cyc=24 op=BK_RANDOM          pc=0x8b34ba9c branch=1 jal=0 -> taken=0 valid=0 tgt=0xdba87588
[PASS] seq=crv_seq_2                      cyc=25 op=BK_BACKWARD_BRANCH pc=0xf421af28 branch=1 jal=0 -> taken=1 valid=1 tgt=0x76ba2f30
[PASS] seq=crv_seq_2                      cyc=26 op=BK_FORWARD_BRANCH  pc=0x119cd164 branch=1 jal=0 -> taken=0 valid=0 tgt=0x5e646d14
[PASS] seq=crv_seq_2                      cyc=27 op=BK_WRAPAROUND      pc=0xbba83c8c branch=0 jal=0 -> taken=0 valid=0 tgt=0x0e3d1114
[PASS] seq=crv_seq_2                      cyc=28 op=BK_JAL             pc=0x66d3d900 branch=0 jal=1 -> taken=0 valid=1 tgt=0xee8747ce
[PASS] seq=crv_seq_2                      cyc=29 op=BK_IDLE            pc=0xee64ca28 branch=0 jal=0 -> taken=0 valid=0 tgt=0xb3b39cd6
[PASS] seq=crv_seq_2                      cyc=30 op=BK_JAL             pc=0xbe7ac574 branch=0 jal=1 -> taken=0 valid=1 tgt=0xb6274c18
[PASS] seq=crv_seq_2                      cyc=31 op=BK_FORWARD_BRANCH  pc=0x77003438 branch=1 jal=0 -> taken=0 valid=0 tgt=0xaa84dca4
[PASS] seq=crv_seq_2                      cyc=32 op=BK_JAL_AND_BRANCH  pc=0xa6387270 branch=1 jal=1 -> taken=0 valid=1 tgt=0x8e27039e
[PASS] seq=crv_seq_2                      cyc=33 op=BK_JAL_AND_BRANCH  pc=0xc2d1247c branch=1 jal=1 -> taken=1 valid=1 tgt=0x4e3b93a0
[PASS] seq=crv_seq_2                      cyc=34 op=BK_JAL_AND_BRANCH  pc=0x4ece826c branch=1 jal=1 -> taken=0 valid=1 tgt=0x17be5706
[PASS] seq=crv_seq_2                      cyc=35 op=BK_RANDOM          pc=0x6d3f2b5c branch=0 jal=1 -> taken=0 valid=1 tgt=0x2f689492
[PASS] seq=crv_seq_2                      cyc=36 op=BK_FORWARD_BRANCH  pc=0x72dbe2d0 branch=1 jal=0 -> taken=0 valid=0 tgt=0x7ba6160a
[PASS] seq=crv_seq_2                      cyc=37 op=BK_JAL             pc=0xa9d81644 branch=0 jal=1 -> taken=0 valid=1 tgt=0x401e707e
[PASS] seq=crv_seq_2                      cyc=38 op=BK_BACKWARD_BRANCH pc=0x7b23e9e0 branch=1 jal=0 -> taken=1 valid=1 tgt=0x1395f6fe
[PASS] seq=crv_seq_2                      cyc=39 op=BK_FORWARD_BRANCH  pc=0x32e00eec branch=1 jal=0 -> taken=0 valid=0 tgt=0xa16edeee
[PASS] seq=crv_seq_2                      cyc=40 op=BK_FORWARD_BRANCH  pc=0x3947983c branch=1 jal=0 -> taken=0 valid=0 tgt=0xb068f0b0
[PASS] seq=crv_seq_2                      cyc=41 op=BK_JAL_AND_BRANCH  pc=0x65489c10 branch=1 jal=1 -> taken=0 valid=1 tgt=0xb3bde5ba
[PASS] seq=crv_seq_2                      cyc=42 op=BK_RANDOM          pc=0x5912ba70 branch=1 jal=0 -> taken=0 valid=0 tgt=0xba670c84
[PASS] seq=crv_seq_2                      cyc=43 op=BK_IDLE            pc=0xa7705df4 branch=0 jal=0 -> taken=0 valid=0 tgt=0x4e8588c8
[PASS] seq=crv_seq_2                      cyc=44 op=BK_JAL             pc=0x49a70520 branch=0 jal=1 -> taken=0 valid=1 tgt=0x24f20f0c
[PASS] seq=crv_seq_2                      cyc=45 op=BK_BACKWARD_BRANCH pc=0x488059bc branch=1 jal=0 -> taken=1 valid=1 tgt=0xf72f0084
[PASS] seq=crv_seq_2                      cyc=46 op=BK_RANDOM          pc=0xe796431c branch=1 jal=0 -> taken=0 valid=0 tgt=0x3e1e5f36
[PASS] seq=crv_seq_2                      cyc=47 op=BK_IDLE            pc=0xbd1096e8 branch=0 jal=0 -> taken=0 valid=0 tgt=0x18f404f0
[PASS] seq=crv_seq_2                      cyc=48 op=BK_BACKWARD_BRANCH pc=0x97d6b1cc branch=1 jal=0 -> taken=1 valid=1 tgt=0x46b2f986
[PASS] seq=crv_seq_2                      cyc=49 op=BK_JAL_AND_BRANCH  pc=0x90b9da20 branch=1 jal=1 -> taken=0 valid=1 tgt=0xf393aaee
[PASS] seq=crv_seq_2                      cyc=50 op=BK_JAL_AND_BRANCH  pc=0x7c1f9078 branch=1 jal=1 -> taken=0 valid=1 tgt=0x9211b0ce
[PASS] seq=crv_seq_2                      cyc=51 op=BK_WRAPAROUND      pc=0xf439a488 branch=1 jal=1 -> taken=0 valid=1 tgt=0x0eecedf2
[PASS] seq=crv_seq_2                      cyc=52 op=BK_JAL             pc=0x91fd1c00 branch=0 jal=1 -> taken=0 valid=1 tgt=0xe7b0f176
[PASS] seq=crv_seq_2                      cyc=53 op=BK_FORWARD_BRANCH  pc=0x098e3350 branch=1 jal=0 -> taken=0 valid=0 tgt=0x4e66548e
[PASS] seq=crv_seq_2                      cyc=54 op=BK_JAL             pc=0x3fd62da0 branch=0 jal=1 -> taken=0 valid=1 tgt=0xc40e56f0
[PASS] seq=crv_seq_2                      cyc=55 op=BK_FORWARD_BRANCH  pc=0x0c96593c branch=1 jal=0 -> taken=0 valid=0 tgt=0x1ea7f006
[PASS] seq=crv_seq_2                      cyc=56 op=BK_JAL             pc=0x3d3459ac branch=0 jal=1 -> taken=0 valid=1 tgt=0x7b192470
[PASS] seq=crv_seq_2                      cyc=57 op=BK_RANDOM          pc=0x011c9c4c branch=0 jal=1 -> taken=0 valid=1 tgt=0xfe5774a8
[PASS] seq=crv_seq_2                      cyc=58 op=BK_IDLE            pc=0xf01d0084 branch=0 jal=0 -> taken=0 valid=0 tgt=0x8372c378
[PASS] seq=crv_seq_2                      cyc=59 op=BK_FORWARD_BRANCH  pc=0x27cda2a0 branch=1 jal=0 -> taken=0 valid=0 tgt=0x477755fa
[PASS] seq=crv_seq_2                      cyc=60 op=BK_IDLE            pc=0xdba08a34 branch=0 jal=0 -> taken=0 valid=0 tgt=0x497ebd62
[PASS] seq=crv_seq_2                      cyc=61 op=BK_JAL             pc=0x631a9004 branch=0 jal=1 -> taken=0 valid=1 tgt=0x0171fa52
[PASS] seq=crv_seq_2                      cyc=62 op=BK_JAL             pc=0x6df67c0c branch=0 jal=1 -> taken=0 valid=1 tgt=0x47c29124
[PASS] seq=crv_seq_2                      cyc=63 op=BK_FORWARD_BRANCH  pc=0xbba56270 branch=1 jal=0 -> taken=0 valid=0 tgt=0xcf6c5afa
[PASS] seq=crv_seq_2                      cyc=64 op=BK_FORWARD_BRANCH  pc=0x59fbfb4c branch=1 jal=0 -> taken=0 valid=0 tgt=0xa99ce3be
[PASS] seq=crv_seq_2                      cyc=65 op=BK_WRAPAROUND      pc=0xa87293ac branch=1 jal=1 -> taken=0 valid=1 tgt=0xf06f139c
[PASS] seq=crv_seq_2                      cyc=66 op=BK_BACKWARD_BRANCH pc=0xd1cc9000 branch=1 jal=0 -> taken=1 valid=1 tgt=0xba92b106
[PASS] seq=crv_seq_2                      cyc=67 op=BK_FORWARD_BRANCH  pc=0x656f5254 branch=1 jal=0 -> taken=0 valid=0 tgt=0x872e8a7a
[PASS] seq=crv_seq_2                      cyc=68 op=BK_FORWARD_BRANCH  pc=0x489ffe10 branch=1 jal=0 -> taken=0 valid=0 tgt=0x811b0bc6
[PASS] seq=crv_seq_2                      cyc=69 op=BK_RANDOM          pc=0x2a6df898 branch=1 jal=0 -> taken=1 valid=1 tgt=0xc2ec4c22
[PASS] seq=crv_seq_2                      cyc=70 op=BK_RANDOM          pc=0x591a9204 branch=1 jal=0 -> taken=1 valid=1 tgt=0xe550611a
[PASS] seq=crv_seq_2                      cyc=71 op=BK_RANDOM          pc=0x5430bde8 branch=0 jal=1 -> taken=0 valid=1 tgt=0xecf5c4a0
[PASS] seq=crv_seq_2                      cyc=72 op=BK_FORWARD_BRANCH  pc=0xb511ffa0 branch=1 jal=0 -> taken=0 valid=0 tgt=0xf60ff308
[PASS] seq=crv_seq_2                      cyc=73 op=BK_IDLE            pc=0xd3c12874 branch=0 jal=0 -> taken=0 valid=0 tgt=0x3dcab1f4
[PASS] seq=crv_seq_2                      cyc=74 op=BK_RANDOM          pc=0xb78304e0 branch=1 jal=0 -> taken=0 valid=0 tgt=0xcc4ea6a6
[PASS] seq=crv_seq_2                      cyc=75 op=BK_JAL             pc=0xfc44217c branch=0 jal=1 -> taken=0 valid=1 tgt=0x56f97ba8
[PASS] seq=crv_seq_2                      cyc=76 op=BK_JAL             pc=0x6bdc6efc branch=0 jal=1 -> taken=0 valid=1 tgt=0xe12b6be6
[PASS] seq=crv_seq_2                      cyc=77 op=BK_JAL             pc=0xc0e8ac20 branch=0 jal=1 -> taken=0 valid=1 tgt=0x63b41794
[PASS] seq=crv_seq_2                      cyc=78 op=BK_BACKWARD_BRANCH pc=0x59e69720 branch=1 jal=0 -> taken=1 valid=1 tgt=0x56d281fe
[PASS] seq=crv_seq_2                      cyc=79 op=BK_BACKWARD_BRANCH pc=0x2f7c9934 branch=1 jal=0 -> taken=1 valid=1 tgt=0x17bf1a54
[PASS] seq=crv_seq_2                      cyc=80 op=BK_RANDOM          pc=0xde0d50e8 branch=1 jal=0 -> taken=0 valid=0 tgt=0x39e41618
[PASS] seq=crv_seq_2                      cyc=81 op=BK_BACKWARD_BRANCH pc=0x35289164 branch=1 jal=0 -> taken=1 valid=1 tgt=0x14162a7e
[PASS] seq=crv_seq_2                      cyc=82 op=BK_JAL             pc=0x1407fbe4 branch=0 jal=1 -> taken=0 valid=1 tgt=0xdbccfe4a
[PASS] seq=crv_seq_2                      cyc=83 op=BK_RANDOM          pc=0x85d197c0 branch=0 jal=0 -> taken=0 valid=0 tgt=0x9b2cbaae
[PASS] seq=crv_seq_2                      cyc=84 op=BK_RANDOM          pc=0xf8724cec branch=1 jal=1 -> taken=1 valid=1 tgt=0x03c9d314
[PASS] seq=crv_seq_2                      cyc=85 op=BK_RANDOM          pc=0x9e0f238c branch=0 jal=1 -> taken=0 valid=1 tgt=0x37fe3484
[PASS] seq=crv_seq_2                      cyc=86 op=BK_BACKWARD_BRANCH pc=0x731338e0 branch=1 jal=0 -> taken=1 valid=1 tgt=0x32a2499e
[PASS] seq=crv_seq_2                      cyc=87 op=BK_IDLE            pc=0x7dde00fc branch=0 jal=0 -> taken=0 valid=0 tgt=0x6112649c
[PASS] seq=crv_seq_2                      cyc=88 op=BK_IDLE            pc=0xe21db740 branch=0 jal=0 -> taken=0 valid=0 tgt=0x6afe465e
[PASS] seq=crv_seq_2                      cyc=89 op=BK_BACKWARD_BRANCH pc=0x373e99d8 branch=1 jal=0 -> taken=1 valid=1 tgt=0xc8d569b4
[PASS] seq=crv_seq_2                      cyc=90 op=BK_WRAPAROUND      pc=0xf4dac230 branch=0 jal=1 -> taken=0 valid=1 tgt=0x9c819702
[PASS] seq=crv_seq_2                      cyc=91 op=BK_FORWARD_BRANCH  pc=0x9515b764 branch=1 jal=0 -> taken=0 valid=0 tgt=0xafc76a04
[PASS] seq=crv_seq_2                      cyc=92 op=BK_FORWARD_BRANCH  pc=0x89f1664c branch=1 jal=0 -> taken=0 valid=0 tgt=0xa95c1fcc
[PASS] seq=crv_seq_2                      cyc=93 op=BK_RANDOM          pc=0x9fec93dc branch=1 jal=0 -> taken=1 valid=1 tgt=0x3b3b9dc8
[PASS] seq=crv_seq_2                      cyc=94 op=BK_JAL_AND_BRANCH  pc=0xf633f278 branch=1 jal=1 -> taken=0 valid=1 tgt=0xa60e3f1c
[PASS] seq=crv_seq_2                      cyc=95 op=BK_BACKWARD_BRANCH pc=0x768e7b58 branch=1 jal=0 -> taken=1 valid=1 tgt=0x1dd5b172
[PASS] seq=crv_seq_2                      cyc=96 op=BK_RANDOM          pc=0x87cf53bc branch=0 jal=1 -> taken=0 valid=1 tgt=0x5056f5fc
[PASS] seq=crv_seq_2                      cyc=97 op=BK_BACKWARD_BRANCH pc=0xb736c358 branch=1 jal=0 -> taken=1 valid=1 tgt=0x59db5c02
[PASS] seq=crv_seq_2                      cyc=98 op=BK_JAL_AND_BRANCH  pc=0x60fd79cc branch=1 jal=1 -> taken=0 valid=1 tgt=0x5db855ca
[PASS] seq=crv_seq_2                      cyc=99 op=BK_RANDOM          pc=0x4dff549c branch=0 jal=0 -> taken=0 valid=0 tgt=0xf4ecd95e
[PASS] seq=crv_seq_2                      cyc=100 op=BK_BACKWARD_BRANCH pc=0x024eb9a8 branch=1 jal=0 -> taken=1 valid=1 tgt=0x96def538
[PASS] seq=crv_seq_2                      cyc=101 op=BK_JAL_AND_BRANCH  pc=0xe1d49ef4 branch=1 jal=1 -> taken=1 valid=1 tgt=0x671e49f0
[PASS] seq=crv_seq_2                      cyc=102 op=BK_BACKWARD_BRANCH pc=0x929c5664 branch=1 jal=0 -> taken=1 valid=1 tgt=0x629eb388
[PASS] seq=crv_seq_2                      cyc=103 op=BK_JAL             pc=0xe5dc6c48 branch=0 jal=1 -> taken=0 valid=1 tgt=0xae81319c
[PASS] seq=crv_seq_2                      cyc=104 op=BK_FORWARD_BRANCH  pc=0xaedc3724 branch=1 jal=0 -> taken=0 valid=0 tgt=0x0472d530
[PASS] seq=crv_seq_2                      cyc=105 op=BK_BACKWARD_BRANCH pc=0xb848d9a8 branch=1 jal=0 -> taken=1 valid=1 tgt=0x851b3a7e
[PASS] seq=crv_seq_2                      cyc=106 op=BK_RANDOM          pc=0x6bffafc0 branch=1 jal=0 -> taken=0 valid=0 tgt=0x74ad15bc
[PASS] seq=crv_seq_2                      cyc=107 op=BK_RANDOM          pc=0xd890046c branch=0 jal=1 -> taken=0 valid=1 tgt=0xfa8e79ea
[PASS] seq=crv_seq_2                      cyc=108 op=BK_RANDOM          pc=0xd28b3d28 branch=1 jal=1 -> taken=1 valid=1 tgt=0x9ecb1c54
[PASS] seq=crv_seq_2                      cyc=109 op=BK_FORWARD_BRANCH  pc=0xe618139c branch=1 jal=0 -> taken=0 valid=0 tgt=0x52d84290
[PASS] seq=crv_seq_2                      cyc=110 op=BK_JAL             pc=0xa51be174 branch=0 jal=1 -> taken=0 valid=1 tgt=0x16735c40
[PASS] seq=crv_seq_2                      cyc=111 op=BK_JAL_AND_BRANCH  pc=0xd90c940c branch=1 jal=1 -> taken=1 valid=1 tgt=0x4d06bcd4
[PASS] seq=crv_seq_2                      cyc=112 op=BK_FORWARD_BRANCH  pc=0x67fb9374 branch=1 jal=0 -> taken=0 valid=0 tgt=0x744c5378
[PASS] seq=crv_seq_2                      cyc=113 op=BK_FORWARD_BRANCH  pc=0xf6969edc branch=1 jal=0 -> taken=0 valid=0 tgt=0x2301c9c8
[PASS] seq=crv_seq_2                      cyc=114 op=BK_JAL_AND_BRANCH  pc=0x98aa2454 branch=1 jal=1 -> taken=1 valid=1 tgt=0xbba8db2c
[PASS] seq=crv_seq_2                      cyc=115 op=BK_BACKWARD_BRANCH pc=0xc38d0a78 branch=1 jal=0 -> taken=1 valid=1 tgt=0x61d09210
[PASS] seq=crv_seq_2                      cyc=116 op=BK_RANDOM          pc=0x0845c2d8 branch=0 jal=1 -> taken=0 valid=1 tgt=0xf5d5850c
[PASS] seq=crv_seq_2                      cyc=117 op=BK_BACKWARD_BRANCH pc=0xee29ad40 branch=1 jal=0 -> taken=1 valid=1 tgt=0xd8235db6
[PASS] seq=crv_seq_2                      cyc=118 op=BK_RANDOM          pc=0xa5382200 branch=1 jal=1 -> taken=0 valid=1 tgt=0x879eb6ee
[PASS] seq=crv_seq_2                      cyc=119 op=BK_FORWARD_BRANCH  pc=0xc4edda5c branch=1 jal=0 -> taken=0 valid=0 tgt=0xcb43c9f4
[PASS] seq=crv_seq_2                      cyc=120 op=BK_FORWARD_BRANCH  pc=0xd687a3f8 branch=1 jal=0 -> taken=0 valid=0 tgt=0x430e88b0
[PASS] seq=crv_seq_2                      cyc=121 op=BK_IDLE            pc=0x732d4130 branch=0 jal=0 -> taken=0 valid=0 tgt=0x97fb8f90
[PASS] seq=crv_seq_2                      cyc=122 op=BK_FORWARD_BRANCH  pc=0xad92a120 branch=1 jal=0 -> taken=0 valid=0 tgt=0xafe26870
[PASS] seq=crv_seq_2                      cyc=123 op=BK_RANDOM          pc=0x417e7088 branch=1 jal=1 -> taken=0 valid=1 tgt=0xecba97bc
[PASS] seq=crv_seq_2                      cyc=124 op=BK_FORWARD_BRANCH  pc=0x4606d860 branch=1 jal=0 -> taken=0 valid=0 tgt=0x4c235e7e
[PASS] seq=crv_seq_2                      cyc=125 op=BK_BACKWARD_BRANCH pc=0xfb000098 branch=1 jal=0 -> taken=1 valid=1 tgt=0xc4ce4be2
[PASS] seq=crv_seq_2                      cyc=126 op=BK_JAL_AND_BRANCH  pc=0xe7261444 branch=1 jal=1 -> taken=1 valid=1 tgt=0x2563df68
[PASS] seq=crv_seq_2                      cyc=127 op=BK_RANDOM          pc=0xbd7c0874 branch=1 jal=1 -> taken=1 valid=1 tgt=0x0ab0710c
[PASS] seq=crv_seq_2                      cyc=128 op=BK_JAL_AND_BRANCH  pc=0x57d90bc8 branch=1 jal=1 -> taken=1 valid=1 tgt=0x099932fa
[PASS] seq=crv_seq_2                      cyc=129 op=BK_RANDOM          pc=0xb88d1f00 branch=1 jal=1 -> taken=0 valid=1 tgt=0xefea33f8
[PASS] seq=crv_seq_2                      cyc=130 op=BK_JAL_AND_BRANCH  pc=0xd021bfbc branch=1 jal=1 -> taken=1 valid=1 tgt=0x0e3cbda0
[PASS] seq=crv_seq_2                      cyc=131 op=BK_BACKWARD_BRANCH pc=0x04e2232c branch=1 jal=0 -> taken=1 valid=1 tgt=0x04dc89e2
[PASS] seq=crv_seq_2                      cyc=132 op=BK_FORWARD_BRANCH  pc=0xd78cf680 branch=1 jal=0 -> taken=0 valid=0 tgt=0x3f3df6da
[PASS] seq=crv_seq_2                      cyc=133 op=BK_JAL             pc=0xb23bd6d8 branch=0 jal=1 -> taken=0 valid=1 tgt=0x970e1c6e
[PASS] seq=crv_seq_2                      cyc=134 op=BK_IDLE            pc=0x547bc8d4 branch=0 jal=0 -> taken=0 valid=0 tgt=0xe8760a86
[PASS] seq=crv_seq_2                      cyc=135 op=BK_BACKWARD_BRANCH pc=0x2fbd9ff0 branch=1 jal=0 -> taken=1 valid=1 tgt=0xb5a29b26
[PASS] seq=crv_seq_2                      cyc=136 op=BK_FORWARD_BRANCH  pc=0x3944fd24 branch=1 jal=0 -> taken=0 valid=0 tgt=0x45d80d50
[PASS] seq=crv_seq_2                      cyc=137 op=BK_JAL             pc=0x1ac170ec branch=0 jal=1 -> taken=0 valid=1 tgt=0x8725ebc0
[PASS] seq=crv_seq_2                      cyc=138 op=BK_BACKWARD_BRANCH pc=0x5eb445d8 branch=1 jal=0 -> taken=1 valid=1 tgt=0x4b8e0140
[PASS] seq=crv_seq_2                      cyc=139 op=BK_JAL_AND_BRANCH  pc=0xe27eadb4 branch=1 jal=1 -> taken=0 valid=1 tgt=0x0d020870
[PASS] seq=crv_seq_2                      cyc=140 op=BK_RANDOM          pc=0x10484bfc branch=0 jal=1 -> taken=0 valid=1 tgt=0x43937b8c
[PASS] seq=crv_seq_2                      cyc=141 op=BK_JAL             pc=0x2cde7170 branch=0 jal=1 -> taken=0 valid=1 tgt=0x2b416164
[PASS] seq=crv_seq_2                      cyc=142 op=BK_BACKWARD_BRANCH pc=0xf1e1f6dc branch=1 jal=0 -> taken=1 valid=1 tgt=0xb2ead2e2
[PASS] seq=crv_seq_2                      cyc=143 op=BK_WRAPAROUND      pc=0x832d913c branch=1 jal=1 -> taken=0 valid=1 tgt=0x2e3d34f2
[PASS] seq=crv_seq_2                      cyc=144 op=BK_BACKWARD_BRANCH pc=0x78497290 branch=1 jal=0 -> taken=1 valid=1 tgt=0x0968f792
[PASS] seq=crv_seq_2                      cyc=145 op=BK_BACKWARD_BRANCH pc=0xb2d6f910 branch=1 jal=0 -> taken=1 valid=1 tgt=0x52b93b4e
[PASS] seq=crv_seq_2                      cyc=146 op=BK_RANDOM          pc=0xfb8f4ee8 branch=1 jal=1 -> taken=1 valid=1 tgt=0xebc0b83a
[PASS] seq=crv_seq_2                      cyc=147 op=BK_JAL_AND_BRANCH  pc=0xec8bc044 branch=1 jal=1 -> taken=1 valid=1 tgt=0x93cba14c
[PASS] seq=crv_seq_2                      cyc=148 op=BK_BACKWARD_BRANCH pc=0xfe3a13f4 branch=1 jal=0 -> taken=1 valid=1 tgt=0xee47eb32
[PASS] seq=crv_seq_2                      cyc=149 op=BK_RANDOM          pc=0xd8654230 branch=1 jal=0 -> taken=1 valid=1 tgt=0xd177025e
[PASS] seq=crv_seq_2                      cyc=150 op=BK_FORWARD_BRANCH  pc=0x91855274 branch=1 jal=0 -> taken=0 valid=0 tgt=0xb8bdef2c
[PASS] seq=crv_seq_2                      cyc=151 op=BK_FORWARD_BRANCH  pc=0xebcfb808 branch=1 jal=0 -> taken=0 valid=0 tgt=0xfb075368
[PASS] seq=crv_seq_2                      cyc=152 op=BK_IDLE            pc=0x23e6ef80 branch=0 jal=0 -> taken=0 valid=0 tgt=0xbf7539ba
[PASS] seq=crv_seq_2                      cyc=153 op=BK_JAL             pc=0xaa44e0e4 branch=0 jal=1 -> taken=0 valid=1 tgt=0x17f38dd0
[PASS] seq=crv_seq_2                      cyc=154 op=BK_BACKWARD_BRANCH pc=0x7439932c branch=1 jal=0 -> taken=1 valid=1 tgt=0x6d84d196
[PASS] seq=crv_seq_2                      cyc=155 op=BK_BACKWARD_BRANCH pc=0xaf23a45c branch=1 jal=0 -> taken=1 valid=1 tgt=0x4e2eddc6
[PASS] seq=crv_seq_2                      cyc=156 op=BK_IDLE            pc=0xbfe906ac branch=0 jal=0 -> taken=0 valid=0 tgt=0xdb28ffd6
[PASS] seq=crv_seq_2                      cyc=157 op=BK_BACKWARD_BRANCH pc=0x151a1214 branch=1 jal=0 -> taken=1 valid=1 tgt=0xd6b89fcc
[PASS] seq=crv_seq_2                      cyc=158 op=BK_JAL             pc=0x0f8d80c0 branch=0 jal=1 -> taken=0 valid=1 tgt=0x99907e5a
[PASS] seq=crv_seq_2                      cyc=159 op=BK_FORWARD_BRANCH  pc=0xfd7ddf60 branch=1 jal=0 -> taken=0 valid=0 tgt=0x03b2c2fa
[PASS] seq=crv_seq_2                      cyc=160 op=BK_RANDOM          pc=0xb6eced20 branch=0 jal=1 -> taken=0 valid=1 tgt=0xf443c67e
[PASS] seq=crv_seq_2                      cyc=161 op=BK_BACKWARD_BRANCH pc=0x2ae58b58 branch=1 jal=0 -> taken=1 valid=1 tgt=0xd7742dc2
[PASS] seq=crv_seq_2                      cyc=162 op=BK_JAL_AND_BRANCH  pc=0xd3ff1890 branch=1 jal=1 -> taken=1 valid=1 tgt=0x2a3d3a18
[PASS] seq=crv_seq_2                      cyc=163 op=BK_RANDOM          pc=0x51d801c8 branch=0 jal=1 -> taken=0 valid=1 tgt=0x91cf664e
[PASS] seq=crv_seq_2                      cyc=164 op=BK_RANDOM          pc=0x4593e210 branch=0 jal=0 -> taken=0 valid=0 tgt=0x6adc9fe6
[PASS] seq=crv_seq_2                      cyc=165 op=BK_BACKWARD_BRANCH pc=0x57039304 branch=1 jal=0 -> taken=1 valid=1 tgt=0x51d0ea32
[PASS] seq=crv_seq_2                      cyc=166 op=BK_BACKWARD_BRANCH pc=0x1196b078 branch=1 jal=0 -> taken=1 valid=1 tgt=0xc96333b4
[PASS] seq=crv_seq_2                      cyc=167 op=BK_RANDOM          pc=0x05208900 branch=0 jal=1 -> taken=0 valid=1 tgt=0x06dcd756
[PASS] seq=crv_seq_2                      cyc=168 op=BK_FORWARD_BRANCH  pc=0x16f823f4 branch=1 jal=0 -> taken=0 valid=0 tgt=0x82e7d4e8
[PASS] seq=crv_seq_2                      cyc=169 op=BK_JAL             pc=0x19f66f94 branch=0 jal=1 -> taken=0 valid=1 tgt=0xc13acf04
[PASS] seq=crv_seq_2                      cyc=170 op=BK_IDLE            pc=0xb30ebe74 branch=0 jal=0 -> taken=0 valid=0 tgt=0x7774127c
[PASS] seq=crv_seq_2                      cyc=171 op=BK_BACKWARD_BRANCH pc=0x7923427c branch=1 jal=0 -> taken=1 valid=1 tgt=0x6d44228c
[PASS] seq=crv_seq_2                      cyc=172 op=BK_IDLE            pc=0xf51dce60 branch=0 jal=0 -> taken=0 valid=0 tgt=0x33151a5e
[PASS] seq=crv_seq_2                      cyc=173 op=BK_JAL_AND_BRANCH  pc=0x45f1e07c branch=1 jal=1 -> taken=0 valid=1 tgt=0x55962ce4
[PASS] seq=crv_seq_2                      cyc=174 op=BK_WRAPAROUND      pc=0x4c12592c branch=1 jal=1 -> taken=0 valid=1 tgt=0x2ba63cc2
[PASS] seq=crv_seq_2                      cyc=175 op=BK_RANDOM          pc=0x16d5155c branch=0 jal=1 -> taken=0 valid=1 tgt=0x3430fcce
[PASS] seq=crv_seq_2                      cyc=176 op=BK_JAL_AND_BRANCH  pc=0x8475e2a0 branch=1 jal=1 -> taken=1 valid=1 tgt=0xaadfa89e
[PASS] seq=crv_seq_2                      cyc=177 op=BK_RANDOM          pc=0x47d57c44 branch=0 jal=1 -> taken=0 valid=1 tgt=0xe1fdb520
[PASS] seq=crv_seq_2                      cyc=178 op=BK_IDLE            pc=0x270f4368 branch=0 jal=0 -> taken=0 valid=0 tgt=0x0c1026b4
[PASS] seq=crv_seq_2                      cyc=179 op=BK_RANDOM          pc=0x9b25ac6c branch=1 jal=0 -> taken=0 valid=0 tgt=0xb414ae7e
[PASS] seq=crv_seq_2                      cyc=180 op=BK_BACKWARD_BRANCH pc=0x64b37948 branch=1 jal=0 -> taken=1 valid=1 tgt=0x16e596e4
[PASS] seq=crv_seq_2                      cyc=181 op=BK_BACKWARD_BRANCH pc=0x24ced000 branch=1 jal=0 -> taken=1 valid=1 tgt=0xfbe8eb44
[PASS] seq=crv_seq_2                      cyc=182 op=BK_IDLE            pc=0x04a8fe80 branch=0 jal=0 -> taken=0 valid=0 tgt=0x721dec9c
[PASS] seq=crv_seq_2                      cyc=183 op=BK_BACKWARD_BRANCH pc=0x8afaf25c branch=1 jal=0 -> taken=1 valid=1 tgt=0x29253582
[PASS] seq=crv_seq_2                      cyc=184 op=BK_IDLE            pc=0xaf1baa30 branch=0 jal=0 -> taken=0 valid=0 tgt=0x39f99442
[PASS] seq=crv_seq_2                      cyc=185 op=BK_BACKWARD_BRANCH pc=0x40a14974 branch=1 jal=0 -> taken=1 valid=1 tgt=0xf1e652fe
[PASS] seq=crv_seq_2                      cyc=186 op=BK_FORWARD_BRANCH  pc=0x7d2a1360 branch=1 jal=0 -> taken=0 valid=0 tgt=0x92244ae4
[PASS] seq=crv_seq_2                      cyc=187 op=BK_IDLE            pc=0x6a108680 branch=0 jal=0 -> taken=0 valid=0 tgt=0x1250734c
[PASS] seq=crv_seq_2                      cyc=188 op=BK_BACKWARD_BRANCH pc=0x481e3418 branch=1 jal=0 -> taken=1 valid=1 tgt=0xecc4dc3a
[PASS] seq=crv_seq_2                      cyc=189 op=BK_IDLE            pc=0x9020ee3c branch=0 jal=0 -> taken=0 valid=0 tgt=0xac06d2b4
[PASS] seq=crv_seq_2                      cyc=190 op=BK_RANDOM          pc=0xb10f377c branch=1 jal=1 -> taken=1 valid=1 tgt=0xa8317124
[PASS] seq=crv_seq_2                      cyc=191 op=BK_RANDOM          pc=0x3561bcf0 branch=0 jal=0 -> taken=0 valid=0 tgt=0x54a6e942
[PASS] seq=crv_seq_2                      cyc=192 op=BK_FORWARD_BRANCH  pc=0xc82b4eec branch=1 jal=0 -> taken=0 valid=0 tgt=0x04281f8c
[PASS] seq=crv_seq_2                      cyc=193 op=BK_FORWARD_BRANCH  pc=0x9c0ef78c branch=1 jal=0 -> taken=0 valid=0 tgt=0x9c9513be
[PASS] seq=crv_seq_2                      cyc=194 op=BK_BACKWARD_BRANCH pc=0x37c9618c branch=1 jal=0 -> taken=1 valid=1 tgt=0x24d6910c
[PASS] seq=crv_seq_2                      cyc=195 op=BK_JAL             pc=0x607adeec branch=0 jal=1 -> taken=0 valid=1 tgt=0x24749f34
[PASS] seq=crv_seq_2                      cyc=196 op=BK_JAL_AND_BRANCH  pc=0x78d185b0 branch=1 jal=1 -> taken=0 valid=1 tgt=0x6220d3d2
[PASS] seq=crv_seq_2                      cyc=197 op=BK_RANDOM          pc=0x30fe1f74 branch=1 jal=1 -> taken=1 valid=1 tgt=0xf987104a
[PASS] seq=crv_seq_2                      cyc=198 op=BK_JAL_AND_BRANCH  pc=0x0518a384 branch=1 jal=1 -> taken=1 valid=1 tgt=0x71b96818
[PASS] seq=crv_seq_2                      cyc=199 op=BK_FORWARD_BRANCH  pc=0x94c0c96c branch=1 jal=0 -> taken=0 valid=0 tgt=0xf882fb58
[PASS] seq=crv_seq_3                      cyc=0 op=BK_IDLE            pc=0x456c1fcc branch=0 jal=0 -> taken=0 valid=0 tgt=0x4da06d24
[PASS] seq=crv_seq_3                      cyc=1 op=BK_WRAPAROUND      pc=0x52543650 branch=0 jal=0 -> taken=0 valid=0 tgt=0xb1c22a52
[PASS] seq=crv_seq_3                      cyc=2 op=BK_IDLE            pc=0xe39c2168 branch=0 jal=0 -> taken=0 valid=0 tgt=0x657ec0c2
[PASS] seq=crv_seq_3                      cyc=3 op=BK_RANDOM          pc=0xf8dfb448 branch=0 jal=0 -> taken=0 valid=0 tgt=0x9fc0dc60
[PASS] seq=crv_seq_3                      cyc=4 op=BK_FORWARD_BRANCH  pc=0x3fb5c6f8 branch=1 jal=0 -> taken=0 valid=0 tgt=0x5d74a5ca
[PASS] seq=crv_seq_3                      cyc=5 op=BK_RANDOM          pc=0x1c76c808 branch=1 jal=0 -> taken=1 valid=1 tgt=0xae8e3a02
[PASS] seq=crv_seq_3                      cyc=6 op=BK_BACKWARD_BRANCH pc=0x4100c6d4 branch=1 jal=0 -> taken=1 valid=1 tgt=0x24df6096
[PASS] seq=crv_seq_3                      cyc=7 op=BK_BACKWARD_BRANCH pc=0xefe209cc branch=1 jal=0 -> taken=1 valid=1 tgt=0x808fb69e
[PASS] seq=crv_seq_3                      cyc=8 op=BK_FORWARD_BRANCH  pc=0x0623eca8 branch=1 jal=0 -> taken=0 valid=0 tgt=0x83d2ef46
[PASS] seq=crv_seq_3                      cyc=9 op=BK_BACKWARD_BRANCH pc=0xc43e7e90 branch=1 jal=0 -> taken=1 valid=1 tgt=0x548d3f28
[PASS] seq=crv_seq_3                      cyc=10 op=BK_BACKWARD_BRANCH pc=0x830b9388 branch=1 jal=0 -> taken=1 valid=1 tgt=0x2023c4ca
[PASS] seq=crv_seq_3                      cyc=11 op=BK_JAL             pc=0xdaa21d0c branch=0 jal=1 -> taken=0 valid=1 tgt=0xafe36b84
[PASS] seq=crv_seq_3                      cyc=12 op=BK_FORWARD_BRANCH  pc=0xbd2bad58 branch=1 jal=0 -> taken=0 valid=0 tgt=0x09762248
[PASS] seq=crv_seq_3                      cyc=13 op=BK_FORWARD_BRANCH  pc=0x7837f650 branch=1 jal=0 -> taken=0 valid=0 tgt=0x79512abc
[PASS] seq=crv_seq_3                      cyc=14 op=BK_BACKWARD_BRANCH pc=0xc914ce6c branch=1 jal=0 -> taken=1 valid=1 tgt=0xa80f8182
[PASS] seq=crv_seq_3                      cyc=15 op=BK_JAL_AND_BRANCH  pc=0x25954ed0 branch=1 jal=1 -> taken=0 valid=1 tgt=0x52eb6f62
[PASS] seq=crv_seq_3                      cyc=16 op=BK_IDLE            pc=0xaff5ce28 branch=0 jal=0 -> taken=0 valid=0 tgt=0x7b0be27e
[PASS] seq=crv_seq_3                      cyc=17 op=BK_WRAPAROUND      pc=0x68380e98 branch=0 jal=1 -> taken=0 valid=1 tgt=0xd9c59e3a
[PASS] seq=crv_seq_3                      cyc=18 op=BK_FORWARD_BRANCH  pc=0xeedcf6e0 branch=1 jal=0 -> taken=0 valid=0 tgt=0x0bb81d30
[PASS] seq=crv_seq_3                      cyc=19 op=BK_RANDOM          pc=0x6d374514 branch=0 jal=1 -> taken=0 valid=1 tgt=0xb5dbf1d2
[PASS] seq=crv_seq_3                      cyc=20 op=BK_RANDOM          pc=0x449b30d4 branch=0 jal=1 -> taken=0 valid=1 tgt=0xd4b51816
[PASS] seq=crv_seq_3                      cyc=21 op=BK_FORWARD_BRANCH  pc=0x099fe110 branch=1 jal=0 -> taken=0 valid=0 tgt=0x16c881d6
[PASS] seq=crv_seq_3                      cyc=22 op=BK_IDLE            pc=0x6efe1ecc branch=0 jal=0 -> taken=0 valid=0 tgt=0xda190e36
[PASS] seq=crv_seq_3                      cyc=23 op=BK_JAL_AND_BRANCH  pc=0x0cdde03c branch=1 jal=1 -> taken=1 valid=1 tgt=0x34e08634
[PASS] seq=crv_seq_3                      cyc=24 op=BK_RANDOM          pc=0x021e716c branch=0 jal=0 -> taken=0 valid=0 tgt=0xf3b6af2e
[PASS] seq=crv_seq_3                      cyc=25 op=BK_RANDOM          pc=0xd11fba34 branch=0 jal=1 -> taken=0 valid=1 tgt=0x2134fb72
[PASS] seq=crv_seq_3                      cyc=26 op=BK_IDLE            pc=0x783a521c branch=0 jal=0 -> taken=0 valid=0 tgt=0x74e4504a
[PASS] seq=crv_seq_3                      cyc=27 op=BK_BACKWARD_BRANCH pc=0x2a0fcaf0 branch=1 jal=0 -> taken=1 valid=1 tgt=0xef7968f6
[PASS] seq=crv_seq_3                      cyc=28 op=BK_FORWARD_BRANCH  pc=0x771ef784 branch=1 jal=0 -> taken=0 valid=0 tgt=0x8d35c9ca
[PASS] seq=crv_seq_3                      cyc=29 op=BK_FORWARD_BRANCH  pc=0xd6cc4ee0 branch=1 jal=0 -> taken=0 valid=0 tgt=0x363bea76
[PASS] seq=crv_seq_3                      cyc=30 op=BK_BACKWARD_BRANCH pc=0xb04f9bf4 branch=1 jal=0 -> taken=1 valid=1 tgt=0x8c406442
[PASS] seq=crv_seq_3                      cyc=31 op=BK_BACKWARD_BRANCH pc=0x80dfd224 branch=1 jal=0 -> taken=1 valid=1 tgt=0x31f743a4
[PASS] seq=crv_seq_3                      cyc=32 op=BK_JAL             pc=0x7a32b38c branch=0 jal=1 -> taken=0 valid=1 tgt=0x2162964e
[PASS] seq=crv_seq_3                      cyc=33 op=BK_JAL             pc=0x584bee54 branch=0 jal=1 -> taken=0 valid=1 tgt=0xf9765d5c
[PASS] seq=crv_seq_3                      cyc=34 op=BK_JAL_AND_BRANCH  pc=0x7be15b3c branch=1 jal=1 -> taken=0 valid=1 tgt=0x1588c23c
[PASS] seq=crv_seq_3                      cyc=35 op=BK_JAL_AND_BRANCH  pc=0x14329e84 branch=1 jal=1 -> taken=0 valid=1 tgt=0xd8640034
[PASS] seq=crv_seq_3                      cyc=36 op=BK_IDLE            pc=0x67937b40 branch=0 jal=0 -> taken=0 valid=0 tgt=0x93b8a294
[PASS] seq=crv_seq_3                      cyc=37 op=BK_WRAPAROUND      pc=0x3bf7225c branch=0 jal=1 -> taken=0 valid=1 tgt=0xf5c6f148
[PASS] seq=crv_seq_3                      cyc=38 op=BK_FORWARD_BRANCH  pc=0xf15e9898 branch=1 jal=0 -> taken=0 valid=0 tgt=0x2d5a5086
[PASS] seq=crv_seq_3                      cyc=39 op=BK_RANDOM          pc=0x76959cec branch=1 jal=1 -> taken=0 valid=1 tgt=0x505c39a2
[PASS] seq=crv_seq_3                      cyc=40 op=BK_FORWARD_BRANCH  pc=0xe2e0f184 branch=1 jal=0 -> taken=0 valid=0 tgt=0xf116ef24
[PASS] seq=crv_seq_3                      cyc=41 op=BK_BACKWARD_BRANCH pc=0x93f533c4 branch=1 jal=0 -> taken=1 valid=1 tgt=0x374c53e0
[PASS] seq=crv_seq_3                      cyc=42 op=BK_RANDOM          pc=0xccda2da0 branch=1 jal=1 -> taken=1 valid=1 tgt=0xec3ec408
[PASS] seq=crv_seq_3                      cyc=43 op=BK_RANDOM          pc=0xdddaeebc branch=0 jal=1 -> taken=0 valid=1 tgt=0xf559c52a
[PASS] seq=crv_seq_3                      cyc=44 op=BK_BACKWARD_BRANCH pc=0x08d7cddc branch=1 jal=0 -> taken=1 valid=1 tgt=0xa41f102e
[PASS] seq=crv_seq_3                      cyc=45 op=BK_BACKWARD_BRANCH pc=0x7a2709bc branch=1 jal=0 -> taken=1 valid=1 tgt=0x5d90736c
[PASS] seq=crv_seq_3                      cyc=46 op=BK_JAL             pc=0x80b601d8 branch=0 jal=1 -> taken=0 valid=1 tgt=0xee974f7a
[PASS] seq=crv_seq_3                      cyc=47 op=BK_IDLE            pc=0x0d8c0858 branch=0 jal=0 -> taken=0 valid=0 tgt=0x471bd992
[PASS] seq=crv_seq_3                      cyc=48 op=BK_IDLE            pc=0x9e2b9cdc branch=0 jal=0 -> taken=0 valid=0 tgt=0x15884c90
[PASS] seq=crv_seq_3                      cyc=49 op=BK_BACKWARD_BRANCH pc=0x5fa58958 branch=1 jal=0 -> taken=1 valid=1 tgt=0x108b06f8
[PASS] seq=crv_seq_3                      cyc=50 op=BK_JAL_AND_BRANCH  pc=0x1f0615b0 branch=1 jal=1 -> taken=1 valid=1 tgt=0xbcee436a
[PASS] seq=crv_seq_3                      cyc=51 op=BK_JAL             pc=0x3899b200 branch=0 jal=1 -> taken=0 valid=1 tgt=0x69e60866
[PASS] seq=crv_seq_3                      cyc=52 op=BK_RANDOM          pc=0xafd6c7e4 branch=1 jal=1 -> taken=1 valid=1 tgt=0x96eec19a
[PASS] seq=crv_seq_3                      cyc=53 op=BK_FORWARD_BRANCH  pc=0xb498a0e4 branch=1 jal=0 -> taken=0 valid=0 tgt=0xb557403c
[PASS] seq=crv_seq_3                      cyc=54 op=BK_IDLE            pc=0x1010df9c branch=0 jal=0 -> taken=0 valid=0 tgt=0xb701e746
[PASS] seq=crv_seq_3                      cyc=55 op=BK_RANDOM          pc=0x6e16845c branch=0 jal=0 -> taken=0 valid=0 tgt=0xb9f30b3c
[PASS] seq=crv_seq_3                      cyc=56 op=BK_FORWARD_BRANCH  pc=0x8f3de7c8 branch=1 jal=0 -> taken=0 valid=0 tgt=0xe4fb57c4
[PASS] seq=crv_seq_3                      cyc=57 op=BK_JAL_AND_BRANCH  pc=0xd5e59370 branch=1 jal=1 -> taken=1 valid=1 tgt=0x65834280
[PASS] seq=crv_seq_3                      cyc=58 op=BK_FORWARD_BRANCH  pc=0x65c320ec branch=1 jal=0 -> taken=0 valid=0 tgt=0x8db27c26
[PASS] seq=crv_seq_3                      cyc=59 op=BK_BACKWARD_BRANCH pc=0xd3e93600 branch=1 jal=0 -> taken=1 valid=1 tgt=0xb7c8d75a
[PASS] seq=crv_seq_3                      cyc=60 op=BK_JAL_AND_BRANCH  pc=0xa088c88c branch=1 jal=1 -> taken=1 valid=1 tgt=0x72e10478
[PASS] seq=crv_seq_3                      cyc=61 op=BK_FORWARD_BRANCH  pc=0x05293840 branch=1 jal=0 -> taken=0 valid=0 tgt=0x566cb080
[PASS] seq=crv_seq_3                      cyc=62 op=BK_RANDOM          pc=0x1d3572b8 branch=0 jal=1 -> taken=0 valid=1 tgt=0xf23e0130
[PASS] seq=crv_seq_3                      cyc=63 op=BK_RANDOM          pc=0x5e2744e4 branch=1 jal=1 -> taken=1 valid=1 tgt=0x9307afa8
[PASS] seq=crv_seq_3                      cyc=64 op=BK_FORWARD_BRANCH  pc=0x28e90cf4 branch=1 jal=0 -> taken=0 valid=0 tgt=0x395884ea
[PASS] seq=crv_seq_3                      cyc=65 op=BK_FORWARD_BRANCH  pc=0x41d914a4 branch=1 jal=0 -> taken=0 valid=0 tgt=0xabe96e0a
[PASS] seq=crv_seq_3                      cyc=66 op=BK_BACKWARD_BRANCH pc=0xc2d11834 branch=1 jal=0 -> taken=1 valid=1 tgt=0x4f5076bc
[PASS] seq=crv_seq_3                      cyc=67 op=BK_IDLE            pc=0x0d9fe5c0 branch=0 jal=0 -> taken=0 valid=0 tgt=0x048989e8
[PASS] seq=crv_seq_3                      cyc=68 op=BK_BACKWARD_BRANCH pc=0x8eceedc8 branch=1 jal=0 -> taken=1 valid=1 tgt=0x1f06ff06
[PASS] seq=crv_seq_3                      cyc=69 op=BK_WRAPAROUND      pc=0xf3a8d900 branch=1 jal=1 -> taken=0 valid=1 tgt=0x9b5660f2
[PASS] seq=crv_seq_3                      cyc=70 op=BK_RANDOM          pc=0x83ebaecc branch=0 jal=1 -> taken=0 valid=1 tgt=0x4604a372
[PASS] seq=crv_seq_3                      cyc=71 op=BK_JAL             pc=0xb3de4bc8 branch=0 jal=1 -> taken=0 valid=1 tgt=0xe8b63734
[PASS] seq=crv_seq_3                      cyc=72 op=BK_JAL_AND_BRANCH  pc=0x0e2158d4 branch=1 jal=1 -> taken=1 valid=1 tgt=0x2c10996a
[PASS] seq=crv_seq_3                      cyc=73 op=BK_JAL             pc=0xebb84dc0 branch=0 jal=1 -> taken=0 valid=1 tgt=0xc99957be
[PASS] seq=crv_seq_3                      cyc=74 op=BK_IDLE            pc=0x8f13b5e8 branch=0 jal=0 -> taken=0 valid=0 tgt=0x524f0772
[PASS] seq=crv_seq_3                      cyc=75 op=BK_BACKWARD_BRANCH pc=0x13908974 branch=1 jal=0 -> taken=1 valid=1 tgt=0xf85b194c
[PASS] seq=crv_seq_3                      cyc=76 op=BK_FORWARD_BRANCH  pc=0x7a236fb4 branch=1 jal=0 -> taken=0 valid=0 tgt=0xec68a084
[PASS] seq=crv_seq_3                      cyc=77 op=BK_WRAPAROUND      pc=0x13ed2830 branch=0 jal=1 -> taken=0 valid=1 tgt=0x9391c444
[PASS] seq=crv_seq_3                      cyc=78 op=BK_FORWARD_BRANCH  pc=0x9ffd9aa4 branch=1 jal=0 -> taken=0 valid=0 tgt=0xe2017560
[PASS] seq=crv_seq_3                      cyc=79 op=BK_RANDOM          pc=0xaa24c228 branch=1 jal=1 -> taken=1 valid=1 tgt=0x0bc8015a
[PASS] seq=crv_seq_3                      cyc=80 op=BK_RANDOM          pc=0xf99837b0 branch=0 jal=0 -> taken=0 valid=0 tgt=0x545ac77e
[PASS] seq=crv_seq_3                      cyc=81 op=BK_RANDOM          pc=0xea723334 branch=0 jal=0 -> taken=0 valid=0 tgt=0xe8feea06
[PASS] seq=crv_seq_3                      cyc=82 op=BK_BACKWARD_BRANCH pc=0xe9c5c0e8 branch=1 jal=0 -> taken=1 valid=1 tgt=0xcb28d9d0
[PASS] seq=crv_seq_3                      cyc=83 op=BK_BACKWARD_BRANCH pc=0xe80a73ac branch=1 jal=0 -> taken=1 valid=1 tgt=0xa841f61c
[PASS] seq=crv_seq_3                      cyc=84 op=BK_IDLE            pc=0x4ef11604 branch=0 jal=0 -> taken=0 valid=0 tgt=0x3d1c3068
[PASS] seq=crv_seq_3                      cyc=85 op=BK_FORWARD_BRANCH  pc=0x3102c498 branch=1 jal=0 -> taken=0 valid=0 tgt=0x9c5a9abe
[PASS] seq=crv_seq_3                      cyc=86 op=BK_WRAPAROUND      pc=0x5e35fd34 branch=1 jal=0 -> taken=1 valid=1 tgt=0x491d4c4a
[PASS] seq=crv_seq_3                      cyc=87 op=BK_RANDOM          pc=0x8bcdaba0 branch=0 jal=1 -> taken=0 valid=1 tgt=0xf4685136
[PASS] seq=crv_seq_3                      cyc=88 op=BK_RANDOM          pc=0xca52211c branch=1 jal=1 -> taken=1 valid=1 tgt=0x104b78b8
[PASS] seq=crv_seq_3                      cyc=89 op=BK_BACKWARD_BRANCH pc=0x8611960c branch=1 jal=0 -> taken=1 valid=1 tgt=0x7ff4ef7e
[PASS] seq=crv_seq_3                      cyc=90 op=BK_BACKWARD_BRANCH pc=0xc5e91dc4 branch=1 jal=0 -> taken=1 valid=1 tgt=0x94193f90
[PASS] seq=crv_seq_3                      cyc=91 op=BK_WRAPAROUND      pc=0x0fc42468 branch=0 jal=0 -> taken=0 valid=0 tgt=0x2de42b44
[PASS] seq=crv_seq_3                      cyc=92 op=BK_FORWARD_BRANCH  pc=0xcfad4148 branch=1 jal=0 -> taken=0 valid=0 tgt=0xf9aa373e
[PASS] seq=crv_seq_3                      cyc=93 op=BK_BACKWARD_BRANCH pc=0x38616ec4 branch=1 jal=0 -> taken=1 valid=1 tgt=0xce00452a
[PASS] seq=crv_seq_3                      cyc=94 op=BK_FORWARD_BRANCH  pc=0x7dc01734 branch=1 jal=0 -> taken=0 valid=0 tgt=0xe54c92a4
[PASS] seq=crv_seq_3                      cyc=95 op=BK_FORWARD_BRANCH  pc=0xa9b3a93c branch=1 jal=0 -> taken=0 valid=0 tgt=0x189b331c
[PASS] seq=crv_seq_3                      cyc=96 op=BK_RANDOM          pc=0x8ff63728 branch=1 jal=0 -> taken=1 valid=1 tgt=0x6ddd245a
[PASS] seq=crv_seq_3                      cyc=97 op=BK_BACKWARD_BRANCH pc=0x513fa808 branch=1 jal=0 -> taken=1 valid=1 tgt=0xe763de92
[PASS] seq=crv_seq_3                      cyc=98 op=BK_FORWARD_BRANCH  pc=0x112253b0 branch=1 jal=0 -> taken=0 valid=0 tgt=0x6a0dbacc
[PASS] seq=crv_seq_3                      cyc=99 op=BK_BACKWARD_BRANCH pc=0x1510b26c branch=1 jal=0 -> taken=1 valid=1 tgt=0x0e109d68
[PASS] seq=crv_seq_3                      cyc=100 op=BK_BACKWARD_BRANCH pc=0xb7c5ecac branch=1 jal=0 -> taken=1 valid=1 tgt=0x96815ffe
[PASS] seq=crv_seq_3                      cyc=101 op=BK_BACKWARD_BRANCH pc=0x482c3384 branch=1 jal=0 -> taken=1 valid=1 tgt=0xd0d602fc
[PASS] seq=crv_seq_3                      cyc=102 op=BK_FORWARD_BRANCH  pc=0x6d839f98 branch=1 jal=0 -> taken=0 valid=0 tgt=0xb4ecde54
[PASS] seq=crv_seq_3                      cyc=103 op=BK_IDLE            pc=0x1e475a80 branch=0 jal=0 -> taken=0 valid=0 tgt=0xc1286be8
[PASS] seq=crv_seq_3                      cyc=104 op=BK_FORWARD_BRANCH  pc=0x6f4d5670 branch=1 jal=0 -> taken=0 valid=0 tgt=0x789bdc46
[PASS] seq=crv_seq_3                      cyc=105 op=BK_JAL_AND_BRANCH  pc=0x8bb6f0a8 branch=1 jal=1 -> taken=1 valid=1 tgt=0xc303e60c
[PASS] seq=crv_seq_3                      cyc=106 op=BK_JAL             pc=0xe0beff84 branch=0 jal=1 -> taken=0 valid=1 tgt=0x6f01865a
[PASS] seq=crv_seq_3                      cyc=107 op=BK_FORWARD_BRANCH  pc=0xbf150d28 branch=1 jal=0 -> taken=0 valid=0 tgt=0xbff4d0ca
[PASS] seq=crv_seq_3                      cyc=108 op=BK_IDLE            pc=0x19ff9c30 branch=0 jal=0 -> taken=0 valid=0 tgt=0x4193bdec
[PASS] seq=crv_seq_3                      cyc=109 op=BK_JAL             pc=0xdec91530 branch=0 jal=1 -> taken=0 valid=1 tgt=0x79c05618
[PASS] seq=crv_seq_3                      cyc=110 op=BK_FORWARD_BRANCH  pc=0x1214fba8 branch=1 jal=0 -> taken=0 valid=0 tgt=0x38c11950
[PASS] seq=crv_seq_3                      cyc=111 op=BK_JAL             pc=0x84fa400c branch=0 jal=1 -> taken=0 valid=1 tgt=0xe13b1f86
[PASS] seq=crv_seq_3                      cyc=112 op=BK_BACKWARD_BRANCH pc=0xdca44f8c branch=1 jal=0 -> taken=1 valid=1 tgt=0x960b4ce8
[PASS] seq=crv_seq_3                      cyc=113 op=BK_IDLE            pc=0xc129fca8 branch=0 jal=0 -> taken=0 valid=0 tgt=0x77d5802c
[PASS] seq=crv_seq_3                      cyc=114 op=BK_BACKWARD_BRANCH pc=0xc199b13c branch=1 jal=0 -> taken=1 valid=1 tgt=0xb2cc2ada
[PASS] seq=crv_seq_3                      cyc=115 op=BK_RANDOM          pc=0x43e3a914 branch=1 jal=1 -> taken=1 valid=1 tgt=0x0e1b3516
[PASS] seq=crv_seq_3                      cyc=116 op=BK_RANDOM          pc=0x2648be18 branch=0 jal=1 -> taken=0 valid=1 tgt=0x5f8c695c
[PASS] seq=crv_seq_3                      cyc=117 op=BK_RANDOM          pc=0x55d728b8 branch=1 jal=0 -> taken=1 valid=1 tgt=0x03847874
[PASS] seq=crv_seq_3                      cyc=118 op=BK_FORWARD_BRANCH  pc=0xaf4c3df4 branch=1 jal=0 -> taken=0 valid=0 tgt=0xd9d18194
[PASS] seq=crv_seq_3                      cyc=119 op=BK_FORWARD_BRANCH  pc=0x9163c7a0 branch=1 jal=0 -> taken=0 valid=0 tgt=0xeb19d1a6
[PASS] seq=crv_seq_3                      cyc=120 op=BK_WRAPAROUND      pc=0x2f07f9e8 branch=1 jal=1 -> taken=0 valid=1 tgt=0x3e7c5b3c
[PASS] seq=crv_seq_3                      cyc=121 op=BK_JAL_AND_BRANCH  pc=0x262129c4 branch=1 jal=1 -> taken=1 valid=1 tgt=0x4b74e5e6
[PASS] seq=crv_seq_3                      cyc=122 op=BK_RANDOM          pc=0xecdf0b74 branch=1 jal=1 -> taken=1 valid=1 tgt=0x5703b23c
[PASS] seq=crv_seq_3                      cyc=123 op=BK_FORWARD_BRANCH  pc=0x3357d81c branch=1 jal=0 -> taken=0 valid=0 tgt=0x574fa09a
[PASS] seq=crv_seq_3                      cyc=124 op=BK_JAL_AND_BRANCH  pc=0x1207c4c4 branch=1 jal=1 -> taken=0 valid=1 tgt=0x1e948d60
[PASS] seq=crv_seq_3                      cyc=125 op=BK_WRAPAROUND      pc=0x1012e87c branch=1 jal=1 -> taken=0 valid=1 tgt=0xfb631e3a
[PASS] seq=crv_seq_3                      cyc=126 op=BK_BACKWARD_BRANCH pc=0x47ec8a58 branch=1 jal=0 -> taken=1 valid=1 tgt=0xf3f673f6
[PASS] seq=crv_seq_3                      cyc=127 op=BK_FORWARD_BRANCH  pc=0x2e481220 branch=1 jal=0 -> taken=0 valid=0 tgt=0x7e10be64
[PASS] seq=crv_seq_3                      cyc=128 op=BK_FORWARD_BRANCH  pc=0x1fbfb758 branch=1 jal=0 -> taken=0 valid=0 tgt=0x3a12ab02
[PASS] seq=crv_seq_3                      cyc=129 op=BK_WRAPAROUND      pc=0x7b9ee20c branch=1 jal=0 -> taken=1 valid=1 tgt=0x3fe85e0a
[PASS] seq=crv_seq_3                      cyc=130 op=BK_RANDOM          pc=0x65651044 branch=1 jal=0 -> taken=1 valid=1 tgt=0x4137849e
[PASS] seq=crv_seq_3                      cyc=131 op=BK_FORWARD_BRANCH  pc=0x64d2fc64 branch=1 jal=0 -> taken=0 valid=0 tgt=0x8a6986fa
[PASS] seq=crv_seq_3                      cyc=132 op=BK_RANDOM          pc=0xfc264168 branch=0 jal=0 -> taken=0 valid=0 tgt=0x7e95bcf2
[PASS] seq=crv_seq_3                      cyc=133 op=BK_IDLE            pc=0x254885e8 branch=0 jal=0 -> taken=0 valid=0 tgt=0x7094bf8a
[PASS] seq=crv_seq_3                      cyc=134 op=BK_JAL             pc=0x9b456398 branch=0 jal=1 -> taken=0 valid=1 tgt=0x19645924
[PASS] seq=crv_seq_3                      cyc=135 op=BK_IDLE            pc=0xc0476a98 branch=0 jal=0 -> taken=0 valid=0 tgt=0xac243734
[PASS] seq=crv_seq_3                      cyc=136 op=BK_RANDOM          pc=0xfd046e9c branch=1 jal=0 -> taken=0 valid=0 tgt=0x60d53106
[PASS] seq=crv_seq_3                      cyc=137 op=BK_IDLE            pc=0xd35e86b4 branch=0 jal=0 -> taken=0 valid=0 tgt=0xd60c1500
[PASS] seq=crv_seq_3                      cyc=138 op=BK_JAL             pc=0x99de1a4c branch=0 jal=1 -> taken=0 valid=1 tgt=0x977116ec
[PASS] seq=crv_seq_3                      cyc=139 op=BK_JAL_AND_BRANCH  pc=0x25688da4 branch=1 jal=1 -> taken=1 valid=1 tgt=0xbdd2587a
[PASS] seq=crv_seq_3                      cyc=140 op=BK_JAL             pc=0xbd21a208 branch=0 jal=1 -> taken=0 valid=1 tgt=0xb82aa872
[PASS] seq=crv_seq_3                      cyc=141 op=BK_BACKWARD_BRANCH pc=0x11697bc0 branch=1 jal=0 -> taken=1 valid=1 tgt=0xb52ae636
[PASS] seq=crv_seq_3                      cyc=142 op=BK_RANDOM          pc=0x658b8724 branch=1 jal=1 -> taken=0 valid=1 tgt=0xae682f52
[PASS] seq=crv_seq_3                      cyc=143 op=BK_BACKWARD_BRANCH pc=0x1d85f84c branch=1 jal=0 -> taken=1 valid=1 tgt=0x1d147170
[PASS] seq=crv_seq_3                      cyc=144 op=BK_JAL_AND_BRANCH  pc=0x9e757f2c branch=1 jal=1 -> taken=1 valid=1 tgt=0x242bb112
[PASS] seq=crv_seq_3                      cyc=145 op=BK_WRAPAROUND      pc=0x285635b8 branch=0 jal=0 -> taken=0 valid=0 tgt=0x2470ffc8
[PASS] seq=crv_seq_3                      cyc=146 op=BK_JAL_AND_BRANCH  pc=0xfb094378 branch=1 jal=1 -> taken=0 valid=1 tgt=0x138a08b4
[PASS] seq=crv_seq_3                      cyc=147 op=BK_RANDOM          pc=0x0ecbb47c branch=0 jal=1 -> taken=0 valid=1 tgt=0x545525dc
[PASS] seq=crv_seq_3                      cyc=148 op=BK_JAL_AND_BRANCH  pc=0xfaab5438 branch=1 jal=1 -> taken=0 valid=1 tgt=0xcd1409a2
[PASS] seq=crv_seq_3                      cyc=149 op=BK_RANDOM          pc=0x72abf758 branch=0 jal=1 -> taken=0 valid=1 tgt=0xbac7abec
[PASS] seq=crv_seq_3                      cyc=150 op=BK_IDLE            pc=0x0c1c8690 branch=0 jal=0 -> taken=0 valid=0 tgt=0x7e99bab8
[PASS] seq=crv_seq_3                      cyc=151 op=BK_JAL_AND_BRANCH  pc=0xc2ef65d0 branch=1 jal=1 -> taken=0 valid=1 tgt=0x074676ae
[PASS] seq=crv_seq_3                      cyc=152 op=BK_FORWARD_BRANCH  pc=0x0f96dd94 branch=1 jal=0 -> taken=0 valid=0 tgt=0x2f94067e
[PASS] seq=crv_seq_3                      cyc=153 op=BK_RANDOM          pc=0x4aa0d250 branch=0 jal=1 -> taken=0 valid=1 tgt=0x21071724
[PASS] seq=crv_seq_3                      cyc=154 op=BK_RANDOM          pc=0x55bed600 branch=0 jal=1 -> taken=0 valid=1 tgt=0xc1b81f98
[PASS] seq=crv_seq_3                      cyc=155 op=BK_FORWARD_BRANCH  pc=0x3c11a910 branch=1 jal=0 -> taken=0 valid=0 tgt=0x97652efc
[PASS] seq=crv_seq_3                      cyc=156 op=BK_RANDOM          pc=0x8ef98cc8 branch=0 jal=1 -> taken=0 valid=1 tgt=0x35e4afaa
[PASS] seq=crv_seq_3                      cyc=157 op=BK_RANDOM          pc=0x75555b08 branch=0 jal=1 -> taken=0 valid=1 tgt=0xcde4b9ec
[PASS] seq=crv_seq_3                      cyc=158 op=BK_JAL_AND_BRANCH  pc=0xffad0664 branch=1 jal=1 -> taken=1 valid=1 tgt=0xa40db102
[PASS] seq=crv_seq_3                      cyc=159 op=BK_JAL             pc=0x792129b0 branch=0 jal=1 -> taken=0 valid=1 tgt=0x60ddb56c
[PASS] seq=crv_seq_3                      cyc=160 op=BK_WRAPAROUND      pc=0xe684cdb0 branch=0 jal=0 -> taken=0 valid=0 tgt=0x5c36d142
[PASS] seq=crv_seq_3                      cyc=161 op=BK_IDLE            pc=0xfb73eac4 branch=0 jal=0 -> taken=0 valid=0 tgt=0x7c79a21a
[PASS] seq=crv_seq_3                      cyc=162 op=BK_IDLE            pc=0x9abd6c08 branch=0 jal=0 -> taken=0 valid=0 tgt=0x6c8446da
[PASS] seq=crv_seq_3                      cyc=163 op=BK_FORWARD_BRANCH  pc=0x63e32e10 branch=1 jal=0 -> taken=0 valid=0 tgt=0x7aa74740
[PASS] seq=crv_seq_3                      cyc=164 op=BK_BACKWARD_BRANCH pc=0xfc128c58 branch=1 jal=0 -> taken=1 valid=1 tgt=0xc62675dc
[PASS] seq=crv_seq_3                      cyc=165 op=BK_FORWARD_BRANCH  pc=0xf6a44b90 branch=1 jal=0 -> taken=0 valid=0 tgt=0x1521c212
[PASS] seq=crv_seq_3                      cyc=166 op=BK_IDLE            pc=0x286f2b30 branch=0 jal=0 -> taken=0 valid=0 tgt=0x57dbec56
[PASS] seq=crv_seq_3                      cyc=167 op=BK_BACKWARD_BRANCH pc=0x33776400 branch=1 jal=0 -> taken=1 valid=1 tgt=0xfbafe0fa
[PASS] seq=crv_seq_3                      cyc=168 op=BK_FORWARD_BRANCH  pc=0x9b4d2080 branch=1 jal=0 -> taken=0 valid=0 tgt=0xad538d6e
[PASS] seq=crv_seq_3                      cyc=169 op=BK_JAL_AND_BRANCH  pc=0xa9ca78b4 branch=1 jal=1 -> taken=0 valid=1 tgt=0x96917f3e
[PASS] seq=crv_seq_3                      cyc=170 op=BK_BACKWARD_BRANCH pc=0x6f5db4b8 branch=1 jal=0 -> taken=1 valid=1 tgt=0x23b88980
[PASS] seq=crv_seq_3                      cyc=171 op=BK_WRAPAROUND      pc=0x4ca33e20 branch=0 jal=0 -> taken=0 valid=0 tgt=0x7cdd5574
[PASS] seq=crv_seq_3                      cyc=172 op=BK_BACKWARD_BRANCH pc=0x350d1b24 branch=1 jal=0 -> taken=1 valid=1 tgt=0x3364220a
[PASS] seq=crv_seq_3                      cyc=173 op=BK_RANDOM          pc=0x7cbff7e0 branch=0 jal=1 -> taken=0 valid=1 tgt=0x8ebd2750
[PASS] seq=crv_seq_3                      cyc=174 op=BK_JAL             pc=0x66bc00c8 branch=0 jal=1 -> taken=0 valid=1 tgt=0x254e5828
[PASS] seq=crv_seq_3                      cyc=175 op=BK_FORWARD_BRANCH  pc=0x1da7cfe4 branch=1 jal=0 -> taken=0 valid=0 tgt=0x6cae3c46
[PASS] seq=crv_seq_3                      cyc=176 op=BK_FORWARD_BRANCH  pc=0x30c6d168 branch=1 jal=0 -> taken=0 valid=0 tgt=0xa7cd352a
[PASS] seq=crv_seq_3                      cyc=177 op=BK_RANDOM          pc=0x4064a960 branch=0 jal=0 -> taken=0 valid=0 tgt=0x071b0d46
[PASS] seq=crv_seq_3                      cyc=178 op=BK_RANDOM          pc=0x232807b0 branch=0 jal=0 -> taken=0 valid=0 tgt=0xcb0980ee
[PASS] seq=crv_seq_3                      cyc=179 op=BK_BACKWARD_BRANCH pc=0x8dff5348 branch=1 jal=0 -> taken=1 valid=1 tgt=0x171b5010
[PASS] seq=crv_seq_3                      cyc=180 op=BK_RANDOM          pc=0x58727750 branch=0 jal=1 -> taken=0 valid=1 tgt=0xbfab6bac
[PASS] seq=crv_seq_3                      cyc=181 op=BK_FORWARD_BRANCH  pc=0xf3313a40 branch=1 jal=0 -> taken=0 valid=0 tgt=0x30c75910
[PASS] seq=crv_seq_3                      cyc=182 op=BK_JAL             pc=0x4b951a5c branch=0 jal=1 -> taken=0 valid=1 tgt=0x3ed67d02
[PASS] seq=crv_seq_3                      cyc=183 op=BK_FORWARD_BRANCH  pc=0x7b930ed8 branch=1 jal=0 -> taken=0 valid=0 tgt=0xd05c403c
[PASS] seq=crv_seq_3                      cyc=184 op=BK_JAL             pc=0xd4de1a2c branch=0 jal=1 -> taken=0 valid=1 tgt=0x293f05c6
[PASS] seq=crv_seq_3                      cyc=185 op=BK_JAL             pc=0x0b5a3550 branch=0 jal=1 -> taken=0 valid=1 tgt=0xd9cf1bca
[PASS] seq=crv_seq_3                      cyc=186 op=BK_BACKWARD_BRANCH pc=0x1db72e24 branch=1 jal=0 -> taken=1 valid=1 tgt=0xb96ccc82
[PASS] seq=crv_seq_3                      cyc=187 op=BK_RANDOM          pc=0x16308560 branch=0 jal=1 -> taken=0 valid=1 tgt=0xca22846a
[PASS] seq=crv_seq_3                      cyc=188 op=BK_IDLE            pc=0xb82cfee8 branch=0 jal=0 -> taken=0 valid=0 tgt=0x33e50d88
[PASS] seq=crv_seq_3                      cyc=189 op=BK_BACKWARD_BRANCH pc=0xb1bf76d0 branch=1 jal=0 -> taken=1 valid=1 tgt=0x84556eec
[PASS] seq=crv_seq_3                      cyc=190 op=BK_JAL             pc=0x0393bf1c branch=0 jal=1 -> taken=0 valid=1 tgt=0x272703cc
[PASS] seq=crv_seq_3                      cyc=191 op=BK_BACKWARD_BRANCH pc=0x9db5b140 branch=1 jal=0 -> taken=1 valid=1 tgt=0x50cd78fe
[PASS] seq=crv_seq_3                      cyc=192 op=BK_RANDOM          pc=0xcab31c28 branch=0 jal=0 -> taken=0 valid=0 tgt=0x1c81e4c6
[PASS] seq=crv_seq_3                      cyc=193 op=BK_JAL_AND_BRANCH  pc=0x5e93faec branch=1 jal=1 -> taken=0 valid=1 tgt=0x0fd39180
[PASS] seq=crv_seq_3                      cyc=194 op=BK_FORWARD_BRANCH  pc=0xfff6bc2c branch=1 jal=0 -> taken=0 valid=0 tgt=0x655123fa
[PASS] seq=crv_seq_3                      cyc=195 op=BK_FORWARD_BRANCH  pc=0x712c3834 branch=1 jal=0 -> taken=0 valid=0 tgt=0xa0d386b4
[PASS] seq=crv_seq_3                      cyc=196 op=BK_RANDOM          pc=0x48f5d8e8 branch=1 jal=1 -> taken=1 valid=1 tgt=0xb0b4969e
[PASS] seq=crv_seq_3                      cyc=197 op=BK_BACKWARD_BRANCH pc=0x9b992f78 branch=1 jal=0 -> taken=1 valid=1 tgt=0x3bbd6dae
[PASS] seq=crv_seq_3                      cyc=198 op=BK_FORWARD_BRANCH  pc=0x255d6a0c branch=1 jal=0 -> taken=0 valid=0 tgt=0x9dabc418
[PASS] seq=crv_seq_3                      cyc=199 op=BK_BACKWARD_BRANCH pc=0x1443b6e0 branch=1 jal=0 -> taken=1 valid=1 tgt=0xa6219964
[PASS] seq=crv_seq_4                      cyc=0 op=BK_RANDOM          pc=0x66b8555c branch=1 jal=1 -> taken=0 valid=1 tgt=0x3e99fb98
[PASS] seq=crv_seq_4                      cyc=1 op=BK_FORWARD_BRANCH  pc=0x2ed89eb8 branch=1 jal=0 -> taken=0 valid=0 tgt=0xa2525114
[PASS] seq=crv_seq_4                      cyc=2 op=BK_RANDOM          pc=0xeaf37804 branch=1 jal=0 -> taken=1 valid=1 tgt=0x73964d28
[PASS] seq=crv_seq_4                      cyc=3 op=BK_FORWARD_BRANCH  pc=0xabd048e0 branch=1 jal=0 -> taken=0 valid=0 tgt=0xc3b2cfe6
[PASS] seq=crv_seq_4                      cyc=4 op=BK_IDLE            pc=0xb5690b38 branch=0 jal=0 -> taken=0 valid=0 tgt=0x2d7faf44
[PASS] seq=crv_seq_4                      cyc=5 op=BK_IDLE            pc=0x9eb8dcc4 branch=0 jal=0 -> taken=0 valid=0 tgt=0x1061f1d0
[PASS] seq=crv_seq_4                      cyc=6 op=BK_IDLE            pc=0xaf603ee0 branch=0 jal=0 -> taken=0 valid=0 tgt=0x9c716fb0
[PASS] seq=crv_seq_4                      cyc=7 op=BK_JAL             pc=0x5a1c5d5c branch=0 jal=1 -> taken=0 valid=1 tgt=0xd9be150c
[PASS] seq=crv_seq_4                      cyc=8 op=BK_RANDOM          pc=0x2d5633b8 branch=1 jal=0 -> taken=0 valid=0 tgt=0x60cc3844
[PASS] seq=crv_seq_4                      cyc=9 op=BK_RANDOM          pc=0xd797ba2c branch=1 jal=0 -> taken=0 valid=0 tgt=0x16bd2de8
[PASS] seq=crv_seq_4                      cyc=10 op=BK_BACKWARD_BRANCH pc=0x4d58ef5c branch=1 jal=0 -> taken=1 valid=1 tgt=0x0125ad80
[PASS] seq=crv_seq_4                      cyc=11 op=BK_FORWARD_BRANCH  pc=0x759e7738 branch=1 jal=0 -> taken=0 valid=0 tgt=0x9c161f4a
[PASS] seq=crv_seq_4                      cyc=12 op=BK_RANDOM          pc=0x76451c50 branch=0 jal=0 -> taken=0 valid=0 tgt=0x437b945a
[PASS] seq=crv_seq_4                      cyc=13 op=BK_JAL_AND_BRANCH  pc=0x5259da70 branch=1 jal=1 -> taken=0 valid=1 tgt=0xef0d3aaa
[PASS] seq=crv_seq_4                      cyc=14 op=BK_JAL             pc=0x28f34a20 branch=0 jal=1 -> taken=0 valid=1 tgt=0xefa69f0c
[PASS] seq=crv_seq_4                      cyc=15 op=BK_JAL_AND_BRANCH  pc=0x48854754 branch=1 jal=1 -> taken=1 valid=1 tgt=0xa007894a
[PASS] seq=crv_seq_4                      cyc=16 op=BK_FORWARD_BRANCH  pc=0xa5e22c64 branch=1 jal=0 -> taken=0 valid=0 tgt=0xa9947bca
[PASS] seq=crv_seq_4                      cyc=17 op=BK_JAL             pc=0x8662bea0 branch=0 jal=1 -> taken=0 valid=1 tgt=0x43c04526
[PASS] seq=crv_seq_4                      cyc=18 op=BK_JAL_AND_BRANCH  pc=0xfb4d92d8 branch=1 jal=1 -> taken=1 valid=1 tgt=0x0f411e0e
[PASS] seq=crv_seq_4                      cyc=19 op=BK_IDLE            pc=0x74f4c37c branch=0 jal=0 -> taken=0 valid=0 tgt=0x3f328f3e
[PASS] seq=crv_seq_4                      cyc=20 op=BK_RANDOM          pc=0x62b5510c branch=1 jal=0 -> taken=0 valid=0 tgt=0xcd5e25ea
[PASS] seq=crv_seq_4                      cyc=21 op=BK_BACKWARD_BRANCH pc=0x6a1dd4d8 branch=1 jal=0 -> taken=1 valid=1 tgt=0x1d3cacbe
[PASS] seq=crv_seq_4                      cyc=22 op=BK_BACKWARD_BRANCH pc=0x3b7af72c branch=1 jal=0 -> taken=1 valid=1 tgt=0xecfe084a
[PASS] seq=crv_seq_4                      cyc=23 op=BK_RANDOM          pc=0xf2f6dd00 branch=1 jal=0 -> taken=0 valid=0 tgt=0x091d700c
[PASS] seq=crv_seq_4                      cyc=24 op=BK_FORWARD_BRANCH  pc=0x1104b718 branch=1 jal=0 -> taken=0 valid=0 tgt=0x5ac73506
[PASS] seq=crv_seq_4                      cyc=25 op=BK_IDLE            pc=0x73056ac4 branch=0 jal=0 -> taken=0 valid=0 tgt=0x04563828
[PASS] seq=crv_seq_4                      cyc=26 op=BK_JAL             pc=0x1be70820 branch=0 jal=1 -> taken=0 valid=1 tgt=0x73c850f2
[PASS] seq=crv_seq_4                      cyc=27 op=BK_FORWARD_BRANCH  pc=0xc0468c00 branch=1 jal=0 -> taken=0 valid=0 tgt=0x317538e4
[PASS] seq=crv_seq_4                      cyc=28 op=BK_JAL_AND_BRANCH  pc=0xaa6f62e0 branch=1 jal=1 -> taken=1 valid=1 tgt=0xfd2c1314
[PASS] seq=crv_seq_4                      cyc=29 op=BK_RANDOM          pc=0x66a7c0b0 branch=1 jal=1 -> taken=1 valid=1 tgt=0xae40d7ea
[PASS] seq=crv_seq_4                      cyc=30 op=BK_RANDOM          pc=0xa0d862f0 branch=1 jal=1 -> taken=1 valid=1 tgt=0x06566236
[PASS] seq=crv_seq_4                      cyc=31 op=BK_JAL_AND_BRANCH  pc=0xbefe77e0 branch=1 jal=1 -> taken=0 valid=1 tgt=0x884e8b7c
[PASS] seq=crv_seq_4                      cyc=32 op=BK_BACKWARD_BRANCH pc=0x8175e6a8 branch=1 jal=0 -> taken=1 valid=1 tgt=0x0fa500a4
[PASS] seq=crv_seq_4                      cyc=33 op=BK_BACKWARD_BRANCH pc=0xdcb9fef4 branch=1 jal=0 -> taken=1 valid=1 tgt=0xd1323186
[PASS] seq=crv_seq_4                      cyc=34 op=BK_BACKWARD_BRANCH pc=0x93ff9c38 branch=1 jal=0 -> taken=1 valid=1 tgt=0x7853322e
[PASS] seq=crv_seq_4                      cyc=35 op=BK_JAL             pc=0x49deb60c branch=0 jal=1 -> taken=0 valid=1 tgt=0x0e46d464
[PASS] seq=crv_seq_4                      cyc=36 op=BK_FORWARD_BRANCH  pc=0xdd525f88 branch=1 jal=0 -> taken=0 valid=0 tgt=0xdf58db10
[PASS] seq=crv_seq_4                      cyc=37 op=BK_RANDOM          pc=0x69870064 branch=0 jal=1 -> taken=0 valid=1 tgt=0xab9bfe32
[PASS] seq=crv_seq_4                      cyc=38 op=BK_JAL             pc=0xaf2d909c branch=0 jal=1 -> taken=0 valid=1 tgt=0xc2d12386
[PASS] seq=crv_seq_4                      cyc=39 op=BK_IDLE            pc=0x8f7afdc0 branch=0 jal=0 -> taken=0 valid=0 tgt=0xb69232b0
[PASS] seq=crv_seq_4                      cyc=40 op=BK_IDLE            pc=0x3efec610 branch=0 jal=0 -> taken=0 valid=0 tgt=0x4dfa4d54
[PASS] seq=crv_seq_4                      cyc=41 op=BK_JAL_AND_BRANCH  pc=0xacc8d940 branch=1 jal=1 -> taken=0 valid=1 tgt=0x8405219a
[PASS] seq=crv_seq_4                      cyc=42 op=BK_IDLE            pc=0x9c035d28 branch=0 jal=0 -> taken=0 valid=0 tgt=0x1cf08808
[PASS] seq=crv_seq_4                      cyc=43 op=BK_JAL             pc=0xa65fc14c branch=0 jal=1 -> taken=0 valid=1 tgt=0x564d3dc2
[PASS] seq=crv_seq_4                      cyc=44 op=BK_IDLE            pc=0xd4e3c684 branch=0 jal=0 -> taken=0 valid=0 tgt=0xcbadcdac
[PASS] seq=crv_seq_4                      cyc=45 op=BK_RANDOM          pc=0x56970cd4 branch=1 jal=0 -> taken=1 valid=1 tgt=0xf159f726
[PASS] seq=crv_seq_4                      cyc=46 op=BK_WRAPAROUND      pc=0x96b49ed8 branch=0 jal=0 -> taken=0 valid=0 tgt=0x830b095e
[PASS] seq=crv_seq_4                      cyc=47 op=BK_IDLE            pc=0xd8e9ad98 branch=0 jal=0 -> taken=0 valid=0 tgt=0xfdab77cc
[PASS] seq=crv_seq_4                      cyc=48 op=BK_BACKWARD_BRANCH pc=0xdef0b264 branch=1 jal=0 -> taken=1 valid=1 tgt=0xdd9c17b6
[PASS] seq=crv_seq_4                      cyc=49 op=BK_BACKWARD_BRANCH pc=0xac9ba77c branch=1 jal=0 -> taken=1 valid=1 tgt=0x8db8145c
[PASS] seq=crv_seq_4                      cyc=50 op=BK_IDLE            pc=0xb351dc9c branch=0 jal=0 -> taken=0 valid=0 tgt=0xd563c162
[PASS] seq=crv_seq_4                      cyc=51 op=BK_FORWARD_BRANCH  pc=0x53268974 branch=1 jal=0 -> taken=0 valid=0 tgt=0x5f52734a
[PASS] seq=crv_seq_4                      cyc=52 op=BK_JAL             pc=0xb36d620c branch=0 jal=1 -> taken=0 valid=1 tgt=0xb5b00370
[PASS] seq=crv_seq_4                      cyc=53 op=BK_RANDOM          pc=0x424efaec branch=0 jal=1 -> taken=0 valid=1 tgt=0x6bf0d7a4
[PASS] seq=crv_seq_4                      cyc=54 op=BK_BACKWARD_BRANCH pc=0x452b00b4 branch=1 jal=0 -> taken=1 valid=1 tgt=0x14c8a88a
[PASS] seq=crv_seq_4                      cyc=55 op=BK_BACKWARD_BRANCH pc=0x2a020704 branch=1 jal=0 -> taken=1 valid=1 tgt=0x0bb6b524
[PASS] seq=crv_seq_4                      cyc=56 op=BK_BACKWARD_BRANCH pc=0x791084cc branch=1 jal=0 -> taken=1 valid=1 tgt=0x2aef5cae
[PASS] seq=crv_seq_4                      cyc=57 op=BK_JAL             pc=0x4e9a343c branch=0 jal=1 -> taken=0 valid=1 tgt=0x49ca4970
[PASS] seq=crv_seq_4                      cyc=58 op=BK_IDLE            pc=0x30be2cd0 branch=0 jal=0 -> taken=0 valid=0 tgt=0xd833c18a
[PASS] seq=crv_seq_4                      cyc=59 op=BK_JAL_AND_BRANCH  pc=0xe7af00e8 branch=1 jal=1 -> taken=1 valid=1 tgt=0x8c01d9fc
[PASS] seq=crv_seq_4                      cyc=60 op=BK_IDLE            pc=0x3d9a6824 branch=0 jal=0 -> taken=0 valid=0 tgt=0x650b0f26
[PASS] seq=crv_seq_4                      cyc=61 op=BK_FORWARD_BRANCH  pc=0xbe308940 branch=1 jal=0 -> taken=0 valid=0 tgt=0xd527e2e4
[PASS] seq=crv_seq_4                      cyc=62 op=BK_BACKWARD_BRANCH pc=0xbee35410 branch=1 jal=0 -> taken=1 valid=1 tgt=0x47d9b606
[PASS] seq=crv_seq_4                      cyc=63 op=BK_FORWARD_BRANCH  pc=0x8abc2494 branch=1 jal=0 -> taken=0 valid=0 tgt=0xfa953cbc
[PASS] seq=crv_seq_4                      cyc=64 op=BK_RANDOM          pc=0x57a03430 branch=0 jal=0 -> taken=0 valid=0 tgt=0x0939adf0
[PASS] seq=crv_seq_4                      cyc=65 op=BK_FORWARD_BRANCH  pc=0xe51168f0 branch=1 jal=0 -> taken=0 valid=0 tgt=0x16de7cd8
[PASS] seq=crv_seq_4                      cyc=66 op=BK_IDLE            pc=0xdedf7124 branch=0 jal=0 -> taken=0 valid=0 tgt=0xc41fdef4
[PASS] seq=crv_seq_4                      cyc=67 op=BK_BACKWARD_BRANCH pc=0xb040145c branch=1 jal=0 -> taken=1 valid=1 tgt=0x7ba0e216
[PASS] seq=crv_seq_4                      cyc=68 op=BK_IDLE            pc=0x400aa330 branch=0 jal=0 -> taken=0 valid=0 tgt=0x9baf442c
[PASS] seq=crv_seq_4                      cyc=69 op=BK_RANDOM          pc=0xdddf5270 branch=1 jal=1 -> taken=0 valid=1 tgt=0x553c6806
[PASS] seq=crv_seq_4                      cyc=70 op=BK_FORWARD_BRANCH  pc=0x5541cda4 branch=1 jal=0 -> taken=0 valid=0 tgt=0x8e5e510a
[PASS] seq=crv_seq_4                      cyc=71 op=BK_BACKWARD_BRANCH pc=0xfc3dc5c4 branch=1 jal=0 -> taken=1 valid=1 tgt=0xe8b7df1e
[PASS] seq=crv_seq_4                      cyc=72 op=BK_WRAPAROUND      pc=0x45a6ccd4 branch=0 jal=1 -> taken=0 valid=1 tgt=0x13a3d0e8
[PASS] seq=crv_seq_4                      cyc=73 op=BK_JAL_AND_BRANCH  pc=0xc77eb2f4 branch=1 jal=1 -> taken=0 valid=1 tgt=0x7b06f15e
[PASS] seq=crv_seq_4                      cyc=74 op=BK_JAL             pc=0x64b0a7b8 branch=0 jal=1 -> taken=0 valid=1 tgt=0x0a4932f2
[PASS] seq=crv_seq_4                      cyc=75 op=BK_BACKWARD_BRANCH pc=0x23dea01c branch=1 jal=0 -> taken=1 valid=1 tgt=0xf358e8f2
[PASS] seq=crv_seq_4                      cyc=76 op=BK_IDLE            pc=0xa219b794 branch=0 jal=0 -> taken=0 valid=0 tgt=0x030400e8
[PASS] seq=crv_seq_4                      cyc=77 op=BK_JAL             pc=0x563d3c9c branch=0 jal=1 -> taken=0 valid=1 tgt=0x91bfc3f2
[PASS] seq=crv_seq_4                      cyc=78 op=BK_BACKWARD_BRANCH pc=0x6391ecac branch=1 jal=0 -> taken=1 valid=1 tgt=0x0ad78ed6
[PASS] seq=crv_seq_4                      cyc=79 op=BK_JAL_AND_BRANCH  pc=0xa3338120 branch=1 jal=1 -> taken=0 valid=1 tgt=0xf234e5cc
[PASS] seq=crv_seq_4                      cyc=80 op=BK_BACKWARD_BRANCH pc=0xbdb73750 branch=1 jal=0 -> taken=1 valid=1 tgt=0x9a82d490
[PASS] seq=crv_seq_4                      cyc=81 op=BK_BACKWARD_BRANCH pc=0x831f0158 branch=1 jal=0 -> taken=1 valid=1 tgt=0x4cab02c4
[PASS] seq=crv_seq_4                      cyc=82 op=BK_FORWARD_BRANCH  pc=0x042a6878 branch=1 jal=0 -> taken=0 valid=0 tgt=0x341fb68e
[PASS] seq=crv_seq_4                      cyc=83 op=BK_BACKWARD_BRANCH pc=0xdee1d320 branch=1 jal=0 -> taken=1 valid=1 tgt=0xc6426d74
[PASS] seq=crv_seq_4                      cyc=84 op=BK_FORWARD_BRANCH  pc=0xa6b42288 branch=1 jal=0 -> taken=0 valid=0 tgt=0x0bf14594
[PASS] seq=crv_seq_4                      cyc=85 op=BK_FORWARD_BRANCH  pc=0xd4d7b3fc branch=1 jal=0 -> taken=0 valid=0 tgt=0x1f669c0a
[PASS] seq=crv_seq_4                      cyc=86 op=BK_WRAPAROUND      pc=0xd87a68f4 branch=0 jal=0 -> taken=0 valid=0 tgt=0x4736631a
[PASS] seq=crv_seq_4                      cyc=87 op=BK_BACKWARD_BRANCH pc=0x1a9f0184 branch=1 jal=0 -> taken=1 valid=1 tgt=0xabe9a5ca
[PASS] seq=crv_seq_4                      cyc=88 op=BK_BACKWARD_BRANCH pc=0xd56eec80 branch=1 jal=0 -> taken=1 valid=1 tgt=0x856b17f2
[PASS] seq=crv_seq_4                      cyc=89 op=BK_RANDOM          pc=0x457347c4 branch=1 jal=1 -> taken=0 valid=1 tgt=0x40c41a1a
[PASS] seq=crv_seq_4                      cyc=90 op=BK_IDLE            pc=0xc68743f8 branch=0 jal=0 -> taken=0 valid=0 tgt=0xc19bca24
[PASS] seq=crv_seq_4                      cyc=91 op=BK_BACKWARD_BRANCH pc=0xaf2933b4 branch=1 jal=0 -> taken=1 valid=1 tgt=0x5dcf7a3e
[PASS] seq=crv_seq_4                      cyc=92 op=BK_IDLE            pc=0x030a3c88 branch=0 jal=0 -> taken=0 valid=0 tgt=0xbab2159c
[PASS] seq=crv_seq_4                      cyc=93 op=BK_RANDOM          pc=0x9791e764 branch=1 jal=0 -> taken=0 valid=0 tgt=0xb09ac8ea
[PASS] seq=crv_seq_4                      cyc=94 op=BK_JAL             pc=0xdcb6ac80 branch=0 jal=1 -> taken=0 valid=1 tgt=0x9f22923e
[PASS] seq=crv_seq_4                      cyc=95 op=BK_WRAPAROUND      pc=0x506920f8 branch=1 jal=0 -> taken=1 valid=1 tgt=0x4ed898d6
[PASS] seq=crv_seq_4                      cyc=96 op=BK_RANDOM          pc=0x5017566c branch=0 jal=1 -> taken=0 valid=1 tgt=0x82973464
[PASS] seq=crv_seq_4                      cyc=97 op=BK_JAL             pc=0x93160d18 branch=0 jal=1 -> taken=0 valid=1 tgt=0x520adb24
[PASS] seq=crv_seq_4                      cyc=98 op=BK_FORWARD_BRANCH  pc=0xf2d85744 branch=1 jal=0 -> taken=0 valid=0 tgt=0x49bcb5ee
[PASS] seq=crv_seq_4                      cyc=99 op=BK_FORWARD_BRANCH  pc=0x4a613e34 branch=1 jal=0 -> taken=0 valid=0 tgt=0x8886afc6
[PASS] seq=crv_seq_4                      cyc=100 op=BK_RANDOM          pc=0x2d1f75f4 branch=0 jal=0 -> taken=0 valid=0 tgt=0xe18ce2f6
[PASS] seq=crv_seq_4                      cyc=101 op=BK_IDLE            pc=0x01a6f218 branch=0 jal=0 -> taken=0 valid=0 tgt=0xf8fff024
[PASS] seq=crv_seq_4                      cyc=102 op=BK_FORWARD_BRANCH  pc=0xae7e2880 branch=1 jal=0 -> taken=0 valid=0 tgt=0x05579078
[PASS] seq=crv_seq_4                      cyc=103 op=BK_FORWARD_BRANCH  pc=0xee17c2c4 branch=1 jal=0 -> taken=0 valid=0 tgt=0x3a1c79ac
[PASS] seq=crv_seq_4                      cyc=104 op=BK_JAL             pc=0xe614ca78 branch=0 jal=1 -> taken=0 valid=1 tgt=0x4ef85c6c
[PASS] seq=crv_seq_4                      cyc=105 op=BK_BACKWARD_BRANCH pc=0x05f77f78 branch=1 jal=0 -> taken=1 valid=1 tgt=0xe46c8a70
[PASS] seq=crv_seq_4                      cyc=106 op=BK_BACKWARD_BRANCH pc=0x0d84aca0 branch=1 jal=0 -> taken=1 valid=1 tgt=0xc02c40ac
[PASS] seq=crv_seq_4                      cyc=107 op=BK_IDLE            pc=0xcf349e58 branch=0 jal=0 -> taken=0 valid=0 tgt=0xd6e1ad1e
[PASS] seq=crv_seq_4                      cyc=108 op=BK_IDLE            pc=0x71317b54 branch=0 jal=0 -> taken=0 valid=0 tgt=0xa5cdb4f4
[PASS] seq=crv_seq_4                      cyc=109 op=BK_WRAPAROUND      pc=0xc944f628 branch=1 jal=1 -> taken=1 valid=1 tgt=0xab7806ac
[PASS] seq=crv_seq_4                      cyc=110 op=BK_RANDOM          pc=0xf8664cfc branch=1 jal=0 -> taken=1 valid=1 tgt=0xc68e013c
[PASS] seq=crv_seq_4                      cyc=111 op=BK_BACKWARD_BRANCH pc=0x1c0b4f8c branch=1 jal=0 -> taken=1 valid=1 tgt=0xd8f201d6
[PASS] seq=crv_seq_4                      cyc=112 op=BK_FORWARD_BRANCH  pc=0xd68904a0 branch=1 jal=0 -> taken=0 valid=0 tgt=0xf19fa2ea
[PASS] seq=crv_seq_4                      cyc=113 op=BK_IDLE            pc=0xb11b7dfc branch=0 jal=0 -> taken=0 valid=0 tgt=0x21772950
[PASS] seq=crv_seq_4                      cyc=114 op=BK_FORWARD_BRANCH  pc=0x8bbe1010 branch=1 jal=0 -> taken=0 valid=0 tgt=0xbb01868e
[PASS] seq=crv_seq_4                      cyc=115 op=BK_FORWARD_BRANCH  pc=0xfabe8f18 branch=1 jal=0 -> taken=0 valid=0 tgt=0x62b2110c
[PASS] seq=crv_seq_4                      cyc=116 op=BK_FORWARD_BRANCH  pc=0x3663d180 branch=1 jal=0 -> taken=0 valid=0 tgt=0x7de434a8
[PASS] seq=crv_seq_4                      cyc=117 op=BK_RANDOM          pc=0x62065730 branch=1 jal=1 -> taken=1 valid=1 tgt=0x0d0635a8
[PASS] seq=crv_seq_4                      cyc=118 op=BK_FORWARD_BRANCH  pc=0xc25fa078 branch=1 jal=0 -> taken=0 valid=0 tgt=0x20209fe2
[PASS] seq=crv_seq_4                      cyc=119 op=BK_BACKWARD_BRANCH pc=0xcf85fa20 branch=1 jal=0 -> taken=1 valid=1 tgt=0x6938c8f6
[PASS] seq=crv_seq_4                      cyc=120 op=BK_IDLE            pc=0x2d708a44 branch=0 jal=0 -> taken=0 valid=0 tgt=0x162bc3a6
[PASS] seq=crv_seq_4                      cyc=121 op=BK_WRAPAROUND      pc=0x96009c08 branch=1 jal=0 -> taken=0 valid=0 tgt=0xd6a8345e
[PASS] seq=crv_seq_4                      cyc=122 op=BK_FORWARD_BRANCH  pc=0x356825b0 branch=1 jal=0 -> taken=0 valid=0 tgt=0xa8e22680
[PASS] seq=crv_seq_4                      cyc=123 op=BK_JAL_AND_BRANCH  pc=0xf452a4b4 branch=1 jal=1 -> taken=1 valid=1 tgt=0x038ad0cc
[PASS] seq=crv_seq_4                      cyc=124 op=BK_BACKWARD_BRANCH pc=0x7d4eed04 branch=1 jal=0 -> taken=1 valid=1 tgt=0x684f42a8
[PASS] seq=crv_seq_4                      cyc=125 op=BK_BACKWARD_BRANCH pc=0x3bc1eee4 branch=1 jal=0 -> taken=1 valid=1 tgt=0xf677a484
[PASS] seq=crv_seq_4                      cyc=126 op=BK_WRAPAROUND      pc=0x661aa068 branch=0 jal=0 -> taken=0 valid=0 tgt=0x74110aba
[PASS] seq=crv_seq_4                      cyc=127 op=BK_RANDOM          pc=0x5e6b217c branch=0 jal=1 -> taken=0 valid=1 tgt=0x81a283c6
[PASS] seq=crv_seq_4                      cyc=128 op=BK_RANDOM          pc=0x472ed2dc branch=1 jal=1 -> taken=1 valid=1 tgt=0x522d457e
[PASS] seq=crv_seq_4                      cyc=129 op=BK_FORWARD_BRANCH  pc=0x46bd78d4 branch=1 jal=0 -> taken=0 valid=0 tgt=0x862fe948
[PASS] seq=crv_seq_4                      cyc=130 op=BK_IDLE            pc=0x0bf2cb88 branch=0 jal=0 -> taken=0 valid=0 tgt=0x31e191e0
[PASS] seq=crv_seq_4                      cyc=131 op=BK_BACKWARD_BRANCH pc=0xbb1fab0c branch=1 jal=0 -> taken=1 valid=1 tgt=0x8a108286
[PASS] seq=crv_seq_4                      cyc=132 op=BK_RANDOM          pc=0x8cb94ea8 branch=0 jal=1 -> taken=0 valid=1 tgt=0xe48cc5bc
[PASS] seq=crv_seq_4                      cyc=133 op=BK_FORWARD_BRANCH  pc=0x8674e520 branch=1 jal=0 -> taken=0 valid=0 tgt=0xf953d522
[PASS] seq=crv_seq_4                      cyc=134 op=BK_RANDOM          pc=0x99e5c4ac branch=0 jal=1 -> taken=0 valid=1 tgt=0x18a41ff6
[PASS] seq=crv_seq_4                      cyc=135 op=BK_BACKWARD_BRANCH pc=0x2b4429d4 branch=1 jal=0 -> taken=1 valid=1 tgt=0xf4717d68
[PASS] seq=crv_seq_4                      cyc=136 op=BK_JAL             pc=0x73cee774 branch=0 jal=1 -> taken=0 valid=1 tgt=0xfc31a9ee
[PASS] seq=crv_seq_4                      cyc=137 op=BK_IDLE            pc=0xf84c6ea0 branch=0 jal=0 -> taken=0 valid=0 tgt=0x9a6d073a
[PASS] seq=crv_seq_4                      cyc=138 op=BK_BACKWARD_BRANCH pc=0x13110328 branch=1 jal=0 -> taken=1 valid=1 tgt=0xf43cce6e
[PASS] seq=crv_seq_4                      cyc=139 op=BK_RANDOM          pc=0x8afe5c74 branch=1 jal=0 -> taken=1 valid=1 tgt=0x16c379fc
[PASS] seq=crv_seq_4                      cyc=140 op=BK_RANDOM          pc=0x610171b4 branch=0 jal=0 -> taken=0 valid=0 tgt=0x2c2e2282
[PASS] seq=crv_seq_4                      cyc=141 op=BK_BACKWARD_BRANCH pc=0x614d35b4 branch=1 jal=0 -> taken=1 valid=1 tgt=0x07c5cbdc
[PASS] seq=crv_seq_4                      cyc=142 op=BK_JAL_AND_BRANCH  pc=0x76669108 branch=1 jal=1 -> taken=1 valid=1 tgt=0x8cd2428e
[PASS] seq=crv_seq_4                      cyc=143 op=BK_JAL             pc=0xcb32c490 branch=0 jal=1 -> taken=0 valid=1 tgt=0x4f5eb4b6
[PASS] seq=crv_seq_4                      cyc=144 op=BK_RANDOM          pc=0x388a4b58 branch=1 jal=0 -> taken=0 valid=0 tgt=0x7788ea72
[PASS] seq=crv_seq_4                      cyc=145 op=BK_WRAPAROUND      pc=0xe6d78a2c branch=1 jal=1 -> taken=0 valid=1 tgt=0xcdcb5030
[PASS] seq=crv_seq_4                      cyc=146 op=BK_RANDOM          pc=0x704bb330 branch=1 jal=1 -> taken=0 valid=1 tgt=0x1a03b4f8
[PASS] seq=crv_seq_4                      cyc=147 op=BK_FORWARD_BRANCH  pc=0x7a1d9790 branch=1 jal=0 -> taken=0 valid=0 tgt=0xd01d104a
[PASS] seq=crv_seq_4                      cyc=148 op=BK_FORWARD_BRANCH  pc=0x1fde128c branch=1 jal=0 -> taken=0 valid=0 tgt=0x839ef69a
[PASS] seq=crv_seq_4                      cyc=149 op=BK_JAL_AND_BRANCH  pc=0x39eb9d30 branch=1 jal=1 -> taken=1 valid=1 tgt=0x0068cde4
[PASS] seq=crv_seq_4                      cyc=150 op=BK_JAL             pc=0x0b6791ac branch=0 jal=1 -> taken=0 valid=1 tgt=0x87c915c4
[PASS] seq=crv_seq_4                      cyc=151 op=BK_WRAPAROUND      pc=0xec5d338c branch=1 jal=1 -> taken=1 valid=1 tgt=0xa857170e
[PASS] seq=crv_seq_4                      cyc=152 op=BK_FORWARD_BRANCH  pc=0x76a23808 branch=1 jal=0 -> taken=0 valid=0 tgt=0xbb379114
[PASS] seq=crv_seq_4                      cyc=153 op=BK_JAL_AND_BRANCH  pc=0xf5657920 branch=1 jal=1 -> taken=1 valid=1 tgt=0x19798ce2
[PASS] seq=crv_seq_4                      cyc=154 op=BK_BACKWARD_BRANCH pc=0x88a6262c branch=1 jal=0 -> taken=1 valid=1 tgt=0x18035cfa
[PASS] seq=crv_seq_4                      cyc=155 op=BK_BACKWARD_BRANCH pc=0xd8df8c6c branch=1 jal=0 -> taken=1 valid=1 tgt=0xb28262d4
[PASS] seq=crv_seq_4                      cyc=156 op=BK_RANDOM          pc=0xd4048738 branch=1 jal=0 -> taken=0 valid=0 tgt=0xd98d7a9c
[PASS] seq=crv_seq_4                      cyc=157 op=BK_RANDOM          pc=0xf47c8f30 branch=0 jal=0 -> taken=0 valid=0 tgt=0xeca15cb4
[PASS] seq=crv_seq_4                      cyc=158 op=BK_JAL_AND_BRANCH  pc=0x5c53e88c branch=1 jal=1 -> taken=1 valid=1 tgt=0xa06d9bd6
[PASS] seq=crv_seq_4                      cyc=159 op=BK_FORWARD_BRANCH  pc=0x2c02f6e8 branch=1 jal=0 -> taken=0 valid=0 tgt=0x46b4dc06
[PASS] seq=crv_seq_4                      cyc=160 op=BK_JAL             pc=0xe6a8694c branch=0 jal=1 -> taken=0 valid=1 tgt=0xe1fa7e92
[PASS] seq=crv_seq_4                      cyc=161 op=BK_JAL             pc=0x7bf11d3c branch=0 jal=1 -> taken=0 valid=1 tgt=0x3cfeae32
[PASS] seq=crv_seq_4                      cyc=162 op=BK_BACKWARD_BRANCH pc=0x1b9a2fd8 branch=1 jal=0 -> taken=1 valid=1 tgt=0x00429914
[PASS] seq=crv_seq_4                      cyc=163 op=BK_WRAPAROUND      pc=0x1722ee60 branch=1 jal=0 -> taken=1 valid=1 tgt=0xbb0c9626
[PASS] seq=crv_seq_4                      cyc=164 op=BK_FORWARD_BRANCH  pc=0x06fd1384 branch=1 jal=0 -> taken=0 valid=0 tgt=0x69107734
[PASS] seq=crv_seq_4                      cyc=165 op=BK_RANDOM          pc=0x3303de38 branch=1 jal=1 -> taken=1 valid=1 tgt=0x848b2388
[PASS] seq=crv_seq_4                      cyc=166 op=BK_BACKWARD_BRANCH pc=0x31734dac branch=1 jal=0 -> taken=1 valid=1 tgt=0x19324378
[PASS] seq=crv_seq_4                      cyc=167 op=BK_WRAPAROUND      pc=0x17aeca3c branch=0 jal=0 -> taken=0 valid=0 tgt=0x58b30a72
[PASS] seq=crv_seq_4                      cyc=168 op=BK_JAL             pc=0x3256a98c branch=0 jal=1 -> taken=0 valid=1 tgt=0x2d0bdf9e
[PASS] seq=crv_seq_4                      cyc=169 op=BK_BACKWARD_BRANCH pc=0x6e5b15c4 branch=1 jal=0 -> taken=1 valid=1 tgt=0x250ea8b8
[PASS] seq=crv_seq_4                      cyc=170 op=BK_RANDOM          pc=0x35f97500 branch=1 jal=1 -> taken=0 valid=1 tgt=0x0f573b2a
[PASS] seq=crv_seq_4                      cyc=171 op=BK_RANDOM          pc=0xf0189660 branch=0 jal=1 -> taken=0 valid=1 tgt=0x47672f0c
[PASS] seq=crv_seq_4                      cyc=172 op=BK_FORWARD_BRANCH  pc=0x2290d528 branch=1 jal=0 -> taken=0 valid=0 tgt=0x4a5b13c0
[PASS] seq=crv_seq_4                      cyc=173 op=BK_BACKWARD_BRANCH pc=0xa9bc48b8 branch=1 jal=0 -> taken=1 valid=1 tgt=0x3b49d03a
[PASS] seq=crv_seq_4                      cyc=174 op=BK_RANDOM          pc=0xea132888 branch=0 jal=0 -> taken=0 valid=0 tgt=0xc5c9737a
[PASS] seq=crv_seq_4                      cyc=175 op=BK_FORWARD_BRANCH  pc=0xf4faf32c branch=1 jal=0 -> taken=0 valid=0 tgt=0x62f89446
[PASS] seq=crv_seq_4                      cyc=176 op=BK_BACKWARD_BRANCH pc=0x0211909c branch=1 jal=0 -> taken=1 valid=1 tgt=0x01fda832
[PASS] seq=crv_seq_4                      cyc=177 op=BK_BACKWARD_BRANCH pc=0x03aafb48 branch=1 jal=0 -> taken=1 valid=1 tgt=0x89462710
[PASS] seq=crv_seq_4                      cyc=178 op=BK_FORWARD_BRANCH  pc=0xc32232b0 branch=1 jal=0 -> taken=0 valid=0 tgt=0x25194aea
[PASS] seq=crv_seq_4                      cyc=179 op=BK_JAL             pc=0xec0ea628 branch=0 jal=1 -> taken=0 valid=1 tgt=0xc47f89ac
[PASS] seq=crv_seq_4                      cyc=180 op=BK_FORWARD_BRANCH  pc=0xbdbf9090 branch=1 jal=0 -> taken=0 valid=0 tgt=0xe2f0db40
[PASS] seq=crv_seq_4                      cyc=181 op=BK_BACKWARD_BRANCH pc=0x332ee6c8 branch=1 jal=0 -> taken=1 valid=1 tgt=0xd22e1d9a
[PASS] seq=crv_seq_4                      cyc=182 op=BK_RANDOM          pc=0xdd2f4014 branch=1 jal=0 -> taken=1 valid=1 tgt=0xd7969128
[PASS] seq=crv_seq_4                      cyc=183 op=BK_IDLE            pc=0xaa6e47d4 branch=0 jal=0 -> taken=0 valid=0 tgt=0xbe71d2ea
[PASS] seq=crv_seq_4                      cyc=184 op=BK_FORWARD_BRANCH  pc=0x9e032ecc branch=1 jal=0 -> taken=0 valid=0 tgt=0xba142118
[PASS] seq=crv_seq_4                      cyc=185 op=BK_BACKWARD_BRANCH pc=0x67321a54 branch=1 jal=0 -> taken=1 valid=1 tgt=0x527d476c
[PASS] seq=crv_seq_4                      cyc=186 op=BK_RANDOM          pc=0x70517e98 branch=0 jal=0 -> taken=0 valid=0 tgt=0x041d1040
[PASS] seq=crv_seq_4                      cyc=187 op=BK_JAL             pc=0x4c7dbd68 branch=0 jal=1 -> taken=0 valid=1 tgt=0xd3323018
[PASS] seq=crv_seq_4                      cyc=188 op=BK_WRAPAROUND      pc=0xab18cc34 branch=0 jal=1 -> taken=0 valid=1 tgt=0x07f85a0c
[PASS] seq=crv_seq_4                      cyc=189 op=BK_BACKWARD_BRANCH pc=0x52ec45dc branch=1 jal=0 -> taken=1 valid=1 tgt=0xd60b004e
[PASS] seq=crv_seq_4                      cyc=190 op=BK_RANDOM          pc=0x37137a38 branch=1 jal=0 -> taken=1 valid=1 tgt=0xefc0d230
[PASS] seq=crv_seq_4                      cyc=191 op=BK_FORWARD_BRANCH  pc=0x254346f8 branch=1 jal=0 -> taken=0 valid=0 tgt=0x46c13806
[PASS] seq=crv_seq_4                      cyc=192 op=BK_FORWARD_BRANCH  pc=0x3c9ca9c8 branch=1 jal=0 -> taken=0 valid=0 tgt=0x47d711a0
[PASS] seq=crv_seq_4                      cyc=193 op=BK_RANDOM          pc=0xebebd078 branch=0 jal=1 -> taken=0 valid=1 tgt=0xd93ce9a8
[PASS] seq=crv_seq_4                      cyc=194 op=BK_RANDOM          pc=0xe77778e8 branch=1 jal=0 -> taken=0 valid=0 tgt=0xffc23382
[PASS] seq=crv_seq_4                      cyc=195 op=BK_JAL             pc=0xfbc7a774 branch=0 jal=1 -> taken=0 valid=1 tgt=0xfe93fcfc
[PASS] seq=crv_seq_4                      cyc=196 op=BK_JAL_AND_BRANCH  pc=0x14f16bd4 branch=1 jal=1 -> taken=1 valid=1 tgt=0xf27f84e6
[PASS] seq=crv_seq_4                      cyc=197 op=BK_JAL             pc=0xd7e5542c branch=0 jal=1 -> taken=0 valid=1 tgt=0x600f9420
[PASS] seq=crv_seq_4                      cyc=198 op=BK_BACKWARD_BRANCH pc=0x8dca269c branch=1 jal=0 -> taken=1 valid=1 tgt=0x152dcd86
[PASS] seq=crv_seq_4                      cyc=199 op=BK_FORWARD_BRANCH  pc=0xf526e588 branch=1 jal=0 -> taken=0 valid=0 tgt=0x02ce1b22
[PASS] seq=crv_seq_5                      cyc=0 op=BK_IDLE            pc=0xf569db60 branch=0 jal=0 -> taken=0 valid=0 tgt=0x85d3a4ee
[PASS] seq=crv_seq_5                      cyc=1 op=BK_FORWARD_BRANCH  pc=0x1a78bd68 branch=1 jal=0 -> taken=0 valid=0 tgt=0x49db81c0
[PASS] seq=crv_seq_5                      cyc=2 op=BK_BACKWARD_BRANCH pc=0xf0f6bb08 branch=1 jal=0 -> taken=1 valid=1 tgt=0xae53f3fa
[PASS] seq=crv_seq_5                      cyc=3 op=BK_FORWARD_BRANCH  pc=0x47ba7bd8 branch=1 jal=0 -> taken=0 valid=0 tgt=0x845bd322
[PASS] seq=crv_seq_5                      cyc=4 op=BK_WRAPAROUND      pc=0xecda85e8 branch=0 jal=0 -> taken=0 valid=0 tgt=0x6cd2af44
[PASS] seq=crv_seq_5                      cyc=5 op=BK_FORWARD_BRANCH  pc=0xa9024178 branch=1 jal=0 -> taken=0 valid=0 tgt=0xffe5e240
[PASS] seq=crv_seq_5                      cyc=6 op=BK_JAL             pc=0x8493a63c branch=0 jal=1 -> taken=0 valid=1 tgt=0xec063caa
[PASS] seq=crv_seq_5                      cyc=7 op=BK_JAL             pc=0xab877034 branch=0 jal=1 -> taken=0 valid=1 tgt=0x8b7c9d82
[PASS] seq=crv_seq_5                      cyc=8 op=BK_IDLE            pc=0x22d20450 branch=0 jal=0 -> taken=0 valid=0 tgt=0xbc5df28c
[PASS] seq=crv_seq_5                      cyc=9 op=BK_BACKWARD_BRANCH pc=0xd7c9a07c branch=1 jal=0 -> taken=1 valid=1 tgt=0xaf1d5634
[PASS] seq=crv_seq_5                      cyc=10 op=BK_IDLE            pc=0x7c27c544 branch=0 jal=0 -> taken=0 valid=0 tgt=0x351a1b6a
[PASS] seq=crv_seq_5                      cyc=11 op=BK_RANDOM          pc=0x1d142f74 branch=0 jal=0 -> taken=0 valid=0 tgt=0x501e8fc4
[PASS] seq=crv_seq_5                      cyc=12 op=BK_IDLE            pc=0x49bd68b4 branch=0 jal=0 -> taken=0 valid=0 tgt=0x35772500
[PASS] seq=crv_seq_5                      cyc=13 op=BK_BACKWARD_BRANCH pc=0x6141ddf8 branch=1 jal=0 -> taken=1 valid=1 tgt=0x550b86ae
[PASS] seq=crv_seq_5                      cyc=14 op=BK_FORWARD_BRANCH  pc=0xe57a1954 branch=1 jal=0 -> taken=0 valid=0 tgt=0xfa9e3dce
[PASS] seq=crv_seq_5                      cyc=15 op=BK_FORWARD_BRANCH  pc=0x48e9cb1c branch=1 jal=0 -> taken=0 valid=0 tgt=0xa8799b2a
[PASS] seq=crv_seq_5                      cyc=16 op=BK_IDLE            pc=0x43ec0884 branch=0 jal=0 -> taken=0 valid=0 tgt=0xb559b6ea
[PASS] seq=crv_seq_5                      cyc=17 op=BK_IDLE            pc=0x5a1e0a5c branch=0 jal=0 -> taken=0 valid=0 tgt=0x4fa7a4c2
[PASS] seq=crv_seq_5                      cyc=18 op=BK_FORWARD_BRANCH  pc=0xba87cf10 branch=1 jal=0 -> taken=0 valid=0 tgt=0xe1c238e4
[PASS] seq=crv_seq_5                      cyc=19 op=BK_JAL             pc=0xd09ce26c branch=0 jal=1 -> taken=0 valid=1 tgt=0xaa767980
[PASS] seq=crv_seq_5                      cyc=20 op=BK_FORWARD_BRANCH  pc=0x3b14bb98 branch=1 jal=0 -> taken=0 valid=0 tgt=0x8f98e44c
[PASS] seq=crv_seq_5                      cyc=21 op=BK_FORWARD_BRANCH  pc=0x63d56b9c branch=1 jal=0 -> taken=0 valid=0 tgt=0x662b88e8
[PASS] seq=crv_seq_5                      cyc=22 op=BK_RANDOM          pc=0x4b99aab0 branch=0 jal=0 -> taken=0 valid=0 tgt=0xf5e23224
[PASS] seq=crv_seq_5                      cyc=23 op=BK_FORWARD_BRANCH  pc=0xd20f1aa4 branch=1 jal=0 -> taken=0 valid=0 tgt=0x432cc6f6
[PASS] seq=crv_seq_5                      cyc=24 op=BK_BACKWARD_BRANCH pc=0x935d17ec branch=1 jal=0 -> taken=1 valid=1 tgt=0x1fa56840
[PASS] seq=crv_seq_5                      cyc=25 op=BK_IDLE            pc=0xfa7cf178 branch=0 jal=0 -> taken=0 valid=0 tgt=0x7cef5602
[PASS] seq=crv_seq_5                      cyc=26 op=BK_RANDOM          pc=0x6d344198 branch=1 jal=0 -> taken=0 valid=0 tgt=0xe07cbee0
[PASS] seq=crv_seq_5                      cyc=27 op=BK_JAL_AND_BRANCH  pc=0x761bfe04 branch=1 jal=1 -> taken=1 valid=1 tgt=0x2ca8c11c
[PASS] seq=crv_seq_5                      cyc=28 op=BK_RANDOM          pc=0x37876ad0 branch=0 jal=0 -> taken=0 valid=0 tgt=0x99874eba
[PASS] seq=crv_seq_5                      cyc=29 op=BK_RANDOM          pc=0x3d409aa0 branch=0 jal=0 -> taken=0 valid=0 tgt=0x5504f4da
[PASS] seq=crv_seq_5                      cyc=30 op=BK_BACKWARD_BRANCH pc=0x3f869590 branch=1 jal=0 -> taken=1 valid=1 tgt=0x3cb5e64a
[PASS] seq=crv_seq_5                      cyc=31 op=BK_IDLE            pc=0xcc519630 branch=0 jal=0 -> taken=0 valid=0 tgt=0xe875eeba
[PASS] seq=crv_seq_5                      cyc=32 op=BK_RANDOM          pc=0xe38b6be4 branch=0 jal=1 -> taken=0 valid=1 tgt=0x7ba592ae
[PASS] seq=crv_seq_5                      cyc=33 op=BK_RANDOM          pc=0xbc718644 branch=0 jal=1 -> taken=0 valid=1 tgt=0xae9c1238
[PASS] seq=crv_seq_5                      cyc=34 op=BK_RANDOM          pc=0x1fccc7d0 branch=0 jal=1 -> taken=0 valid=1 tgt=0x92e8a99a
[PASS] seq=crv_seq_5                      cyc=35 op=BK_IDLE            pc=0x0ff7c4b4 branch=0 jal=0 -> taken=0 valid=0 tgt=0xdb5b976e
[PASS] seq=crv_seq_5                      cyc=36 op=BK_IDLE            pc=0x2d94f640 branch=0 jal=0 -> taken=0 valid=0 tgt=0x67a8aa98
[PASS] seq=crv_seq_5                      cyc=37 op=BK_BACKWARD_BRANCH pc=0xcc083be8 branch=1 jal=0 -> taken=1 valid=1 tgt=0xb00546ee
[PASS] seq=crv_seq_5                      cyc=38 op=BK_RANDOM          pc=0xc3dc8dd0 branch=0 jal=0 -> taken=0 valid=0 tgt=0x2375cd42
[PASS] seq=crv_seq_5                      cyc=39 op=BK_FORWARD_BRANCH  pc=0x6920f5ac branch=1 jal=0 -> taken=0 valid=0 tgt=0x8824b5cc
[PASS] seq=crv_seq_5                      cyc=40 op=BK_JAL_AND_BRANCH  pc=0x909e4e88 branch=1 jal=1 -> taken=1 valid=1 tgt=0x4f6a07e6
[PASS] seq=crv_seq_5                      cyc=41 op=BK_BACKWARD_BRANCH pc=0xd44df00c branch=1 jal=0 -> taken=1 valid=1 tgt=0xc4a263ba
[PASS] seq=crv_seq_5                      cyc=42 op=BK_WRAPAROUND      pc=0x8bb082f8 branch=1 jal=0 -> taken=1 valid=1 tgt=0x50dc5518
[PASS] seq=crv_seq_5                      cyc=43 op=BK_BACKWARD_BRANCH pc=0x09e0e820 branch=1 jal=0 -> taken=1 valid=1 tgt=0xa25659d8
[PASS] seq=crv_seq_5                      cyc=44 op=BK_JAL_AND_BRANCH  pc=0x702ee00c branch=1 jal=1 -> taken=1 valid=1 tgt=0xd4994dde
[PASS] seq=crv_seq_5                      cyc=45 op=BK_RANDOM          pc=0x23b9cba0 branch=0 jal=0 -> taken=0 valid=0 tgt=0x8fe04176
[PASS] seq=crv_seq_5                      cyc=46 op=BK_JAL_AND_BRANCH  pc=0x207d15c0 branch=1 jal=1 -> taken=0 valid=1 tgt=0x58dd57d6
[PASS] seq=crv_seq_5                      cyc=47 op=BK_FORWARD_BRANCH  pc=0x1bea34c0 branch=1 jal=0 -> taken=0 valid=0 tgt=0x4a522384
[PASS] seq=crv_seq_5                      cyc=48 op=BK_RANDOM          pc=0x1d9baab4 branch=0 jal=0 -> taken=0 valid=0 tgt=0x050fcf66
[PASS] seq=crv_seq_5                      cyc=49 op=BK_JAL             pc=0xe3d7adec branch=0 jal=1 -> taken=0 valid=1 tgt=0xeb803174
[PASS] seq=crv_seq_5                      cyc=50 op=BK_IDLE            pc=0x01b087c4 branch=0 jal=0 -> taken=0 valid=0 tgt=0xbd3cbcac
[PASS] seq=crv_seq_5                      cyc=51 op=BK_JAL_AND_BRANCH  pc=0x21da6080 branch=1 jal=1 -> taken=0 valid=1 tgt=0xb1b1f468
[PASS] seq=crv_seq_5                      cyc=52 op=BK_JAL_AND_BRANCH  pc=0x48e69e68 branch=1 jal=1 -> taken=0 valid=1 tgt=0x3639e3de
[PASS] seq=crv_seq_5                      cyc=53 op=BK_BACKWARD_BRANCH pc=0x6b3a26e4 branch=1 jal=0 -> taken=1 valid=1 tgt=0x391fda26
[PASS] seq=crv_seq_5                      cyc=54 op=BK_IDLE            pc=0x9617e1a0 branch=0 jal=0 -> taken=0 valid=0 tgt=0x233065d0
[PASS] seq=crv_seq_5                      cyc=55 op=BK_RANDOM          pc=0xc22f0e78 branch=0 jal=0 -> taken=0 valid=0 tgt=0xf57cf832
[PASS] seq=crv_seq_5                      cyc=56 op=BK_WRAPAROUND      pc=0x19765b28 branch=0 jal=0 -> taken=0 valid=0 tgt=0x2c6127e6
[PASS] seq=crv_seq_5                      cyc=57 op=BK_IDLE            pc=0x564a39e0 branch=0 jal=0 -> taken=0 valid=0 tgt=0xd5c44196
[PASS] seq=crv_seq_5                      cyc=58 op=BK_IDLE            pc=0x01502560 branch=0 jal=0 -> taken=0 valid=0 tgt=0xb35d6c1a
[PASS] seq=crv_seq_5                      cyc=59 op=BK_FORWARD_BRANCH  pc=0xe53d42ec branch=1 jal=0 -> taken=0 valid=0 tgt=0x1dbb809a
[PASS] seq=crv_seq_5                      cyc=60 op=BK_JAL_AND_BRANCH  pc=0x0f1dd218 branch=1 jal=1 -> taken=0 valid=1 tgt=0xa710179a
[PASS] seq=crv_seq_5                      cyc=61 op=BK_JAL_AND_BRANCH  pc=0xf990c71c branch=1 jal=1 -> taken=1 valid=1 tgt=0x801e5f0e
[PASS] seq=crv_seq_5                      cyc=62 op=BK_FORWARD_BRANCH  pc=0xe8914550 branch=1 jal=0 -> taken=0 valid=0 tgt=0x34d8ca24
[PASS] seq=crv_seq_5                      cyc=63 op=BK_IDLE            pc=0xfe60c9a4 branch=0 jal=0 -> taken=0 valid=0 tgt=0x7fb1dbfa
[PASS] seq=crv_seq_5                      cyc=64 op=BK_RANDOM          pc=0x8f806f48 branch=1 jal=1 -> taken=0 valid=1 tgt=0x09146496
[PASS] seq=crv_seq_5                      cyc=65 op=BK_RANDOM          pc=0xaf09f0cc branch=0 jal=1 -> taken=0 valid=1 tgt=0xc61048c2
[PASS] seq=crv_seq_5                      cyc=66 op=BK_JAL_AND_BRANCH  pc=0xc1cd990c branch=1 jal=1 -> taken=0 valid=1 tgt=0xccc909aa
[PASS] seq=crv_seq_5                      cyc=67 op=BK_BACKWARD_BRANCH pc=0x19927da4 branch=1 jal=0 -> taken=1 valid=1 tgt=0xdde44fc0
[PASS] seq=crv_seq_5                      cyc=68 op=BK_FORWARD_BRANCH  pc=0x670677d4 branch=1 jal=0 -> taken=0 valid=0 tgt=0x8239715c
[PASS] seq=crv_seq_5                      cyc=69 op=BK_BACKWARD_BRANCH pc=0x3dc2eb48 branch=1 jal=0 -> taken=1 valid=1 tgt=0xd3d0f3be
[PASS] seq=crv_seq_5                      cyc=70 op=BK_FORWARD_BRANCH  pc=0xf4f54e10 branch=1 jal=0 -> taken=0 valid=0 tgt=0x31e08d80
[PASS] seq=crv_seq_5                      cyc=71 op=BK_BACKWARD_BRANCH pc=0x08c1fca0 branch=1 jal=0 -> taken=1 valid=1 tgt=0xa08c604e
[PASS] seq=crv_seq_5                      cyc=72 op=BK_FORWARD_BRANCH  pc=0x1eca1cc0 branch=1 jal=0 -> taken=0 valid=0 tgt=0x823755ae
[PASS] seq=crv_seq_5                      cyc=73 op=BK_BACKWARD_BRANCH pc=0x79a3f8f4 branch=1 jal=0 -> taken=1 valid=1 tgt=0x36f829b4
[PASS] seq=crv_seq_5                      cyc=74 op=BK_RANDOM          pc=0x5a9a79a4 branch=0 jal=0 -> taken=0 valid=0 tgt=0x6559611c
[PASS] seq=crv_seq_5                      cyc=75 op=BK_FORWARD_BRANCH  pc=0x9f698d70 branch=1 jal=0 -> taken=0 valid=0 tgt=0xabcadd60
[PASS] seq=crv_seq_5                      cyc=76 op=BK_JAL             pc=0x59b437a0 branch=0 jal=1 -> taken=0 valid=1 tgt=0xa76ffed4
[PASS] seq=crv_seq_5                      cyc=77 op=BK_RANDOM          pc=0x7b4ddad0 branch=0 jal=1 -> taken=0 valid=1 tgt=0x92a53da0
[PASS] seq=crv_seq_5                      cyc=78 op=BK_BACKWARD_BRANCH pc=0x0a9f1dac branch=1 jal=0 -> taken=1 valid=1 tgt=0x9435bc50
[PASS] seq=crv_seq_5                      cyc=79 op=BK_JAL             pc=0xdbb49898 branch=0 jal=1 -> taken=0 valid=1 tgt=0xfb912c26
[PASS] seq=crv_seq_5                      cyc=80 op=BK_RANDOM          pc=0x640d3120 branch=0 jal=1 -> taken=0 valid=1 tgt=0xed60332c
[PASS] seq=crv_seq_5                      cyc=81 op=BK_FORWARD_BRANCH  pc=0x53045524 branch=1 jal=0 -> taken=0 valid=0 tgt=0xa1a8e3d0
[PASS] seq=crv_seq_5                      cyc=82 op=BK_WRAPAROUND      pc=0x414f358c branch=1 jal=1 -> taken=0 valid=1 tgt=0xaf7051fa
[PASS] seq=crv_seq_5                      cyc=83 op=BK_WRAPAROUND      pc=0xbce8e114 branch=0 jal=0 -> taken=0 valid=0 tgt=0x6570293c
[PASS] seq=crv_seq_5                      cyc=84 op=BK_RANDOM          pc=0x73cb13c8 branch=0 jal=1 -> taken=0 valid=1 tgt=0x3e82e9d4
[PASS] seq=crv_seq_5                      cyc=85 op=BK_FORWARD_BRANCH  pc=0x537bc2c8 branch=1 jal=0 -> taken=0 valid=0 tgt=0x6fb987c6
[PASS] seq=crv_seq_5                      cyc=86 op=BK_RANDOM          pc=0xb3059ae0 branch=0 jal=1 -> taken=0 valid=1 tgt=0x2679ada4
[PASS] seq=crv_seq_5                      cyc=87 op=BK_BACKWARD_BRANCH pc=0xd2053674 branch=1 jal=0 -> taken=1 valid=1 tgt=0xd1b1ce5c
[PASS] seq=crv_seq_5                      cyc=88 op=BK_JAL             pc=0x6110e4d0 branch=0 jal=1 -> taken=0 valid=1 tgt=0xea4e9f2c
[PASS] seq=crv_seq_5                      cyc=89 op=BK_BACKWARD_BRANCH pc=0x52b9b850 branch=1 jal=0 -> taken=1 valid=1 tgt=0x1c3954e6
[PASS] seq=crv_seq_5                      cyc=90 op=BK_FORWARD_BRANCH  pc=0x925e36d0 branch=1 jal=0 -> taken=0 valid=0 tgt=0xefaf139e
[PASS] seq=crv_seq_5                      cyc=91 op=BK_BACKWARD_BRANCH pc=0x9a929adc branch=1 jal=0 -> taken=1 valid=1 tgt=0x63bda6d6
[PASS] seq=crv_seq_5                      cyc=92 op=BK_BACKWARD_BRANCH pc=0xedb4bd28 branch=1 jal=0 -> taken=1 valid=1 tgt=0x913b2676
[PASS] seq=crv_seq_5                      cyc=93 op=BK_JAL             pc=0x5135c150 branch=0 jal=1 -> taken=0 valid=1 tgt=0x4ad41570
[PASS] seq=crv_seq_5                      cyc=94 op=BK_JAL_AND_BRANCH  pc=0x94d9bebc branch=1 jal=1 -> taken=0 valid=1 tgt=0x260d83ba
[PASS] seq=crv_seq_5                      cyc=95 op=BK_FORWARD_BRANCH  pc=0xcdef1e38 branch=1 jal=0 -> taken=0 valid=0 tgt=0x0da10832
[PASS] seq=crv_seq_5                      cyc=96 op=BK_FORWARD_BRANCH  pc=0x56c64714 branch=1 jal=0 -> taken=0 valid=0 tgt=0x9f0d0f4a
[PASS] seq=crv_seq_5                      cyc=97 op=BK_FORWARD_BRANCH  pc=0x23d04448 branch=1 jal=0 -> taken=0 valid=0 tgt=0x7f5d4cdc
[PASS] seq=crv_seq_5                      cyc=98 op=BK_BACKWARD_BRANCH pc=0x0be3b940 branch=1 jal=0 -> taken=1 valid=1 tgt=0xf68bc604
[PASS] seq=crv_seq_5                      cyc=99 op=BK_FORWARD_BRANCH  pc=0x47bf3118 branch=1 jal=0 -> taken=0 valid=0 tgt=0x8ca22e58
[PASS] seq=crv_seq_5                      cyc=100 op=BK_JAL             pc=0xd784593c branch=0 jal=1 -> taken=0 valid=1 tgt=0x5e4cafbe
[PASS] seq=crv_seq_5                      cyc=101 op=BK_RANDOM          pc=0x13261fa4 branch=1 jal=0 -> taken=0 valid=0 tgt=0x634c98de
[PASS] seq=crv_seq_5                      cyc=102 op=BK_RANDOM          pc=0xd70e7228 branch=1 jal=1 -> taken=1 valid=1 tgt=0x2a2142a8
[PASS] seq=crv_seq_5                      cyc=103 op=BK_BACKWARD_BRANCH pc=0x24d680d8 branch=1 jal=0 -> taken=1 valid=1 tgt=0xb3ab6b16
[PASS] seq=crv_seq_5                      cyc=104 op=BK_JAL             pc=0x14b19584 branch=0 jal=1 -> taken=0 valid=1 tgt=0x604db5bc
[PASS] seq=crv_seq_5                      cyc=105 op=BK_BACKWARD_BRANCH pc=0xc9879770 branch=1 jal=0 -> taken=1 valid=1 tgt=0x4b1a72e4
[PASS] seq=crv_seq_5                      cyc=106 op=BK_IDLE            pc=0x42def588 branch=0 jal=0 -> taken=0 valid=0 tgt=0x111a5842
[PASS] seq=crv_seq_5                      cyc=107 op=BK_RANDOM          pc=0xf9691288 branch=0 jal=0 -> taken=0 valid=0 tgt=0xac9510a0
[PASS] seq=crv_seq_5                      cyc=108 op=BK_BACKWARD_BRANCH pc=0xe0156478 branch=1 jal=0 -> taken=1 valid=1 tgt=0x64b9f366
[PASS] seq=crv_seq_5                      cyc=109 op=BK_BACKWARD_BRANCH pc=0x236c6014 branch=1 jal=0 -> taken=1 valid=1 tgt=0x0dd98104
[PASS] seq=crv_seq_5                      cyc=110 op=BK_IDLE            pc=0xb33c1704 branch=0 jal=0 -> taken=0 valid=0 tgt=0x11df3130
[PASS] seq=crv_seq_5                      cyc=111 op=BK_RANDOM          pc=0x095c3238 branch=0 jal=0 -> taken=0 valid=0 tgt=0x2b7aae86
[PASS] seq=crv_seq_5                      cyc=112 op=BK_FORWARD_BRANCH  pc=0xe46f23c8 branch=1 jal=0 -> taken=0 valid=0 tgt=0x415daf50
[PASS] seq=crv_seq_5                      cyc=113 op=BK_BACKWARD_BRANCH pc=0x7dd467c0 branch=1 jal=0 -> taken=1 valid=1 tgt=0x3691fc9a
[PASS] seq=crv_seq_5                      cyc=114 op=BK_WRAPAROUND      pc=0x504521fc branch=0 jal=0 -> taken=0 valid=0 tgt=0x1d7a7f20
[PASS] seq=crv_seq_5                      cyc=115 op=BK_BACKWARD_BRANCH pc=0x13f12a6c branch=1 jal=0 -> taken=1 valid=1 tgt=0xa450424a
[PASS] seq=crv_seq_5                      cyc=116 op=BK_JAL             pc=0xd2e5c2dc branch=0 jal=1 -> taken=0 valid=1 tgt=0xed5fbb0e
[PASS] seq=crv_seq_5                      cyc=117 op=BK_FORWARD_BRANCH  pc=0xb289fe34 branch=1 jal=0 -> taken=0 valid=0 tgt=0x224c2246
[PASS] seq=crv_seq_5                      cyc=118 op=BK_FORWARD_BRANCH  pc=0x9982bbdc branch=1 jal=0 -> taken=0 valid=0 tgt=0xea837170
[PASS] seq=crv_seq_5                      cyc=119 op=BK_BACKWARD_BRANCH pc=0xc7c65b44 branch=1 jal=0 -> taken=1 valid=1 tgt=0x7355ed9c
[PASS] seq=crv_seq_5                      cyc=120 op=BK_BACKWARD_BRANCH pc=0x60cc7e90 branch=1 jal=0 -> taken=1 valid=1 tgt=0x2d37d32e
[PASS] seq=crv_seq_5                      cyc=121 op=BK_JAL_AND_BRANCH  pc=0xb0e163a8 branch=1 jal=1 -> taken=1 valid=1 tgt=0x531ccca6
[PASS] seq=crv_seq_5                      cyc=122 op=BK_WRAPAROUND      pc=0x0b47f1b4 branch=1 jal=0 -> taken=0 valid=0 tgt=0x22f41aee
[PASS] seq=crv_seq_5                      cyc=123 op=BK_JAL             pc=0x0be572a8 branch=0 jal=1 -> taken=0 valid=1 tgt=0x95560a14
[PASS] seq=crv_seq_5                      cyc=124 op=BK_RANDOM          pc=0x7a42e290 branch=0 jal=0 -> taken=0 valid=0 tgt=0x40821524
[PASS] seq=crv_seq_5                      cyc=125 op=BK_RANDOM          pc=0xfa6da114 branch=1 jal=0 -> taken=1 valid=1 tgt=0x9f70ab56
[PASS] seq=crv_seq_5                      cyc=126 op=BK_JAL_AND_BRANCH  pc=0xbf790744 branch=1 jal=1 -> taken=1 valid=1 tgt=0xc55174c0
[PASS] seq=crv_seq_5                      cyc=127 op=BK_RANDOM          pc=0xdba177ec branch=1 jal=1 -> taken=1 valid=1 tgt=0xf2c3052a
[PASS] seq=crv_seq_5                      cyc=128 op=BK_RANDOM          pc=0x069e048c branch=0 jal=0 -> taken=0 valid=0 tgt=0x0147f2de
[PASS] seq=crv_seq_5                      cyc=129 op=BK_RANDOM          pc=0xc50b0634 branch=0 jal=0 -> taken=0 valid=0 tgt=0x9f902c72
[PASS] seq=crv_seq_5                      cyc=130 op=BK_JAL             pc=0x3a1f4c24 branch=0 jal=1 -> taken=0 valid=1 tgt=0xff880828
[PASS] seq=crv_seq_5                      cyc=131 op=BK_FORWARD_BRANCH  pc=0x28334bb4 branch=1 jal=0 -> taken=0 valid=0 tgt=0x5c5b541a
[PASS] seq=crv_seq_5                      cyc=132 op=BK_JAL_AND_BRANCH  pc=0xa1c97584 branch=1 jal=1 -> taken=0 valid=1 tgt=0xd1dc18f4
[PASS] seq=crv_seq_5                      cyc=133 op=BK_FORWARD_BRANCH  pc=0x14896f18 branch=1 jal=0 -> taken=0 valid=0 tgt=0x2cc15810
[PASS] seq=crv_seq_5                      cyc=134 op=BK_FORWARD_BRANCH  pc=0x1ed574d4 branch=1 jal=0 -> taken=0 valid=0 tgt=0x646525fe
[PASS] seq=crv_seq_5                      cyc=135 op=BK_IDLE            pc=0x254b2208 branch=0 jal=0 -> taken=0 valid=0 tgt=0xa31310ea
[PASS] seq=crv_seq_5                      cyc=136 op=BK_RANDOM          pc=0x59c5d14c branch=1 jal=0 -> taken=0 valid=0 tgt=0x69dbd470
[PASS] seq=crv_seq_5                      cyc=137 op=BK_FORWARD_BRANCH  pc=0x56d916c8 branch=1 jal=0 -> taken=0 valid=0 tgt=0x76eb497a
[PASS] seq=crv_seq_5                      cyc=138 op=BK_FORWARD_BRANCH  pc=0xa390e178 branch=1 jal=0 -> taken=0 valid=0 tgt=0xeb473e56
[PASS] seq=crv_seq_5                      cyc=139 op=BK_BACKWARD_BRANCH pc=0xabe32380 branch=1 jal=0 -> taken=1 valid=1 tgt=0x897256be
[PASS] seq=crv_seq_5                      cyc=140 op=BK_RANDOM          pc=0x720fc660 branch=0 jal=0 -> taken=0 valid=0 tgt=0x1c442ae6
[PASS] seq=crv_seq_5                      cyc=141 op=BK_IDLE            pc=0xbc5df308 branch=0 jal=0 -> taken=0 valid=0 tgt=0x6a3d4e44
[PASS] seq=crv_seq_5                      cyc=142 op=BK_WRAPAROUND      pc=0x95e0df40 branch=0 jal=0 -> taken=0 valid=0 tgt=0x5d47989e
[PASS] seq=crv_seq_5                      cyc=143 op=BK_RANDOM          pc=0x50225260 branch=1 jal=1 -> taken=0 valid=1 tgt=0xee0b9882
[PASS] seq=crv_seq_5                      cyc=144 op=BK_BACKWARD_BRANCH pc=0x541ead8c branch=1 jal=0 -> taken=1 valid=1 tgt=0x0a7756c6
[PASS] seq=crv_seq_5                      cyc=145 op=BK_IDLE            pc=0xccaac464 branch=0 jal=0 -> taken=0 valid=0 tgt=0x3f7749dc
[PASS] seq=crv_seq_5                      cyc=146 op=BK_JAL_AND_BRANCH  pc=0x9c0b0c34 branch=1 jal=1 -> taken=0 valid=1 tgt=0x231aa3e0
[PASS] seq=crv_seq_5                      cyc=147 op=BK_RANDOM          pc=0x62383864 branch=1 jal=0 -> taken=0 valid=0 tgt=0xa3df2618
[PASS] seq=crv_seq_5                      cyc=148 op=BK_IDLE            pc=0x53d38a14 branch=0 jal=0 -> taken=0 valid=0 tgt=0x36065d6e
[PASS] seq=crv_seq_5                      cyc=149 op=BK_BACKWARD_BRANCH pc=0xba14e2e8 branch=1 jal=0 -> taken=1 valid=1 tgt=0x88eb5db8
[PASS] seq=crv_seq_5                      cyc=150 op=BK_BACKWARD_BRANCH pc=0x86ceb374 branch=1 jal=0 -> taken=1 valid=1 tgt=0x4a719e90
[PASS] seq=crv_seq_5                      cyc=151 op=BK_RANDOM          pc=0x4ecdfbf0 branch=0 jal=1 -> taken=0 valid=1 tgt=0x56b1f45a
[PASS] seq=crv_seq_5                      cyc=152 op=BK_JAL_AND_BRANCH  pc=0x4825275c branch=1 jal=1 -> taken=1 valid=1 tgt=0xc92385c4
[PASS] seq=crv_seq_5                      cyc=153 op=BK_BACKWARD_BRANCH pc=0xa9ec0354 branch=1 jal=0 -> taken=1 valid=1 tgt=0x7b2c0c98
[PASS] seq=crv_seq_5                      cyc=154 op=BK_RANDOM          pc=0x94402c94 branch=0 jal=1 -> taken=0 valid=1 tgt=0x13f6b318
[PASS] seq=crv_seq_5                      cyc=155 op=BK_RANDOM          pc=0x2e56245c branch=0 jal=0 -> taken=0 valid=0 tgt=0xfca8a83a
[PASS] seq=crv_seq_5                      cyc=156 op=BK_JAL_AND_BRANCH  pc=0x71587ec0 branch=1 jal=1 -> taken=1 valid=1 tgt=0xa84d010a
[PASS] seq=crv_seq_5                      cyc=157 op=BK_IDLE            pc=0xa45b2a88 branch=0 jal=0 -> taken=0 valid=0 tgt=0x2702f360
[PASS] seq=crv_seq_5                      cyc=158 op=BK_IDLE            pc=0x5c97e1a8 branch=0 jal=0 -> taken=0 valid=0 tgt=0xdbd07610
[PASS] seq=crv_seq_5                      cyc=159 op=BK_BACKWARD_BRANCH pc=0x2f2d6b18 branch=1 jal=0 -> taken=1 valid=1 tgt=0xb0de77c0
[PASS] seq=crv_seq_5                      cyc=160 op=BK_BACKWARD_BRANCH pc=0xed4db580 branch=1 jal=0 -> taken=1 valid=1 tgt=0xab3a3758
[PASS] seq=crv_seq_5                      cyc=161 op=BK_BACKWARD_BRANCH pc=0x293b3de0 branch=1 jal=0 -> taken=1 valid=1 tgt=0xdc781316
[PASS] seq=crv_seq_5                      cyc=162 op=BK_BACKWARD_BRANCH pc=0x546c6aa4 branch=1 jal=0 -> taken=1 valid=1 tgt=0xd97aa2f2
[PASS] seq=crv_seq_5                      cyc=163 op=BK_JAL_AND_BRANCH  pc=0x0a019974 branch=1 jal=1 -> taken=1 valid=1 tgt=0x42261e46
[PASS] seq=crv_seq_5                      cyc=164 op=BK_JAL             pc=0x95368e94 branch=0 jal=1 -> taken=0 valid=1 tgt=0xc9ff4de0
[PASS] seq=crv_seq_5                      cyc=165 op=BK_RANDOM          pc=0x78bc92c8 branch=0 jal=0 -> taken=0 valid=0 tgt=0x2953ea4a
[PASS] seq=crv_seq_5                      cyc=166 op=BK_RANDOM          pc=0xf5e58a34 branch=1 jal=0 -> taken=1 valid=1 tgt=0xa175a582
[PASS] seq=crv_seq_5                      cyc=167 op=BK_RANDOM          pc=0x26623870 branch=1 jal=0 -> taken=0 valid=0 tgt=0x766b5696
[PASS] seq=crv_seq_5                      cyc=168 op=BK_RANDOM          pc=0x2f9dd47c branch=1 jal=0 -> taken=0 valid=0 tgt=0x78240c70
[PASS] seq=crv_seq_5                      cyc=169 op=BK_RANDOM          pc=0x414f91e0 branch=0 jal=0 -> taken=0 valid=0 tgt=0x8172bee4
[PASS] seq=crv_seq_5                      cyc=170 op=BK_IDLE            pc=0x7726e4d4 branch=0 jal=0 -> taken=0 valid=0 tgt=0x59ca05c8
[PASS] seq=crv_seq_5                      cyc=171 op=BK_BACKWARD_BRANCH pc=0xe5e4f604 branch=1 jal=0 -> taken=1 valid=1 tgt=0xd39f2276
[PASS] seq=crv_seq_5                      cyc=172 op=BK_IDLE            pc=0x3c707fac branch=0 jal=0 -> taken=0 valid=0 tgt=0xe433b248
[PASS] seq=crv_seq_5                      cyc=173 op=BK_JAL_AND_BRANCH  pc=0x4f4ac220 branch=1 jal=1 -> taken=1 valid=1 tgt=0x808ca22c
[PASS] seq=crv_seq_5                      cyc=174 op=BK_BACKWARD_BRANCH pc=0x6c81ff68 branch=1 jal=0 -> taken=1 valid=1 tgt=0x0d8b5b3a
[PASS] seq=crv_seq_5                      cyc=175 op=BK_BACKWARD_BRANCH pc=0xfd715378 branch=1 jal=0 -> taken=1 valid=1 tgt=0xf3b6acca
[PASS] seq=crv_seq_5                      cyc=176 op=BK_RANDOM          pc=0x3c904634 branch=0 jal=1 -> taken=0 valid=1 tgt=0x8240d3d6
[PASS] seq=crv_seq_5                      cyc=177 op=BK_BACKWARD_BRANCH pc=0x45bcbc98 branch=1 jal=0 -> taken=1 valid=1 tgt=0x42dca160
[PASS] seq=crv_seq_5                      cyc=178 op=BK_BACKWARD_BRANCH pc=0x08cb30d8 branch=1 jal=0 -> taken=1 valid=1 tgt=0xc89528d6
[PASS] seq=crv_seq_5                      cyc=179 op=BK_BACKWARD_BRANCH pc=0xab6e196c branch=1 jal=0 -> taken=1 valid=1 tgt=0xa50073f4
[PASS] seq=crv_seq_5                      cyc=180 op=BK_JAL             pc=0xcefd71f0 branch=0 jal=1 -> taken=0 valid=1 tgt=0x345abea8
[PASS] seq=crv_seq_5                      cyc=181 op=BK_JAL             pc=0x6d3cfb2c branch=0 jal=1 -> taken=0 valid=1 tgt=0x498a1844
[PASS] seq=crv_seq_5                      cyc=182 op=BK_JAL             pc=0xd63ead6c branch=0 jal=1 -> taken=0 valid=1 tgt=0x6336617c
[PASS] seq=crv_seq_5                      cyc=183 op=BK_RANDOM          pc=0x611729d4 branch=1 jal=0 -> taken=1 valid=1 tgt=0x1caecbb6
[PASS] seq=crv_seq_5                      cyc=184 op=BK_RANDOM          pc=0x74c99e04 branch=0 jal=1 -> taken=0 valid=1 tgt=0x328bf040
[PASS] seq=crv_seq_5                      cyc=185 op=BK_BACKWARD_BRANCH pc=0xeb9bee34 branch=1 jal=0 -> taken=1 valid=1 tgt=0x7ab9ead4
[PASS] seq=crv_seq_5                      cyc=186 op=BK_BACKWARD_BRANCH pc=0x4b00004c branch=1 jal=0 -> taken=1 valid=1 tgt=0x2227da06
[PASS] seq=crv_seq_5                      cyc=187 op=BK_BACKWARD_BRANCH pc=0xeee7a388 branch=1 jal=0 -> taken=1 valid=1 tgt=0xae50100a
[PASS] seq=crv_seq_5                      cyc=188 op=BK_JAL_AND_BRANCH  pc=0xa0c6a754 branch=1 jal=1 -> taken=1 valid=1 tgt=0x70e626d8
[PASS] seq=crv_seq_5                      cyc=189 op=BK_RANDOM          pc=0xd3d70a84 branch=1 jal=1 -> taken=0 valid=1 tgt=0x45707808
[PASS] seq=crv_seq_5                      cyc=190 op=BK_FORWARD_BRANCH  pc=0x3c240c50 branch=1 jal=0 -> taken=0 valid=0 tgt=0x542e20dc
[PASS] seq=crv_seq_5                      cyc=191 op=BK_JAL_AND_BRANCH  pc=0xe277b744 branch=1 jal=1 -> taken=0 valid=1 tgt=0xaea5b0ac
[PASS] seq=crv_seq_5                      cyc=192 op=BK_FORWARD_BRANCH  pc=0x111c62e0 branch=1 jal=0 -> taken=0 valid=0 tgt=0x87703db8
[PASS] seq=crv_seq_5                      cyc=193 op=BK_JAL             pc=0x8e223c88 branch=0 jal=1 -> taken=0 valid=1 tgt=0x0cc1dcfc
[PASS] seq=crv_seq_5                      cyc=194 op=BK_RANDOM          pc=0xa57fc3b8 branch=1 jal=0 -> taken=0 valid=0 tgt=0x05118ec6
[PASS] seq=crv_seq_5                      cyc=195 op=BK_BACKWARD_BRANCH pc=0xaef83bd8 branch=1 jal=0 -> taken=1 valid=1 tgt=0x78e50268
[PASS] seq=crv_seq_5                      cyc=196 op=BK_RANDOM          pc=0xb0c5ee1c branch=0 jal=1 -> taken=0 valid=1 tgt=0x6228e39c
[PASS] seq=crv_seq_5                      cyc=197 op=BK_JAL             pc=0xaf9fc524 branch=0 jal=1 -> taken=0 valid=1 tgt=0x00d35750
[PASS] seq=crv_seq_5                      cyc=198 op=BK_JAL             pc=0x5df8fbb8 branch=0 jal=1 -> taken=0 valid=1 tgt=0xf6d9f872
[PASS] seq=crv_seq_5                      cyc=199 op=BK_FORWARD_BRANCH  pc=0x22a964b0 branch=1 jal=0 -> taken=0 valid=0 tgt=0x49c9c276
[PASS] seq=crv_seq_6                      cyc=0 op=BK_BACKWARD_BRANCH pc=0x1c82f960 branch=1 jal=0 -> taken=1 valid=1 tgt=0xc0f2ce38
[PASS] seq=crv_seq_6                      cyc=1 op=BK_RANDOM          pc=0x4fab9098 branch=1 jal=1 -> taken=0 valid=1 tgt=0x598579d6
[PASS] seq=crv_seq_6                      cyc=2 op=BK_IDLE            pc=0x53609f70 branch=0 jal=0 -> taken=0 valid=0 tgt=0x5fe75880
[PASS] seq=crv_seq_6                      cyc=3 op=BK_FORWARD_BRANCH  pc=0x2c05db64 branch=1 jal=0 -> taken=0 valid=0 tgt=0x521b6680
[PASS] seq=crv_seq_6                      cyc=4 op=BK_IDLE            pc=0x2ddfa160 branch=0 jal=0 -> taken=0 valid=0 tgt=0x80d014da
[PASS] seq=crv_seq_6                      cyc=5 op=BK_JAL             pc=0x915abd58 branch=0 jal=1 -> taken=0 valid=1 tgt=0x4547a62e
[PASS] seq=crv_seq_6                      cyc=6 op=BK_JAL_AND_BRANCH  pc=0x8af27400 branch=1 jal=1 -> taken=0 valid=1 tgt=0x9c2718aa
[PASS] seq=crv_seq_6                      cyc=7 op=BK_WRAPAROUND      pc=0x50fc0fe8 branch=0 jal=0 -> taken=0 valid=0 tgt=0xa395bffe
[PASS] seq=crv_seq_6                      cyc=8 op=BK_JAL             pc=0xe9ba9918 branch=0 jal=1 -> taken=0 valid=1 tgt=0x9218cdc4
[PASS] seq=crv_seq_6                      cyc=9 op=BK_BACKWARD_BRANCH pc=0x2762cfdc branch=1 jal=0 -> taken=1 valid=1 tgt=0xfcfb8368
[PASS] seq=crv_seq_6                      cyc=10 op=BK_RANDOM          pc=0x735d362c branch=1 jal=0 -> taken=0 valid=0 tgt=0xcef7c330
[PASS] seq=crv_seq_6                      cyc=11 op=BK_JAL             pc=0x0ab26988 branch=0 jal=1 -> taken=0 valid=1 tgt=0x7157c890
[PASS] seq=crv_seq_6                      cyc=12 op=BK_FORWARD_BRANCH  pc=0x98be2b1c branch=1 jal=0 -> taken=0 valid=0 tgt=0x093f7756
[PASS] seq=crv_seq_6                      cyc=13 op=BK_FORWARD_BRANCH  pc=0xee3a4a00 branch=1 jal=0 -> taken=0 valid=0 tgt=0x1a07815c
[PASS] seq=crv_seq_6                      cyc=14 op=BK_FORWARD_BRANCH  pc=0x7def7e7c branch=1 jal=0 -> taken=0 valid=0 tgt=0xbb03aad2
[PASS] seq=crv_seq_6                      cyc=15 op=BK_RANDOM          pc=0xe5181f38 branch=0 jal=0 -> taken=0 valid=0 tgt=0xe56b28fa
[PASS] seq=crv_seq_6                      cyc=16 op=BK_RANDOM          pc=0x4b9f7dd8 branch=1 jal=0 -> taken=1 valid=1 tgt=0x2381491e
[PASS] seq=crv_seq_6                      cyc=17 op=BK_FORWARD_BRANCH  pc=0x11f0be94 branch=1 jal=0 -> taken=0 valid=0 tgt=0x29c83d52
[PASS] seq=crv_seq_6                      cyc=18 op=BK_IDLE            pc=0x2ba7e9dc branch=0 jal=0 -> taken=0 valid=0 tgt=0xb507e958
[PASS] seq=crv_seq_6                      cyc=19 op=BK_JAL             pc=0x05ba77f0 branch=0 jal=1 -> taken=0 valid=1 tgt=0x0c292588
[PASS] seq=crv_seq_6                      cyc=20 op=BK_JAL_AND_BRANCH  pc=0x96248cd4 branch=1 jal=1 -> taken=0 valid=1 tgt=0xb0b9627a
[PASS] seq=crv_seq_6                      cyc=21 op=BK_JAL_AND_BRANCH  pc=0x69db549c branch=1 jal=1 -> taken=1 valid=1 tgt=0x949c6bbc
[PASS] seq=crv_seq_6                      cyc=22 op=BK_FORWARD_BRANCH  pc=0x9243d398 branch=1 jal=0 -> taken=0 valid=0 tgt=0xcbd25812
[PASS] seq=crv_seq_6                      cyc=23 op=BK_FORWARD_BRANCH  pc=0x169f09a4 branch=1 jal=0 -> taken=0 valid=0 tgt=0x1d31ea48
[PASS] seq=crv_seq_6                      cyc=24 op=BK_BACKWARD_BRANCH pc=0xfd70d848 branch=1 jal=0 -> taken=1 valid=1 tgt=0xdc002018
[PASS] seq=crv_seq_6                      cyc=25 op=BK_JAL_AND_BRANCH  pc=0x91d56f18 branch=1 jal=1 -> taken=0 valid=1 tgt=0xda1a6c8c
[PASS] seq=crv_seq_6                      cyc=26 op=BK_FORWARD_BRANCH  pc=0xd1866418 branch=1 jal=0 -> taken=0 valid=0 tgt=0xd72a55e8
[PASS] seq=crv_seq_6                      cyc=27 op=BK_JAL             pc=0xe30e8a68 branch=0 jal=1 -> taken=0 valid=1 tgt=0x4c28fd9a
[PASS] seq=crv_seq_6                      cyc=28 op=BK_IDLE            pc=0xd95680dc branch=0 jal=0 -> taken=0 valid=0 tgt=0xe6fddd4c
[PASS] seq=crv_seq_6                      cyc=29 op=BK_BACKWARD_BRANCH pc=0x2234b944 branch=1 jal=0 -> taken=1 valid=1 tgt=0xec812e24
[PASS] seq=crv_seq_6                      cyc=30 op=BK_FORWARD_BRANCH  pc=0x481a61fc branch=1 jal=0 -> taken=0 valid=0 tgt=0xad81f6f4
[PASS] seq=crv_seq_6                      cyc=31 op=BK_BACKWARD_BRANCH pc=0xca16b40c branch=1 jal=0 -> taken=1 valid=1 tgt=0xb0995914
[PASS] seq=crv_seq_6                      cyc=32 op=BK_WRAPAROUND      pc=0x195b25f4 branch=1 jal=0 -> taken=1 valid=1 tgt=0xfcbd2fe8
[PASS] seq=crv_seq_6                      cyc=33 op=BK_RANDOM          pc=0x16f85178 branch=1 jal=1 -> taken=1 valid=1 tgt=0x5487d958
[PASS] seq=crv_seq_6                      cyc=34 op=BK_JAL_AND_BRANCH  pc=0xa2cbc6bc branch=1 jal=1 -> taken=1 valid=1 tgt=0xf8558c7c
[PASS] seq=crv_seq_6                      cyc=35 op=BK_BACKWARD_BRANCH pc=0x8eea38a4 branch=1 jal=0 -> taken=1 valid=1 tgt=0x42bd7a58
[PASS] seq=crv_seq_6                      cyc=36 op=BK_RANDOM          pc=0x182dbc04 branch=0 jal=1 -> taken=0 valid=1 tgt=0xe51e9c62
[PASS] seq=crv_seq_6                      cyc=37 op=BK_IDLE            pc=0x38ce10c8 branch=0 jal=0 -> taken=0 valid=0 tgt=0x6a7775b8
[PASS] seq=crv_seq_6                      cyc=38 op=BK_BACKWARD_BRANCH pc=0x03b67648 branch=1 jal=0 -> taken=1 valid=1 tgt=0xf8148e8c
[PASS] seq=crv_seq_6                      cyc=39 op=BK_BACKWARD_BRANCH pc=0x3ab311b4 branch=1 jal=0 -> taken=1 valid=1 tgt=0x1570ad18
[PASS] seq=crv_seq_6                      cyc=40 op=BK_FORWARD_BRANCH  pc=0x73da6ff8 branch=1 jal=0 -> taken=0 valid=0 tgt=0x9b40e6b6
[PASS] seq=crv_seq_6                      cyc=41 op=BK_FORWARD_BRANCH  pc=0xcca83b94 branch=1 jal=0 -> taken=0 valid=0 tgt=0x413e6386
[PASS] seq=crv_seq_6                      cyc=42 op=BK_JAL_AND_BRANCH  pc=0x6b801908 branch=1 jal=1 -> taken=0 valid=1 tgt=0x08eb4ba0
[PASS] seq=crv_seq_6                      cyc=43 op=BK_RANDOM          pc=0xdd514be8 branch=1 jal=1 -> taken=1 valid=1 tgt=0x10ceb17a
[PASS] seq=crv_seq_6                      cyc=44 op=BK_JAL             pc=0x79cd5064 branch=0 jal=1 -> taken=0 valid=1 tgt=0x93cfe188
[PASS] seq=crv_seq_6                      cyc=45 op=BK_IDLE            pc=0x328ae960 branch=0 jal=0 -> taken=0 valid=0 tgt=0xffc7a1b2
[PASS] seq=crv_seq_6                      cyc=46 op=BK_RANDOM          pc=0xf7f27c00 branch=0 jal=0 -> taken=0 valid=0 tgt=0x06b9c5d4
[PASS] seq=crv_seq_6                      cyc=47 op=BK_WRAPAROUND      pc=0x478e5770 branch=1 jal=1 -> taken=0 valid=1 tgt=0x6d3980b2
[PASS] seq=crv_seq_6                      cyc=48 op=BK_FORWARD_BRANCH  pc=0xe789df98 branch=1 jal=0 -> taken=0 valid=0 tgt=0x0abaddb6
[PASS] seq=crv_seq_6                      cyc=49 op=BK_JAL             pc=0x5511ea1c branch=0 jal=1 -> taken=0 valid=1 tgt=0x77c63886
[PASS] seq=crv_seq_6                      cyc=50 op=BK_BACKWARD_BRANCH pc=0x8642322c branch=1 jal=0 -> taken=1 valid=1 tgt=0x4c9b0452
[PASS] seq=crv_seq_6                      cyc=51 op=BK_FORWARD_BRANCH  pc=0xc64c28e4 branch=1 jal=0 -> taken=0 valid=0 tgt=0x39a0e7b4
[PASS] seq=crv_seq_6                      cyc=52 op=BK_IDLE            pc=0x1eaa7c94 branch=0 jal=0 -> taken=0 valid=0 tgt=0xaa5a3796
[PASS] seq=crv_seq_6                      cyc=53 op=BK_FORWARD_BRANCH  pc=0x287f6218 branch=1 jal=0 -> taken=0 valid=0 tgt=0x4aeb1696
[PASS] seq=crv_seq_6                      cyc=54 op=BK_FORWARD_BRANCH  pc=0x3ff0be9c branch=1 jal=0 -> taken=0 valid=0 tgt=0x99e7ead2
[PASS] seq=crv_seq_6                      cyc=55 op=BK_RANDOM          pc=0xa4c9141c branch=0 jal=1 -> taken=0 valid=1 tgt=0x57f0ca0e
[PASS] seq=crv_seq_6                      cyc=56 op=BK_FORWARD_BRANCH  pc=0x7ac6d460 branch=1 jal=0 -> taken=0 valid=0 tgt=0xb28e47b4
[PASS] seq=crv_seq_6                      cyc=57 op=BK_FORWARD_BRANCH  pc=0x5e526cd4 branch=1 jal=0 -> taken=0 valid=0 tgt=0x74077a20
[PASS] seq=crv_seq_6                      cyc=58 op=BK_FORWARD_BRANCH  pc=0x4bf16340 branch=1 jal=0 -> taken=0 valid=0 tgt=0x7630a668
[PASS] seq=crv_seq_6                      cyc=59 op=BK_RANDOM          pc=0x4a36f618 branch=0 jal=1 -> taken=0 valid=1 tgt=0x75bcc6c0
[PASS] seq=crv_seq_6                      cyc=60 op=BK_FORWARD_BRANCH  pc=0xbdc540cc branch=1 jal=0 -> taken=0 valid=0 tgt=0x304b8d06
[PASS] seq=crv_seq_6                      cyc=61 op=BK_FORWARD_BRANCH  pc=0xc2138270 branch=1 jal=0 -> taken=0 valid=0 tgt=0xd49ab540
[PASS] seq=crv_seq_6                      cyc=62 op=BK_JAL             pc=0xa663c040 branch=0 jal=1 -> taken=0 valid=1 tgt=0x4153bb6c
[PASS] seq=crv_seq_6                      cyc=63 op=BK_WRAPAROUND      pc=0x2ac39c38 branch=1 jal=1 -> taken=1 valid=1 tgt=0x1204e948
[PASS] seq=crv_seq_6                      cyc=64 op=BK_FORWARD_BRANCH  pc=0xc6fea730 branch=1 jal=0 -> taken=0 valid=0 tgt=0x1019b158
[PASS] seq=crv_seq_6                      cyc=65 op=BK_FORWARD_BRANCH  pc=0xf07b136c branch=1 jal=0 -> taken=0 valid=0 tgt=0x07105b10
[PASS] seq=crv_seq_6                      cyc=66 op=BK_JAL             pc=0x5b794d88 branch=0 jal=1 -> taken=0 valid=1 tgt=0xde803c24
[PASS] seq=crv_seq_6                      cyc=67 op=BK_FORWARD_BRANCH  pc=0x85551e5c branch=1 jal=0 -> taken=0 valid=0 tgt=0xf4747cf4
[PASS] seq=crv_seq_6                      cyc=68 op=BK_RANDOM          pc=0x1a0523c8 branch=1 jal=1 -> taken=1 valid=1 tgt=0x754fca3a
[PASS] seq=crv_seq_6                      cyc=69 op=BK_FORWARD_BRANCH  pc=0x61573538 branch=1 jal=0 -> taken=0 valid=0 tgt=0x8fd332ba
[PASS] seq=crv_seq_6                      cyc=70 op=BK_FORWARD_BRANCH  pc=0xc40b3f14 branch=1 jal=0 -> taken=0 valid=0 tgt=0xd173edbe
[PASS] seq=crv_seq_6                      cyc=71 op=BK_RANDOM          pc=0x11175d74 branch=0 jal=0 -> taken=0 valid=0 tgt=0x01327cc2
[PASS] seq=crv_seq_6                      cyc=72 op=BK_JAL             pc=0x3afe0c5c branch=0 jal=1 -> taken=0 valid=1 tgt=0xc734e194
[PASS] seq=crv_seq_6                      cyc=73 op=BK_IDLE            pc=0xa654b1fc branch=0 jal=0 -> taken=0 valid=0 tgt=0x770c123a
[PASS] seq=crv_seq_6                      cyc=74 op=BK_BACKWARD_BRANCH pc=0x394c50c8 branch=1 jal=0 -> taken=1 valid=1 tgt=0xfed5e1d2
[PASS] seq=crv_seq_6                      cyc=75 op=BK_JAL             pc=0x012c52fc branch=0 jal=1 -> taken=0 valid=1 tgt=0x998672da
[PASS] seq=crv_seq_6                      cyc=76 op=BK_RANDOM          pc=0x0031aa60 branch=0 jal=1 -> taken=0 valid=1 tgt=0xe03d0ff0
[PASS] seq=crv_seq_6                      cyc=77 op=BK_JAL             pc=0xbe801a24 branch=0 jal=1 -> taken=0 valid=1 tgt=0x025b6294
[PASS] seq=crv_seq_6                      cyc=78 op=BK_JAL             pc=0x82c31dd8 branch=0 jal=1 -> taken=0 valid=1 tgt=0xad163db2
[PASS] seq=crv_seq_6                      cyc=79 op=BK_JAL_AND_BRANCH  pc=0x4fde746c branch=1 jal=1 -> taken=0 valid=1 tgt=0x33af776c
[PASS] seq=crv_seq_6                      cyc=80 op=BK_JAL_AND_BRANCH  pc=0xeab97a78 branch=1 jal=1 -> taken=1 valid=1 tgt=0x57bfb93c
[PASS] seq=crv_seq_6                      cyc=81 op=BK_FORWARD_BRANCH  pc=0xcf6c4eb8 branch=1 jal=0 -> taken=0 valid=0 tgt=0x14523934
[PASS] seq=crv_seq_6                      cyc=82 op=BK_FORWARD_BRANCH  pc=0x1896b964 branch=1 jal=0 -> taken=0 valid=0 tgt=0x4ca91fde
[PASS] seq=crv_seq_6                      cyc=83 op=BK_IDLE            pc=0xb6981df4 branch=0 jal=0 -> taken=0 valid=0 tgt=0xfb304478
[PASS] seq=crv_seq_6                      cyc=84 op=BK_FORWARD_BRANCH  pc=0x506f51b0 branch=1 jal=0 -> taken=0 valid=0 tgt=0x6ca39458
[PASS] seq=crv_seq_6                      cyc=85 op=BK_BACKWARD_BRANCH pc=0xf8a4f768 branch=1 jal=0 -> taken=1 valid=1 tgt=0x958256ce
[PASS] seq=crv_seq_6                      cyc=86 op=BK_FORWARD_BRANCH  pc=0xbd53be7c branch=1 jal=0 -> taken=0 valid=0 tgt=0x0d7dce12
[PASS] seq=crv_seq_6                      cyc=87 op=BK_BACKWARD_BRANCH pc=0xbb7007d0 branch=1 jal=0 -> taken=1 valid=1 tgt=0x5de459d0
[PASS] seq=crv_seq_6                      cyc=88 op=BK_IDLE            pc=0x5132e788 branch=0 jal=0 -> taken=0 valid=0 tgt=0x355c2b10
[PASS] seq=crv_seq_6                      cyc=89 op=BK_JAL_AND_BRANCH  pc=0x3c47587c branch=1 jal=1 -> taken=1 valid=1 tgt=0x9773df9e
[PASS] seq=crv_seq_6                      cyc=90 op=BK_FORWARD_BRANCH  pc=0xf42756c4 branch=1 jal=0 -> taken=0 valid=0 tgt=0x1a7cb034
[PASS] seq=crv_seq_6                      cyc=91 op=BK_BACKWARD_BRANCH pc=0x781bdae4 branch=1 jal=0 -> taken=1 valid=1 tgt=0x0594fe48
[PASS] seq=crv_seq_6                      cyc=92 op=BK_JAL             pc=0x718fed7c branch=0 jal=1 -> taken=0 valid=1 tgt=0x1d438fec
[PASS] seq=crv_seq_6                      cyc=93 op=BK_FORWARD_BRANCH  pc=0xe38917e4 branch=1 jal=0 -> taken=0 valid=0 tgt=0x14f649b8
[PASS] seq=crv_seq_6                      cyc=94 op=BK_BACKWARD_BRANCH pc=0x15ddac38 branch=1 jal=0 -> taken=1 valid=1 tgt=0x9a87eb64
[PASS] seq=crv_seq_6                      cyc=95 op=BK_JAL             pc=0x12fbcef8 branch=0 jal=1 -> taken=0 valid=1 tgt=0xf4815766
[PASS] seq=crv_seq_6                      cyc=96 op=BK_RANDOM          pc=0xf142399c branch=0 jal=0 -> taken=0 valid=0 tgt=0x986e8a4a
[PASS] seq=crv_seq_6                      cyc=97 op=BK_RANDOM          pc=0x9f0740ac branch=0 jal=1 -> taken=0 valid=1 tgt=0xa59a9d32
[PASS] seq=crv_seq_6                      cyc=98 op=BK_FORWARD_BRANCH  pc=0x1ffcf774 branch=1 jal=0 -> taken=0 valid=0 tgt=0x92ad3694
[PASS] seq=crv_seq_6                      cyc=99 op=BK_JAL             pc=0x5baa5b10 branch=0 jal=1 -> taken=0 valid=1 tgt=0x16effc96
[PASS] seq=crv_seq_6                      cyc=100 op=BK_JAL_AND_BRANCH  pc=0x08036720 branch=1 jal=1 -> taken=1 valid=1 tgt=0xcd1cabb2
[PASS] seq=crv_seq_6                      cyc=101 op=BK_JAL             pc=0x91e09578 branch=0 jal=1 -> taken=0 valid=1 tgt=0x61bef4fa
[PASS] seq=crv_seq_6                      cyc=102 op=BK_JAL_AND_BRANCH  pc=0xf5224d6c branch=1 jal=1 -> taken=1 valid=1 tgt=0x3f522e5e
[PASS] seq=crv_seq_6                      cyc=103 op=BK_JAL_AND_BRANCH  pc=0xcdcb6a8c branch=1 jal=1 -> taken=1 valid=1 tgt=0x38fe492a
[PASS] seq=crv_seq_6                      cyc=104 op=BK_BACKWARD_BRANCH pc=0xb454c4d8 branch=1 jal=0 -> taken=1 valid=1 tgt=0xa867f2fc
[PASS] seq=crv_seq_6                      cyc=105 op=BK_RANDOM          pc=0xe768e084 branch=1 jal=1 -> taken=1 valid=1 tgt=0xf2c5c1b0
[PASS] seq=crv_seq_6                      cyc=106 op=BK_IDLE            pc=0xe8542208 branch=0 jal=0 -> taken=0 valid=0 tgt=0x51b0a768
[PASS] seq=crv_seq_6                      cyc=107 op=BK_BACKWARD_BRANCH pc=0x67717c08 branch=1 jal=0 -> taken=1 valid=1 tgt=0x39aa918e
[PASS] seq=crv_seq_6                      cyc=108 op=BK_JAL_AND_BRANCH  pc=0xea131140 branch=1 jal=1 -> taken=0 valid=1 tgt=0x0187e416
[PASS] seq=crv_seq_6                      cyc=109 op=BK_BACKWARD_BRANCH pc=0xc3737214 branch=1 jal=0 -> taken=1 valid=1 tgt=0xb5e250ec
[PASS] seq=crv_seq_6                      cyc=110 op=BK_FORWARD_BRANCH  pc=0xf5ddbb80 branch=1 jal=0 -> taken=0 valid=0 tgt=0x5f7d6c9e
[PASS] seq=crv_seq_6                      cyc=111 op=BK_IDLE            pc=0x59778a78 branch=0 jal=0 -> taken=0 valid=0 tgt=0xa6157444
[PASS] seq=crv_seq_6                      cyc=112 op=BK_WRAPAROUND      pc=0xe0832e04 branch=0 jal=1 -> taken=0 valid=1 tgt=0xe1d668b8
[PASS] seq=crv_seq_6                      cyc=113 op=BK_RANDOM          pc=0xa9b8a6e8 branch=0 jal=0 -> taken=0 valid=0 tgt=0xc38ed4f4
[PASS] seq=crv_seq_6                      cyc=114 op=BK_BACKWARD_BRANCH pc=0x70716680 branch=1 jal=0 -> taken=1 valid=1 tgt=0xf0745fc2
[PASS] seq=crv_seq_6                      cyc=115 op=BK_RANDOM          pc=0x6f1fdf0c branch=1 jal=1 -> taken=0 valid=1 tgt=0x18f0baaa
[PASS] seq=crv_seq_6                      cyc=116 op=BK_RANDOM          pc=0x7b2cdc14 branch=0 jal=1 -> taken=0 valid=1 tgt=0x65d7ffb0
[PASS] seq=crv_seq_6                      cyc=117 op=BK_FORWARD_BRANCH  pc=0x286c4e10 branch=1 jal=0 -> taken=0 valid=0 tgt=0x7ced7fea
[PASS] seq=crv_seq_6                      cyc=118 op=BK_BACKWARD_BRANCH pc=0xc15af368 branch=1 jal=0 -> taken=1 valid=1 tgt=0x727a3632
[PASS] seq=crv_seq_6                      cyc=119 op=BK_FORWARD_BRANCH  pc=0x806965a0 branch=1 jal=0 -> taken=0 valid=0 tgt=0xcb7ec022
[PASS] seq=crv_seq_6                      cyc=120 op=BK_JAL_AND_BRANCH  pc=0xf0d8ed10 branch=1 jal=1 -> taken=0 valid=1 tgt=0x2c0c08fe
[PASS] seq=crv_seq_6                      cyc=121 op=BK_JAL             pc=0xade4e3b4 branch=0 jal=1 -> taken=0 valid=1 tgt=0x7a191f1a
[PASS] seq=crv_seq_6                      cyc=122 op=BK_FORWARD_BRANCH  pc=0x0bde29a0 branch=1 jal=0 -> taken=0 valid=0 tgt=0x7d657b66
[PASS] seq=crv_seq_6                      cyc=123 op=BK_BACKWARD_BRANCH pc=0x920f26d8 branch=1 jal=0 -> taken=1 valid=1 tgt=0x6738e702
[PASS] seq=crv_seq_6                      cyc=124 op=BK_RANDOM          pc=0x08166fd0 branch=0 jal=1 -> taken=0 valid=1 tgt=0x4a64ba3a
[PASS] seq=crv_seq_6                      cyc=125 op=BK_RANDOM          pc=0x8254c1dc branch=0 jal=1 -> taken=0 valid=1 tgt=0x06b4fdfe
[PASS] seq=crv_seq_6                      cyc=126 op=BK_RANDOM          pc=0xf24d756c branch=0 jal=1 -> taken=0 valid=1 tgt=0x9ef43226
[PASS] seq=crv_seq_6                      cyc=127 op=BK_FORWARD_BRANCH  pc=0x78ce2734 branch=1 jal=0 -> taken=0 valid=0 tgt=0xcf33b70e
[PASS] seq=crv_seq_6                      cyc=128 op=BK_JAL             pc=0x923fe650 branch=0 jal=1 -> taken=0 valid=1 tgt=0x6f8d8ed8
[PASS] seq=crv_seq_6                      cyc=129 op=BK_JAL             pc=0xb182a75c branch=0 jal=1 -> taken=0 valid=1 tgt=0x4e2de410
[PASS] seq=crv_seq_6                      cyc=130 op=BK_JAL             pc=0x6aae8428 branch=0 jal=1 -> taken=0 valid=1 tgt=0x79076906
[PASS] seq=crv_seq_6                      cyc=131 op=BK_JAL_AND_BRANCH  pc=0x911cb684 branch=1 jal=1 -> taken=0 valid=1 tgt=0x8286f1ae
[PASS] seq=crv_seq_6                      cyc=132 op=BK_IDLE            pc=0x5f7bf994 branch=0 jal=0 -> taken=0 valid=0 tgt=0xb0362fcc
[PASS] seq=crv_seq_6                      cyc=133 op=BK_WRAPAROUND      pc=0xae1fd5d8 branch=1 jal=0 -> taken=0 valid=0 tgt=0xf349f310
[PASS] seq=crv_seq_6                      cyc=134 op=BK_JAL_AND_BRANCH  pc=0xf99b45c8 branch=1 jal=1 -> taken=0 valid=1 tgt=0x54404cd4
[PASS] seq=crv_seq_6                      cyc=135 op=BK_FORWARD_BRANCH  pc=0x284a16b8 branch=1 jal=0 -> taken=0 valid=0 tgt=0x72eab748
[PASS] seq=crv_seq_6                      cyc=136 op=BK_RANDOM          pc=0xafefe0d8 branch=0 jal=1 -> taken=0 valid=1 tgt=0xd407f6b2
[PASS] seq=crv_seq_6                      cyc=137 op=BK_JAL_AND_BRANCH  pc=0x50134db8 branch=1 jal=1 -> taken=1 valid=1 tgt=0x36b7dbd4
[PASS] seq=crv_seq_6                      cyc=138 op=BK_RANDOM          pc=0x645e5904 branch=0 jal=1 -> taken=0 valid=1 tgt=0x231eec3e
[PASS] seq=crv_seq_6                      cyc=139 op=BK_BACKWARD_BRANCH pc=0x72ca7a28 branch=1 jal=0 -> taken=1 valid=1 tgt=0x0176a910
[PASS] seq=crv_seq_6                      cyc=140 op=BK_BACKWARD_BRANCH pc=0x8b0b7f14 branch=1 jal=0 -> taken=1 valid=1 tgt=0x82efa9f2
[PASS] seq=crv_seq_6                      cyc=141 op=BK_BACKWARD_BRANCH pc=0xa329e0ac branch=1 jal=0 -> taken=1 valid=1 tgt=0x7f697676
[PASS] seq=crv_seq_6                      cyc=142 op=BK_IDLE            pc=0x7e9ce6e8 branch=0 jal=0 -> taken=0 valid=0 tgt=0x72cd2f30
[PASS] seq=crv_seq_6                      cyc=143 op=BK_JAL_AND_BRANCH  pc=0xb33bdfd4 branch=1 jal=1 -> taken=1 valid=1 tgt=0xc0784d56
[PASS] seq=crv_seq_6                      cyc=144 op=BK_FORWARD_BRANCH  pc=0xd1ed0d1c branch=1 jal=0 -> taken=0 valid=0 tgt=0x31086ece
[PASS] seq=crv_seq_6                      cyc=145 op=BK_RANDOM          pc=0xb0ff30d4 branch=1 jal=0 -> taken=0 valid=0 tgt=0xcd2b939e
[PASS] seq=crv_seq_6                      cyc=146 op=BK_RANDOM          pc=0x82321ba0 branch=1 jal=0 -> taken=0 valid=0 tgt=0xffa64d86
[PASS] seq=crv_seq_6                      cyc=147 op=BK_JAL             pc=0x6e1dd8f8 branch=0 jal=1 -> taken=0 valid=1 tgt=0xd30ef694
[PASS] seq=crv_seq_6                      cyc=148 op=BK_JAL_AND_BRANCH  pc=0x9ab25a7c branch=1 jal=1 -> taken=0 valid=1 tgt=0x411bb3e2
[PASS] seq=crv_seq_6                      cyc=149 op=BK_IDLE            pc=0xe98d94c0 branch=0 jal=0 -> taken=0 valid=0 tgt=0xac86e3f0
[PASS] seq=crv_seq_6                      cyc=150 op=BK_JAL_AND_BRANCH  pc=0x113f6664 branch=1 jal=1 -> taken=0 valid=1 tgt=0xeb2ef24a
[PASS] seq=crv_seq_6                      cyc=151 op=BK_JAL_AND_BRANCH  pc=0xfa4957b4 branch=1 jal=1 -> taken=0 valid=1 tgt=0x56e9a2c4
[PASS] seq=crv_seq_6                      cyc=152 op=BK_BACKWARD_BRANCH pc=0x529f28ec branch=1 jal=0 -> taken=1 valid=1 tgt=0xddf308d0
[PASS] seq=crv_seq_6                      cyc=153 op=BK_JAL_AND_BRANCH  pc=0x64efb284 branch=1 jal=1 -> taken=1 valid=1 tgt=0x2ab1b47e
[PASS] seq=crv_seq_6                      cyc=154 op=BK_IDLE            pc=0x88cecb80 branch=0 jal=0 -> taken=0 valid=0 tgt=0xff69f5d0
[PASS] seq=crv_seq_6                      cyc=155 op=BK_FORWARD_BRANCH  pc=0x1d69d17c branch=1 jal=0 -> taken=0 valid=0 tgt=0x208a4804
[PASS] seq=crv_seq_6                      cyc=156 op=BK_FORWARD_BRANCH  pc=0x9ae8b2f8 branch=1 jal=0 -> taken=0 valid=0 tgt=0xcf23bcec
[PASS] seq=crv_seq_6                      cyc=157 op=BK_BACKWARD_BRANCH pc=0x5ab117c0 branch=1 jal=0 -> taken=1 valid=1 tgt=0x2d5f350e
[PASS] seq=crv_seq_6                      cyc=158 op=BK_JAL_AND_BRANCH  pc=0x56ce2320 branch=1 jal=1 -> taken=0 valid=1 tgt=0x990ce11a
[PASS] seq=crv_seq_6                      cyc=159 op=BK_WRAPAROUND      pc=0xa1108214 branch=0 jal=1 -> taken=0 valid=1 tgt=0x7215c48c
[PASS] seq=crv_seq_6                      cyc=160 op=BK_FORWARD_BRANCH  pc=0x1f397058 branch=1 jal=0 -> taken=0 valid=0 tgt=0x6982325a
[PASS] seq=crv_seq_6                      cyc=161 op=BK_RANDOM          pc=0xb8861748 branch=0 jal=0 -> taken=0 valid=0 tgt=0x896226e6
[PASS] seq=crv_seq_6                      cyc=162 op=BK_JAL             pc=0x7cd38cf4 branch=0 jal=1 -> taken=0 valid=1 tgt=0x3e0ca10e
[PASS] seq=crv_seq_6                      cyc=163 op=BK_FORWARD_BRANCH  pc=0xf9b0bdf8 branch=1 jal=0 -> taken=0 valid=0 tgt=0x0bdf7ccc
[PASS] seq=crv_seq_6                      cyc=164 op=BK_BACKWARD_BRANCH pc=0x188c70e8 branch=1 jal=0 -> taken=1 valid=1 tgt=0xe7625112
[PASS] seq=crv_seq_6                      cyc=165 op=BK_RANDOM          pc=0x9f35f7c4 branch=1 jal=1 -> taken=1 valid=1 tgt=0x7f265cae
[PASS] seq=crv_seq_6                      cyc=166 op=BK_IDLE            pc=0xb57b9534 branch=0 jal=0 -> taken=0 valid=0 tgt=0xaa5a11e4
[PASS] seq=crv_seq_6                      cyc=167 op=BK_BACKWARD_BRANCH pc=0x4d116254 branch=1 jal=0 -> taken=1 valid=1 tgt=0x2f311568
[PASS] seq=crv_seq_6                      cyc=168 op=BK_JAL_AND_BRANCH  pc=0xfd6adac8 branch=1 jal=1 -> taken=0 valid=1 tgt=0x80b6936c
[PASS] seq=crv_seq_6                      cyc=169 op=BK_FORWARD_BRANCH  pc=0xe46f146c branch=1 jal=0 -> taken=0 valid=0 tgt=0x45663c2e
[PASS] seq=crv_seq_6                      cyc=170 op=BK_JAL             pc=0xa0a7178c branch=0 jal=1 -> taken=0 valid=1 tgt=0x56f2685a
[PASS] seq=crv_seq_6                      cyc=171 op=BK_JAL_AND_BRANCH  pc=0xe121818c branch=1 jal=1 -> taken=0 valid=1 tgt=0xa710c356
[PASS] seq=crv_seq_6                      cyc=172 op=BK_JAL             pc=0x32e823e4 branch=0 jal=1 -> taken=0 valid=1 tgt=0xcbe91472
[PASS] seq=crv_seq_6                      cyc=173 op=BK_IDLE            pc=0x8c8643f8 branch=0 jal=0 -> taken=0 valid=0 tgt=0x5d7f031a
[PASS] seq=crv_seq_6                      cyc=174 op=BK_RANDOM          pc=0x003fb1b8 branch=0 jal=0 -> taken=0 valid=0 tgt=0x9076522a
[PASS] seq=crv_seq_6                      cyc=175 op=BK_RANDOM          pc=0x79ead600 branch=0 jal=0 -> taken=0 valid=0 tgt=0x91d203e4
[PASS] seq=crv_seq_6                      cyc=176 op=BK_RANDOM          pc=0xee400bc4 branch=0 jal=1 -> taken=0 valid=1 tgt=0xb5179020
[PASS] seq=crv_seq_6                      cyc=177 op=BK_FORWARD_BRANCH  pc=0x9490b140 branch=1 jal=0 -> taken=0 valid=0 tgt=0xd9dc62b0
[PASS] seq=crv_seq_6                      cyc=178 op=BK_JAL_AND_BRANCH  pc=0x41f1bcc4 branch=1 jal=1 -> taken=0 valid=1 tgt=0x3ca53ba2
[PASS] seq=crv_seq_6                      cyc=179 op=BK_RANDOM          pc=0x20fa2880 branch=1 jal=1 -> taken=0 valid=1 tgt=0x5beea928
[PASS] seq=crv_seq_6                      cyc=180 op=BK_FORWARD_BRANCH  pc=0x408a20b0 branch=1 jal=0 -> taken=0 valid=0 tgt=0x79a28cdc
[PASS] seq=crv_seq_6                      cyc=181 op=BK_IDLE            pc=0x85fb22c0 branch=0 jal=0 -> taken=0 valid=0 tgt=0x00f3feee
[PASS] seq=crv_seq_6                      cyc=182 op=BK_JAL             pc=0xd101b4c8 branch=0 jal=1 -> taken=0 valid=1 tgt=0x20a79970
[PASS] seq=crv_seq_6                      cyc=183 op=BK_FORWARD_BRANCH  pc=0x4480f58c branch=1 jal=0 -> taken=0 valid=0 tgt=0x6b05d85e
[PASS] seq=crv_seq_6                      cyc=184 op=BK_RANDOM          pc=0x846b9d20 branch=1 jal=0 -> taken=0 valid=0 tgt=0xb9fe7628
[PASS] seq=crv_seq_6                      cyc=185 op=BK_FORWARD_BRANCH  pc=0xe30d7534 branch=1 jal=0 -> taken=0 valid=0 tgt=0x45a4b9b0
[PASS] seq=crv_seq_6                      cyc=186 op=BK_FORWARD_BRANCH  pc=0x179fb424 branch=1 jal=0 -> taken=0 valid=0 tgt=0x8ccdaf74
[PASS] seq=crv_seq_6                      cyc=187 op=BK_BACKWARD_BRANCH pc=0x6aaac420 branch=1 jal=0 -> taken=1 valid=1 tgt=0xfc65dace
[PASS] seq=crv_seq_6                      cyc=188 op=BK_JAL_AND_BRANCH  pc=0x28298664 branch=1 jal=1 -> taken=0 valid=1 tgt=0x1922097c
[PASS] seq=crv_seq_6                      cyc=189 op=BK_BACKWARD_BRANCH pc=0xebdcdc34 branch=1 jal=0 -> taken=1 valid=1 tgt=0xcfc59200
[PASS] seq=crv_seq_6                      cyc=190 op=BK_FORWARD_BRANCH  pc=0x07a8f7f4 branch=1 jal=0 -> taken=0 valid=0 tgt=0x2076e5d4
[PASS] seq=crv_seq_6                      cyc=191 op=BK_JAL             pc=0xc26f87e8 branch=0 jal=1 -> taken=0 valid=1 tgt=0x21a57560
[PASS] seq=crv_seq_6                      cyc=192 op=BK_BACKWARD_BRANCH pc=0xa22d27b0 branch=1 jal=0 -> taken=1 valid=1 tgt=0x3ec40a22
[PASS] seq=crv_seq_6                      cyc=193 op=BK_RANDOM          pc=0x2e003674 branch=1 jal=1 -> taken=0 valid=1 tgt=0x92aad34e
[PASS] seq=crv_seq_6                      cyc=194 op=BK_IDLE            pc=0x5863d46c branch=0 jal=0 -> taken=0 valid=0 tgt=0xe13ba328
[PASS] seq=crv_seq_6                      cyc=195 op=BK_FORWARD_BRANCH  pc=0x5643da88 branch=1 jal=0 -> taken=0 valid=0 tgt=0x8d2cd7d2
[PASS] seq=crv_seq_6                      cyc=196 op=BK_RANDOM          pc=0x3c30f500 branch=0 jal=0 -> taken=0 valid=0 tgt=0x38f04d6c
[PASS] seq=crv_seq_6                      cyc=197 op=BK_WRAPAROUND      pc=0x7ae4aa3c branch=0 jal=0 -> taken=0 valid=0 tgt=0xbfda282c
[PASS] seq=crv_seq_6                      cyc=198 op=BK_BACKWARD_BRANCH pc=0x4d5c8670 branch=1 jal=0 -> taken=1 valid=1 tgt=0x46546266
[PASS] seq=crv_seq_6                      cyc=199 op=BK_BACKWARD_BRANCH pc=0x581fa134 branch=1 jal=0 -> taken=1 valid=1 tgt=0x5548e436
[PASS] seq=crv_seq_7                      cyc=0 op=BK_FORWARD_BRANCH  pc=0xdb8f76c0 branch=1 jal=0 -> taken=0 valid=0 tgt=0xff4af8f6
[PASS] seq=crv_seq_7                      cyc=1 op=BK_JAL_AND_BRANCH  pc=0xef8b3abc branch=1 jal=1 -> taken=0 valid=1 tgt=0xabe38712
[PASS] seq=crv_seq_7                      cyc=2 op=BK_RANDOM          pc=0x710a7414 branch=1 jal=1 -> taken=1 valid=1 tgt=0xda54ad30
[PASS] seq=crv_seq_7                      cyc=3 op=BK_BACKWARD_BRANCH pc=0x0ffe219c branch=1 jal=0 -> taken=1 valid=1 tgt=0xa428fff8
[PASS] seq=crv_seq_7                      cyc=4 op=BK_JAL             pc=0xa9ca146c branch=0 jal=1 -> taken=0 valid=1 tgt=0xdf23d1c4
[PASS] seq=crv_seq_7                      cyc=5 op=BK_RANDOM          pc=0xf1236870 branch=1 jal=0 -> taken=1 valid=1 tgt=0x98b069ee
[PASS] seq=crv_seq_7                      cyc=6 op=BK_BACKWARD_BRANCH pc=0x3f2d7b14 branch=1 jal=0 -> taken=1 valid=1 tgt=0x0965c4f8
[PASS] seq=crv_seq_7                      cyc=7 op=BK_BACKWARD_BRANCH pc=0xc62045c8 branch=1 jal=0 -> taken=1 valid=1 tgt=0x6fb180d6
[PASS] seq=crv_seq_7                      cyc=8 op=BK_RANDOM          pc=0x63f7fd34 branch=0 jal=1 -> taken=0 valid=1 tgt=0x437cac30
[PASS] seq=crv_seq_7                      cyc=9 op=BK_FORWARD_BRANCH  pc=0x30a465b0 branch=1 jal=0 -> taken=0 valid=0 tgt=0xaa092f2c
[PASS] seq=crv_seq_7                      cyc=10 op=BK_JAL             pc=0x44b781b8 branch=0 jal=1 -> taken=0 valid=1 tgt=0x89594ece
[PASS] seq=crv_seq_7                      cyc=11 op=BK_FORWARD_BRANCH  pc=0x24daeeb4 branch=1 jal=0 -> taken=0 valid=0 tgt=0x39509058
[PASS] seq=crv_seq_7                      cyc=12 op=BK_BACKWARD_BRANCH pc=0xf7181908 branch=1 jal=0 -> taken=1 valid=1 tgt=0xc83b4e9c
[PASS] seq=crv_seq_7                      cyc=13 op=BK_RANDOM          pc=0x0e1ed754 branch=1 jal=1 -> taken=0 valid=1 tgt=0x771abe7c
[PASS] seq=crv_seq_7                      cyc=14 op=BK_IDLE            pc=0xf30aac28 branch=0 jal=0 -> taken=0 valid=0 tgt=0xf4fa48fe
[PASS] seq=crv_seq_7                      cyc=15 op=BK_FORWARD_BRANCH  pc=0xba0b4ef4 branch=1 jal=0 -> taken=0 valid=0 tgt=0xc0b10808
[PASS] seq=crv_seq_7                      cyc=16 op=BK_BACKWARD_BRANCH pc=0x805c937c branch=1 jal=0 -> taken=1 valid=1 tgt=0x79921612
[PASS] seq=crv_seq_7                      cyc=17 op=BK_FORWARD_BRANCH  pc=0xe0bc6f14 branch=1 jal=0 -> taken=0 valid=0 tgt=0xe6b6d252
[PASS] seq=crv_seq_7                      cyc=18 op=BK_FORWARD_BRANCH  pc=0x53d035d4 branch=1 jal=0 -> taken=0 valid=0 tgt=0xaf271864
[PASS] seq=crv_seq_7                      cyc=19 op=BK_JAL             pc=0x119cbbbc branch=0 jal=1 -> taken=0 valid=1 tgt=0x2e900f54
[PASS] seq=crv_seq_7                      cyc=20 op=BK_BACKWARD_BRANCH pc=0x9d5f5680 branch=1 jal=0 -> taken=1 valid=1 tgt=0x4069f588
[PASS] seq=crv_seq_7                      cyc=21 op=BK_RANDOM          pc=0x87971c24 branch=0 jal=0 -> taken=0 valid=0 tgt=0x79dcbdac
[PASS] seq=crv_seq_7                      cyc=22 op=BK_RANDOM          pc=0x370e2904 branch=1 jal=1 -> taken=1 valid=1 tgt=0x3891afa4
[PASS] seq=crv_seq_7                      cyc=23 op=BK_BACKWARD_BRANCH pc=0xe14152f4 branch=1 jal=0 -> taken=1 valid=1 tgt=0xb641f3c4
[PASS] seq=crv_seq_7                      cyc=24 op=BK_JAL             pc=0xcb0fd74c branch=0 jal=1 -> taken=0 valid=1 tgt=0xa6c7946c
[PASS] seq=crv_seq_7                      cyc=25 op=BK_WRAPAROUND      pc=0x39d877a8 branch=1 jal=0 -> taken=1 valid=1 tgt=0x189a1ffc
[PASS] seq=crv_seq_7                      cyc=26 op=BK_RANDOM          pc=0x27c73634 branch=0 jal=1 -> taken=0 valid=1 tgt=0xc403bc5c
[PASS] seq=crv_seq_7                      cyc=27 op=BK_FORWARD_BRANCH  pc=0x1a8cd524 branch=1 jal=0 -> taken=0 valid=0 tgt=0x6e22ddf8
[PASS] seq=crv_seq_7                      cyc=28 op=BK_IDLE            pc=0x8fd64bac branch=0 jal=0 -> taken=0 valid=0 tgt=0x7abd8fa4
[PASS] seq=crv_seq_7                      cyc=29 op=BK_FORWARD_BRANCH  pc=0x9e6c0a58 branch=1 jal=0 -> taken=0 valid=0 tgt=0x9fb99746
[PASS] seq=crv_seq_7                      cyc=30 op=BK_JAL             pc=0x0ed67b1c branch=0 jal=1 -> taken=0 valid=1 tgt=0xc332d008
[PASS] seq=crv_seq_7                      cyc=31 op=BK_RANDOM          pc=0xcd3367ec branch=0 jal=1 -> taken=0 valid=1 tgt=0xab442bc4
[PASS] seq=crv_seq_7                      cyc=32 op=BK_BACKWARD_BRANCH pc=0x3b0fe3ec branch=1 jal=0 -> taken=1 valid=1 tgt=0xc831b966
[PASS] seq=crv_seq_7                      cyc=33 op=BK_BACKWARD_BRANCH pc=0xa23f61b8 branch=1 jal=0 -> taken=1 valid=1 tgt=0x57c68e40
[PASS] seq=crv_seq_7                      cyc=34 op=BK_FORWARD_BRANCH  pc=0x97c0dd3c branch=1 jal=0 -> taken=0 valid=0 tgt=0xb636da94
[PASS] seq=crv_seq_7                      cyc=35 op=BK_BACKWARD_BRANCH pc=0xac993990 branch=1 jal=0 -> taken=1 valid=1 tgt=0x6cfd5220
[PASS] seq=crv_seq_7                      cyc=36 op=BK_JAL_AND_BRANCH  pc=0x7ad96e5c branch=1 jal=1 -> taken=0 valid=1 tgt=0x8204fdf6
[PASS] seq=crv_seq_7                      cyc=37 op=BK_RANDOM          pc=0x0fa9c15c branch=1 jal=1 -> taken=1 valid=1 tgt=0x4b02c5aa
[PASS] seq=crv_seq_7                      cyc=38 op=BK_BACKWARD_BRANCH pc=0xa92500a4 branch=1 jal=0 -> taken=1 valid=1 tgt=0x5a3e955a
[PASS] seq=crv_seq_7                      cyc=39 op=BK_BACKWARD_BRANCH pc=0x97371098 branch=1 jal=0 -> taken=1 valid=1 tgt=0x388996ae
[PASS] seq=crv_seq_7                      cyc=40 op=BK_RANDOM          pc=0x3fef0800 branch=0 jal=1 -> taken=0 valid=1 tgt=0x3b2207cc
[PASS] seq=crv_seq_7                      cyc=41 op=BK_RANDOM          pc=0xbbb27850 branch=1 jal=0 -> taken=1 valid=1 tgt=0x92044fe6
[PASS] seq=crv_seq_7                      cyc=42 op=BK_RANDOM          pc=0x89fc2624 branch=0 jal=0 -> taken=0 valid=0 tgt=0x025603ec
[PASS] seq=crv_seq_7                      cyc=43 op=BK_RANDOM          pc=0xd87a95bc branch=0 jal=1 -> taken=0 valid=1 tgt=0x8e20d5e2
[PASS] seq=crv_seq_7                      cyc=44 op=BK_RANDOM          pc=0xda325510 branch=0 jal=0 -> taken=0 valid=0 tgt=0x5522dd46
[PASS] seq=crv_seq_7                      cyc=45 op=BK_FORWARD_BRANCH  pc=0x08c462d4 branch=1 jal=0 -> taken=0 valid=0 tgt=0x51382812
[PASS] seq=crv_seq_7                      cyc=46 op=BK_JAL_AND_BRANCH  pc=0xf8a8571c branch=1 jal=1 -> taken=0 valid=1 tgt=0x3a8509b0
[PASS] seq=crv_seq_7                      cyc=47 op=BK_IDLE            pc=0x6d554d84 branch=0 jal=0 -> taken=0 valid=0 tgt=0x5a3a398e
[PASS] seq=crv_seq_7                      cyc=48 op=BK_FORWARD_BRANCH  pc=0xcc721334 branch=1 jal=0 -> taken=0 valid=0 tgt=0xe21912c0
[PASS] seq=crv_seq_7                      cyc=49 op=BK_FORWARD_BRANCH  pc=0xaf69ba1c branch=1 jal=0 -> taken=0 valid=0 tgt=0x23f6af38
[PASS] seq=crv_seq_7                      cyc=50 op=BK_RANDOM          pc=0x944929f8 branch=1 jal=0 -> taken=1 valid=1 tgt=0x5498496e
[PASS] seq=crv_seq_7                      cyc=51 op=BK_IDLE            pc=0xb55c8cec branch=0 jal=0 -> taken=0 valid=0 tgt=0x9e7dee72
[PASS] seq=crv_seq_7                      cyc=52 op=BK_JAL             pc=0x4972378c branch=0 jal=1 -> taken=0 valid=1 tgt=0xa0a4422c
[PASS] seq=crv_seq_7                      cyc=53 op=BK_BACKWARD_BRANCH pc=0x23953cd4 branch=1 jal=0 -> taken=1 valid=1 tgt=0xa6e0ab7a
[PASS] seq=crv_seq_7                      cyc=54 op=BK_FORWARD_BRANCH  pc=0xf9912e24 branch=1 jal=0 -> taken=0 valid=0 tgt=0x4ec29434
[PASS] seq=crv_seq_7                      cyc=55 op=BK_BACKWARD_BRANCH pc=0xd8d91bb0 branch=1 jal=0 -> taken=1 valid=1 tgt=0xd4d3eba2
[PASS] seq=crv_seq_7                      cyc=56 op=BK_IDLE            pc=0x14fbd58c branch=0 jal=0 -> taken=0 valid=0 tgt=0xc61c98f8
[PASS] seq=crv_seq_7                      cyc=57 op=BK_IDLE            pc=0xb9a67bb0 branch=0 jal=0 -> taken=0 valid=0 tgt=0xa791665c
[PASS] seq=crv_seq_7                      cyc=58 op=BK_JAL             pc=0x43b4424c branch=0 jal=1 -> taken=0 valid=1 tgt=0x08e42a9e
[PASS] seq=crv_seq_7                      cyc=59 op=BK_JAL             pc=0xa29188d0 branch=0 jal=1 -> taken=0 valid=1 tgt=0x01c34982
[PASS] seq=crv_seq_7                      cyc=60 op=BK_WRAPAROUND      pc=0x35ba2148 branch=1 jal=0 -> taken=1 valid=1 tgt=0xc413e2b4
[PASS] seq=crv_seq_7                      cyc=61 op=BK_BACKWARD_BRANCH pc=0xab854de8 branch=1 jal=0 -> taken=1 valid=1 tgt=0x91e44a46
[PASS] seq=crv_seq_7                      cyc=62 op=BK_BACKWARD_BRANCH pc=0x6b33256c branch=1 jal=0 -> taken=1 valid=1 tgt=0xf6ca5e76
[PASS] seq=crv_seq_7                      cyc=63 op=BK_FORWARD_BRANCH  pc=0x2ffd5680 branch=1 jal=0 -> taken=0 valid=0 tgt=0x7e26ca20
[PASS] seq=crv_seq_7                      cyc=64 op=BK_JAL             pc=0x7a45371c branch=0 jal=1 -> taken=0 valid=1 tgt=0x5c2daa34
[PASS] seq=crv_seq_7                      cyc=65 op=BK_IDLE            pc=0x59c630a8 branch=0 jal=0 -> taken=0 valid=0 tgt=0x676e5022
[PASS] seq=crv_seq_7                      cyc=66 op=BK_WRAPAROUND      pc=0x75d96c08 branch=1 jal=1 -> taken=0 valid=1 tgt=0xb29127c8
[PASS] seq=crv_seq_7                      cyc=67 op=BK_FORWARD_BRANCH  pc=0x3f6b509c branch=1 jal=0 -> taken=0 valid=0 tgt=0x80b40806
[PASS] seq=crv_seq_7                      cyc=68 op=BK_FORWARD_BRANCH  pc=0xa2b9a4d8 branch=1 jal=0 -> taken=0 valid=0 tgt=0x1155f450
[PASS] seq=crv_seq_7                      cyc=69 op=BK_BACKWARD_BRANCH pc=0x3ef33f30 branch=1 jal=0 -> taken=1 valid=1 tgt=0x32597742
[PASS] seq=crv_seq_7                      cyc=70 op=BK_FORWARD_BRANCH  pc=0x02f92d48 branch=1 jal=0 -> taken=0 valid=0 tgt=0x375ef89c
[PASS] seq=crv_seq_7                      cyc=71 op=BK_FORWARD_BRANCH  pc=0xe692311c branch=1 jal=0 -> taken=0 valid=0 tgt=0x20018616
[PASS] seq=crv_seq_7                      cyc=72 op=BK_RANDOM          pc=0xd77c9d34 branch=0 jal=0 -> taken=0 valid=0 tgt=0xfa53f5ea
[PASS] seq=crv_seq_7                      cyc=73 op=BK_FORWARD_BRANCH  pc=0x6fca1828 branch=1 jal=0 -> taken=0 valid=0 tgt=0x94191fde
[PASS] seq=crv_seq_7                      cyc=74 op=BK_JAL             pc=0x11eec2ec branch=0 jal=1 -> taken=0 valid=1 tgt=0xd7ca82a8
[PASS] seq=crv_seq_7                      cyc=75 op=BK_RANDOM          pc=0x28b790fc branch=0 jal=0 -> taken=0 valid=0 tgt=0x77a37988
[PASS] seq=crv_seq_7                      cyc=76 op=BK_BACKWARD_BRANCH pc=0x4588ab48 branch=1 jal=0 -> taken=1 valid=1 tgt=0x1249cc76
[PASS] seq=crv_seq_7                      cyc=77 op=BK_JAL             pc=0x81c5a650 branch=0 jal=1 -> taken=0 valid=1 tgt=0x5bb05ec6
[PASS] seq=crv_seq_7                      cyc=78 op=BK_IDLE            pc=0x15b040b8 branch=0 jal=0 -> taken=0 valid=0 tgt=0xc5fb707a
[PASS] seq=crv_seq_7                      cyc=79 op=BK_BACKWARD_BRANCH pc=0xcc8da540 branch=1 jal=0 -> taken=1 valid=1 tgt=0xb9a6e886
[PASS] seq=crv_seq_7                      cyc=80 op=BK_IDLE            pc=0x71504bf8 branch=0 jal=0 -> taken=0 valid=0 tgt=0xf8cb59de
[PASS] seq=crv_seq_7                      cyc=81 op=BK_JAL_AND_BRANCH  pc=0x6901d628 branch=1 jal=1 -> taken=1 valid=1 tgt=0x4b753260
[PASS] seq=crv_seq_7                      cyc=82 op=BK_IDLE            pc=0xe3b5aaa0 branch=0 jal=0 -> taken=0 valid=0 tgt=0x15333e68
[PASS] seq=crv_seq_7                      cyc=83 op=BK_IDLE            pc=0xac92f204 branch=0 jal=0 -> taken=0 valid=0 tgt=0x14f0d1da
[PASS] seq=crv_seq_7                      cyc=84 op=BK_BACKWARD_BRANCH pc=0x2c79554c branch=1 jal=0 -> taken=1 valid=1 tgt=0xd6f7f412
[PASS] seq=crv_seq_7                      cyc=85 op=BK_FORWARD_BRANCH  pc=0x66f47538 branch=1 jal=0 -> taken=0 valid=0 tgt=0x6bb3c410
[PASS] seq=crv_seq_7                      cyc=86 op=BK_IDLE            pc=0x57597260 branch=0 jal=0 -> taken=0 valid=0 tgt=0x23bd64f4
[PASS] seq=crv_seq_7                      cyc=87 op=BK_JAL_AND_BRANCH  pc=0x931a8200 branch=1 jal=1 -> taken=0 valid=1 tgt=0x633bac14
[PASS] seq=crv_seq_7                      cyc=88 op=BK_FORWARD_BRANCH  pc=0x54fd8714 branch=1 jal=0 -> taken=0 valid=0 tgt=0x9344ba70
[PASS] seq=crv_seq_7                      cyc=89 op=BK_FORWARD_BRANCH  pc=0xbe3e6ba8 branch=1 jal=0 -> taken=0 valid=0 tgt=0x05281b3e
[PASS] seq=crv_seq_7                      cyc=90 op=BK_RANDOM          pc=0x7758c7f8 branch=1 jal=1 -> taken=0 valid=1 tgt=0xe2a9a104
[PASS] seq=crv_seq_7                      cyc=91 op=BK_FORWARD_BRANCH  pc=0x85aa441c branch=1 jal=0 -> taken=0 valid=0 tgt=0xf92763c2
[PASS] seq=crv_seq_7                      cyc=92 op=BK_FORWARD_BRANCH  pc=0xe3dc4c30 branch=1 jal=0 -> taken=0 valid=0 tgt=0x5911e23a
[PASS] seq=crv_seq_7                      cyc=93 op=BK_JAL             pc=0x72064560 branch=0 jal=1 -> taken=0 valid=1 tgt=0x25cfeaa8
[PASS] seq=crv_seq_7                      cyc=94 op=BK_RANDOM          pc=0x9039151c branch=0 jal=1 -> taken=0 valid=1 tgt=0x16f667a8
[PASS] seq=crv_seq_7                      cyc=95 op=BK_WRAPAROUND      pc=0x0004ea20 branch=0 jal=0 -> taken=0 valid=0 tgt=0xaf776094
[PASS] seq=crv_seq_7                      cyc=96 op=BK_JAL             pc=0x218468d4 branch=0 jal=1 -> taken=0 valid=1 tgt=0xe21e54ba
[PASS] seq=crv_seq_7                      cyc=97 op=BK_BACKWARD_BRANCH pc=0x20e8dbfc branch=1 jal=0 -> taken=1 valid=1 tgt=0xe01fd07c
[PASS] seq=crv_seq_7                      cyc=98 op=BK_BACKWARD_BRANCH pc=0x32b3c200 branch=1 jal=0 -> taken=1 valid=1 tgt=0xc515d4ae
[PASS] seq=crv_seq_7                      cyc=99 op=BK_RANDOM          pc=0xf41d4700 branch=1 jal=0 -> taken=0 valid=0 tgt=0x5bbc1b2e
[PASS] seq=crv_seq_7                      cyc=100 op=BK_FORWARD_BRANCH  pc=0x620353ac branch=1 jal=0 -> taken=0 valid=0 tgt=0x78f5cb28
[PASS] seq=crv_seq_7                      cyc=101 op=BK_FORWARD_BRANCH  pc=0x7c39541c branch=1 jal=0 -> taken=0 valid=0 tgt=0xf16f9aaa
[PASS] seq=crv_seq_7                      cyc=102 op=BK_IDLE            pc=0x239af2c0 branch=0 jal=0 -> taken=0 valid=0 tgt=0x200be678
[PASS] seq=crv_seq_7                      cyc=103 op=BK_RANDOM          pc=0x5bbeab58 branch=0 jal=1 -> taken=0 valid=1 tgt=0x8dcda1f2
[PASS] seq=crv_seq_7                      cyc=104 op=BK_RANDOM          pc=0xb2a5f024 branch=0 jal=1 -> taken=0 valid=1 tgt=0x00df931a
[PASS] seq=crv_seq_7                      cyc=105 op=BK_JAL             pc=0x3818ec28 branch=0 jal=1 -> taken=0 valid=1 tgt=0xe69dfb50
[PASS] seq=crv_seq_7                      cyc=106 op=BK_FORWARD_BRANCH  pc=0x1a758638 branch=1 jal=0 -> taken=0 valid=0 tgt=0x35c588a4
[PASS] seq=crv_seq_7                      cyc=107 op=BK_RANDOM          pc=0x9d3dc27c branch=0 jal=0 -> taken=0 valid=0 tgt=0xc6eeaf44
[PASS] seq=crv_seq_7                      cyc=108 op=BK_RANDOM          pc=0xf16f9be4 branch=0 jal=0 -> taken=0 valid=0 tgt=0x605016d8
[PASS] seq=crv_seq_7                      cyc=109 op=BK_FORWARD_BRANCH  pc=0x62c6fc74 branch=1 jal=0 -> taken=0 valid=0 tgt=0xddfe8122
[PASS] seq=crv_seq_7                      cyc=110 op=BK_JAL_AND_BRANCH  pc=0xe3272de0 branch=1 jal=1 -> taken=0 valid=1 tgt=0x300b9ca2
[PASS] seq=crv_seq_7                      cyc=111 op=BK_JAL             pc=0x5150c620 branch=0 jal=1 -> taken=0 valid=1 tgt=0x4f60d8aa
[PASS] seq=crv_seq_7                      cyc=112 op=BK_BACKWARD_BRANCH pc=0x3cd80348 branch=1 jal=0 -> taken=1 valid=1 tgt=0xcab555f0
[PASS] seq=crv_seq_7                      cyc=113 op=BK_JAL             pc=0x9fa6b3dc branch=0 jal=1 -> taken=0 valid=1 tgt=0x374d6ade
[PASS] seq=crv_seq_7                      cyc=114 op=BK_BACKWARD_BRANCH pc=0x2efd6970 branch=1 jal=0 -> taken=1 valid=1 tgt=0xbcbfc508
[PASS] seq=crv_seq_7                      cyc=115 op=BK_BACKWARD_BRANCH pc=0x9fff0770 branch=1 jal=0 -> taken=1 valid=1 tgt=0x654e2e18
[PASS] seq=crv_seq_7                      cyc=116 op=BK_RANDOM          pc=0xed56a6e8 branch=0 jal=0 -> taken=0 valid=0 tgt=0x60f9fd5c
[PASS] seq=crv_seq_7                      cyc=117 op=BK_RANDOM          pc=0x063252ac branch=1 jal=1 -> taken=0 valid=1 tgt=0xadb269d4
[PASS] seq=crv_seq_7                      cyc=118 op=BK_FORWARD_BRANCH  pc=0x117aaddc branch=1 jal=0 -> taken=0 valid=0 tgt=0x21d89c06
[PASS] seq=crv_seq_7                      cyc=119 op=BK_BACKWARD_BRANCH pc=0xed633a8c branch=1 jal=0 -> taken=1 valid=1 tgt=0x9d911a4e
[PASS] seq=crv_seq_7                      cyc=120 op=BK_JAL             pc=0x4699e85c branch=0 jal=1 -> taken=0 valid=1 tgt=0x8b5c56c4
[PASS] seq=crv_seq_7                      cyc=121 op=BK_BACKWARD_BRANCH pc=0xdac68388 branch=1 jal=0 -> taken=1 valid=1 tgt=0x63cf49ec
[PASS] seq=crv_seq_7                      cyc=122 op=BK_JAL             pc=0xc61d5750 branch=0 jal=1 -> taken=0 valid=1 tgt=0x270deb8c
[PASS] seq=crv_seq_7                      cyc=123 op=BK_IDLE            pc=0x86e55528 branch=0 jal=0 -> taken=0 valid=0 tgt=0x739b3f84
[PASS] seq=crv_seq_7                      cyc=124 op=BK_FORWARD_BRANCH  pc=0xe31c3b8c branch=1 jal=0 -> taken=0 valid=0 tgt=0xe5a157c0
[PASS] seq=crv_seq_7                      cyc=125 op=BK_FORWARD_BRANCH  pc=0x97006ed4 branch=1 jal=0 -> taken=0 valid=0 tgt=0xb1e50270
[PASS] seq=crv_seq_7                      cyc=126 op=BK_IDLE            pc=0xee3f2890 branch=0 jal=0 -> taken=0 valid=0 tgt=0x69858676
[PASS] seq=crv_seq_7                      cyc=127 op=BK_JAL_AND_BRANCH  pc=0xd6530b24 branch=1 jal=1 -> taken=0 valid=1 tgt=0x0a30b986
[PASS] seq=crv_seq_7                      cyc=128 op=BK_FORWARD_BRANCH  pc=0xac184070 branch=1 jal=0 -> taken=0 valid=0 tgt=0xd332e630
[PASS] seq=crv_seq_7                      cyc=129 op=BK_FORWARD_BRANCH  pc=0x9bf7a7d4 branch=1 jal=0 -> taken=0 valid=0 tgt=0xcfdb4b94
[PASS] seq=crv_seq_7                      cyc=130 op=BK_JAL             pc=0x765183d8 branch=0 jal=1 -> taken=0 valid=1 tgt=0xe6cd95b2
[PASS] seq=crv_seq_7                      cyc=131 op=BK_FORWARD_BRANCH  pc=0x5ee3133c branch=1 jal=0 -> taken=0 valid=0 tgt=0x5f87690e
[PASS] seq=crv_seq_7                      cyc=132 op=BK_RANDOM          pc=0x21fdd168 branch=1 jal=0 -> taken=1 valid=1 tgt=0xcb25ab24
[PASS] seq=crv_seq_7                      cyc=133 op=BK_IDLE            pc=0x8a5c1c78 branch=0 jal=0 -> taken=0 valid=0 tgt=0x6e0ce210
[PASS] seq=crv_seq_7                      cyc=134 op=BK_FORWARD_BRANCH  pc=0xe6af31f8 branch=1 jal=0 -> taken=0 valid=0 tgt=0x523bcaf0
[PASS] seq=crv_seq_7                      cyc=135 op=BK_RANDOM          pc=0xa7fb32d8 branch=0 jal=1 -> taken=0 valid=1 tgt=0x1d4c70f4
[PASS] seq=crv_seq_7                      cyc=136 op=BK_IDLE            pc=0xbbcdb3b8 branch=0 jal=0 -> taken=0 valid=0 tgt=0x2d554a14
[PASS] seq=crv_seq_7                      cyc=137 op=BK_FORWARD_BRANCH  pc=0x61adb470 branch=1 jal=0 -> taken=0 valid=0 tgt=0xa14ea140
[PASS] seq=crv_seq_7                      cyc=138 op=BK_RANDOM          pc=0xca3f25ec branch=0 jal=1 -> taken=0 valid=1 tgt=0x8c469248
[PASS] seq=crv_seq_7                      cyc=139 op=BK_BACKWARD_BRANCH pc=0x2d0440e8 branch=1 jal=0 -> taken=1 valid=1 tgt=0xd3ec3422
[PASS] seq=crv_seq_7                      cyc=140 op=BK_BACKWARD_BRANCH pc=0xd445d980 branch=1 jal=0 -> taken=1 valid=1 tgt=0x86163548
[PASS] seq=crv_seq_7                      cyc=141 op=BK_BACKWARD_BRANCH pc=0x7fc4035c branch=1 jal=0 -> taken=1 valid=1 tgt=0x350b19cc
[PASS] seq=crv_seq_7                      cyc=142 op=BK_BACKWARD_BRANCH pc=0x76eec9a0 branch=1 jal=0 -> taken=1 valid=1 tgt=0x22635b7e
[PASS] seq=crv_seq_7                      cyc=143 op=BK_RANDOM          pc=0x8d88eb14 branch=1 jal=1 -> taken=0 valid=1 tgt=0x568ed66e
[PASS] seq=crv_seq_7                      cyc=144 op=BK_RANDOM          pc=0x57b4c7c0 branch=1 jal=0 -> taken=1 valid=1 tgt=0xfd77888c
[PASS] seq=crv_seq_7                      cyc=145 op=BK_BACKWARD_BRANCH pc=0x4087213c branch=1 jal=0 -> taken=1 valid=1 tgt=0xd8260030
[PASS] seq=crv_seq_7                      cyc=146 op=BK_BACKWARD_BRANCH pc=0x5c54ca70 branch=1 jal=0 -> taken=1 valid=1 tgt=0xfa2ca212
[PASS] seq=crv_seq_7                      cyc=147 op=BK_WRAPAROUND      pc=0x34a6f7f0 branch=1 jal=1 -> taken=0 valid=1 tgt=0x3141a492
[PASS] seq=crv_seq_7                      cyc=148 op=BK_RANDOM          pc=0x38070e7c branch=1 jal=1 -> taken=1 valid=1 tgt=0x4840f750
[PASS] seq=crv_seq_7                      cyc=149 op=BK_RANDOM          pc=0xb5622a90 branch=1 jal=0 -> taken=1 valid=1 tgt=0x59046d76
[PASS] seq=crv_seq_7                      cyc=150 op=BK_JAL_AND_BRANCH  pc=0xac4f5b94 branch=1 jal=1 -> taken=1 valid=1 tgt=0x65d4f7e8
[PASS] seq=crv_seq_7                      cyc=151 op=BK_WRAPAROUND      pc=0xb9513c94 branch=0 jal=1 -> taken=0 valid=1 tgt=0x42a94e30
[PASS] seq=crv_seq_7                      cyc=152 op=BK_FORWARD_BRANCH  pc=0x8c64aca4 branch=1 jal=0 -> taken=0 valid=0 tgt=0xebcb89ea
[PASS] seq=crv_seq_7                      cyc=153 op=BK_RANDOM          pc=0x45e48c2c branch=1 jal=1 -> taken=0 valid=1 tgt=0xd30cfc80
[PASS] seq=crv_seq_7                      cyc=154 op=BK_RANDOM          pc=0x5db2c41c branch=1 jal=0 -> taken=0 valid=0 tgt=0xb893c542
[PASS] seq=crv_seq_7                      cyc=155 op=BK_BACKWARD_BRANCH pc=0x3a8fa9c0 branch=1 jal=0 -> taken=1 valid=1 tgt=0xc685789c
[PASS] seq=crv_seq_7                      cyc=156 op=BK_BACKWARD_BRANCH pc=0x74aca7a8 branch=1 jal=0 -> taken=1 valid=1 tgt=0x6a513e44
[PASS] seq=crv_seq_7                      cyc=157 op=BK_RANDOM          pc=0xf94fb3cc branch=0 jal=0 -> taken=0 valid=0 tgt=0xd1065cdc
[PASS] seq=crv_seq_7                      cyc=158 op=BK_RANDOM          pc=0x446cd6e0 branch=0 jal=0 -> taken=0 valid=0 tgt=0xb5d9524c
[PASS] seq=crv_seq_7                      cyc=159 op=BK_JAL             pc=0x2b578db4 branch=0 jal=1 -> taken=0 valid=1 tgt=0xf93c01d0
[PASS] seq=crv_seq_7                      cyc=160 op=BK_RANDOM          pc=0x6c8e4228 branch=0 jal=1 -> taken=0 valid=1 tgt=0x2dd23330
[PASS] seq=crv_seq_7                      cyc=161 op=BK_JAL_AND_BRANCH  pc=0x3ea2c250 branch=1 jal=1 -> taken=0 valid=1 tgt=0x2c684966
[PASS] seq=crv_seq_7                      cyc=162 op=BK_FORWARD_BRANCH  pc=0x8e38aa08 branch=1 jal=0 -> taken=0 valid=0 tgt=0xe6d38758
[PASS] seq=crv_seq_7                      cyc=163 op=BK_FORWARD_BRANCH  pc=0xbd7851f0 branch=1 jal=0 -> taken=0 valid=0 tgt=0xe604e32c
[PASS] seq=crv_seq_7                      cyc=164 op=BK_FORWARD_BRANCH  pc=0xef5efc4c branch=1 jal=0 -> taken=0 valid=0 tgt=0xfaef2ba0
[PASS] seq=crv_seq_7                      cyc=165 op=BK_FORWARD_BRANCH  pc=0xb398d238 branch=1 jal=0 -> taken=0 valid=0 tgt=0x126830d2
[PASS] seq=crv_seq_7                      cyc=166 op=BK_RANDOM          pc=0x33718528 branch=1 jal=1 -> taken=1 valid=1 tgt=0xad04cc76
[PASS] seq=crv_seq_7                      cyc=167 op=BK_BACKWARD_BRANCH pc=0xd3dec9b4 branch=1 jal=0 -> taken=1 valid=1 tgt=0x5aa29f8e
[PASS] seq=crv_seq_7                      cyc=168 op=BK_WRAPAROUND      pc=0xbd4aadb0 branch=1 jal=1 -> taken=1 valid=1 tgt=0x0f4c2ee4
[PASS] seq=crv_seq_7                      cyc=169 op=BK_JAL_AND_BRANCH  pc=0xe36cbe50 branch=1 jal=1 -> taken=0 valid=1 tgt=0x4360b02a
[PASS] seq=crv_seq_7                      cyc=170 op=BK_JAL_AND_BRANCH  pc=0x4668fc2c branch=1 jal=1 -> taken=0 valid=1 tgt=0x8782fbba
[PASS] seq=crv_seq_7                      cyc=171 op=BK_FORWARD_BRANCH  pc=0x4836da20 branch=1 jal=0 -> taken=0 valid=0 tgt=0x683e153a
[PASS] seq=crv_seq_7                      cyc=172 op=BK_WRAPAROUND      pc=0x0ff92af4 branch=1 jal=0 -> taken=0 valid=0 tgt=0x37c7357a
[PASS] seq=crv_seq_7                      cyc=173 op=BK_BACKWARD_BRANCH pc=0x891c2778 branch=1 jal=0 -> taken=1 valid=1 tgt=0x879b9622
[PASS] seq=crv_seq_7                      cyc=174 op=BK_BACKWARD_BRANCH pc=0x2fe2d2bc branch=1 jal=0 -> taken=1 valid=1 tgt=0x138b35e0
[PASS] seq=crv_seq_7                      cyc=175 op=BK_BACKWARD_BRANCH pc=0x19684250 branch=1 jal=0 -> taken=1 valid=1 tgt=0xe619661a
[PASS] seq=crv_seq_7                      cyc=176 op=BK_RANDOM          pc=0xc24541f4 branch=0 jal=1 -> taken=0 valid=1 tgt=0x3121bea4
[PASS] seq=crv_seq_7                      cyc=177 op=BK_FORWARD_BRANCH  pc=0x6efe9410 branch=1 jal=0 -> taken=0 valid=0 tgt=0xe8b07056
[PASS] seq=crv_seq_7                      cyc=178 op=BK_IDLE            pc=0xd3f2f1a0 branch=0 jal=0 -> taken=0 valid=0 tgt=0x91cbfdea
[PASS] seq=crv_seq_7                      cyc=179 op=BK_JAL             pc=0x1af52768 branch=0 jal=1 -> taken=0 valid=1 tgt=0xafab5072
[PASS] seq=crv_seq_7                      cyc=180 op=BK_FORWARD_BRANCH  pc=0x2438d5fc branch=1 jal=0 -> taken=0 valid=0 tgt=0x3509fed6
[PASS] seq=crv_seq_7                      cyc=181 op=BK_RANDOM          pc=0x738c6724 branch=1 jal=0 -> taken=0 valid=0 tgt=0x9631dd38
[PASS] seq=crv_seq_7                      cyc=182 op=BK_FORWARD_BRANCH  pc=0xcb54470c branch=1 jal=0 -> taken=0 valid=0 tgt=0x34f557c0
[PASS] seq=crv_seq_7                      cyc=183 op=BK_RANDOM          pc=0xd013dab8 branch=0 jal=1 -> taken=0 valid=1 tgt=0xc2d0fe08
[PASS] seq=crv_seq_7                      cyc=184 op=BK_IDLE            pc=0x1811d804 branch=0 jal=0 -> taken=0 valid=0 tgt=0x7fae4c40
[PASS] seq=crv_seq_7                      cyc=185 op=BK_RANDOM          pc=0x3fdd1778 branch=1 jal=0 -> taken=1 valid=1 tgt=0xec5fb606
[PASS] seq=crv_seq_7                      cyc=186 op=BK_WRAPAROUND      pc=0xe9d6e7d4 branch=0 jal=1 -> taken=0 valid=1 tgt=0x07c51628
[PASS] seq=crv_seq_7                      cyc=187 op=BK_RANDOM          pc=0xc96adaf0 branch=0 jal=1 -> taken=0 valid=1 tgt=0xafe74c38
[PASS] seq=crv_seq_7                      cyc=188 op=BK_FORWARD_BRANCH  pc=0x5a2ef438 branch=1 jal=0 -> taken=0 valid=0 tgt=0x73feb722
[PASS] seq=crv_seq_7                      cyc=189 op=BK_BACKWARD_BRANCH pc=0x195ef2e4 branch=1 jal=0 -> taken=1 valid=1 tgt=0xac373f80
[PASS] seq=crv_seq_7                      cyc=190 op=BK_IDLE            pc=0x4557c0bc branch=0 jal=0 -> taken=0 valid=0 tgt=0xd443faba
[PASS] seq=crv_seq_7                      cyc=191 op=BK_BACKWARD_BRANCH pc=0xed694b78 branch=1 jal=0 -> taken=1 valid=1 tgt=0x7709933c
[PASS] seq=crv_seq_7                      cyc=192 op=BK_IDLE            pc=0x756241ec branch=0 jal=0 -> taken=0 valid=0 tgt=0xb0810d30
[PASS] seq=crv_seq_7                      cyc=193 op=BK_RANDOM          pc=0x5349ec44 branch=0 jal=1 -> taken=0 valid=1 tgt=0xe2afe03e
[PASS] seq=crv_seq_7                      cyc=194 op=BK_RANDOM          pc=0x16ebbf24 branch=1 jal=0 -> taken=0 valid=0 tgt=0x30acea52
[PASS] seq=crv_seq_7                      cyc=195 op=BK_BACKWARD_BRANCH pc=0x30a09ad0 branch=1 jal=0 -> taken=1 valid=1 tgt=0xf46ae60a
[PASS] seq=crv_seq_7                      cyc=196 op=BK_FORWARD_BRANCH  pc=0x2e11b6dc branch=1 jal=0 -> taken=0 valid=0 tgt=0x686c721c
[PASS] seq=crv_seq_7                      cyc=197 op=BK_JAL             pc=0xc4d3de48 branch=0 jal=1 -> taken=0 valid=1 tgt=0xbaf7092a
[PASS] seq=crv_seq_7                      cyc=198 op=BK_FORWARD_BRANCH  pc=0xe093304c branch=1 jal=0 -> taken=0 valid=0 tgt=0x05b1ed20
[PASS] seq=crv_seq_7                      cyc=199 op=BK_BACKWARD_BRANCH pc=0xb81d76d4 branch=1 jal=0 -> taken=1 valid=1 tgt=0x8f7a2fb8
[PASS] seq=crv_seq_8                      cyc=0 op=BK_FORWARD_BRANCH  pc=0x7fa3e934 branch=1 jal=0 -> taken=0 valid=0 tgt=0xdc0ed872
[PASS] seq=crv_seq_8                      cyc=1 op=BK_IDLE            pc=0xb699b010 branch=0 jal=0 -> taken=0 valid=0 tgt=0xc1e4f96c
[PASS] seq=crv_seq_8                      cyc=2 op=BK_JAL_AND_BRANCH  pc=0x09b93d60 branch=1 jal=1 -> taken=1 valid=1 tgt=0x8e6d4140
[PASS] seq=crv_seq_8                      cyc=3 op=BK_JAL             pc=0x39c43ed4 branch=0 jal=1 -> taken=0 valid=1 tgt=0xb0ba964a
[PASS] seq=crv_seq_8                      cyc=4 op=BK_FORWARD_BRANCH  pc=0x4b075024 branch=1 jal=0 -> taken=0 valid=0 tgt=0x6bb7978c
[PASS] seq=crv_seq_8                      cyc=5 op=BK_FORWARD_BRANCH  pc=0xa6d751d0 branch=1 jal=0 -> taken=0 valid=0 tgt=0xf0615398
[PASS] seq=crv_seq_8                      cyc=6 op=BK_BACKWARD_BRANCH pc=0x37d3ca4c branch=1 jal=0 -> taken=1 valid=1 tgt=0xdfdebb5a
[PASS] seq=crv_seq_8                      cyc=7 op=BK_BACKWARD_BRANCH pc=0x6a382780 branch=1 jal=0 -> taken=1 valid=1 tgt=0x48f8223e
[PASS] seq=crv_seq_8                      cyc=8 op=BK_JAL_AND_BRANCH  pc=0x340a3c90 branch=1 jal=1 -> taken=1 valid=1 tgt=0xc41d1ade
[PASS] seq=crv_seq_8                      cyc=9 op=BK_IDLE            pc=0x5b17c1f4 branch=0 jal=0 -> taken=0 valid=0 tgt=0x1f23d728
[PASS] seq=crv_seq_8                      cyc=10 op=BK_IDLE            pc=0xdfe13f00 branch=0 jal=0 -> taken=0 valid=0 tgt=0xf816633c
[PASS] seq=crv_seq_8                      cyc=11 op=BK_IDLE            pc=0x629a7dc8 branch=0 jal=0 -> taken=0 valid=0 tgt=0xba7108d8
[PASS] seq=crv_seq_8                      cyc=12 op=BK_JAL_AND_BRANCH  pc=0x609cf0a8 branch=1 jal=1 -> taken=0 valid=1 tgt=0x14636994
[PASS] seq=crv_seq_8                      cyc=13 op=BK_BACKWARD_BRANCH pc=0xc44f6288 branch=1 jal=0 -> taken=1 valid=1 tgt=0x512e6024
[PASS] seq=crv_seq_8                      cyc=14 op=BK_FORWARD_BRANCH  pc=0xe12f9cfc branch=1 jal=0 -> taken=0 valid=0 tgt=0x07284656
[PASS] seq=crv_seq_8                      cyc=15 op=BK_BACKWARD_BRANCH pc=0xcc9fa450 branch=1 jal=0 -> taken=1 valid=1 tgt=0x6fbe2914
[PASS] seq=crv_seq_8                      cyc=16 op=BK_IDLE            pc=0x917d0778 branch=0 jal=0 -> taken=0 valid=0 tgt=0x372e9012
[PASS] seq=crv_seq_8                      cyc=17 op=BK_BACKWARD_BRANCH pc=0xbc2a2128 branch=1 jal=0 -> taken=1 valid=1 tgt=0x9f67928c
[PASS] seq=crv_seq_8                      cyc=18 op=BK_JAL             pc=0x035f6760 branch=0 jal=1 -> taken=0 valid=1 tgt=0x871bc8f2
[PASS] seq=crv_seq_8                      cyc=19 op=BK_JAL             pc=0xd2e76b8c branch=0 jal=1 -> taken=0 valid=1 tgt=0x02868f0a
[PASS] seq=crv_seq_8                      cyc=20 op=BK_RANDOM          pc=0x4e7736e0 branch=0 jal=1 -> taken=0 valid=1 tgt=0x38c61abc
[PASS] seq=crv_seq_8                      cyc=21 op=BK_FORWARD_BRANCH  pc=0x75d9654c branch=1 jal=0 -> taken=0 valid=0 tgt=0x8a81519c
[PASS] seq=crv_seq_8                      cyc=22 op=BK_RANDOM          pc=0x5991a044 branch=0 jal=1 -> taken=0 valid=1 tgt=0x73eafaac
[PASS] seq=crv_seq_8                      cyc=23 op=BK_JAL_AND_BRANCH  pc=0x7a7e0388 branch=1 jal=1 -> taken=1 valid=1 tgt=0xbfd8d2ea
[PASS] seq=crv_seq_8                      cyc=24 op=BK_RANDOM          pc=0x609af29c branch=1 jal=0 -> taken=0 valid=0 tgt=0x86377afe
[PASS] seq=crv_seq_8                      cyc=25 op=BK_BACKWARD_BRANCH pc=0x33ce1940 branch=1 jal=0 -> taken=1 valid=1 tgt=0x1192fcb8
[PASS] seq=crv_seq_8                      cyc=26 op=BK_FORWARD_BRANCH  pc=0xca222ae8 branch=1 jal=0 -> taken=0 valid=0 tgt=0x2f2f56d6
[PASS] seq=crv_seq_8                      cyc=27 op=BK_FORWARD_BRANCH  pc=0x9e08a678 branch=1 jal=0 -> taken=0 valid=0 tgt=0xe0052658
[PASS] seq=crv_seq_8                      cyc=28 op=BK_FORWARD_BRANCH  pc=0x73e611e8 branch=1 jal=0 -> taken=0 valid=0 tgt=0xf1cbdebc
[PASS] seq=crv_seq_8                      cyc=29 op=BK_BACKWARD_BRANCH pc=0x73bce9dc branch=1 jal=0 -> taken=1 valid=1 tgt=0x585e5140
[PASS] seq=crv_seq_8                      cyc=30 op=BK_JAL_AND_BRANCH  pc=0x773cda78 branch=1 jal=1 -> taken=0 valid=1 tgt=0xd5fbb1d4
[PASS] seq=crv_seq_8                      cyc=31 op=BK_RANDOM          pc=0x79248e78 branch=1 jal=1 -> taken=1 valid=1 tgt=0x82e3d178
[PASS] seq=crv_seq_8                      cyc=32 op=BK_JAL             pc=0x5fc5e540 branch=0 jal=1 -> taken=0 valid=1 tgt=0x30e9a228
[PASS] seq=crv_seq_8                      cyc=33 op=BK_FORWARD_BRANCH  pc=0x85306724 branch=1 jal=0 -> taken=0 valid=0 tgt=0xa64c8abe
[PASS] seq=crv_seq_8                      cyc=34 op=BK_BACKWARD_BRANCH pc=0x3f0a9094 branch=1 jal=0 -> taken=1 valid=1 tgt=0x06b2697c
[PASS] seq=crv_seq_8                      cyc=35 op=BK_FORWARD_BRANCH  pc=0xf9dad2e0 branch=1 jal=0 -> taken=0 valid=0 tgt=0x0e75bd38
[PASS] seq=crv_seq_8                      cyc=36 op=BK_IDLE            pc=0xbde16fa8 branch=0 jal=0 -> taken=0 valid=0 tgt=0x69e93652
[PASS] seq=crv_seq_8                      cyc=37 op=BK_BACKWARD_BRANCH pc=0xd5e7480c branch=1 jal=0 -> taken=1 valid=1 tgt=0x62ac973c
[PASS] seq=crv_seq_8                      cyc=38 op=BK_JAL             pc=0x4c5042b8 branch=0 jal=1 -> taken=0 valid=1 tgt=0x0769683c
[PASS] seq=crv_seq_8                      cyc=39 op=BK_JAL_AND_BRANCH  pc=0x669ec174 branch=1 jal=1 -> taken=1 valid=1 tgt=0xb334a7b4
[PASS] seq=crv_seq_8                      cyc=40 op=BK_RANDOM          pc=0x0e41e0c0 branch=1 jal=0 -> taken=1 valid=1 tgt=0x0b755f44
[PASS] seq=crv_seq_8                      cyc=41 op=BK_RANDOM          pc=0x8d0d5fa4 branch=1 jal=1 -> taken=1 valid=1 tgt=0x9e908cc6
[PASS] seq=crv_seq_8                      cyc=42 op=BK_JAL_AND_BRANCH  pc=0xdc7188e0 branch=1 jal=1 -> taken=1 valid=1 tgt=0xef617466
[PASS] seq=crv_seq_8                      cyc=43 op=BK_RANDOM          pc=0x71714430 branch=0 jal=0 -> taken=0 valid=0 tgt=0x3910bf0a
[PASS] seq=crv_seq_8                      cyc=44 op=BK_JAL_AND_BRANCH  pc=0xb607ebfc branch=1 jal=1 -> taken=0 valid=1 tgt=0x7f31f5aa
[PASS] seq=crv_seq_8                      cyc=45 op=BK_FORWARD_BRANCH  pc=0x9caaf348 branch=1 jal=0 -> taken=0 valid=0 tgt=0xeeecb2a4
[PASS] seq=crv_seq_8                      cyc=46 op=BK_RANDOM          pc=0xcacf4304 branch=1 jal=0 -> taken=0 valid=0 tgt=0xd562c75c
[PASS] seq=crv_seq_8                      cyc=47 op=BK_JAL_AND_BRANCH  pc=0x93c7e7bc branch=1 jal=1 -> taken=1 valid=1 tgt=0x9397dc0e
[PASS] seq=crv_seq_8                      cyc=48 op=BK_RANDOM          pc=0x3fe19048 branch=0 jal=1 -> taken=0 valid=1 tgt=0x5c7ae75e
[PASS] seq=crv_seq_8                      cyc=49 op=BK_BACKWARD_BRANCH pc=0x07e4aa24 branch=1 jal=0 -> taken=1 valid=1 tgt=0xb8574e7e
[PASS] seq=crv_seq_8                      cyc=50 op=BK_BACKWARD_BRANCH pc=0x7345319c branch=1 jal=0 -> taken=1 valid=1 tgt=0x3376c874
[PASS] seq=crv_seq_8                      cyc=51 op=BK_JAL             pc=0x8ebb61d8 branch=0 jal=1 -> taken=0 valid=1 tgt=0xb2991568
[PASS] seq=crv_seq_8                      cyc=52 op=BK_FORWARD_BRANCH  pc=0xcbbe5dc8 branch=1 jal=0 -> taken=0 valid=0 tgt=0x3390d7b2
[PASS] seq=crv_seq_8                      cyc=53 op=BK_RANDOM          pc=0x962a0a40 branch=1 jal=1 -> taken=0 valid=1 tgt=0x79f04774
[PASS] seq=crv_seq_8                      cyc=54 op=BK_FORWARD_BRANCH  pc=0x9a4e60d4 branch=1 jal=0 -> taken=0 valid=0 tgt=0x9e0a37d4
[PASS] seq=crv_seq_8                      cyc=55 op=BK_FORWARD_BRANCH  pc=0x457a0a7c branch=1 jal=0 -> taken=0 valid=0 tgt=0x4b8692c0
[PASS] seq=crv_seq_8                      cyc=56 op=BK_BACKWARD_BRANCH pc=0xbc329c24 branch=1 jal=0 -> taken=1 valid=1 tgt=0x3fe42aa4
[PASS] seq=crv_seq_8                      cyc=57 op=BK_RANDOM          pc=0x873c3ec0 branch=0 jal=0 -> taken=0 valid=0 tgt=0x749992e2
[PASS] seq=crv_seq_8                      cyc=58 op=BK_JAL             pc=0x2157abf8 branch=0 jal=1 -> taken=0 valid=1 tgt=0x1e55e86c
[PASS] seq=crv_seq_8                      cyc=59 op=BK_BACKWARD_BRANCH pc=0x90d7d3e0 branch=1 jal=0 -> taken=1 valid=1 tgt=0x37987700
[PASS] seq=crv_seq_8                      cyc=60 op=BK_BACKWARD_BRANCH pc=0x33de175c branch=1 jal=0 -> taken=1 valid=1 tgt=0xb7de8d4e
[PASS] seq=crv_seq_8                      cyc=61 op=BK_RANDOM          pc=0x786248a0 branch=1 jal=1 -> taken=1 valid=1 tgt=0xb7d7cc36
[PASS] seq=crv_seq_8                      cyc=62 op=BK_JAL_AND_BRANCH  pc=0x85b66c04 branch=1 jal=1 -> taken=1 valid=1 tgt=0x464d91b2
[PASS] seq=crv_seq_8                      cyc=63 op=BK_BACKWARD_BRANCH pc=0xcf07c2a4 branch=1 jal=0 -> taken=1 valid=1 tgt=0xafff0e80
[PASS] seq=crv_seq_8                      cyc=64 op=BK_BACKWARD_BRANCH pc=0x35b42c0c branch=1 jal=0 -> taken=1 valid=1 tgt=0x0966fc4e
[PASS] seq=crv_seq_8                      cyc=65 op=BK_RANDOM          pc=0xfe196af0 branch=1 jal=1 -> taken=1 valid=1 tgt=0x8e9d11dc
[PASS] seq=crv_seq_8                      cyc=66 op=BK_RANDOM          pc=0x874ad924 branch=1 jal=0 -> taken=0 valid=0 tgt=0x9ee40922
[PASS] seq=crv_seq_8                      cyc=67 op=BK_FORWARD_BRANCH  pc=0x2f895f60 branch=1 jal=0 -> taken=0 valid=0 tgt=0xa7551be0
[PASS] seq=crv_seq_8                      cyc=68 op=BK_BACKWARD_BRANCH pc=0xe2a854e4 branch=1 jal=0 -> taken=1 valid=1 tgt=0x8739a12e
[PASS] seq=crv_seq_8                      cyc=69 op=BK_IDLE            pc=0x6e6d04d8 branch=0 jal=0 -> taken=0 valid=0 tgt=0x86ceac92
[PASS] seq=crv_seq_8                      cyc=70 op=BK_IDLE            pc=0x1817e444 branch=0 jal=0 -> taken=0 valid=0 tgt=0x92534d6a
[PASS] seq=crv_seq_8                      cyc=71 op=BK_JAL             pc=0xcd6ce188 branch=0 jal=1 -> taken=0 valid=1 tgt=0xb3cbbc38
[PASS] seq=crv_seq_8                      cyc=72 op=BK_FORWARD_BRANCH  pc=0xc4df547c branch=1 jal=0 -> taken=0 valid=0 tgt=0x2bace7a2
[PASS] seq=crv_seq_8                      cyc=73 op=BK_BACKWARD_BRANCH pc=0x1d984230 branch=1 jal=0 -> taken=1 valid=1 tgt=0xa82753aa
[PASS] seq=crv_seq_8                      cyc=74 op=BK_IDLE            pc=0x9686ba0c branch=0 jal=0 -> taken=0 valid=0 tgt=0x4f4887f6
[PASS] seq=crv_seq_8                      cyc=75 op=BK_RANDOM          pc=0xfa4a8938 branch=0 jal=0 -> taken=0 valid=0 tgt=0xfd069a7a
[PASS] seq=crv_seq_8                      cyc=76 op=BK_JAL             pc=0xd1c7a0d8 branch=0 jal=1 -> taken=0 valid=1 tgt=0xe9ca8280
[PASS] seq=crv_seq_8                      cyc=77 op=BK_BACKWARD_BRANCH pc=0xd362f5e0 branch=1 jal=0 -> taken=1 valid=1 tgt=0x645256b0
[PASS] seq=crv_seq_8                      cyc=78 op=BK_JAL             pc=0xd6fb3e2c branch=0 jal=1 -> taken=0 valid=1 tgt=0x1a568ae4
[PASS] seq=crv_seq_8                      cyc=79 op=BK_FORWARD_BRANCH  pc=0x2db4b4ac branch=1 jal=0 -> taken=0 valid=0 tgt=0x5df47e8e
[PASS] seq=crv_seq_8                      cyc=80 op=BK_JAL_AND_BRANCH  pc=0x71baa848 branch=1 jal=1 -> taken=0 valid=1 tgt=0x2cc4bd78
[PASS] seq=crv_seq_8                      cyc=81 op=BK_BACKWARD_BRANCH pc=0x2abb3014 branch=1 jal=0 -> taken=1 valid=1 tgt=0x12c0c172
[PASS] seq=crv_seq_8                      cyc=82 op=BK_IDLE            pc=0xbd0e3bf0 branch=0 jal=0 -> taken=0 valid=0 tgt=0xdb351280
[PASS] seq=crv_seq_8                      cyc=83 op=BK_RANDOM          pc=0xf5978294 branch=0 jal=1 -> taken=0 valid=1 tgt=0x560f3208
[PASS] seq=crv_seq_8                      cyc=84 op=BK_WRAPAROUND      pc=0x73f6be84 branch=0 jal=1 -> taken=0 valid=1 tgt=0xa5af4502
[PASS] seq=crv_seq_8                      cyc=85 op=BK_FORWARD_BRANCH  pc=0x1e1bd278 branch=1 jal=0 -> taken=0 valid=0 tgt=0x3c7d1616
[PASS] seq=crv_seq_8                      cyc=86 op=BK_JAL             pc=0xdc4b0e20 branch=0 jal=1 -> taken=0 valid=1 tgt=0xe0258110
[PASS] seq=crv_seq_8                      cyc=87 op=BK_RANDOM          pc=0xdf386448 branch=1 jal=0 -> taken=1 valid=1 tgt=0x9f4ffb48
[PASS] seq=crv_seq_8                      cyc=88 op=BK_RANDOM          pc=0x156e142c branch=1 jal=1 -> taken=1 valid=1 tgt=0x77c387d8
[PASS] seq=crv_seq_8                      cyc=89 op=BK_BACKWARD_BRANCH pc=0x6105d2c0 branch=1 jal=0 -> taken=1 valid=1 tgt=0x04472f7c
[PASS] seq=crv_seq_8                      cyc=90 op=BK_BACKWARD_BRANCH pc=0xa9218d30 branch=1 jal=0 -> taken=1 valid=1 tgt=0x7279cf10
[PASS] seq=crv_seq_8                      cyc=91 op=BK_RANDOM          pc=0xaa6e867c branch=0 jal=0 -> taken=0 valid=0 tgt=0x21f78be2
[PASS] seq=crv_seq_8                      cyc=92 op=BK_JAL_AND_BRANCH  pc=0xdeecb4a4 branch=1 jal=1 -> taken=1 valid=1 tgt=0x8ac7a0ea
[PASS] seq=crv_seq_8                      cyc=93 op=BK_JAL_AND_BRANCH  pc=0xff7be378 branch=1 jal=1 -> taken=1 valid=1 tgt=0x61f73980
[PASS] seq=crv_seq_8                      cyc=94 op=BK_FORWARD_BRANCH  pc=0xce4d4248 branch=1 jal=0 -> taken=0 valid=0 tgt=0x124916ec
[PASS] seq=crv_seq_8                      cyc=95 op=BK_FORWARD_BRANCH  pc=0x084c6024 branch=1 jal=0 -> taken=0 valid=0 tgt=0x44742c64
[PASS] seq=crv_seq_8                      cyc=96 op=BK_BACKWARD_BRANCH pc=0x7e1aed7c branch=1 jal=0 -> taken=1 valid=1 tgt=0x31cfaaa8
[PASS] seq=crv_seq_8                      cyc=97 op=BK_JAL             pc=0x61259380 branch=0 jal=1 -> taken=0 valid=1 tgt=0xff76c6c8
[PASS] seq=crv_seq_8                      cyc=98 op=BK_WRAPAROUND      pc=0x3e265fa8 branch=1 jal=0 -> taken=1 valid=1 tgt=0xf2fc0fe2
[PASS] seq=crv_seq_8                      cyc=99 op=BK_FORWARD_BRANCH  pc=0x991b5de4 branch=1 jal=0 -> taken=0 valid=0 tgt=0x9ec1b6c8
[PASS] seq=crv_seq_8                      cyc=100 op=BK_RANDOM          pc=0x45aa0d74 branch=0 jal=1 -> taken=0 valid=1 tgt=0x0ee800cc
[PASS] seq=crv_seq_8                      cyc=101 op=BK_JAL_AND_BRANCH  pc=0xb01d07b8 branch=1 jal=1 -> taken=0 valid=1 tgt=0x3131a930
[PASS] seq=crv_seq_8                      cyc=102 op=BK_IDLE            pc=0xd438594c branch=0 jal=0 -> taken=0 valid=0 tgt=0x8a5678e6
[PASS] seq=crv_seq_8                      cyc=103 op=BK_BACKWARD_BRANCH pc=0x1444b378 branch=1 jal=0 -> taken=1 valid=1 tgt=0xb6dd6fd6
[PASS] seq=crv_seq_8                      cyc=104 op=BK_BACKWARD_BRANCH pc=0x7aa33d28 branch=1 jal=0 -> taken=1 valid=1 tgt=0x5b9dfbb4
[PASS] seq=crv_seq_8                      cyc=105 op=BK_JAL             pc=0xb498a9e0 branch=0 jal=1 -> taken=0 valid=1 tgt=0xc9b00506
[PASS] seq=crv_seq_8                      cyc=106 op=BK_RANDOM          pc=0x1eb405d8 branch=1 jal=0 -> taken=0 valid=0 tgt=0x8f15a854
[PASS] seq=crv_seq_8                      cyc=107 op=BK_WRAPAROUND      pc=0x85685044 branch=1 jal=1 -> taken=1 valid=1 tgt=0xf570d06e
[PASS] seq=crv_seq_8                      cyc=108 op=BK_JAL             pc=0xca124a80 branch=0 jal=1 -> taken=0 valid=1 tgt=0x2098c390
[PASS] seq=crv_seq_8                      cyc=109 op=BK_BACKWARD_BRANCH pc=0x06a13908 branch=1 jal=0 -> taken=1 valid=1 tgt=0x021ae304
[PASS] seq=crv_seq_8                      cyc=110 op=BK_JAL             pc=0x26b6f208 branch=0 jal=1 -> taken=0 valid=1 tgt=0x4f3611c6
[PASS] seq=crv_seq_8                      cyc=111 op=BK_JAL             pc=0x3c71ec1c branch=0 jal=1 -> taken=0 valid=1 tgt=0xfe07fa80
[PASS] seq=crv_seq_8                      cyc=112 op=BK_RANDOM          pc=0x8cd15d28 branch=1 jal=1 -> taken=1 valid=1 tgt=0x57b7a454
[PASS] seq=crv_seq_8                      cyc=113 op=BK_FORWARD_BRANCH  pc=0xec1907d4 branch=1 jal=0 -> taken=0 valid=0 tgt=0x075d6aee
[PASS] seq=crv_seq_8                      cyc=114 op=BK_IDLE            pc=0xcd166bb8 branch=0 jal=0 -> taken=0 valid=0 tgt=0x2751c30a
[PASS] seq=crv_seq_8                      cyc=115 op=BK_WRAPAROUND      pc=0x8b193884 branch=0 jal=1 -> taken=0 valid=1 tgt=0xaa5b288a
[PASS] seq=crv_seq_8                      cyc=116 op=BK_FORWARD_BRANCH  pc=0xcd132504 branch=1 jal=0 -> taken=0 valid=0 tgt=0xdce49eb6
[PASS] seq=crv_seq_8                      cyc=117 op=BK_RANDOM          pc=0xdd443dec branch=0 jal=1 -> taken=0 valid=1 tgt=0x01f6610e
[PASS] seq=crv_seq_8                      cyc=118 op=BK_JAL_AND_BRANCH  pc=0xe937d910 branch=1 jal=1 -> taken=0 valid=1 tgt=0x8a3678ae
[PASS] seq=crv_seq_8                      cyc=119 op=BK_WRAPAROUND      pc=0xa91d6ad4 branch=0 jal=1 -> taken=0 valid=1 tgt=0xe24c2ff8
[PASS] seq=crv_seq_8                      cyc=120 op=BK_BACKWARD_BRANCH pc=0x02e7fe48 branch=1 jal=0 -> taken=1 valid=1 tgt=0xbd51913a
[PASS] seq=crv_seq_8                      cyc=121 op=BK_WRAPAROUND      pc=0x3b3ad1b8 branch=0 jal=1 -> taken=0 valid=1 tgt=0xd9eae8ae
[PASS] seq=crv_seq_8                      cyc=122 op=BK_BACKWARD_BRANCH pc=0xfed3a550 branch=1 jal=0 -> taken=1 valid=1 tgt=0xa13340bc
[PASS] seq=crv_seq_8                      cyc=123 op=BK_RANDOM          pc=0x10d73ec0 branch=0 jal=1 -> taken=0 valid=1 tgt=0x9dcc6036
[PASS] seq=crv_seq_8                      cyc=124 op=BK_JAL             pc=0xea572048 branch=0 jal=1 -> taken=0 valid=1 tgt=0xa9079f98
[PASS] seq=crv_seq_8                      cyc=125 op=BK_WRAPAROUND      pc=0x7202f920 branch=0 jal=1 -> taken=0 valid=1 tgt=0x55beee78
[PASS] seq=crv_seq_8                      cyc=126 op=BK_FORWARD_BRANCH  pc=0x2aeeb8b4 branch=1 jal=0 -> taken=0 valid=0 tgt=0x57a02486
[PASS] seq=crv_seq_8                      cyc=127 op=BK_IDLE            pc=0x18f9a3e4 branch=0 jal=0 -> taken=0 valid=0 tgt=0x7c978f78
[PASS] seq=crv_seq_8                      cyc=128 op=BK_JAL             pc=0x5b6e91b4 branch=0 jal=1 -> taken=0 valid=1 tgt=0x6bfc8f56
[PASS] seq=crv_seq_8                      cyc=129 op=BK_JAL_AND_BRANCH  pc=0x7f2e24d4 branch=1 jal=1 -> taken=1 valid=1 tgt=0x40eee5b8
[PASS] seq=crv_seq_8                      cyc=130 op=BK_BACKWARD_BRANCH pc=0xf00e28fc branch=1 jal=0 -> taken=1 valid=1 tgt=0xcfc21aba
[PASS] seq=crv_seq_8                      cyc=131 op=BK_FORWARD_BRANCH  pc=0x2b9cc814 branch=1 jal=0 -> taken=0 valid=0 tgt=0x99f15d22
[PASS] seq=crv_seq_8                      cyc=132 op=BK_FORWARD_BRANCH  pc=0x03c66080 branch=1 jal=0 -> taken=0 valid=0 tgt=0x67f7bdc4
[PASS] seq=crv_seq_8                      cyc=133 op=BK_BACKWARD_BRANCH pc=0x36350bec branch=1 jal=0 -> taken=1 valid=1 tgt=0xd6b0dd50
[PASS] seq=crv_seq_8                      cyc=134 op=BK_WRAPAROUND      pc=0xbffc0e3c branch=0 jal=0 -> taken=0 valid=0 tgt=0x0bbb3308
[PASS] seq=crv_seq_8                      cyc=135 op=BK_RANDOM          pc=0xb39a40fc branch=1 jal=1 -> taken=0 valid=1 tgt=0x6434d750
[PASS] seq=crv_seq_8                      cyc=136 op=BK_BACKWARD_BRANCH pc=0x5773d944 branch=1 jal=0 -> taken=1 valid=1 tgt=0x1287de48
[PASS] seq=crv_seq_8                      cyc=137 op=BK_JAL             pc=0x14e5c1e4 branch=0 jal=1 -> taken=0 valid=1 tgt=0x950b465e
[PASS] seq=crv_seq_8                      cyc=138 op=BK_FORWARD_BRANCH  pc=0x1b068034 branch=1 jal=0 -> taken=0 valid=0 tgt=0x6e9b7ac0
[PASS] seq=crv_seq_8                      cyc=139 op=BK_JAL_AND_BRANCH  pc=0x9fb514c4 branch=1 jal=1 -> taken=1 valid=1 tgt=0x7c2f49f6
[PASS] seq=crv_seq_8                      cyc=140 op=BK_JAL             pc=0x302d5bd0 branch=0 jal=1 -> taken=0 valid=1 tgt=0x5506f1f8
[PASS] seq=crv_seq_8                      cyc=141 op=BK_RANDOM          pc=0xe6d0096c branch=1 jal=1 -> taken=0 valid=1 tgt=0x38861d5a
[PASS] seq=crv_seq_8                      cyc=142 op=BK_FORWARD_BRANCH  pc=0xd8c753e0 branch=1 jal=0 -> taken=0 valid=0 tgt=0xfd49d1d0
[PASS] seq=crv_seq_8                      cyc=143 op=BK_IDLE            pc=0x380afb34 branch=0 jal=0 -> taken=0 valid=0 tgt=0xcea256d6
[PASS] seq=crv_seq_8                      cyc=144 op=BK_RANDOM          pc=0x853570bc branch=1 jal=0 -> taken=1 valid=1 tgt=0x60f1275e
[PASS] seq=crv_seq_8                      cyc=145 op=BK_BACKWARD_BRANCH pc=0xfa9b7b08 branch=1 jal=0 -> taken=1 valid=1 tgt=0xc5578eb2
[PASS] seq=crv_seq_8                      cyc=146 op=BK_FORWARD_BRANCH  pc=0xbef99da0 branch=1 jal=0 -> taken=0 valid=0 tgt=0xc22d98c0
[PASS] seq=crv_seq_8                      cyc=147 op=BK_IDLE            pc=0xf394cf4c branch=0 jal=0 -> taken=0 valid=0 tgt=0x81d166b6
[PASS] seq=crv_seq_8                      cyc=148 op=BK_IDLE            pc=0xd3d92d70 branch=0 jal=0 -> taken=0 valid=0 tgt=0xd35ebeca
[PASS] seq=crv_seq_8                      cyc=149 op=BK_RANDOM          pc=0xb3e3dabc branch=0 jal=1 -> taken=0 valid=1 tgt=0x71404638
[PASS] seq=crv_seq_8                      cyc=150 op=BK_JAL             pc=0x74e0f598 branch=0 jal=1 -> taken=0 valid=1 tgt=0x57b38cb8
[PASS] seq=crv_seq_8                      cyc=151 op=BK_BACKWARD_BRANCH pc=0xe75ce22c branch=1 jal=0 -> taken=1 valid=1 tgt=0xe4df355e
[PASS] seq=crv_seq_8                      cyc=152 op=BK_BACKWARD_BRANCH pc=0x3893bb48 branch=1 jal=0 -> taken=1 valid=1 tgt=0x237bf6e8
[PASS] seq=crv_seq_8                      cyc=153 op=BK_WRAPAROUND      pc=0xaab4c97c branch=1 jal=0 -> taken=1 valid=1 tgt=0x94455dd6
[PASS] seq=crv_seq_8                      cyc=154 op=BK_JAL             pc=0xa2952c44 branch=0 jal=1 -> taken=0 valid=1 tgt=0xa2da80f4
[PASS] seq=crv_seq_8                      cyc=155 op=BK_RANDOM          pc=0x579b44d4 branch=0 jal=1 -> taken=0 valid=1 tgt=0x837a308c
[PASS] seq=crv_seq_8                      cyc=156 op=BK_WRAPAROUND      pc=0x47795e14 branch=0 jal=0 -> taken=0 valid=0 tgt=0x24e983bc
[PASS] seq=crv_seq_8                      cyc=157 op=BK_JAL             pc=0x0d2470e4 branch=0 jal=1 -> taken=0 valid=1 tgt=0xf8e55d10
[PASS] seq=crv_seq_8                      cyc=158 op=BK_FORWARD_BRANCH  pc=0xe14d0ce8 branch=1 jal=0 -> taken=0 valid=0 tgt=0x2901a4fc
[PASS] seq=crv_seq_8                      cyc=159 op=BK_RANDOM          pc=0x8a444d14 branch=0 jal=1 -> taken=0 valid=1 tgt=0x0e15d67c
[PASS] seq=crv_seq_8                      cyc=160 op=BK_WRAPAROUND      pc=0xfe841dfc branch=0 jal=1 -> taken=0 valid=1 tgt=0x991248c0
[PASS] seq=crv_seq_8                      cyc=161 op=BK_FORWARD_BRANCH  pc=0xbe9caa78 branch=1 jal=0 -> taken=0 valid=0 tgt=0x3a8c4514
[PASS] seq=crv_seq_8                      cyc=162 op=BK_BACKWARD_BRANCH pc=0xe642f798 branch=1 jal=0 -> taken=1 valid=1 tgt=0x81020d10
[PASS] seq=crv_seq_8                      cyc=163 op=BK_BACKWARD_BRANCH pc=0x5a35ed10 branch=1 jal=0 -> taken=1 valid=1 tgt=0x3205befc
[PASS] seq=crv_seq_8                      cyc=164 op=BK_JAL_AND_BRANCH  pc=0x80b5625c branch=1 jal=1 -> taken=0 valid=1 tgt=0x8b5778f2
[PASS] seq=crv_seq_8                      cyc=165 op=BK_BACKWARD_BRANCH pc=0x83793f88 branch=1 jal=0 -> taken=1 valid=1 tgt=0x7c4ea624
[PASS] seq=crv_seq_8                      cyc=166 op=BK_JAL             pc=0xa9826284 branch=0 jal=1 -> taken=0 valid=1 tgt=0x1915b4c2
[PASS] seq=crv_seq_8                      cyc=167 op=BK_JAL             pc=0x761b9220 branch=0 jal=1 -> taken=0 valid=1 tgt=0x098d9d92
[PASS] seq=crv_seq_8                      cyc=168 op=BK_BACKWARD_BRANCH pc=0x660b5f6c branch=1 jal=0 -> taken=1 valid=1 tgt=0x43eef2cc
[PASS] seq=crv_seq_8                      cyc=169 op=BK_RANDOM          pc=0x4730d044 branch=1 jal=0 -> taken=1 valid=1 tgt=0x0280d7d0
[PASS] seq=crv_seq_8                      cyc=170 op=BK_IDLE            pc=0xc72b5488 branch=0 jal=0 -> taken=0 valid=0 tgt=0x4b0d0150
[PASS] seq=crv_seq_8                      cyc=171 op=BK_BACKWARD_BRANCH pc=0x0d382250 branch=1 jal=0 -> taken=1 valid=1 tgt=0xed9cc2f8
[PASS] seq=crv_seq_8                      cyc=172 op=BK_IDLE            pc=0xed44400c branch=0 jal=0 -> taken=0 valid=0 tgt=0xef415c84
[PASS] seq=crv_seq_8                      cyc=173 op=BK_BACKWARD_BRANCH pc=0x7dfa7744 branch=1 jal=0 -> taken=1 valid=1 tgt=0x2d3540de
[PASS] seq=crv_seq_8                      cyc=174 op=BK_RANDOM          pc=0x21eea958 branch=0 jal=0 -> taken=0 valid=0 tgt=0xf11ec09a
[PASS] seq=crv_seq_8                      cyc=175 op=BK_BACKWARD_BRANCH pc=0x03dedd20 branch=1 jal=0 -> taken=1 valid=1 tgt=0xd04f4a16
[PASS] seq=crv_seq_8                      cyc=176 op=BK_RANDOM          pc=0xad8fe7ec branch=1 jal=1 -> taken=1 valid=1 tgt=0x4c38107c
[PASS] seq=crv_seq_8                      cyc=177 op=BK_IDLE            pc=0x540675c0 branch=0 jal=0 -> taken=0 valid=0 tgt=0xf91996b8
[PASS] seq=crv_seq_8                      cyc=178 op=BK_WRAPAROUND      pc=0x3be6bc78 branch=0 jal=1 -> taken=0 valid=1 tgt=0x0a590be2
[PASS] seq=crv_seq_8                      cyc=179 op=BK_FORWARD_BRANCH  pc=0x026146ac branch=1 jal=0 -> taken=0 valid=0 tgt=0x6c72dea8
[PASS] seq=crv_seq_8                      cyc=180 op=BK_FORWARD_BRANCH  pc=0x659491e0 branch=1 jal=0 -> taken=0 valid=0 tgt=0xa9c1294c
[PASS] seq=crv_seq_8                      cyc=181 op=BK_IDLE            pc=0x9e5ca2d4 branch=0 jal=0 -> taken=0 valid=0 tgt=0xadbcef08
[PASS] seq=crv_seq_8                      cyc=182 op=BK_FORWARD_BRANCH  pc=0xe075dc04 branch=1 jal=0 -> taken=0 valid=0 tgt=0x58d83932
[PASS] seq=crv_seq_8                      cyc=183 op=BK_RANDOM          pc=0xac43f7a8 branch=0 jal=1 -> taken=0 valid=1 tgt=0xd018e1ca
[PASS] seq=crv_seq_8                      cyc=184 op=BK_JAL             pc=0xf8610904 branch=0 jal=1 -> taken=0 valid=1 tgt=0x72a0bb5e
[PASS] seq=crv_seq_8                      cyc=185 op=BK_BACKWARD_BRANCH pc=0xf824990c branch=1 jal=0 -> taken=1 valid=1 tgt=0xdec6b89e
[PASS] seq=crv_seq_8                      cyc=186 op=BK_FORWARD_BRANCH  pc=0x42c378c0 branch=1 jal=0 -> taken=0 valid=0 tgt=0x9fa20006
[PASS] seq=crv_seq_8                      cyc=187 op=BK_FORWARD_BRANCH  pc=0x9d4edbc0 branch=1 jal=0 -> taken=0 valid=0 tgt=0xb7d2d786
[PASS] seq=crv_seq_8                      cyc=188 op=BK_IDLE            pc=0x6d4ec41c branch=0 jal=0 -> taken=0 valid=0 tgt=0xc9042d4e
[PASS] seq=crv_seq_8                      cyc=189 op=BK_RANDOM          pc=0x57a02d7c branch=1 jal=0 -> taken=0 valid=0 tgt=0xb9beecc6
[PASS] seq=crv_seq_8                      cyc=190 op=BK_FORWARD_BRANCH  pc=0x6f7358dc branch=1 jal=0 -> taken=0 valid=0 tgt=0xa2a8f5a6
[PASS] seq=crv_seq_8                      cyc=191 op=BK_WRAPAROUND      pc=0x5c64c7d4 branch=0 jal=0 -> taken=0 valid=0 tgt=0x6a15f486
[PASS] seq=crv_seq_8                      cyc=192 op=BK_FORWARD_BRANCH  pc=0xe670ca50 branch=1 jal=0 -> taken=0 valid=0 tgt=0x13c2ca12
[PASS] seq=crv_seq_8                      cyc=193 op=BK_JAL             pc=0x0a32bbe4 branch=0 jal=1 -> taken=0 valid=1 tgt=0xfc2b2844
[PASS] seq=crv_seq_8                      cyc=194 op=BK_JAL             pc=0xb8c1c7e8 branch=0 jal=1 -> taken=0 valid=1 tgt=0x9b57a38c
[PASS] seq=crv_seq_8                      cyc=195 op=BK_FORWARD_BRANCH  pc=0x5b84be18 branch=1 jal=0 -> taken=0 valid=0 tgt=0x8db23e12
[PASS] seq=crv_seq_8                      cyc=196 op=BK_BACKWARD_BRANCH pc=0xead604fc branch=1 jal=0 -> taken=1 valid=1 tgt=0xa3a7ec80
[PASS] seq=crv_seq_8                      cyc=197 op=BK_IDLE            pc=0xe2ba8190 branch=0 jal=0 -> taken=0 valid=0 tgt=0xabc3b3e6
[PASS] seq=crv_seq_8                      cyc=198 op=BK_RANDOM          pc=0xb585a8b4 branch=1 jal=1 -> taken=1 valid=1 tgt=0xef2c8154
[PASS] seq=crv_seq_8                      cyc=199 op=BK_JAL             pc=0x2a3905e0 branch=0 jal=1 -> taken=0 valid=1 tgt=0xadebec3e
[PASS] seq=crv_seq_9                      cyc=0 op=BK_IDLE            pc=0x9a665390 branch=0 jal=0 -> taken=0 valid=0 tgt=0x918f8cb8
[PASS] seq=crv_seq_9                      cyc=1 op=BK_RANDOM          pc=0x22be93ac branch=1 jal=0 -> taken=0 valid=0 tgt=0x37e770b8
[PASS] seq=crv_seq_9                      cyc=2 op=BK_JAL_AND_BRANCH  pc=0x292e7efc branch=1 jal=1 -> taken=0 valid=1 tgt=0x0dfe43f4
[PASS] seq=crv_seq_9                      cyc=3 op=BK_FORWARD_BRANCH  pc=0xa7ab5d44 branch=1 jal=0 -> taken=0 valid=0 tgt=0xbcd53c04
[PASS] seq=crv_seq_9                      cyc=4 op=BK_WRAPAROUND      pc=0x3c0f74e0 branch=1 jal=0 -> taken=0 valid=0 tgt=0x85342b76
[PASS] seq=crv_seq_9                      cyc=5 op=BK_FORWARD_BRANCH  pc=0x9df4eb04 branch=1 jal=0 -> taken=0 valid=0 tgt=0xff1fcce6
[PASS] seq=crv_seq_9                      cyc=6 op=BK_JAL             pc=0x0830931c branch=0 jal=1 -> taken=0 valid=1 tgt=0x3602e1b8
[PASS] seq=crv_seq_9                      cyc=7 op=BK_FORWARD_BRANCH  pc=0xe8f107bc branch=1 jal=0 -> taken=0 valid=0 tgt=0x2e1e9dba
[PASS] seq=crv_seq_9                      cyc=8 op=BK_RANDOM          pc=0x8c1e507c branch=0 jal=1 -> taken=0 valid=1 tgt=0xd05f0c18
[PASS] seq=crv_seq_9                      cyc=9 op=BK_FORWARD_BRANCH  pc=0x14937f6c branch=1 jal=0 -> taken=0 valid=0 tgt=0x37321a0e
[PASS] seq=crv_seq_9                      cyc=10 op=BK_RANDOM          pc=0xd3232b8c branch=1 jal=0 -> taken=1 valid=1 tgt=0x54e890c6
[PASS] seq=crv_seq_9                      cyc=11 op=BK_WRAPAROUND      pc=0xa059caf0 branch=0 jal=1 -> taken=0 valid=1 tgt=0xb20214b6
[PASS] seq=crv_seq_9                      cyc=12 op=BK_FORWARD_BRANCH  pc=0x7c0b9488 branch=1 jal=0 -> taken=0 valid=0 tgt=0x97c8acd2
[PASS] seq=crv_seq_9                      cyc=13 op=BK_BACKWARD_BRANCH pc=0x87833f5c branch=1 jal=0 -> taken=1 valid=1 tgt=0x31df532c
[PASS] seq=crv_seq_9                      cyc=14 op=BK_JAL_AND_BRANCH  pc=0xe42dd24c branch=1 jal=1 -> taken=0 valid=1 tgt=0xc7770ce0
[PASS] seq=crv_seq_9                      cyc=15 op=BK_FORWARD_BRANCH  pc=0x2ea17c60 branch=1 jal=0 -> taken=0 valid=0 tgt=0x4b3c6464
[PASS] seq=crv_seq_9                      cyc=16 op=BK_BACKWARD_BRANCH pc=0x696f5218 branch=1 jal=0 -> taken=1 valid=1 tgt=0x1b97c4dc
[PASS] seq=crv_seq_9                      cyc=17 op=BK_FORWARD_BRANCH  pc=0x3c39b0dc branch=1 jal=0 -> taken=0 valid=0 tgt=0x60492be2
[PASS] seq=crv_seq_9                      cyc=18 op=BK_JAL             pc=0x3aaac000 branch=0 jal=1 -> taken=0 valid=1 tgt=0x5c331236
[PASS] seq=crv_seq_9                      cyc=19 op=BK_BACKWARD_BRANCH pc=0xe65ce2f8 branch=1 jal=0 -> taken=1 valid=1 tgt=0xabaf0d64
[PASS] seq=crv_seq_9                      cyc=20 op=BK_WRAPAROUND      pc=0x28a3592c branch=0 jal=1 -> taken=0 valid=1 tgt=0x81f3772e
[PASS] seq=crv_seq_9                      cyc=21 op=BK_BACKWARD_BRANCH pc=0xa8fdbac8 branch=1 jal=0 -> taken=1 valid=1 tgt=0x5c81e1f8
[PASS] seq=crv_seq_9                      cyc=22 op=BK_BACKWARD_BRANCH pc=0xac239ac8 branch=1 jal=0 -> taken=1 valid=1 tgt=0x4ec2c88e
[PASS] seq=crv_seq_9                      cyc=23 op=BK_JAL             pc=0xbeb4bae8 branch=0 jal=1 -> taken=0 valid=1 tgt=0x8ab474ac
[PASS] seq=crv_seq_9                      cyc=24 op=BK_BACKWARD_BRANCH pc=0xbf8ad37c branch=1 jal=0 -> taken=1 valid=1 tgt=0x88621204
[PASS] seq=crv_seq_9                      cyc=25 op=BK_BACKWARD_BRANCH pc=0x6fdef10c branch=1 jal=0 -> taken=1 valid=1 tgt=0x278d38d6
[PASS] seq=crv_seq_9                      cyc=26 op=BK_FORWARD_BRANCH  pc=0x63bb43f8 branch=1 jal=0 -> taken=0 valid=0 tgt=0xc30d9276
[PASS] seq=crv_seq_9                      cyc=27 op=BK_FORWARD_BRANCH  pc=0x62c80574 branch=1 jal=0 -> taken=0 valid=0 tgt=0xb93bd350
[PASS] seq=crv_seq_9                      cyc=28 op=BK_JAL_AND_BRANCH  pc=0x3274a510 branch=1 jal=1 -> taken=1 valid=1 tgt=0x30108bfa
[PASS] seq=crv_seq_9                      cyc=29 op=BK_FORWARD_BRANCH  pc=0xd7040efc branch=1 jal=0 -> taken=0 valid=0 tgt=0x4fc1f59e
[PASS] seq=crv_seq_9                      cyc=30 op=BK_JAL             pc=0x0b0ebd78 branch=0 jal=1 -> taken=0 valid=1 tgt=0xa76e13b6
[PASS] seq=crv_seq_9                      cyc=31 op=BK_RANDOM          pc=0x09e52adc branch=0 jal=0 -> taken=0 valid=0 tgt=0x911efcba
[PASS] seq=crv_seq_9                      cyc=32 op=BK_FORWARD_BRANCH  pc=0xc092f50c branch=1 jal=0 -> taken=0 valid=0 tgt=0xda7ebdda
[PASS] seq=crv_seq_9                      cyc=33 op=BK_FORWARD_BRANCH  pc=0x22027540 branch=1 jal=0 -> taken=0 valid=0 tgt=0x8ebeed36
[PASS] seq=crv_seq_9                      cyc=34 op=BK_IDLE            pc=0xa896e3d0 branch=0 jal=0 -> taken=0 valid=0 tgt=0x7dce8302
[PASS] seq=crv_seq_9                      cyc=35 op=BK_BACKWARD_BRANCH pc=0xea897c40 branch=1 jal=0 -> taken=1 valid=1 tgt=0xbfeea5ca
[PASS] seq=crv_seq_9                      cyc=36 op=BK_RANDOM          pc=0xf67d0c2c branch=0 jal=0 -> taken=0 valid=0 tgt=0x1fea33ba
[PASS] seq=crv_seq_9                      cyc=37 op=BK_FORWARD_BRANCH  pc=0xb26d53a8 branch=1 jal=0 -> taken=0 valid=0 tgt=0x18a85e0e
[PASS] seq=crv_seq_9                      cyc=38 op=BK_BACKWARD_BRANCH pc=0x8dea1538 branch=1 jal=0 -> taken=1 valid=1 tgt=0x4cced2d4
[PASS] seq=crv_seq_9                      cyc=39 op=BK_FORWARD_BRANCH  pc=0xb62a5e98 branch=1 jal=0 -> taken=0 valid=0 tgt=0x2fc751c6
[PASS] seq=crv_seq_9                      cyc=40 op=BK_JAL             pc=0xe3c707ac branch=0 jal=1 -> taken=0 valid=1 tgt=0x0ae47b36
[PASS] seq=crv_seq_9                      cyc=41 op=BK_JAL             pc=0x2ef0a110 branch=0 jal=1 -> taken=0 valid=1 tgt=0x70d33f10
[PASS] seq=crv_seq_9                      cyc=42 op=BK_RANDOM          pc=0x8f91f12c branch=0 jal=0 -> taken=0 valid=0 tgt=0x4cfbec8c
[PASS] seq=crv_seq_9                      cyc=43 op=BK_FORWARD_BRANCH  pc=0x0d8e6334 branch=1 jal=0 -> taken=0 valid=0 tgt=0x5093d6ae
[PASS] seq=crv_seq_9                      cyc=44 op=BK_FORWARD_BRANCH  pc=0x38a03974 branch=1 jal=0 -> taken=0 valid=0 tgt=0x67f3f1d0
[PASS] seq=crv_seq_9                      cyc=45 op=BK_JAL             pc=0x06eb9864 branch=0 jal=1 -> taken=0 valid=1 tgt=0x9ebd3566
[PASS] seq=crv_seq_9                      cyc=46 op=BK_JAL             pc=0x79b39644 branch=0 jal=1 -> taken=0 valid=1 tgt=0xfdb36aea
[PASS] seq=crv_seq_9                      cyc=47 op=BK_RANDOM          pc=0x9358b3d4 branch=1 jal=1 -> taken=1 valid=1 tgt=0xc2004ff0
[PASS] seq=crv_seq_9                      cyc=48 op=BK_FORWARD_BRANCH  pc=0xec082994 branch=1 jal=0 -> taken=0 valid=0 tgt=0x21bf8f32
[PASS] seq=crv_seq_9                      cyc=49 op=BK_RANDOM          pc=0xfd02ab7c branch=0 jal=1 -> taken=0 valid=1 tgt=0x9f6902e0
[PASS] seq=crv_seq_9                      cyc=50 op=BK_RANDOM          pc=0x91e30cb0 branch=0 jal=0 -> taken=0 valid=0 tgt=0x99e1af38
[PASS] seq=crv_seq_9                      cyc=51 op=BK_JAL_AND_BRANCH  pc=0x0a2b5ec4 branch=1 jal=1 -> taken=1 valid=1 tgt=0xa4a92488
[PASS] seq=crv_seq_9                      cyc=52 op=BK_WRAPAROUND      pc=0xbb77dadc branch=1 jal=0 -> taken=0 valid=0 tgt=0x338e944c
[PASS] seq=crv_seq_9                      cyc=53 op=BK_FORWARD_BRANCH  pc=0x5c7d0214 branch=1 jal=0 -> taken=0 valid=0 tgt=0x868e6874
[PASS] seq=crv_seq_9                      cyc=54 op=BK_RANDOM          pc=0xf3a328fc branch=0 jal=0 -> taken=0 valid=0 tgt=0xd7747020
[PASS] seq=crv_seq_9                      cyc=55 op=BK_IDLE            pc=0x4b3c502c branch=0 jal=0 -> taken=0 valid=0 tgt=0xa0fd5f12
[PASS] seq=crv_seq_9                      cyc=56 op=BK_RANDOM          pc=0x026867d0 branch=1 jal=1 -> taken=0 valid=1 tgt=0x948c53a4
[PASS] seq=crv_seq_9                      cyc=57 op=BK_FORWARD_BRANCH  pc=0x1b939100 branch=1 jal=0 -> taken=0 valid=0 tgt=0x6aea45f0
[PASS] seq=crv_seq_9                      cyc=58 op=BK_WRAPAROUND      pc=0x37fbfac4 branch=0 jal=1 -> taken=0 valid=1 tgt=0xc229e5aa
[PASS] seq=crv_seq_9                      cyc=59 op=BK_JAL             pc=0x752b06d0 branch=0 jal=1 -> taken=0 valid=1 tgt=0x90658762
[PASS] seq=crv_seq_9                      cyc=60 op=BK_RANDOM          pc=0xb8211a9c branch=0 jal=0 -> taken=0 valid=0 tgt=0xfae19472
[PASS] seq=crv_seq_9                      cyc=61 op=BK_FORWARD_BRANCH  pc=0x556dac2c branch=1 jal=0 -> taken=0 valid=0 tgt=0xc6689ea2
[PASS] seq=crv_seq_9                      cyc=62 op=BK_JAL             pc=0xd1a392b4 branch=0 jal=1 -> taken=0 valid=1 tgt=0xc8cbe790
[PASS] seq=crv_seq_9                      cyc=63 op=BK_BACKWARD_BRANCH pc=0xa4874178 branch=1 jal=0 -> taken=1 valid=1 tgt=0x40da31fc
[PASS] seq=crv_seq_9                      cyc=64 op=BK_BACKWARD_BRANCH pc=0x6942a118 branch=1 jal=0 -> taken=1 valid=1 tgt=0x48ab6b42
[PASS] seq=crv_seq_9                      cyc=65 op=BK_JAL_AND_BRANCH  pc=0x2d7a1ec4 branch=1 jal=1 -> taken=0 valid=1 tgt=0x2e4a354a
[PASS] seq=crv_seq_9                      cyc=66 op=BK_JAL_AND_BRANCH  pc=0xa056e3d0 branch=1 jal=1 -> taken=0 valid=1 tgt=0xdc9d4952
[PASS] seq=crv_seq_9                      cyc=67 op=BK_JAL_AND_BRANCH  pc=0xfaba5d90 branch=1 jal=1 -> taken=1 valid=1 tgt=0x7cb4cd42
[PASS] seq=crv_seq_9                      cyc=68 op=BK_JAL             pc=0x5770e6c0 branch=0 jal=1 -> taken=0 valid=1 tgt=0x1ee1abde
[PASS] seq=crv_seq_9                      cyc=69 op=BK_FORWARD_BRANCH  pc=0xdf7a2a2c branch=1 jal=0 -> taken=0 valid=0 tgt=0x456ceda8
[PASS] seq=crv_seq_9                      cyc=70 op=BK_WRAPAROUND      pc=0x980e0bcc branch=0 jal=0 -> taken=0 valid=0 tgt=0xd9e7d50c
[PASS] seq=crv_seq_9                      cyc=71 op=BK_BACKWARD_BRANCH pc=0x45585278 branch=1 jal=0 -> taken=1 valid=1 tgt=0x26e97012
[PASS] seq=crv_seq_9                      cyc=72 op=BK_BACKWARD_BRANCH pc=0xe4c091c8 branch=1 jal=0 -> taken=1 valid=1 tgt=0xb151707c
[PASS] seq=crv_seq_9                      cyc=73 op=BK_IDLE            pc=0x410a89e0 branch=0 jal=0 -> taken=0 valid=0 tgt=0xe4c57580
[PASS] seq=crv_seq_9                      cyc=74 op=BK_RANDOM          pc=0x08c0cfb4 branch=1 jal=0 -> taken=0 valid=0 tgt=0x551c7326
[PASS] seq=crv_seq_9                      cyc=75 op=BK_JAL_AND_BRANCH  pc=0xa83f6bc0 branch=1 jal=1 -> taken=1 valid=1 tgt=0x42d3d484
[PASS] seq=crv_seq_9                      cyc=76 op=BK_FORWARD_BRANCH  pc=0x26cd6870 branch=1 jal=0 -> taken=0 valid=0 tgt=0x59cc7988
[PASS] seq=crv_seq_9                      cyc=77 op=BK_RANDOM          pc=0x8643dd38 branch=1 jal=1 -> taken=0 valid=1 tgt=0xb005b252
[PASS] seq=crv_seq_9                      cyc=78 op=BK_RANDOM          pc=0x5cda2e04 branch=1 jal=1 -> taken=1 valid=1 tgt=0x66a06efa
[PASS] seq=crv_seq_9                      cyc=79 op=BK_RANDOM          pc=0x068ce8dc branch=0 jal=0 -> taken=0 valid=0 tgt=0x09137660
[PASS] seq=crv_seq_9                      cyc=80 op=BK_FORWARD_BRANCH  pc=0xf2730558 branch=1 jal=0 -> taken=0 valid=0 tgt=0x223c7daa
[PASS] seq=crv_seq_9                      cyc=81 op=BK_FORWARD_BRANCH  pc=0x72bd197c branch=1 jal=0 -> taken=0 valid=0 tgt=0xdb919ecc
[PASS] seq=crv_seq_9                      cyc=82 op=BK_FORWARD_BRANCH  pc=0x311a021c branch=1 jal=0 -> taken=0 valid=0 tgt=0x876a957c
[PASS] seq=crv_seq_9                      cyc=83 op=BK_BACKWARD_BRANCH pc=0xabec3404 branch=1 jal=0 -> taken=1 valid=1 tgt=0x7795d5a4
[PASS] seq=crv_seq_9                      cyc=84 op=BK_RANDOM          pc=0xd4f772b4 branch=1 jal=1 -> taken=0 valid=1 tgt=0xd5cdb516
[PASS] seq=crv_seq_9                      cyc=85 op=BK_FORWARD_BRANCH  pc=0xf7b30f18 branch=1 jal=0 -> taken=0 valid=0 tgt=0x32131a60
[PASS] seq=crv_seq_9                      cyc=86 op=BK_BACKWARD_BRANCH pc=0x1b8e1c4c branch=1 jal=0 -> taken=1 valid=1 tgt=0x1596c5ee
[PASS] seq=crv_seq_9                      cyc=87 op=BK_JAL_AND_BRANCH  pc=0xa93ff890 branch=1 jal=1 -> taken=0 valid=1 tgt=0x271134f2
[PASS] seq=crv_seq_9                      cyc=88 op=BK_IDLE            pc=0xd0c4889c branch=0 jal=0 -> taken=0 valid=0 tgt=0xf76e17b0
[PASS] seq=crv_seq_9                      cyc=89 op=BK_BACKWARD_BRANCH pc=0x4b5590e8 branch=1 jal=0 -> taken=1 valid=1 tgt=0xe1334cd2
[PASS] seq=crv_seq_9                      cyc=90 op=BK_BACKWARD_BRANCH pc=0x61236a80 branch=1 jal=0 -> taken=1 valid=1 tgt=0x1039efe0
[PASS] seq=crv_seq_9                      cyc=91 op=BK_BACKWARD_BRANCH pc=0xebff6db8 branch=1 jal=0 -> taken=1 valid=1 tgt=0x997b81b6
[PASS] seq=crv_seq_9                      cyc=92 op=BK_WRAPAROUND      pc=0xc04d4fc0 branch=0 jal=1 -> taken=0 valid=1 tgt=0xe38cad42
[PASS] seq=crv_seq_9                      cyc=93 op=BK_RANDOM          pc=0xfbe3f1c0 branch=0 jal=1 -> taken=0 valid=1 tgt=0x6a74c976
[PASS] seq=crv_seq_9                      cyc=94 op=BK_JAL             pc=0x430b52c4 branch=0 jal=1 -> taken=0 valid=1 tgt=0x7d62f38a
[PASS] seq=crv_seq_9                      cyc=95 op=BK_JAL             pc=0xc700475c branch=0 jal=1 -> taken=0 valid=1 tgt=0xce3ea3b4
[PASS] seq=crv_seq_9                      cyc=96 op=BK_BACKWARD_BRANCH pc=0xacc96b08 branch=1 jal=0 -> taken=1 valid=1 tgt=0xa5e45ece
[PASS] seq=crv_seq_9                      cyc=97 op=BK_JAL             pc=0x31b7b37c branch=0 jal=1 -> taken=0 valid=1 tgt=0xfd2e93b2
[PASS] seq=crv_seq_9                      cyc=98 op=BK_FORWARD_BRANCH  pc=0x6ec88854 branch=1 jal=0 -> taken=0 valid=0 tgt=0xeb508e12
[PASS] seq=crv_seq_9                      cyc=99 op=BK_BACKWARD_BRANCH pc=0x4e5e095c branch=1 jal=0 -> taken=1 valid=1 tgt=0xcf417526
[PASS] seq=crv_seq_9                      cyc=100 op=BK_IDLE            pc=0x2d5c0f44 branch=0 jal=0 -> taken=0 valid=0 tgt=0xeb423518
[PASS] seq=crv_seq_9                      cyc=101 op=BK_IDLE            pc=0xaea6e40c branch=0 jal=0 -> taken=0 valid=0 tgt=0x5d635b42
[PASS] seq=crv_seq_9                      cyc=102 op=BK_RANDOM          pc=0x69d4d36c branch=0 jal=0 -> taken=0 valid=0 tgt=0xbc361b38
[PASS] seq=crv_seq_9                      cyc=103 op=BK_RANDOM          pc=0xa6a4e5dc branch=0 jal=1 -> taken=0 valid=1 tgt=0x3d072670
[PASS] seq=crv_seq_9                      cyc=104 op=BK_JAL_AND_BRANCH  pc=0xb9582fec branch=1 jal=1 -> taken=0 valid=1 tgt=0x8a45407a
[PASS] seq=crv_seq_9                      cyc=105 op=BK_BACKWARD_BRANCH pc=0x4e998c54 branch=1 jal=0 -> taken=1 valid=1 tgt=0x13f373b0
[PASS] seq=crv_seq_9                      cyc=106 op=BK_JAL_AND_BRANCH  pc=0xe0f0f0dc branch=1 jal=1 -> taken=1 valid=1 tgt=0x8e654ba6
[PASS] seq=crv_seq_9                      cyc=107 op=BK_JAL_AND_BRANCH  pc=0x740f0b10 branch=1 jal=1 -> taken=0 valid=1 tgt=0x1972dad4
[PASS] seq=crv_seq_9                      cyc=108 op=BK_FORWARD_BRANCH  pc=0x50d6559c branch=1 jal=0 -> taken=0 valid=0 tgt=0x9a656c02
[PASS] seq=crv_seq_9                      cyc=109 op=BK_BACKWARD_BRANCH pc=0x3070fdac branch=1 jal=0 -> taken=1 valid=1 tgt=0xfeb81168
[PASS] seq=crv_seq_9                      cyc=110 op=BK_JAL_AND_BRANCH  pc=0x26dce380 branch=1 jal=1 -> taken=0 valid=1 tgt=0x1fe84728
[PASS] seq=crv_seq_9                      cyc=111 op=BK_RANDOM          pc=0xbd21e7c4 branch=0 jal=0 -> taken=0 valid=0 tgt=0x928588ba
[PASS] seq=crv_seq_9                      cyc=112 op=BK_JAL             pc=0xb3e1d65c branch=0 jal=1 -> taken=0 valid=1 tgt=0xb144cf0c
[PASS] seq=crv_seq_9                      cyc=113 op=BK_BACKWARD_BRANCH pc=0xc765bc70 branch=1 jal=0 -> taken=1 valid=1 tgt=0xbbf5ceda
[PASS] seq=crv_seq_9                      cyc=114 op=BK_JAL             pc=0xfce1a9e0 branch=0 jal=1 -> taken=0 valid=1 tgt=0x3a3739ea
[PASS] seq=crv_seq_9                      cyc=115 op=BK_RANDOM          pc=0x9d02b8f0 branch=0 jal=0 -> taken=0 valid=0 tgt=0xf0623a4c
[PASS] seq=crv_seq_9                      cyc=116 op=BK_FORWARD_BRANCH  pc=0x58abca1c branch=1 jal=0 -> taken=0 valid=0 tgt=0xa96fcff0
[PASS] seq=crv_seq_9                      cyc=117 op=BK_RANDOM          pc=0x3521da60 branch=0 jal=0 -> taken=0 valid=0 tgt=0xa709fa6a
[PASS] seq=crv_seq_9                      cyc=118 op=BK_JAL_AND_BRANCH  pc=0x6e9c93a0 branch=1 jal=1 -> taken=1 valid=1 tgt=0xd7ca9c64
[PASS] seq=crv_seq_9                      cyc=119 op=BK_RANDOM          pc=0xb3ae9064 branch=0 jal=0 -> taken=0 valid=0 tgt=0x8b6cc7e8
[PASS] seq=crv_seq_9                      cyc=120 op=BK_JAL             pc=0xee988fa0 branch=0 jal=1 -> taken=0 valid=1 tgt=0x775fce6c
[PASS] seq=crv_seq_9                      cyc=121 op=BK_JAL             pc=0x330b4f18 branch=0 jal=1 -> taken=0 valid=1 tgt=0x73dc2eb0
[PASS] seq=crv_seq_9                      cyc=122 op=BK_JAL             pc=0x6bdd6fb8 branch=0 jal=1 -> taken=0 valid=1 tgt=0x7a3b82ac
[PASS] seq=crv_seq_9                      cyc=123 op=BK_BACKWARD_BRANCH pc=0x7a99fde8 branch=1 jal=0 -> taken=1 valid=1 tgt=0x2b5c2bbc
[PASS] seq=crv_seq_9                      cyc=124 op=BK_RANDOM          pc=0x057ecf04 branch=0 jal=1 -> taken=0 valid=1 tgt=0x99765c26
[PASS] seq=crv_seq_9                      cyc=125 op=BK_FORWARD_BRANCH  pc=0x7dcc2b94 branch=1 jal=0 -> taken=0 valid=0 tgt=0xdc7ff430
[PASS] seq=crv_seq_9                      cyc=126 op=BK_FORWARD_BRANCH  pc=0xbc763ccc branch=1 jal=0 -> taken=0 valid=0 tgt=0xbf4f57fc
[PASS] seq=crv_seq_9                      cyc=127 op=BK_FORWARD_BRANCH  pc=0x97485ae8 branch=1 jal=0 -> taken=0 valid=0 tgt=0xb3201bfa
[PASS] seq=crv_seq_9                      cyc=128 op=BK_RANDOM          pc=0xb34efc50 branch=1 jal=0 -> taken=1 valid=1 tgt=0xa672b896
[PASS] seq=crv_seq_9                      cyc=129 op=BK_BACKWARD_BRANCH pc=0xd68fdb00 branch=1 jal=0 -> taken=1 valid=1 tgt=0x62689040
[PASS] seq=crv_seq_9                      cyc=130 op=BK_RANDOM          pc=0xe0832af0 branch=0 jal=1 -> taken=0 valid=1 tgt=0x750c5bcc
[PASS] seq=crv_seq_9                      cyc=131 op=BK_FORWARD_BRANCH  pc=0xb7a2bf98 branch=1 jal=0 -> taken=0 valid=0 tgt=0xe7ee974e
[PASS] seq=crv_seq_9                      cyc=132 op=BK_BACKWARD_BRANCH pc=0xbb84aa50 branch=1 jal=0 -> taken=1 valid=1 tgt=0x7ed5c054
[PASS] seq=crv_seq_9                      cyc=133 op=BK_BACKWARD_BRANCH pc=0xab5f0140 branch=1 jal=0 -> taken=1 valid=1 tgt=0x437489d6
[PASS] seq=crv_seq_9                      cyc=134 op=BK_WRAPAROUND      pc=0xe00cb85c branch=1 jal=0 -> taken=0 valid=0 tgt=0x369b741e
[PASS] seq=crv_seq_9                      cyc=135 op=BK_RANDOM          pc=0x0d3a6068 branch=1 jal=1 -> taken=0 valid=1 tgt=0x32c3f02c
[PASS] seq=crv_seq_9                      cyc=136 op=BK_RANDOM          pc=0x0d4dd5d0 branch=1 jal=1 -> taken=1 valid=1 tgt=0x179e54e2
[PASS] seq=crv_seq_9                      cyc=137 op=BK_RANDOM          pc=0xab170c24 branch=1 jal=0 -> taken=1 valid=1 tgt=0x83457282
[PASS] seq=crv_seq_9                      cyc=138 op=BK_FORWARD_BRANCH  pc=0xa97a7d74 branch=1 jal=0 -> taken=0 valid=0 tgt=0xf6049860
[PASS] seq=crv_seq_9                      cyc=139 op=BK_JAL             pc=0xae62be58 branch=0 jal=1 -> taken=0 valid=1 tgt=0x51559dba
[PASS] seq=crv_seq_9                      cyc=140 op=BK_FORWARD_BRANCH  pc=0x2bad4218 branch=1 jal=0 -> taken=0 valid=0 tgt=0x43352920
[PASS] seq=crv_seq_9                      cyc=141 op=BK_BACKWARD_BRANCH pc=0x00de23e0 branch=1 jal=0 -> taken=1 valid=1 tgt=0xfcdf64f0
[PASS] seq=crv_seq_9                      cyc=142 op=BK_FORWARD_BRANCH  pc=0xadf3fc8c branch=1 jal=0 -> taken=0 valid=0 tgt=0xebb05adc
[PASS] seq=crv_seq_9                      cyc=143 op=BK_JAL             pc=0x2d108ac4 branch=0 jal=1 -> taken=0 valid=1 tgt=0xc450ff0a
[PASS] seq=crv_seq_9                      cyc=144 op=BK_IDLE            pc=0xfd71c328 branch=0 jal=0 -> taken=0 valid=0 tgt=0xf7465602
[PASS] seq=crv_seq_9                      cyc=145 op=BK_RANDOM          pc=0x668529a8 branch=1 jal=0 -> taken=0 valid=0 tgt=0xc35e2e9a
[PASS] seq=crv_seq_9                      cyc=146 op=BK_BACKWARD_BRANCH pc=0x9ca0dcd4 branch=1 jal=0 -> taken=1 valid=1 tgt=0x8fd49950
[PASS] seq=crv_seq_9                      cyc=147 op=BK_RANDOM          pc=0xf729db14 branch=0 jal=1 -> taken=0 valid=1 tgt=0x77465c5e
[PASS] seq=crv_seq_9                      cyc=148 op=BK_FORWARD_BRANCH  pc=0x47ec36f8 branch=1 jal=0 -> taken=0 valid=0 tgt=0xa1717f9e
[PASS] seq=crv_seq_9                      cyc=149 op=BK_RANDOM          pc=0xdcf71878 branch=0 jal=0 -> taken=0 valid=0 tgt=0xfdac2fa6
[PASS] seq=crv_seq_9                      cyc=150 op=BK_JAL             pc=0xbadba130 branch=0 jal=1 -> taken=0 valid=1 tgt=0x6016a678
[PASS] seq=crv_seq_9                      cyc=151 op=BK_JAL_AND_BRANCH  pc=0x0bee7c98 branch=1 jal=1 -> taken=1 valid=1 tgt=0x1d5913f2
[PASS] seq=crv_seq_9                      cyc=152 op=BK_RANDOM          pc=0x5a2dcba4 branch=1 jal=1 -> taken=1 valid=1 tgt=0x0c60689a
[PASS] seq=crv_seq_9                      cyc=153 op=BK_IDLE            pc=0x8905a58c branch=0 jal=0 -> taken=0 valid=0 tgt=0xd9c30cf2
[PASS] seq=crv_seq_9                      cyc=154 op=BK_FORWARD_BRANCH  pc=0xf8b0415c branch=1 jal=0 -> taken=0 valid=0 tgt=0x12fb8cc8
[PASS] seq=crv_seq_9                      cyc=155 op=BK_RANDOM          pc=0x16d378a8 branch=1 jal=0 -> taken=1 valid=1 tgt=0xf77aaa86
[PASS] seq=crv_seq_9                      cyc=156 op=BK_BACKWARD_BRANCH pc=0x540577f8 branch=1 jal=0 -> taken=1 valid=1 tgt=0x4c10939a
[PASS] seq=crv_seq_9                      cyc=157 op=BK_BACKWARD_BRANCH pc=0xb02e5080 branch=1 jal=0 -> taken=1 valid=1 tgt=0x780c7c4e
[PASS] seq=crv_seq_9                      cyc=158 op=BK_RANDOM          pc=0x6b8e8c44 branch=0 jal=0 -> taken=0 valid=0 tgt=0x66d49abc
[PASS] seq=crv_seq_9                      cyc=159 op=BK_BACKWARD_BRANCH pc=0xd2ce9e20 branch=1 jal=0 -> taken=1 valid=1 tgt=0x9ce69f10
[PASS] seq=crv_seq_9                      cyc=160 op=BK_RANDOM          pc=0x4f6ce1c4 branch=1 jal=0 -> taken=1 valid=1 tgt=0x342b86c2
[PASS] seq=crv_seq_9                      cyc=161 op=BK_BACKWARD_BRANCH pc=0xe54bdd5c branch=1 jal=0 -> taken=1 valid=1 tgt=0x6c383724
[PASS] seq=crv_seq_9                      cyc=162 op=BK_RANDOM          pc=0x179e2fcc branch=1 jal=0 -> taken=1 valid=1 tgt=0x0bf191a4
[PASS] seq=crv_seq_9                      cyc=163 op=BK_BACKWARD_BRANCH pc=0x686a7ad4 branch=1 jal=0 -> taken=1 valid=1 tgt=0x1a5ee770
[PASS] seq=crv_seq_9                      cyc=164 op=BK_IDLE            pc=0x1fa1bd78 branch=0 jal=0 -> taken=0 valid=0 tgt=0x65771748
[PASS] seq=crv_seq_9                      cyc=165 op=BK_IDLE            pc=0xee27f500 branch=0 jal=0 -> taken=0 valid=0 tgt=0x681b374a
[PASS] seq=crv_seq_9                      cyc=166 op=BK_RANDOM          pc=0xa0119284 branch=0 jal=0 -> taken=0 valid=0 tgt=0x5fa65732
[PASS] seq=crv_seq_9                      cyc=167 op=BK_BACKWARD_BRANCH pc=0x55c4de04 branch=1 jal=0 -> taken=1 valid=1 tgt=0x3e9dd60c
[PASS] seq=crv_seq_9                      cyc=168 op=BK_JAL             pc=0x6d95d618 branch=0 jal=1 -> taken=0 valid=1 tgt=0xf28e42e2
[PASS] seq=crv_seq_9                      cyc=169 op=BK_JAL             pc=0x7faa7f4c branch=0 jal=1 -> taken=0 valid=1 tgt=0x274cb538
[PASS] seq=crv_seq_9                      cyc=170 op=BK_BACKWARD_BRANCH pc=0x8d5d52e4 branch=1 jal=0 -> taken=1 valid=1 tgt=0x5e1f2b06
[PASS] seq=crv_seq_9                      cyc=171 op=BK_RANDOM          pc=0x976d3248 branch=1 jal=1 -> taken=0 valid=1 tgt=0xc1b62fae
[PASS] seq=crv_seq_9                      cyc=172 op=BK_FORWARD_BRANCH  pc=0x405a6bf4 branch=1 jal=0 -> taken=0 valid=0 tgt=0x6b718ff2
[PASS] seq=crv_seq_9                      cyc=173 op=BK_RANDOM          pc=0xca4a688c branch=0 jal=0 -> taken=0 valid=0 tgt=0x4ced1d7c
[PASS] seq=crv_seq_9                      cyc=174 op=BK_JAL_AND_BRANCH  pc=0x070c51a8 branch=1 jal=1 -> taken=0 valid=1 tgt=0x71c73742
[PASS] seq=crv_seq_9                      cyc=175 op=BK_RANDOM          pc=0xd69e2e58 branch=1 jal=0 -> taken=1 valid=1 tgt=0x7315ea34
[PASS] seq=crv_seq_9                      cyc=176 op=BK_FORWARD_BRANCH  pc=0xcb276334 branch=1 jal=0 -> taken=0 valid=0 tgt=0x4088a284
[PASS] seq=crv_seq_9                      cyc=177 op=BK_JAL             pc=0xa5623470 branch=0 jal=1 -> taken=0 valid=1 tgt=0x63309796
[PASS] seq=crv_seq_9                      cyc=178 op=BK_BACKWARD_BRANCH pc=0xfa8a50a0 branch=1 jal=0 -> taken=1 valid=1 tgt=0x7b147776
[PASS] seq=crv_seq_9                      cyc=179 op=BK_BACKWARD_BRANCH pc=0x429b7268 branch=1 jal=0 -> taken=1 valid=1 tgt=0x251c977e
[PASS] seq=crv_seq_9                      cyc=180 op=BK_JAL             pc=0x4aea0bb8 branch=0 jal=1 -> taken=0 valid=1 tgt=0xe0b4014e
[PASS] seq=crv_seq_9                      cyc=181 op=BK_RANDOM          pc=0x56fe5890 branch=1 jal=1 -> taken=0 valid=1 tgt=0x7b44c7d0
[PASS] seq=crv_seq_9                      cyc=182 op=BK_RANDOM          pc=0xcd1850f0 branch=0 jal=1 -> taken=0 valid=1 tgt=0xbc7a9dda
[PASS] seq=crv_seq_9                      cyc=183 op=BK_BACKWARD_BRANCH pc=0x9761edfc branch=1 jal=0 -> taken=1 valid=1 tgt=0x28b93f9a
[PASS] seq=crv_seq_9                      cyc=184 op=BK_BACKWARD_BRANCH pc=0xf0c57a1c branch=1 jal=0 -> taken=1 valid=1 tgt=0xbabdfbd6
[PASS] seq=crv_seq_9                      cyc=185 op=BK_IDLE            pc=0x08127394 branch=0 jal=0 -> taken=0 valid=0 tgt=0x24d74688
[PASS] seq=crv_seq_9                      cyc=186 op=BK_FORWARD_BRANCH  pc=0x05f0b6c4 branch=1 jal=0 -> taken=0 valid=0 tgt=0x3b5d0ecc
[PASS] seq=crv_seq_9                      cyc=187 op=BK_FORWARD_BRANCH  pc=0x6a702700 branch=1 jal=0 -> taken=0 valid=0 tgt=0x94e3600e
[PASS] seq=crv_seq_9                      cyc=188 op=BK_BACKWARD_BRANCH pc=0x96cfc464 branch=1 jal=0 -> taken=1 valid=1 tgt=0x5e441f70
[PASS] seq=crv_seq_9                      cyc=189 op=BK_FORWARD_BRANCH  pc=0x050c6bc4 branch=1 jal=0 -> taken=0 valid=0 tgt=0x475dacde
[PASS] seq=crv_seq_9                      cyc=190 op=BK_BACKWARD_BRANCH pc=0x9ef4a18c branch=1 jal=0 -> taken=1 valid=1 tgt=0x727794a6
[PASS] seq=crv_seq_9                      cyc=191 op=BK_RANDOM          pc=0x656691b4 branch=0 jal=1 -> taken=0 valid=1 tgt=0x203fc684
[PASS] seq=crv_seq_9                      cyc=192 op=BK_RANDOM          pc=0x94a4aef8 branch=0 jal=0 -> taken=0 valid=0 tgt=0x18ba3eb8
[PASS] seq=crv_seq_9                      cyc=193 op=BK_BACKWARD_BRANCH pc=0xe026e3d8 branch=1 jal=0 -> taken=1 valid=1 tgt=0x7221db22
[PASS] seq=crv_seq_9                      cyc=194 op=BK_RANDOM          pc=0x15498da8 branch=0 jal=1 -> taken=0 valid=1 tgt=0xeb075c98
[PASS] seq=crv_seq_9                      cyc=195 op=BK_FORWARD_BRANCH  pc=0x74d3a834 branch=1 jal=0 -> taken=0 valid=0 tgt=0x9c0bb99a
[PASS] seq=crv_seq_9                      cyc=196 op=BK_JAL             pc=0x82be91e8 branch=0 jal=1 -> taken=0 valid=1 tgt=0x6ca45b70
[PASS] seq=crv_seq_9                      cyc=197 op=BK_FORWARD_BRANCH  pc=0x46dddfac branch=1 jal=0 -> taken=0 valid=0 tgt=0x6515dc7c
[PASS] seq=crv_seq_9                      cyc=198 op=BK_FORWARD_BRANCH  pc=0xf21843a4 branch=1 jal=0 -> taken=0 valid=0 tgt=0x6a97b432
[PASS] seq=crv_seq_9                      cyc=199 op=BK_BACKWARD_BRANCH pc=0xa1a1be04 branch=1 jal=0 -> taken=1 valid=1 tgt=0x800c9464

============ BRANCH_PREDICT UNIT TB SUMMARY ============
 SEQUENCES=26  TOTAL_CYCLES=2033  PASS=2033  FAIL=0
 FUNCTIONAL COVERAGE = 100.00 %
 RESULT: ALL CHECKS PASSED
==========================================================

$finish called from file "tb_branch_predict.sv", line 525.
$finish at simulation time             20351000

---------------------------------------------------------------------------
VCS Coverage Metrics: during simulation line, cond, FSM, branch, tgl was monitored
---------------------------------------------------------------------------

 Coverage status: End of All Coverages ...

           V C S   S i m u l a t i o n   R e p o r t 
Time: 20351000 ps
CPU Time:      0.160 seconds;       Data structure size:   0.0Mb
Thu Jul 30 10:55:57 2026
[SCL] 07/30/2026 10:55:57 PID:22397 Client:cvr-vlsi63.cvr.ac.in checkin (null) 

