 VCS Coverage Metrics Release U-2023.03_Full64 Copyright (c) 1991-2023 by Synopsys Inc.
[PASS] seq=idle_nop                       cyc=0 op=OPC_IMM    f3=000 f7=0000000 rd=0 rs1=0 rs2=0 -> instr=0x00000013 reg_write=1 illegal=0
[PASS] seq=one_per_opcode_class           cyc=0 op=OPC_LUI    f3=000 f7=0000000 rd=1 rs1=0 rs2=0 -> instr=0x000000b7 reg_write=1 illegal=0
[PASS] seq=one_per_opcode_class           cyc=1 op=OPC_AUIPC  f3=000 f7=0000000 rd=1 rs1=0 rs2=0 -> instr=0x00000097 reg_write=1 illegal=0
[PASS] seq=one_per_opcode_class           cyc=2 op=OPC_JAL    f3=000 f7=0000000 rd=1 rs1=0 rs2=0 -> instr=0x000000ef reg_write=1 illegal=0
[PASS] seq=one_per_opcode_class           cyc=3 op=OPC_JALR   f3=000 f7=0000000 rd=1 rs1=2 rs2=0 -> instr=0x000100e7 reg_write=1 illegal=0
[PASS] seq=one_per_opcode_class           cyc=4 op=OPC_BRANCH f3=000 f7=0000000 rd=1 rs1=2 rs2=3 -> instr=0x003100e3 reg_write=0 illegal=0
[PASS] seq=one_per_opcode_class           cyc=5 op=OPC_LOAD   f3=010 f7=0000000 rd=1 rs1=2 rs2=0 -> instr=0x00012083 reg_write=1 illegal=0
[PASS] seq=one_per_opcode_class           cyc=6 op=OPC_STORE  f3=010 f7=0000000 rd=0 rs1=2 rs2=3 -> instr=0x00312023 reg_write=0 illegal=0
[PASS] seq=one_per_opcode_class           cyc=7 op=OPC_CUSTOM0 f3=000 f7=0000000 rd=3 rs1=1 rs2=2 -> instr=0x0020818b reg_write=0 illegal=0
[PASS] seq=exh_op_imm_funct3              cyc=0 op=OPC_IMM    f3=000 f7=0000000 rd=6 rs1=4 rs2=0 -> instr=0x00020313 reg_write=1 illegal=0
[PASS] seq=exh_op_imm_funct3              cyc=1 op=OPC_IMM    f3=001 f7=0000000 rd=6 rs1=4 rs2=0 -> instr=0x00021313 reg_write=1 illegal=0
[PASS] seq=exh_op_imm_funct3              cyc=2 op=OPC_IMM    f3=010 f7=0000000 rd=6 rs1=4 rs2=0 -> instr=0x00022313 reg_write=1 illegal=0
[PASS] seq=exh_op_imm_funct3              cyc=3 op=OPC_IMM    f3=011 f7=0000000 rd=6 rs1=4 rs2=0 -> instr=0x00023313 reg_write=1 illegal=0
[PASS] seq=exh_op_imm_funct3              cyc=4 op=OPC_IMM    f3=100 f7=0000000 rd=6 rs1=4 rs2=0 -> instr=0x00024313 reg_write=1 illegal=0
[PASS] seq=exh_op_imm_funct3              cyc=5 op=OPC_IMM    f3=101 f7=0000000 rd=6 rs1=4 rs2=0 -> instr=0x00025313 reg_write=1 illegal=0
[PASS] seq=exh_op_imm_funct3              cyc=6 op=OPC_IMM    f3=110 f7=0000000 rd=6 rs1=4 rs2=0 -> instr=0x00026313 reg_write=1 illegal=0
[PASS] seq=exh_op_imm_funct3              cyc=7 op=OPC_IMM    f3=111 f7=0000000 rd=6 rs1=4 rs2=0 -> instr=0x00027313 reg_write=1 illegal=0
[PASS] seq=exh_op_imm_funct3              cyc=8 op=OPC_IMM    f3=101 f7=0100000 rd=6 rs1=4 rs2=0 -> instr=0x40025313 reg_write=1 illegal=0
[PASS] seq=exh_op_reg_sweep               cyc=0 op=OPC_REG    f3=000 f7=0000000 rd=3 rs1=1 rs2=2 -> instr=0x002081b3 reg_write=1 illegal=0
[PASS] seq=exh_op_reg_sweep               cyc=1 op=OPC_REG    f3=001 f7=0000000 rd=3 rs1=1 rs2=2 -> instr=0x002091b3 reg_write=1 illegal=0
[PASS] seq=exh_op_reg_sweep               cyc=2 op=OPC_REG    f3=010 f7=0000000 rd=3 rs1=1 rs2=2 -> instr=0x0020a1b3 reg_write=1 illegal=0
[PASS] seq=exh_op_reg_sweep               cyc=3 op=OPC_REG    f3=011 f7=0000000 rd=3 rs1=1 rs2=2 -> instr=0x0020b1b3 reg_write=1 illegal=0
[PASS] seq=exh_op_reg_sweep               cyc=4 op=OPC_REG    f3=100 f7=0000000 rd=3 rs1=1 rs2=2 -> instr=0x0020c1b3 reg_write=1 illegal=0
[PASS] seq=exh_op_reg_sweep               cyc=5 op=OPC_REG    f3=101 f7=0000000 rd=3 rs1=1 rs2=2 -> instr=0x0020d1b3 reg_write=1 illegal=0
[PASS] seq=exh_op_reg_sweep               cyc=6 op=OPC_REG    f3=110 f7=0000000 rd=3 rs1=1 rs2=2 -> instr=0x0020e1b3 reg_write=1 illegal=0
[PASS] seq=exh_op_reg_sweep               cyc=7 op=OPC_REG    f3=111 f7=0000000 rd=3 rs1=1 rs2=2 -> instr=0x0020f1b3 reg_write=1 illegal=0
[PASS] seq=exh_op_reg_sweep               cyc=8 op=OPC_REG    f3=000 f7=0100000 rd=3 rs1=1 rs2=2 -> instr=0x402081b3 reg_write=1 illegal=0
[PASS] seq=exh_op_reg_sweep               cyc=9 op=OPC_REG    f3=101 f7=0100000 rd=3 rs1=1 rs2=2 -> instr=0x4020d1b3 reg_write=1 illegal=0
[PASS] seq=exh_op_reg_sweep               cyc=10 op=OPC_REG    f3=000 f7=0000001 rd=3 rs1=1 rs2=2 -> instr=0x022081b3 reg_write=1 illegal=0
[PASS] seq=exh_op_reg_sweep               cyc=11 op=OPC_REG    f3=001 f7=0000001 rd=3 rs1=1 rs2=2 -> instr=0x022091b3 reg_write=1 illegal=0
[PASS] seq=exh_op_reg_sweep               cyc=12 op=OPC_REG    f3=010 f7=0000001 rd=3 rs1=1 rs2=2 -> instr=0x0220a1b3 reg_write=1 illegal=0
[PASS] seq=exh_op_reg_sweep               cyc=13 op=OPC_REG    f3=011 f7=0000001 rd=3 rs1=1 rs2=2 -> instr=0x0220b1b3 reg_write=1 illegal=0
[PASS] seq=exh_op_reg_sweep               cyc=14 op=OPC_REG    f3=100 f7=0000001 rd=3 rs1=1 rs2=2 -> instr=0x0220c1b3 reg_write=0 illegal=1
[PASS] seq=exh_op_reg_sweep               cyc=15 op=OPC_REG    f3=101 f7=0000001 rd=3 rs1=1 rs2=2 -> instr=0x0220d1b3 reg_write=0 illegal=1
[PASS] seq=exh_op_reg_sweep               cyc=16 op=OPC_REG    f3=110 f7=0000001 rd=3 rs1=1 rs2=2 -> instr=0x0220e1b3 reg_write=0 illegal=1
[PASS] seq=exh_op_reg_sweep               cyc=17 op=OPC_REG    f3=111 f7=0000001 rd=3 rs1=1 rs2=2 -> instr=0x0220f1b3 reg_write=0 illegal=1
[PASS] seq=exh_op_reg_sweep               cyc=18 op=OPC_REG    f3=000 f7=0000010 rd=3 rs1=1 rs2=2 -> instr=0x042081b3 reg_write=0 illegal=1
[PASS] seq=op_system_csr_and_priv         cyc=0 op=OPC_SYSTEM f3=001 f7=0000000 rd=8 rs1=10 rs2=0 -> instr=0x00051473 reg_write=1 illegal=0
[PASS] seq=op_system_csr_and_priv         cyc=1 op=OPC_SYSTEM f3=010 f7=0000000 rd=8 rs1=10 rs2=0 -> instr=0x00052473 reg_write=1 illegal=0
[PASS] seq=op_system_csr_and_priv         cyc=2 op=OPC_SYSTEM f3=011 f7=0000000 rd=8 rs1=10 rs2=0 -> instr=0x00053473 reg_write=1 illegal=0
[PASS] seq=op_system_csr_and_priv         cyc=3 op=OPC_SYSTEM f3=101 f7=0000000 rd=8 rs1=10 rs2=0 -> instr=0x00055473 reg_write=1 illegal=0
[PASS] seq=op_system_csr_and_priv         cyc=4 op=OPC_SYSTEM f3=110 f7=0000000 rd=8 rs1=10 rs2=0 -> instr=0x00056473 reg_write=1 illegal=0
[PASS] seq=op_system_csr_and_priv         cyc=5 op=OPC_SYSTEM f3=111 f7=0000000 rd=8 rs1=10 rs2=0 -> instr=0x00057473 reg_write=1 illegal=0
[PASS] seq=op_system_csr_and_priv         cyc=6 op=OPC_SYSTEM f3=000 f7=0000000 rd=0 rs1=0 rs2=0 -> instr=0x00000073 reg_write=0 illegal=0
[PASS] seq=reserved_opcode                cyc=0 op=OPC_RESERVED f3=000 f7=0000000 rd=1 rs1=2 rs2=3 -> instr=0x003100ff reg_write=0 illegal=1
[PASS] seq=stress_repeated_decode         cyc=0 op=OPC_REG    f3=000 f7=0000000 rd=3 rs1=1 rs2=2 -> instr=0x002081b3 reg_write=1 illegal=0
[PASS] seq=stress_repeated_decode         cyc=1 op=OPC_REG    f3=000 f7=0000000 rd=3 rs1=1 rs2=2 -> instr=0x002081b3 reg_write=1 illegal=0
[PASS] seq=stress_repeated_decode         cyc=2 op=OPC_REG    f3=000 f7=0000000 rd=3 rs1=1 rs2=2 -> instr=0x002081b3 reg_write=1 illegal=0
[PASS] seq=stress_repeated_decode         cyc=3 op=OPC_REG    f3=000 f7=0000000 rd=3 rs1=1 rs2=2 -> instr=0x002081b3 reg_write=1 illegal=0
[PASS] seq=stress_repeated_decode         cyc=4 op=OPC_REG    f3=000 f7=0000000 rd=3 rs1=1 rs2=2 -> instr=0x002081b3 reg_write=1 illegal=0
[PASS] seq=stress_repeated_decode         cyc=5 op=OPC_REG    f3=000 f7=0000000 rd=3 rs1=1 rs2=2 -> instr=0x002081b3 reg_write=1 illegal=0
[PASS] seq=stress_repeated_decode         cyc=6 op=OPC_REG    f3=000 f7=0000000 rd=3 rs1=1 rs2=2 -> instr=0x002081b3 reg_write=1 illegal=0
[PASS] seq=stress_repeated_decode         cyc=7 op=OPC_REG    f3=000 f7=0000000 rd=3 rs1=1 rs2=2 -> instr=0x002081b3 reg_write=1 illegal=0
[PASS] seq=stress_repeated_decode         cyc=8 op=OPC_REG    f3=000 f7=0000000 rd=3 rs1=1 rs2=2 -> instr=0x002081b3 reg_write=1 illegal=0
[PASS] seq=stress_repeated_decode         cyc=9 op=OPC_REG    f3=000 f7=0000000 rd=3 rs1=1 rs2=2 -> instr=0x002081b3 reg_write=1 illegal=0
[PASS] seq=stress_alternating_legal_illegal cyc=0 op=OPC_REG    f3=000 f7=0000000 rd=3 rs1=1 rs2=2 -> instr=0x002081b3 reg_write=1 illegal=0
[PASS] seq=stress_alternating_legal_illegal cyc=1 op=OPC_REG    f3=100 f7=0000001 rd=3 rs1=1 rs2=2 -> instr=0x0220c1b3 reg_write=0 illegal=1
[PASS] seq=stress_alternating_legal_illegal cyc=2 op=OPC_REG    f3=000 f7=0000000 rd=3 rs1=1 rs2=2 -> instr=0x002081b3 reg_write=1 illegal=0
[PASS] seq=stress_alternating_legal_illegal cyc=3 op=OPC_REG    f3=100 f7=0000001 rd=3 rs1=1 rs2=2 -> instr=0x0220c1b3 reg_write=0 illegal=1
[PASS] seq=stress_alternating_legal_illegal cyc=4 op=OPC_REG    f3=000 f7=0000000 rd=3 rs1=1 rs2=2 -> instr=0x002081b3 reg_write=1 illegal=0
[PASS] seq=stress_alternating_legal_illegal cyc=5 op=OPC_REG    f3=100 f7=0000001 rd=3 rs1=1 rs2=2 -> instr=0x0220c1b3 reg_write=0 illegal=1
[PASS] seq=stress_alternating_legal_illegal cyc=6 op=OPC_REG    f3=000 f7=0000000 rd=3 rs1=1 rs2=2 -> instr=0x002081b3 reg_write=1 illegal=0
[PASS] seq=stress_alternating_legal_illegal cyc=7 op=OPC_REG    f3=100 f7=0000001 rd=3 rs1=1 rs2=2 -> instr=0x0220c1b3 reg_write=0 illegal=1
[PASS] seq=crv_seq_0                      cyc=0 op=OPC_BRANCH f3=111 f7=0100100 rd=15 rs1=22 rs2=12 -> instr=0x48cb77e3 reg_write=0 illegal=0
[PASS] seq=crv_seq_0                      cyc=1 op=OPC_AUIPC  f3=100 f7=0010010 rd=10 rs1=6 rs2=17 -> instr=0x25134517 reg_write=1 illegal=0
[PASS] seq=crv_seq_0                      cyc=2 op=OPC_STORE  f3=101 f7=0010111 rd=16 rs1=17 rs2=7 -> instr=0x2e78d823 reg_write=0 illegal=0
[PASS] seq=crv_seq_0                      cyc=3 op=OPC_REG    f3=001 f7=1101101 rd=6 rs1=18 rs2=18 -> instr=0xdb291333 reg_write=0 illegal=1
[PASS] seq=crv_seq_0                      cyc=4 op=OPC_JAL    f3=110 f7=1111010 rd=26 rs1=3 rs2=4 -> instr=0xf441ed6f reg_write=1 illegal=0
[PASS] seq=crv_seq_0                      cyc=5 op=OPC_JALR   f3=011 f7=1000110 rd=28 rs1=30 rs2=9 -> instr=0x8c9f3e67 reg_write=1 illegal=0
[PASS] seq=crv_seq_0                      cyc=6 op=OPC_IMM    f3=011 f7=1110011 rd=2 rs1=26 rs2=19 -> instr=0xe73d3113 reg_write=1 illegal=0
[PASS] seq=crv_seq_0                      cyc=7 op=OPC_IMM    f3=000 f7=1100101 rd=28 rs1=18 rs2=25 -> instr=0xcb990e13 reg_write=1 illegal=0
[PASS] seq=crv_seq_0                      cyc=8 op=OPC_STORE  f3=011 f7=0010111 rd=27 rs1=27 rs2=7 -> instr=0x2e7dbda3 reg_write=0 illegal=0
[PASS] seq=crv_seq_0                      cyc=9 op=OPC_JALR   f3=000 f7=0100110 rd=23 rs1=27 rs2=28 -> instr=0x4dcd8be7 reg_write=1 illegal=0
[PASS] seq=crv_seq_0                      cyc=10 op=OPC_RESERVED f3=011 f7=0000111 rd=16 rs1=7 rs2=0 -> instr=0x0e03b87f reg_write=0 illegal=1
[PASS] seq=crv_seq_0                      cyc=11 op=OPC_JALR   f3=000 f7=1101000 rd=1 rs1=21 rs2=16 -> instr=0xd10a80e7 reg_write=1 illegal=0
[PASS] seq=crv_seq_0                      cyc=12 op=OPC_IMM    f3=000 f7=1011111 rd=26 rs1=18 rs2=14 -> instr=0xbee90d13 reg_write=1 illegal=0
[PASS] seq=crv_seq_0                      cyc=13 op=OPC_BRANCH f3=011 f7=0010001 rd=31 rs1=9 rs2=19 -> instr=0x2334bfe3 reg_write=0 illegal=0
[PASS] seq=crv_seq_0                      cyc=14 op=OPC_IMM    f3=001 f7=0110011 rd=10 rs1=25 rs2=11 -> instr=0x66bc9513 reg_write=1 illegal=0
[PASS] seq=crv_seq_0                      cyc=15 op=OPC_BRANCH f3=110 f7=0010111 rd=0 rs1=14 rs2=27 -> instr=0x2fb76063 reg_write=0 illegal=0
[PASS] seq=crv_seq_0                      cyc=16 op=OPC_CUSTOM0 f3=011 f7=0111110 rd=17 rs1=27 rs2=12 -> instr=0x7ccdb88b reg_write=0 illegal=0
[PASS] seq=crv_seq_0                      cyc=17 op=OPC_LOAD   f3=111 f7=1111011 rd=27 rs1=11 rs2=18 -> instr=0xf725fd83 reg_write=1 illegal=0
[PASS] seq=crv_seq_0                      cyc=18 op=OPC_LOAD   f3=101 f7=1000010 rd=31 rs1=28 rs2=7 -> instr=0x847e5f83 reg_write=1 illegal=0
[PASS] seq=crv_seq_0                      cyc=19 op=OPC_RESERVED f3=001 f7=1000001 rd=5 rs1=21 rs2=20 -> instr=0x834a92ff reg_write=0 illegal=1
[PASS] seq=crv_seq_0                      cyc=20 op=OPC_LOAD   f3=000 f7=1111100 rd=6 rs1=25 rs2=10 -> instr=0xf8ac8303 reg_write=1 illegal=0
[PASS] seq=crv_seq_0                      cyc=21 op=OPC_LOAD   f3=001 f7=1100000 rd=12 rs1=19 rs2=13 -> instr=0xc0d99603 reg_write=1 illegal=0
[PASS] seq=crv_seq_0                      cyc=22 op=OPC_SYSTEM f3=110 f7=1111011 rd=12 rs1=19 rs2=0 -> instr=0xf609e673 reg_write=1 illegal=0
[PASS] seq=crv_seq_0                      cyc=23 op=OPC_IMM    f3=111 f7=1000011 rd=4 rs1=0 rs2=0 -> instr=0x86007213 reg_write=1 illegal=0
[PASS] seq=crv_seq_0                      cyc=24 op=OPC_REG    f3=011 f7=0010010 rd=0 rs1=2 rs2=24 -> instr=0x25813033 reg_write=0 illegal=1
[PASS] seq=crv_seq_0                      cyc=25 op=OPC_LOAD   f3=010 f7=0010110 rd=5 rs1=19 rs2=22 -> instr=0x2d69a283 reg_write=1 illegal=0
[PASS] seq=crv_seq_0                      cyc=26 op=OPC_JAL    f3=011 f7=1110011 rd=23 rs1=18 rs2=27 -> instr=0xe7b93bef reg_write=1 illegal=0
[PASS] seq=crv_seq_0                      cyc=27 op=OPC_STORE  f3=110 f7=1001011 rd=4 rs1=19 rs2=3 -> instr=0x9639e223 reg_write=0 illegal=0
[PASS] seq=crv_seq_0                      cyc=28 op=OPC_STORE  f3=101 f7=1010010 rd=30 rs1=22 rs2=15 -> instr=0xa4fb5f23 reg_write=0 illegal=0
[PASS] seq=crv_seq_0                      cyc=29 op=OPC_LUI    f3=101 f7=1010101 rd=20 rs1=25 rs2=30 -> instr=0xabecda37 reg_write=1 illegal=0
[PASS] seq=crv_seq_0                      cyc=30 op=OPC_IMM    f3=000 f7=0011111 rd=13 rs1=1 rs2=28 -> instr=0x3fc08693 reg_write=1 illegal=0
[PASS] seq=crv_seq_0                      cyc=31 op=OPC_REG    f3=110 f7=0100001 rd=2 rs1=26 rs2=26 -> instr=0x43ad6133 reg_write=0 illegal=1
[PASS] seq=crv_seq_0                      cyc=32 op=OPC_AUIPC  f3=111 f7=1111000 rd=24 rs1=24 rs2=22 -> instr=0xf16c7c17 reg_write=1 illegal=0
[PASS] seq=crv_seq_0                      cyc=33 op=OPC_JAL    f3=000 f7=1111100 rd=28 rs1=13 rs2=8 -> instr=0xf8868e6f reg_write=1 illegal=0
[PASS] seq=crv_seq_0                      cyc=34 op=OPC_BRANCH f3=101 f7=0001101 rd=11 rs1=4 rs2=9 -> instr=0x1a9255e3 reg_write=0 illegal=0
[PASS] seq=crv_seq_0                      cyc=35 op=OPC_JALR   f3=000 f7=0111100 rd=20 rs1=30 rs2=13 -> instr=0x78df0a67 reg_write=1 illegal=0
[PASS] seq=crv_seq_0                      cyc=36 op=OPC_IMM    f3=010 f7=1010110 rd=16 rs1=2 rs2=24 -> instr=0xad812813 reg_write=1 illegal=0
[PASS] seq=crv_seq_0                      cyc=37 op=OPC_SYSTEM f3=010 f7=0011010 rd=31 rs1=27 rs2=22 -> instr=0x356daff3 reg_write=1 illegal=0
[PASS] seq=crv_seq_0                      cyc=38 op=OPC_LOAD   f3=100 f7=0101000 rd=23 rs1=4 rs2=5 -> instr=0x50524b83 reg_write=1 illegal=0
[PASS] seq=crv_seq_0                      cyc=39 op=OPC_AUIPC  f3=100 f7=0000110 rd=11 rs1=7 rs2=23 -> instr=0x0d73c597 reg_write=1 illegal=0
[PASS] seq=crv_seq_0                      cyc=40 op=OPC_RESERVED f3=101 f7=1000101 rd=23 rs1=18 rs2=16 -> instr=0x8b095bff reg_write=0 illegal=1
[PASS] seq=crv_seq_0                      cyc=41 op=OPC_LUI    f3=011 f7=0010100 rd=30 rs1=25 rs2=25 -> instr=0x299cbf37 reg_write=1 illegal=0
[PASS] seq=crv_seq_0                      cyc=42 op=OPC_REG    f3=010 f7=1000001 rd=8 rs1=5 rs2=29 -> instr=0x83d2a433 reg_write=0 illegal=1
[PASS] seq=crv_seq_0                      cyc=43 op=OPC_IMM    f3=001 f7=0111101 rd=21 rs1=10 rs2=31 -> instr=0x7bf51a93 reg_write=1 illegal=0
[PASS] seq=crv_seq_0                      cyc=44 op=OPC_LOAD   f3=101 f7=0110100 rd=3 rs1=13 rs2=0 -> instr=0x6806d183 reg_write=1 illegal=0
[PASS] seq=crv_seq_0                      cyc=45 op=OPC_LUI    f3=100 f7=1011001 rd=22 rs1=31 rs2=27 -> instr=0xb3bfcb37 reg_write=1 illegal=0
[PASS] seq=crv_seq_0                      cyc=46 op=OPC_IMM    f3=001 f7=0001100 rd=8 rs1=13 rs2=1 -> instr=0x18169413 reg_write=1 illegal=0
[PASS] seq=crv_seq_0                      cyc=47 op=OPC_STORE  f3=011 f7=0110101 rd=14 rs1=20 rs2=28 -> instr=0x6bca3723 reg_write=0 illegal=0
[PASS] seq=crv_seq_0                      cyc=48 op=OPC_REG    f3=011 f7=1000001 rd=31 rs1=25 rs2=10 -> instr=0x82acbfb3 reg_write=0 illegal=1
[PASS] seq=crv_seq_0                      cyc=49 op=OPC_LUI    f3=101 f7=1101010 rd=31 rs1=0 rs2=22 -> instr=0xd5605fb7 reg_write=1 illegal=0
[PASS] seq=crv_seq_0                      cyc=50 op=OPC_IMM    f3=001 f7=0100110 rd=26 rs1=6 rs2=31 -> instr=0x4df31d13 reg_write=1 illegal=0
[PASS] seq=crv_seq_0                      cyc=51 op=OPC_CUSTOM0 f3=111 f7=1001111 rd=24 rs1=29 rs2=21 -> instr=0x9f5efc0b reg_write=0 illegal=0
[PASS] seq=crv_seq_0                      cyc=52 op=OPC_LUI    f3=100 f7=1111110 rd=18 rs1=5 rs2=12 -> instr=0xfcc2c937 reg_write=1 illegal=0
[PASS] seq=crv_seq_0                      cyc=53 op=OPC_JAL    f3=111 f7=0111111 rd=27 rs1=10 rs2=10 -> instr=0x7ea57def reg_write=1 illegal=0
[PASS] seq=crv_seq_0                      cyc=54 op=OPC_SYSTEM f3=101 f7=0010001 rd=30 rs1=0 rs2=17 -> instr=0x23105f73 reg_write=1 illegal=0
[PASS] seq=crv_seq_0                      cyc=55 op=OPC_JAL    f3=000 f7=0110001 rd=27 rs1=20 rs2=27 -> instr=0x63ba0def reg_write=1 illegal=0
[PASS] seq=crv_seq_0                      cyc=56 op=OPC_LOAD   f3=110 f7=1001011 rd=2 rs1=31 rs2=12 -> instr=0x96cfe103 reg_write=1 illegal=0
[PASS] seq=crv_seq_0                      cyc=57 op=OPC_STORE  f3=011 f7=1110110 rd=4 rs1=14 rs2=29 -> instr=0xedd73223 reg_write=0 illegal=0
[PASS] seq=crv_seq_0                      cyc=58 op=OPC_AUIPC  f3=010 f7=1000011 rd=22 rs1=12 rs2=2 -> instr=0x86262b17 reg_write=1 illegal=0
[PASS] seq=crv_seq_0                      cyc=59 op=OPC_STORE  f3=111 f7=0011000 rd=13 rs1=31 rs2=29 -> instr=0x31dff6a3 reg_write=0 illegal=0
[PASS] seq=crv_seq_0                      cyc=60 op=OPC_SYSTEM f3=001 f7=0111011 rd=22 rs1=10 rs2=11 -> instr=0x76b51b73 reg_write=1 illegal=0
[PASS] seq=crv_seq_0                      cyc=61 op=OPC_BRANCH f3=110 f7=1011111 rd=15 rs1=17 rs2=15 -> instr=0xbef8e7e3 reg_write=0 illegal=0
[PASS] seq=crv_seq_0                      cyc=62 op=OPC_LOAD   f3=011 f7=1010011 rd=16 rs1=18 rs2=31 -> instr=0xa7f93803 reg_write=1 illegal=0
[PASS] seq=crv_seq_0                      cyc=63 op=OPC_LUI    f3=101 f7=1001010 rd=19 rs1=19 rs2=14 -> instr=0x94e9d9b7 reg_write=1 illegal=0
[PASS] seq=crv_seq_0                      cyc=64 op=OPC_STORE  f3=001 f7=0001100 rd=22 rs1=8 rs2=3 -> instr=0x18341b23 reg_write=0 illegal=0
[PASS] seq=crv_seq_0                      cyc=65 op=OPC_BRANCH f3=011 f7=0100110 rd=24 rs1=26 rs2=30 -> instr=0x4ded3c63 reg_write=0 illegal=0
[PASS] seq=crv_seq_0                      cyc=66 op=OPC_LUI    f3=101 f7=0000100 rd=21 rs1=3 rs2=0 -> instr=0x0801dab7 reg_write=1 illegal=0
[PASS] seq=crv_seq_0                      cyc=67 op=OPC_JALR   f3=011 f7=0001110 rd=14 rs1=1 rs2=18 -> instr=0x1d20b767 reg_write=1 illegal=0
[PASS] seq=crv_seq_0                      cyc=68 op=OPC_AUIPC  f3=000 f7=1001101 rd=7 rs1=8 rs2=3 -> instr=0x9a340397 reg_write=1 illegal=0
[PASS] seq=crv_seq_0                      cyc=69 op=OPC_SYSTEM f3=000 f7=0010100 rd=7 rs1=15 rs2=22 -> instr=0x296783f3 reg_write=0 illegal=0
[PASS] seq=crv_seq_0                      cyc=70 op=OPC_STORE  f3=000 f7=0001001 rd=5 rs1=15 rs2=3 -> instr=0x123782a3 reg_write=0 illegal=0
[PASS] seq=crv_seq_0                      cyc=71 op=OPC_IMM    f3=110 f7=1100011 rd=8 rs1=27 rs2=18 -> instr=0xc72de413 reg_write=1 illegal=0
[PASS] seq=crv_seq_0                      cyc=72 op=OPC_CUSTOM0 f3=000 f7=1010001 rd=19 rs1=15 rs2=11 -> instr=0xa2b7898b reg_write=0 illegal=0
[PASS] seq=crv_seq_0                      cyc=73 op=OPC_STORE  f3=011 f7=0011010 rd=29 rs1=3 rs2=16 -> instr=0x3501bea3 reg_write=0 illegal=0
[PASS] seq=crv_seq_0                      cyc=74 op=OPC_CUSTOM0 f3=100 f7=1010100 rd=31 rs1=9 rs2=12 -> instr=0xa8c4cf8b reg_write=0 illegal=0
[PASS] seq=crv_seq_0                      cyc=75 op=OPC_REG    f3=010 f7=0001110 rd=19 rs1=11 rs2=12 -> instr=0x1cc5a9b3 reg_write=0 illegal=1
[PASS] seq=crv_seq_0                      cyc=76 op=OPC_RESERVED f3=011 f7=1000010 rd=14 rs1=7 rs2=30 -> instr=0x85e3b77f reg_write=0 illegal=1
[PASS] seq=crv_seq_0                      cyc=77 op=OPC_RESERVED f3=000 f7=0111100 rd=7 rs1=17 rs2=5 -> instr=0x785883ff reg_write=0 illegal=1
[PASS] seq=crv_seq_0                      cyc=78 op=OPC_REG    f3=010 f7=1011011 rd=26 rs1=27 rs2=30 -> instr=0xb7edad33 reg_write=0 illegal=1
[PASS] seq=crv_seq_0                      cyc=79 op=OPC_IMM    f3=100 f7=1010011 rd=15 rs1=1 rs2=14 -> instr=0xa6e0c793 reg_write=1 illegal=0
[PASS] seq=crv_seq_0                      cyc=80 op=OPC_LUI    f3=000 f7=1110101 rd=0 rs1=21 rs2=21 -> instr=0xeb5a8037 reg_write=1 illegal=0
[PASS] seq=crv_seq_0                      cyc=81 op=OPC_BRANCH f3=100 f7=1000010 rd=4 rs1=2 rs2=4 -> instr=0x84414263 reg_write=0 illegal=0
[PASS] seq=crv_seq_0                      cyc=82 op=OPC_CUSTOM0 f3=010 f7=0001010 rd=17 rs1=1 rs2=14 -> instr=0x14e0a88b reg_write=0 illegal=0
[PASS] seq=crv_seq_0                      cyc=83 op=OPC_STORE  f3=001 f7=0001011 rd=30 rs1=25 rs2=28 -> instr=0x17cc9f23 reg_write=0 illegal=0
[PASS] seq=crv_seq_0                      cyc=84 op=OPC_SYSTEM f3=001 f7=0110111 rd=12 rs1=28 rs2=0 -> instr=0x6e0e1673 reg_write=1 illegal=0
[PASS] seq=crv_seq_0                      cyc=85 op=OPC_STORE  f3=101 f7=0010000 rd=23 rs1=21 rs2=27 -> instr=0x21badba3 reg_write=0 illegal=0
[PASS] seq=crv_seq_0                      cyc=86 op=OPC_RESERVED f3=110 f7=0010100 rd=15 rs1=0 rs2=20 -> instr=0x294067ff reg_write=0 illegal=1
[PASS] seq=crv_seq_0                      cyc=87 op=OPC_STORE  f3=011 f7=1100101 rd=0 rs1=14 rs2=10 -> instr=0xcaa73023 reg_write=0 illegal=0
[PASS] seq=crv_seq_0                      cyc=88 op=OPC_LOAD   f3=000 f7=1001110 rd=6 rs1=2 rs2=20 -> instr=0x9d410303 reg_write=1 illegal=0
[PASS] seq=crv_seq_0                      cyc=89 op=OPC_LOAD   f3=111 f7=1000111 rd=7 rs1=21 rs2=7 -> instr=0x8e7af383 reg_write=1 illegal=0
[PASS] seq=crv_seq_0                      cyc=90 op=OPC_LUI    f3=110 f7=0111111 rd=20 rs1=8 rs2=21 -> instr=0x7f546a37 reg_write=1 illegal=0
[PASS] seq=crv_seq_0                      cyc=91 op=OPC_IMM    f3=000 f7=1010010 rd=24 rs1=30 rs2=10 -> instr=0xa4af0c13 reg_write=1 illegal=0
[PASS] seq=crv_seq_0                      cyc=92 op=OPC_REG    f3=010 f7=1101001 rd=21 rs1=5 rs2=14 -> instr=0xd2e2aab3 reg_write=0 illegal=1
[PASS] seq=crv_seq_0                      cyc=93 op=OPC_AUIPC  f3=011 f7=0001000 rd=5 rs1=12 rs2=8 -> instr=0x10863297 reg_write=1 illegal=0
[PASS] seq=crv_seq_0                      cyc=94 op=OPC_STORE  f3=000 f7=1000010 rd=4 rs1=3 rs2=13 -> instr=0x84d18223 reg_write=0 illegal=0
[PASS] seq=crv_seq_0                      cyc=95 op=OPC_IMM    f3=001 f7=0001101 rd=11 rs1=14 rs2=4 -> instr=0x1a471593 reg_write=1 illegal=0
[PASS] seq=crv_seq_0                      cyc=96 op=OPC_SYSTEM f3=110 f7=1100101 rd=8 rs1=22 rs2=12 -> instr=0xcacb6473 reg_write=1 illegal=0
[PASS] seq=crv_seq_0                      cyc=97 op=OPC_JAL    f3=011 f7=0000110 rd=30 rs1=10 rs2=9 -> instr=0x0c953f6f reg_write=1 illegal=0
[PASS] seq=crv_seq_0                      cyc=98 op=OPC_CUSTOM0 f3=011 f7=1110111 rd=9 rs1=0 rs2=5 -> instr=0xee50348b reg_write=0 illegal=0
[PASS] seq=crv_seq_0                      cyc=99 op=OPC_SYSTEM f3=011 f7=1011001 rd=1 rs1=26 rs2=0 -> instr=0xb20d30f3 reg_write=1 illegal=0
[PASS] seq=crv_seq_0                      cyc=100 op=OPC_LUI    f3=100 f7=1001000 rd=23 rs1=27 rs2=31 -> instr=0x91fdcbb7 reg_write=1 illegal=0
[PASS] seq=crv_seq_0                      cyc=101 op=OPC_IMM    f3=001 f7=1100110 rd=26 rs1=27 rs2=10 -> instr=0xccad9d13 reg_write=1 illegal=0
[PASS] seq=crv_seq_0                      cyc=102 op=OPC_LOAD   f3=101 f7=1001101 rd=31 rs1=3 rs2=9 -> instr=0x9a91df83 reg_write=1 illegal=0
[PASS] seq=crv_seq_0                      cyc=103 op=OPC_LOAD   f3=001 f7=1000100 rd=6 rs1=20 rs2=5 -> instr=0x885a1303 reg_write=1 illegal=0
[PASS] seq=crv_seq_0                      cyc=104 op=OPC_REG    f3=110 f7=1010111 rd=0 rs1=29 rs2=14 -> instr=0xaeeee033 reg_write=0 illegal=1
[PASS] seq=crv_seq_0                      cyc=105 op=OPC_REG    f3=101 f7=0010100 rd=19 rs1=20 rs2=8 -> instr=0x288a59b3 reg_write=0 illegal=1
[PASS] seq=crv_seq_0                      cyc=106 op=OPC_STORE  f3=011 f7=1101001 rd=29 rs1=19 rs2=8 -> instr=0xd289bea3 reg_write=0 illegal=0
[PASS] seq=crv_seq_0                      cyc=107 op=OPC_REG    f3=110 f7=1011001 rd=29 rs1=27 rs2=0 -> instr=0xb20deeb3 reg_write=0 illegal=1
[PASS] seq=crv_seq_0                      cyc=108 op=OPC_STORE  f3=011 f7=0000000 rd=28 rs1=26 rs2=28 -> instr=0x01cd3e23 reg_write=0 illegal=0
[PASS] seq=crv_seq_0                      cyc=109 op=OPC_IMM    f3=001 f7=1111001 rd=14 rs1=0 rs2=5 -> instr=0xf2501713 reg_write=1 illegal=0
[PASS] seq=crv_seq_0                      cyc=110 op=OPC_JAL    f3=101 f7=1100001 rd=30 rs1=26 rs2=4 -> instr=0xc24d5f6f reg_write=1 illegal=0
[PASS] seq=crv_seq_0                      cyc=111 op=OPC_RESERVED f3=101 f7=1011100 rd=18 rs1=12 rs2=11 -> instr=0xb8b6597f reg_write=0 illegal=1
[PASS] seq=crv_seq_0                      cyc=112 op=OPC_BRANCH f3=010 f7=1111110 rd=25 rs1=13 rs2=21 -> instr=0xfd56ace3 reg_write=0 illegal=0
[PASS] seq=crv_seq_0                      cyc=113 op=OPC_SYSTEM f3=010 f7=1010001 rd=8 rs1=31 rs2=5 -> instr=0xa25fa473 reg_write=1 illegal=0
[PASS] seq=crv_seq_0                      cyc=114 op=OPC_STORE  f3=000 f7=0111110 rd=1 rs1=0 rs2=26 -> instr=0x7da000a3 reg_write=0 illegal=0
[PASS] seq=crv_seq_0                      cyc=115 op=OPC_BRANCH f3=000 f7=0101010 rd=9 rs1=10 rs2=28 -> instr=0x55c504e3 reg_write=0 illegal=0
[PASS] seq=crv_seq_0                      cyc=116 op=OPC_SYSTEM f3=010 f7=1000100 rd=3 rs1=9 rs2=18 -> instr=0x8924a1f3 reg_write=1 illegal=0
[PASS] seq=crv_seq_0                      cyc=117 op=OPC_AUIPC  f3=110 f7=1110010 rd=11 rs1=31 rs2=2 -> instr=0xe42fe597 reg_write=1 illegal=0
[PASS] seq=crv_seq_0                      cyc=118 op=OPC_LUI    f3=100 f7=0001100 rd=21 rs1=15 rs2=14 -> instr=0x18e7cab7 reg_write=1 illegal=0
[PASS] seq=crv_seq_0                      cyc=119 op=OPC_LOAD   f3=111 f7=1110110 rd=10 rs1=9 rs2=30 -> instr=0xede4f503 reg_write=1 illegal=0
[PASS] seq=crv_seq_0                      cyc=120 op=OPC_JALR   f3=110 f7=0110011 rd=10 rs1=2 rs2=17 -> instr=0x67116567 reg_write=1 illegal=0
[PASS] seq=crv_seq_0                      cyc=121 op=OPC_BRANCH f3=101 f7=0111111 rd=6 rs1=3 rs2=3 -> instr=0x7e31d363 reg_write=0 illegal=0
[PASS] seq=crv_seq_0                      cyc=122 op=OPC_AUIPC  f3=000 f7=1000010 rd=15 rs1=15 rs2=22 -> instr=0x85678797 reg_write=1 illegal=0
[PASS] seq=crv_seq_0                      cyc=123 op=OPC_IMM    f3=101 f7=0000010 rd=9 rs1=23 rs2=29 -> instr=0x05dbd493 reg_write=1 illegal=0
[PASS] seq=crv_seq_0                      cyc=124 op=OPC_AUIPC  f3=011 f7=1010100 rd=25 rs1=12 rs2=18 -> instr=0xa9263c97 reg_write=1 illegal=0
[PASS] seq=crv_seq_0                      cyc=125 op=OPC_AUIPC  f3=010 f7=0100101 rd=25 rs1=0 rs2=3 -> instr=0x4a302c97 reg_write=1 illegal=0
[PASS] seq=crv_seq_0                      cyc=126 op=OPC_REG    f3=110 f7=0100011 rd=0 rs1=19 rs2=3 -> instr=0x4639e033 reg_write=0 illegal=1
[PASS] seq=crv_seq_0                      cyc=127 op=OPC_LOAD   f3=001 f7=0110101 rd=26 rs1=0 rs2=20 -> instr=0x6b401d03 reg_write=1 illegal=0
[PASS] seq=crv_seq_0                      cyc=128 op=OPC_LUI    f3=000 f7=0111101 rd=4 rs1=1 rs2=13 -> instr=0x7ad08237 reg_write=1 illegal=0
[PASS] seq=crv_seq_0                      cyc=129 op=OPC_BRANCH f3=111 f7=0011011 rd=1 rs1=2 rs2=20 -> instr=0x374170e3 reg_write=0 illegal=0
[PASS] seq=crv_seq_0                      cyc=130 op=OPC_JALR   f3=110 f7=1001010 rd=18 rs1=13 rs2=22 -> instr=0x9566e967 reg_write=1 illegal=0
[PASS] seq=crv_seq_0                      cyc=131 op=OPC_CUSTOM0 f3=111 f7=1101100 rd=2 rs1=25 rs2=22 -> instr=0xd96cf10b reg_write=0 illegal=0
[PASS] seq=crv_seq_0                      cyc=132 op=OPC_LOAD   f3=100 f7=1000101 rd=25 rs1=20 rs2=10 -> instr=0x8aaa4c83 reg_write=1 illegal=0
[PASS] seq=crv_seq_0                      cyc=133 op=OPC_RESERVED f3=011 f7=0100001 rd=20 rs1=28 rs2=24 -> instr=0x438e3a7f reg_write=0 illegal=1
[PASS] seq=crv_seq_0                      cyc=134 op=OPC_RESERVED f3=000 f7=0000100 rd=26 rs1=29 rs2=13 -> instr=0x08de8d7f reg_write=0 illegal=1
[PASS] seq=crv_seq_0                      cyc=135 op=OPC_BRANCH f3=000 f7=0100001 rd=15 rs1=27 rs2=1 -> instr=0x421d87e3 reg_write=0 illegal=0
[PASS] seq=crv_seq_0                      cyc=136 op=OPC_JALR   f3=100 f7=0010001 rd=19 rs1=19 rs2=23 -> instr=0x2379c9e7 reg_write=1 illegal=0
[PASS] seq=crv_seq_0                      cyc=137 op=OPC_SYSTEM f3=110 f7=0111111 rd=9 rs1=1 rs2=7 -> instr=0x7e70e4f3 reg_write=1 illegal=0
[PASS] seq=crv_seq_0                      cyc=138 op=OPC_BRANCH f3=011 f7=0111001 rd=13 rs1=20 rs2=12 -> instr=0x72ca36e3 reg_write=0 illegal=0
[PASS] seq=crv_seq_0                      cyc=139 op=OPC_AUIPC  f3=111 f7=0100110 rd=8 rs1=27 rs2=2 -> instr=0x4c2df417 reg_write=1 illegal=0
[PASS] seq=crv_seq_0                      cyc=140 op=OPC_RESERVED f3=001 f7=1101100 rd=6 rs1=11 rs2=13 -> instr=0xd8d5937f reg_write=0 illegal=1
[PASS] seq=crv_seq_0                      cyc=141 op=OPC_RESERVED f3=101 f7=1001100 rd=17 rs1=0 rs2=23 -> instr=0x997058ff reg_write=0 illegal=1
[PASS] seq=crv_seq_0                      cyc=142 op=OPC_LOAD   f3=110 f7=1000101 rd=6 rs1=4 rs2=27 -> instr=0x8bb26303 reg_write=1 illegal=0
[PASS] seq=crv_seq_0                      cyc=143 op=OPC_CUSTOM0 f3=100 f7=1010001 rd=2 rs1=4 rs2=7 -> instr=0xa272410b reg_write=0 illegal=0
[PASS] seq=crv_seq_0                      cyc=144 op=OPC_JAL    f3=101 f7=0011101 rd=7 rs1=6 rs2=16 -> instr=0x3b0353ef reg_write=1 illegal=0
[PASS] seq=crv_seq_0                      cyc=145 op=OPC_RESERVED f3=110 f7=0000000 rd=21 rs1=20 rs2=27 -> instr=0x01ba6aff reg_write=0 illegal=1
[PASS] seq=crv_seq_0                      cyc=146 op=OPC_LOAD   f3=111 f7=0101011 rd=18 rs1=12 rs2=30 -> instr=0x57e67903 reg_write=1 illegal=0
[PASS] seq=crv_seq_0                      cyc=147 op=OPC_REG    f3=111 f7=0011010 rd=14 rs1=8 rs2=1 -> instr=0x34147733 reg_write=0 illegal=1
[PASS] seq=crv_seq_0                      cyc=148 op=OPC_LOAD   f3=101 f7=1000010 rd=19 rs1=2 rs2=0 -> instr=0x84015983 reg_write=1 illegal=0
[PASS] seq=crv_seq_0                      cyc=149 op=OPC_STORE  f3=011 f7=0111101 rd=23 rs1=27 rs2=19 -> instr=0x7b3dbba3 reg_write=0 illegal=0
[PASS] seq=crv_seq_0                      cyc=150 op=OPC_LUI    f3=101 f7=0100100 rd=22 rs1=5 rs2=27 -> instr=0x49b2db37 reg_write=1 illegal=0
[PASS] seq=crv_seq_0                      cyc=151 op=OPC_LOAD   f3=110 f7=0110000 rd=30 rs1=20 rs2=21 -> instr=0x615a6f03 reg_write=1 illegal=0
[PASS] seq=crv_seq_0                      cyc=152 op=OPC_BRANCH f3=100 f7=1101110 rd=14 rs1=16 rs2=25 -> instr=0xdd984763 reg_write=0 illegal=0
[PASS] seq=crv_seq_0                      cyc=153 op=OPC_IMM    f3=111 f7=1111001 rd=6 rs1=31 rs2=25 -> instr=0xf39ff313 reg_write=1 illegal=0
[PASS] seq=crv_seq_0                      cyc=154 op=OPC_IMM    f3=011 f7=1100101 rd=25 rs1=19 rs2=16 -> instr=0xcb09bc93 reg_write=1 illegal=0
[PASS] seq=crv_seq_0                      cyc=155 op=OPC_LUI    f3=011 f7=1110000 rd=25 rs1=31 rs2=17 -> instr=0xe11fbcb7 reg_write=1 illegal=0
[PASS] seq=crv_seq_0                      cyc=156 op=OPC_JALR   f3=010 f7=0000011 rd=9 rs1=13 rs2=28 -> instr=0x07c6a4e7 reg_write=1 illegal=0
[PASS] seq=crv_seq_0                      cyc=157 op=OPC_LUI    f3=000 f7=1100101 rd=16 rs1=3 rs2=20 -> instr=0xcb418837 reg_write=1 illegal=0
[PASS] seq=crv_seq_0                      cyc=158 op=OPC_CUSTOM0 f3=110 f7=1001110 rd=18 rs1=0 rs2=4 -> instr=0x9c40690b reg_write=0 illegal=0
[PASS] seq=crv_seq_0                      cyc=159 op=OPC_JALR   f3=000 f7=0001000 rd=20 rs1=23 rs2=31 -> instr=0x11fb8a67 reg_write=1 illegal=0
[PASS] seq=crv_seq_0                      cyc=160 op=OPC_AUIPC  f3=000 f7=1110100 rd=28 rs1=20 rs2=6 -> instr=0xe86a0e17 reg_write=1 illegal=0
[PASS] seq=crv_seq_0                      cyc=161 op=OPC_IMM    f3=001 f7=1101101 rd=17 rs1=7 rs2=7 -> instr=0xda739893 reg_write=1 illegal=0
[PASS] seq=crv_seq_0                      cyc=162 op=OPC_RESERVED f3=111 f7=1101111 rd=10 rs1=25 rs2=4 -> instr=0xde4cf57f reg_write=0 illegal=1
[PASS] seq=crv_seq_0                      cyc=163 op=OPC_STORE  f3=111 f7=0011100 rd=13 rs1=22 rs2=29 -> instr=0x39db76a3 reg_write=0 illegal=0
[PASS] seq=crv_seq_0                      cyc=164 op=OPC_JALR   f3=001 f7=1011000 rd=8 rs1=7 rs2=21 -> instr=0xb1539467 reg_write=1 illegal=0
[PASS] seq=crv_seq_0                      cyc=165 op=OPC_LUI    f3=000 f7=0101011 rd=18 rs1=26 rs2=22 -> instr=0x576d0937 reg_write=1 illegal=0
[PASS] seq=crv_seq_0                      cyc=166 op=OPC_JALR   f3=011 f7=1000010 rd=13 rs1=13 rs2=8 -> instr=0x8486b6e7 reg_write=1 illegal=0
[PASS] seq=crv_seq_0                      cyc=167 op=OPC_CUSTOM0 f3=111 f7=0111110 rd=17 rs1=31 rs2=22 -> instr=0x7d6ff88b reg_write=0 illegal=0
[PASS] seq=crv_seq_0                      cyc=168 op=OPC_JALR   f3=000 f7=0101101 rd=17 rs1=27 rs2=19 -> instr=0x5b3d88e7 reg_write=1 illegal=0
[PASS] seq=crv_seq_0                      cyc=169 op=OPC_RESERVED f3=101 f7=1000000 rd=0 rs1=27 rs2=2 -> instr=0x802dd07f reg_write=0 illegal=1
[PASS] seq=crv_seq_0                      cyc=170 op=OPC_JALR   f3=110 f7=0011000 rd=5 rs1=17 rs2=25 -> instr=0x3198e2e7 reg_write=1 illegal=0
[PASS] seq=crv_seq_0                      cyc=171 op=OPC_CUSTOM0 f3=101 f7=1111111 rd=19 rs1=5 rs2=8 -> instr=0xfe82d98b reg_write=0 illegal=0
[PASS] seq=crv_seq_0                      cyc=172 op=OPC_JALR   f3=101 f7=1011000 rd=5 rs1=28 rs2=26 -> instr=0xb1ae52e7 reg_write=1 illegal=0
[PASS] seq=crv_seq_0                      cyc=173 op=OPC_JALR   f3=011 f7=1101011 rd=14 rs1=8 rs2=25 -> instr=0xd7943767 reg_write=1 illegal=0
[PASS] seq=crv_seq_0                      cyc=174 op=OPC_JALR   f3=000 f7=1110111 rd=16 rs1=7 rs2=6 -> instr=0xee638867 reg_write=1 illegal=0
[PASS] seq=crv_seq_0                      cyc=175 op=OPC_LUI    f3=100 f7=0011011 rd=31 rs1=2 rs2=14 -> instr=0x36e14fb7 reg_write=1 illegal=0
[PASS] seq=crv_seq_0                      cyc=176 op=OPC_JAL    f3=010 f7=0110111 rd=15 rs1=30 rs2=10 -> instr=0x6eaf27ef reg_write=1 illegal=0
[PASS] seq=crv_seq_0                      cyc=177 op=OPC_IMM    f3=010 f7=0001010 rd=12 rs1=7 rs2=22 -> instr=0x1563a613 reg_write=1 illegal=0
[PASS] seq=crv_seq_0                      cyc=178 op=OPC_SYSTEM f3=001 f7=0110001 rd=29 rs1=8 rs2=15 -> instr=0x62f41ef3 reg_write=1 illegal=0
[PASS] seq=crv_seq_0                      cyc=179 op=OPC_SYSTEM f3=101 f7=0011111 rd=2 rs1=27 rs2=17 -> instr=0x3f1dd173 reg_write=1 illegal=0
[PASS] seq=crv_seq_0                      cyc=180 op=OPC_LUI    f3=000 f7=1111011 rd=21 rs1=29 rs2=22 -> instr=0xf76e8ab7 reg_write=1 illegal=0
[PASS] seq=crv_seq_0                      cyc=181 op=OPC_JALR   f3=000 f7=1001110 rd=16 rs1=8 rs2=15 -> instr=0x9cf40867 reg_write=1 illegal=0
[PASS] seq=crv_seq_0                      cyc=182 op=OPC_BRANCH f3=111 f7=1101101 rd=4 rs1=31 rs2=30 -> instr=0xdbeff263 reg_write=0 illegal=0
[PASS] seq=crv_seq_0                      cyc=183 op=OPC_IMM    f3=010 f7=0110111 rd=24 rs1=15 rs2=20 -> instr=0x6f47ac13 reg_write=1 illegal=0
[PASS] seq=crv_seq_0                      cyc=184 op=OPC_REG    f3=100 f7=1100011 rd=18 rs1=17 rs2=20 -> instr=0xc748c933 reg_write=0 illegal=1
[PASS] seq=crv_seq_0                      cyc=185 op=OPC_CUSTOM0 f3=100 f7=0101001 rd=25 rs1=6 rs2=31 -> instr=0x53f34c8b reg_write=0 illegal=0
[PASS] seq=crv_seq_0                      cyc=186 op=OPC_JAL    f3=001 f7=0100011 rd=26 rs1=21 rs2=30 -> instr=0x47ea9d6f reg_write=1 illegal=0
[PASS] seq=crv_seq_0                      cyc=187 op=OPC_SYSTEM f3=001 f7=1011111 rd=25 rs1=31 rs2=6 -> instr=0xbe6f9cf3 reg_write=1 illegal=0
[PASS] seq=crv_seq_0                      cyc=188 op=OPC_RESERVED f3=000 f7=0101000 rd=28 rs1=23 rs2=25 -> instr=0x519b8e7f reg_write=0 illegal=1
[PASS] seq=crv_seq_0                      cyc=189 op=OPC_LOAD   f3=001 f7=0010111 rd=11 rs1=0 rs2=23 -> instr=0x2f701583 reg_write=1 illegal=0
[PASS] seq=crv_seq_0                      cyc=190 op=OPC_SYSTEM f3=001 f7=1000010 rd=5 rs1=4 rs2=30 -> instr=0x85e212f3 reg_write=1 illegal=0
[PASS] seq=crv_seq_0                      cyc=191 op=OPC_IMM    f3=010 f7=1001110 rd=19 rs1=14 rs2=12 -> instr=0x9cc72993 reg_write=1 illegal=0
[PASS] seq=crv_seq_0                      cyc=192 op=OPC_LOAD   f3=111 f7=0100100 rd=8 rs1=22 rs2=21 -> instr=0x495b7403 reg_write=1 illegal=0
[PASS] seq=crv_seq_0                      cyc=193 op=OPC_AUIPC  f3=011 f7=1011011 rd=31 rs1=14 rs2=8 -> instr=0xb6873f97 reg_write=1 illegal=0
[PASS] seq=crv_seq_0                      cyc=194 op=OPC_REG    f3=000 f7=1011111 rd=14 rs1=6 rs2=18 -> instr=0xbf230733 reg_write=0 illegal=1
[PASS] seq=crv_seq_0                      cyc=195 op=OPC_IMM    f3=101 f7=1000110 rd=6 rs1=1 rs2=18 -> instr=0x8d20d313 reg_write=1 illegal=0
[PASS] seq=crv_seq_0                      cyc=196 op=OPC_BRANCH f3=100 f7=0111101 rd=22 rs1=23 rs2=4 -> instr=0x7a4bcb63 reg_write=0 illegal=0
[PASS] seq=crv_seq_0                      cyc=197 op=OPC_JAL    f3=110 f7=1100101 rd=4 rs1=10 rs2=5 -> instr=0xca55626f reg_write=1 illegal=0
[PASS] seq=crv_seq_0                      cyc=198 op=OPC_BRANCH f3=100 f7=0101110 rd=10 rs1=6 rs2=27 -> instr=0x5db34563 reg_write=0 illegal=0
[PASS] seq=crv_seq_0                      cyc=199 op=OPC_RESERVED f3=001 f7=0011110 rd=2 rs1=0 rs2=30 -> instr=0x3de0117f reg_write=0 illegal=1
[PASS] seq=crv_seq_1                      cyc=0 op=OPC_REG    f3=001 f7=1100110 rd=18 rs1=0 rs2=3 -> instr=0xcc301933 reg_write=0 illegal=1
[PASS] seq=crv_seq_1                      cyc=1 op=OPC_LOAD   f3=010 f7=0000000 rd=4 rs1=14 rs2=17 -> instr=0x01172203 reg_write=1 illegal=0
[PASS] seq=crv_seq_1                      cyc=2 op=OPC_JALR   f3=000 f7=0001001 rd=30 rs1=10 rs2=11 -> instr=0x12b50f67 reg_write=1 illegal=0
[PASS] seq=crv_seq_1                      cyc=3 op=OPC_LOAD   f3=010 f7=0111101 rd=19 rs1=16 rs2=8 -> instr=0x7a882983 reg_write=1 illegal=0
[PASS] seq=crv_seq_1                      cyc=4 op=OPC_BRANCH f3=110 f7=0010101 rd=28 rs1=16 rs2=1 -> instr=0x2a186e63 reg_write=0 illegal=0
[PASS] seq=crv_seq_1                      cyc=5 op=OPC_BRANCH f3=110 f7=1001000 rd=0 rs1=0 rs2=11 -> instr=0x90b06063 reg_write=0 illegal=0
[PASS] seq=crv_seq_1                      cyc=6 op=OPC_RESERVED f3=001 f7=0010110 rd=16 rs1=4 rs2=18 -> instr=0x2d22187f reg_write=0 illegal=1
[PASS] seq=crv_seq_1                      cyc=7 op=OPC_IMM    f3=111 f7=1011111 rd=2 rs1=22 rs2=31 -> instr=0xbffb7113 reg_write=1 illegal=0
[PASS] seq=crv_seq_1                      cyc=8 op=OPC_JAL    f3=011 f7=0100111 rd=10 rs1=0 rs2=25 -> instr=0x4f90356f reg_write=1 illegal=0
[PASS] seq=crv_seq_1                      cyc=9 op=OPC_REG    f3=111 f7=0011110 rd=26 rs1=9 rs2=26 -> instr=0x3da4fd33 reg_write=0 illegal=1
[PASS] seq=crv_seq_1                      cyc=10 op=OPC_BRANCH f3=010 f7=1111101 rd=18 rs1=3 rs2=25 -> instr=0xfb91a963 reg_write=0 illegal=0
[PASS] seq=crv_seq_1                      cyc=11 op=OPC_REG    f3=000 f7=1000101 rd=18 rs1=9 rs2=0 -> instr=0x8a048933 reg_write=0 illegal=1
[PASS] seq=crv_seq_1                      cyc=12 op=OPC_IMM    f3=101 f7=1010001 rd=28 rs1=12 rs2=12 -> instr=0xa2c65e13 reg_write=1 illegal=0
[PASS] seq=crv_seq_1                      cyc=13 op=OPC_STORE  f3=100 f7=0111111 rd=17 rs1=15 rs2=20 -> instr=0x7f47c8a3 reg_write=0 illegal=0
[PASS] seq=crv_seq_1                      cyc=14 op=OPC_LUI    f3=100 f7=1100011 rd=23 rs1=29 rs2=23 -> instr=0xc77ecbb7 reg_write=1 illegal=0
[PASS] seq=crv_seq_1                      cyc=15 op=OPC_RESERVED f3=011 f7=0001110 rd=12 rs1=30 rs2=15 -> instr=0x1cff367f reg_write=0 illegal=1
[PASS] seq=crv_seq_1                      cyc=16 op=OPC_JALR   f3=000 f7=0110101 rd=22 rs1=9 rs2=4 -> instr=0x6a448b67 reg_write=1 illegal=0
[PASS] seq=crv_seq_1                      cyc=17 op=OPC_CUSTOM0 f3=100 f7=1000001 rd=4 rs1=5 rs2=5 -> instr=0x8252c20b reg_write=0 illegal=0
[PASS] seq=crv_seq_1                      cyc=18 op=OPC_SYSTEM f3=100 f7=0001000 rd=17 rs1=1 rs2=4 -> instr=0x1040c8f3 reg_write=1 illegal=0
[PASS] seq=crv_seq_1                      cyc=19 op=OPC_AUIPC  f3=011 f7=0111111 rd=1 rs1=18 rs2=22 -> instr=0x7f693097 reg_write=1 illegal=0
[PASS] seq=crv_seq_1                      cyc=20 op=OPC_REG    f3=001 f7=0001110 rd=13 rs1=7 rs2=5 -> instr=0x1c5396b3 reg_write=0 illegal=1
[PASS] seq=crv_seq_1                      cyc=21 op=OPC_REG    f3=010 f7=1011101 rd=10 rs1=11 rs2=7 -> instr=0xba75a533 reg_write=0 illegal=1
[PASS] seq=crv_seq_1                      cyc=22 op=OPC_BRANCH f3=010 f7=1101100 rd=28 rs1=12 rs2=2 -> instr=0xd8262e63 reg_write=0 illegal=0
[PASS] seq=crv_seq_1                      cyc=23 op=OPC_LOAD   f3=110 f7=0101001 rd=25 rs1=3 rs2=16 -> instr=0x5301ec83 reg_write=1 illegal=0
[PASS] seq=crv_seq_1                      cyc=24 op=OPC_AUIPC  f3=001 f7=1010111 rd=17 rs1=28 rs2=8 -> instr=0xae8e1897 reg_write=1 illegal=0
[PASS] seq=crv_seq_1                      cyc=25 op=OPC_RESERVED f3=101 f7=1010111 rd=20 rs1=11 rs2=27 -> instr=0xafb5da7f reg_write=0 illegal=1
[PASS] seq=crv_seq_1                      cyc=26 op=OPC_LOAD   f3=001 f7=1101011 rd=18 rs1=4 rs2=20 -> instr=0xd7421903 reg_write=1 illegal=0
[PASS] seq=crv_seq_1                      cyc=27 op=OPC_AUIPC  f3=000 f7=0000010 rd=22 rs1=19 rs2=15 -> instr=0x04f98b17 reg_write=1 illegal=0
[PASS] seq=crv_seq_1                      cyc=28 op=OPC_IMM    f3=010 f7=1110111 rd=24 rs1=14 rs2=7 -> instr=0xee772c13 reg_write=1 illegal=0
[PASS] seq=crv_seq_1                      cyc=29 op=OPC_IMM    f3=001 f7=0111011 rd=0 rs1=18 rs2=0 -> instr=0x76091013 reg_write=1 illegal=0
[PASS] seq=crv_seq_1                      cyc=30 op=OPC_CUSTOM0 f3=101 f7=1110111 rd=12 rs1=23 rs2=14 -> instr=0xeeebd60b reg_write=0 illegal=0
[PASS] seq=crv_seq_1                      cyc=31 op=OPC_LOAD   f3=110 f7=1010000 rd=27 rs1=25 rs2=4 -> instr=0xa04ced83 reg_write=1 illegal=0
[PASS] seq=crv_seq_1                      cyc=32 op=OPC_JALR   f3=000 f7=0101011 rd=16 rs1=22 rs2=21 -> instr=0x575b0867 reg_write=1 illegal=0
[PASS] seq=crv_seq_1                      cyc=33 op=OPC_REG    f3=001 f7=0000010 rd=26 rs1=28 rs2=25 -> instr=0x059e1d33 reg_write=0 illegal=1
[PASS] seq=crv_seq_1                      cyc=34 op=OPC_IMM    f3=100 f7=1101000 rd=8 rs1=2 rs2=10 -> instr=0xd0a14413 reg_write=1 illegal=0
[PASS] seq=crv_seq_1                      cyc=35 op=OPC_SYSTEM f3=111 f7=1011101 rd=5 rs1=14 rs2=1 -> instr=0xba1772f3 reg_write=1 illegal=0
[PASS] seq=crv_seq_1                      cyc=36 op=OPC_IMM    f3=100 f7=1011000 rd=23 rs1=30 rs2=22 -> instr=0xb16f4b93 reg_write=1 illegal=0
[PASS] seq=crv_seq_1                      cyc=37 op=OPC_AUIPC  f3=010 f7=0101001 rd=26 rs1=13 rs2=25 -> instr=0x5396ad17 reg_write=1 illegal=0
[PASS] seq=crv_seq_1                      cyc=38 op=OPC_RESERVED f3=001 f7=0000100 rd=5 rs1=25 rs2=8 -> instr=0x088c92ff reg_write=0 illegal=1
[PASS] seq=crv_seq_1                      cyc=39 op=OPC_LOAD   f3=110 f7=0001101 rd=29 rs1=19 rs2=24 -> instr=0x1b89ee83 reg_write=1 illegal=0
[PASS] seq=crv_seq_1                      cyc=40 op=OPC_IMM    f3=110 f7=0011100 rd=22 rs1=2 rs2=22 -> instr=0x39616b13 reg_write=1 illegal=0
[PASS] seq=crv_seq_1                      cyc=41 op=OPC_SYSTEM f3=110 f7=1100100 rd=5 rs1=21 rs2=4 -> instr=0xc84ae2f3 reg_write=1 illegal=0
[PASS] seq=crv_seq_1                      cyc=42 op=OPC_RESERVED f3=000 f7=0010010 rd=17 rs1=22 rs2=12 -> instr=0x24cb08ff reg_write=0 illegal=1
[PASS] seq=crv_seq_1                      cyc=43 op=OPC_JALR   f3=111 f7=1010001 rd=20 rs1=0 rs2=9 -> instr=0xa2907a67 reg_write=1 illegal=0
[PASS] seq=crv_seq_1                      cyc=44 op=OPC_LUI    f3=101 f7=0001110 rd=28 rs1=3 rs2=0 -> instr=0x1c01de37 reg_write=1 illegal=0
[PASS] seq=crv_seq_1                      cyc=45 op=OPC_LUI    f3=010 f7=0110111 rd=17 rs1=26 rs2=20 -> instr=0x6f4d28b7 reg_write=1 illegal=0
[PASS] seq=crv_seq_1                      cyc=46 op=OPC_IMM    f3=001 f7=1010110 rd=0 rs1=9 rs2=21 -> instr=0xad549013 reg_write=1 illegal=0
[PASS] seq=crv_seq_1                      cyc=47 op=OPC_STORE  f3=001 f7=1111100 rd=27 rs1=24 rs2=11 -> instr=0xf8bc1da3 reg_write=0 illegal=0
[PASS] seq=crv_seq_1                      cyc=48 op=OPC_BRANCH f3=101 f7=1101011 rd=26 rs1=12 rs2=13 -> instr=0xd6d65d63 reg_write=0 illegal=0
[PASS] seq=crv_seq_1                      cyc=49 op=OPC_RESERVED f3=001 f7=0010111 rd=19 rs1=28 rs2=12 -> instr=0x2ece19ff reg_write=0 illegal=1
[PASS] seq=crv_seq_1                      cyc=50 op=OPC_SYSTEM f3=000 f7=0001010 rd=21 rs1=4 rs2=19 -> instr=0x15320af3 reg_write=0 illegal=0
[PASS] seq=crv_seq_1                      cyc=51 op=OPC_SYSTEM f3=100 f7=1100011 rd=4 rs1=17 rs2=12 -> instr=0xc6c8c273 reg_write=1 illegal=0
[PASS] seq=crv_seq_1                      cyc=52 op=OPC_IMM    f3=000 f7=1100110 rd=19 rs1=2 rs2=1 -> instr=0xcc110993 reg_write=1 illegal=0
[PASS] seq=crv_seq_1                      cyc=53 op=OPC_IMM    f3=101 f7=1001010 rd=3 rs1=30 rs2=3 -> instr=0x943f5193 reg_write=1 illegal=0
[PASS] seq=crv_seq_1                      cyc=54 op=OPC_STORE  f3=001 f7=1101101 rd=20 rs1=7 rs2=19 -> instr=0xdb339a23 reg_write=0 illegal=0
[PASS] seq=crv_seq_1                      cyc=55 op=OPC_RESERVED f3=000 f7=0110111 rd=26 rs1=28 rs2=18 -> instr=0x6f2e0d7f reg_write=0 illegal=1
[PASS] seq=crv_seq_1                      cyc=56 op=OPC_LOAD   f3=101 f7=1010101 rd=29 rs1=1 rs2=25 -> instr=0xab90de83 reg_write=1 illegal=0
[PASS] seq=crv_seq_1                      cyc=57 op=OPC_SYSTEM f3=000 f7=0000000 rd=30 rs1=15 rs2=11 -> instr=0x00b78f73 reg_write=0 illegal=0
[PASS] seq=crv_seq_1                      cyc=58 op=OPC_STORE  f3=101 f7=0001010 rd=18 rs1=4 rs2=28 -> instr=0x15c25923 reg_write=0 illegal=0
[PASS] seq=crv_seq_1                      cyc=59 op=OPC_JALR   f3=011 f7=0010010 rd=29 rs1=23 rs2=21 -> instr=0x255bbee7 reg_write=1 illegal=0
[PASS] seq=crv_seq_1                      cyc=60 op=OPC_LOAD   f3=001 f7=0101011 rd=21 rs1=7 rs2=4 -> instr=0x56439a83 reg_write=1 illegal=0
[PASS] seq=crv_seq_1                      cyc=61 op=OPC_CUSTOM0 f3=010 f7=1110100 rd=14 rs1=0 rs2=22 -> instr=0xe960270b reg_write=0 illegal=0
[PASS] seq=crv_seq_1                      cyc=62 op=OPC_STORE  f3=000 f7=0111100 rd=12 rs1=16 rs2=24 -> instr=0x79880623 reg_write=0 illegal=0
[PASS] seq=crv_seq_1                      cyc=63 op=OPC_LOAD   f3=000 f7=1100110 rd=4 rs1=13 rs2=5 -> instr=0xcc568203 reg_write=1 illegal=0
[PASS] seq=crv_seq_1                      cyc=64 op=OPC_BRANCH f3=000 f7=0111011 rd=30 rs1=4 rs2=25 -> instr=0x77920f63 reg_write=0 illegal=0
[PASS] seq=crv_seq_1                      cyc=65 op=OPC_JAL    f3=010 f7=0101010 rd=3 rs1=5 rs2=29 -> instr=0x55d2a1ef reg_write=1 illegal=0
[PASS] seq=crv_seq_1                      cyc=66 op=OPC_LOAD   f3=101 f7=1010001 rd=14 rs1=9 rs2=1 -> instr=0xa214d703 reg_write=1 illegal=0
[PASS] seq=crv_seq_1                      cyc=67 op=OPC_AUIPC  f3=110 f7=0100111 rd=19 rs1=8 rs2=2 -> instr=0x4e246997 reg_write=1 illegal=0
[PASS] seq=crv_seq_1                      cyc=68 op=OPC_BRANCH f3=011 f7=1100011 rd=10 rs1=12 rs2=4 -> instr=0xc6463563 reg_write=0 illegal=0
[PASS] seq=crv_seq_1                      cyc=69 op=OPC_BRANCH f3=010 f7=1111111 rd=8 rs1=24 rs2=19 -> instr=0xff3c2463 reg_write=0 illegal=0
[PASS] seq=crv_seq_1                      cyc=70 op=OPC_LUI    f3=010 f7=1111110 rd=17 rs1=3 rs2=19 -> instr=0xfd31a8b7 reg_write=1 illegal=0
[PASS] seq=crv_seq_1                      cyc=71 op=OPC_REG    f3=100 f7=1001001 rd=26 rs1=1 rs2=3 -> instr=0x9230cd33 reg_write=0 illegal=1
[PASS] seq=crv_seq_1                      cyc=72 op=OPC_CUSTOM0 f3=011 f7=1111110 rd=13 rs1=30 rs2=5 -> instr=0xfc5f368b reg_write=0 illegal=0
[PASS] seq=crv_seq_1                      cyc=73 op=OPC_IMM    f3=111 f7=1010000 rd=20 rs1=7 rs2=2 -> instr=0xa023fa13 reg_write=1 illegal=0
[PASS] seq=crv_seq_1                      cyc=74 op=OPC_LUI    f3=000 f7=0110000 rd=2 rs1=4 rs2=20 -> instr=0x61420137 reg_write=1 illegal=0
[PASS] seq=crv_seq_1                      cyc=75 op=OPC_IMM    f3=010 f7=1000000 rd=30 rs1=24 rs2=30 -> instr=0x81ec2f13 reg_write=1 illegal=0
[PASS] seq=crv_seq_1                      cyc=76 op=OPC_STORE  f3=000 f7=1101001 rd=24 rs1=31 rs2=15 -> instr=0xd2ff8c23 reg_write=0 illegal=0
[PASS] seq=crv_seq_1                      cyc=77 op=OPC_AUIPC  f3=000 f7=0000111 rd=4 rs1=31 rs2=25 -> instr=0x0f9f8217 reg_write=1 illegal=0
[PASS] seq=crv_seq_1                      cyc=78 op=OPC_CUSTOM0 f3=000 f7=0001010 rd=26 rs1=14 rs2=23 -> instr=0x15770d0b reg_write=0 illegal=0
[PASS] seq=crv_seq_1                      cyc=79 op=OPC_STORE  f3=000 f7=0100110 rd=17 rs1=5 rs2=14 -> instr=0x4ce288a3 reg_write=0 illegal=0
[PASS] seq=crv_seq_1                      cyc=80 op=OPC_JAL    f3=110 f7=0001000 rd=20 rs1=21 rs2=18 -> instr=0x112aea6f reg_write=1 illegal=0
[PASS] seq=crv_seq_1                      cyc=81 op=OPC_IMM    f3=101 f7=0001101 rd=27 rs1=0 rs2=2 -> instr=0x1a205d93 reg_write=1 illegal=0
[PASS] seq=crv_seq_1                      cyc=82 op=OPC_CUSTOM0 f3=111 f7=0101011 rd=9 rs1=5 rs2=10 -> instr=0x56a2f48b reg_write=0 illegal=0
[PASS] seq=crv_seq_1                      cyc=83 op=OPC_AUIPC  f3=100 f7=1000001 rd=9 rs1=18 rs2=21 -> instr=0x83594497 reg_write=1 illegal=0
[PASS] seq=crv_seq_1                      cyc=84 op=OPC_LOAD   f3=001 f7=0011100 rd=3 rs1=19 rs2=0 -> instr=0x38099183 reg_write=1 illegal=0
[PASS] seq=crv_seq_1                      cyc=85 op=OPC_BRANCH f3=110 f7=1011110 rd=11 rs1=4 rs2=5 -> instr=0xbc5265e3 reg_write=0 illegal=0
[PASS] seq=crv_seq_1                      cyc=86 op=OPC_CUSTOM0 f3=010 f7=0011010 rd=8 rs1=24 rs2=3 -> instr=0x343c240b reg_write=0 illegal=0
[PASS] seq=crv_seq_1                      cyc=87 op=OPC_JAL    f3=010 f7=1011101 rd=29 rs1=22 rs2=19 -> instr=0xbb3b2eef reg_write=1 illegal=0
[PASS] seq=crv_seq_1                      cyc=88 op=OPC_REG    f3=010 f7=0010101 rd=15 rs1=5 rs2=20 -> instr=0x2b42a7b3 reg_write=0 illegal=1
[PASS] seq=crv_seq_1                      cyc=89 op=OPC_JALR   f3=110 f7=1000111 rd=28 rs1=24 rs2=2 -> instr=0x8e2c6e67 reg_write=1 illegal=0
[PASS] seq=crv_seq_1                      cyc=90 op=OPC_SYSTEM f3=100 f7=1010001 rd=17 rs1=25 rs2=26 -> instr=0xa3acc8f3 reg_write=1 illegal=0
[PASS] seq=crv_seq_1                      cyc=91 op=OPC_AUIPC  f3=101 f7=1010001 rd=7 rs1=13 rs2=5 -> instr=0xa256d397 reg_write=1 illegal=0
[PASS] seq=crv_seq_1                      cyc=92 op=OPC_AUIPC  f3=000 f7=1111101 rd=26 rs1=16 rs2=24 -> instr=0xfb880d17 reg_write=1 illegal=0
[PASS] seq=crv_seq_1                      cyc=93 op=OPC_STORE  f3=111 f7=1101100 rd=13 rs1=1 rs2=5 -> instr=0xd850f6a3 reg_write=0 illegal=0
[PASS] seq=crv_seq_1                      cyc=94 op=OPC_STORE  f3=000 f7=0101000 rd=10 rs1=19 rs2=23 -> instr=0x51798523 reg_write=0 illegal=0
[PASS] seq=crv_seq_1                      cyc=95 op=OPC_BRANCH f3=110 f7=0100111 rd=5 rs1=25 rs2=24 -> instr=0x4f8ce2e3 reg_write=0 illegal=0
[PASS] seq=crv_seq_1                      cyc=96 op=OPC_CUSTOM0 f3=010 f7=1100100 rd=21 rs1=20 rs2=23 -> instr=0xc97a2a8b reg_write=0 illegal=0
[PASS] seq=crv_seq_1                      cyc=97 op=OPC_SYSTEM f3=000 f7=0000100 rd=28 rs1=22 rs2=22 -> instr=0x096b0e73 reg_write=0 illegal=0
[PASS] seq=crv_seq_1                      cyc=98 op=OPC_JALR   f3=110 f7=0110001 rd=29 rs1=28 rs2=15 -> instr=0x62fe6ee7 reg_write=1 illegal=0
[PASS] seq=crv_seq_1                      cyc=99 op=OPC_REG    f3=010 f7=0111111 rd=1 rs1=20 rs2=19 -> instr=0x7f3a20b3 reg_write=0 illegal=1
[PASS] seq=crv_seq_1                      cyc=100 op=OPC_LOAD   f3=100 f7=0110001 rd=3 rs1=15 rs2=24 -> instr=0x6387c183 reg_write=1 illegal=0
[PASS] seq=crv_seq_1                      cyc=101 op=OPC_LOAD   f3=000 f7=0100101 rd=13 rs1=9 rs2=26 -> instr=0x4ba48683 reg_write=1 illegal=0
[PASS] seq=crv_seq_1                      cyc=102 op=OPC_BRANCH f3=101 f7=0010100 rd=19 rs1=27 rs2=18 -> instr=0x292dd9e3 reg_write=0 illegal=0
[PASS] seq=crv_seq_1                      cyc=103 op=OPC_JAL    f3=010 f7=1101111 rd=23 rs1=17 rs2=19 -> instr=0xdf38abef reg_write=1 illegal=0
[PASS] seq=crv_seq_1                      cyc=104 op=OPC_STORE  f3=000 f7=1101101 rd=13 rs1=7 rs2=14 -> instr=0xdae386a3 reg_write=0 illegal=0
[PASS] seq=crv_seq_1                      cyc=105 op=OPC_BRANCH f3=101 f7=1000010 rd=8 rs1=5 rs2=19 -> instr=0x8532d463 reg_write=0 illegal=0
[PASS] seq=crv_seq_1                      cyc=106 op=OPC_IMM    f3=111 f7=1000001 rd=5 rs1=24 rs2=9 -> instr=0x829c7293 reg_write=1 illegal=0
[PASS] seq=crv_seq_1                      cyc=107 op=OPC_REG    f3=100 f7=0000101 rd=31 rs1=18 rs2=10 -> instr=0x0aa94fb3 reg_write=0 illegal=1
[PASS] seq=crv_seq_1                      cyc=108 op=OPC_IMM    f3=010 f7=1110000 rd=6 rs1=23 rs2=11 -> instr=0xe0bba313 reg_write=1 illegal=0
[PASS] seq=crv_seq_1                      cyc=109 op=OPC_BRANCH f3=101 f7=1000010 rd=26 rs1=26 rs2=11 -> instr=0x84bd5d63 reg_write=0 illegal=0
[PASS] seq=crv_seq_1                      cyc=110 op=OPC_REG    f3=101 f7=0111010 rd=12 rs1=26 rs2=1 -> instr=0x741d5633 reg_write=0 illegal=1
[PASS] seq=crv_seq_1                      cyc=111 op=OPC_AUIPC  f3=000 f7=0110000 rd=23 rs1=3 rs2=30 -> instr=0x61e18b97 reg_write=1 illegal=0
[PASS] seq=crv_seq_1                      cyc=112 op=OPC_REG    f3=000 f7=1100101 rd=16 rs1=22 rs2=1 -> instr=0xca1b0833 reg_write=0 illegal=1
[PASS] seq=crv_seq_1                      cyc=113 op=OPC_RESERVED f3=111 f7=1011100 rd=9 rs1=12 rs2=28 -> instr=0xb9c674ff reg_write=0 illegal=1
[PASS] seq=crv_seq_1                      cyc=114 op=OPC_BRANCH f3=010 f7=1001110 rd=28 rs1=21 rs2=20 -> instr=0x9d4aae63 reg_write=0 illegal=0
[PASS] seq=crv_seq_1                      cyc=115 op=OPC_IMM    f3=111 f7=1110110 rd=2 rs1=24 rs2=28 -> instr=0xedcc7113 reg_write=1 illegal=0
[PASS] seq=crv_seq_1                      cyc=116 op=OPC_CUSTOM0 f3=101 f7=1111001 rd=2 rs1=30 rs2=6 -> instr=0xf26f510b reg_write=0 illegal=0
[PASS] seq=crv_seq_1                      cyc=117 op=OPC_SYSTEM f3=110 f7=0100010 rd=14 rs1=0 rs2=25 -> instr=0x45906773 reg_write=1 illegal=0
[PASS] seq=crv_seq_1                      cyc=118 op=OPC_RESERVED f3=001 f7=0001000 rd=2 rs1=26 rs2=12 -> instr=0x10cd117f reg_write=0 illegal=1
[PASS] seq=crv_seq_1                      cyc=119 op=OPC_STORE  f3=001 f7=1001110 rd=31 rs1=11 rs2=15 -> instr=0x9cf59fa3 reg_write=0 illegal=0
[PASS] seq=crv_seq_1                      cyc=120 op=OPC_AUIPC  f3=010 f7=1000011 rd=14 rs1=31 rs2=17 -> instr=0x871fa717 reg_write=1 illegal=0
[PASS] seq=crv_seq_1                      cyc=121 op=OPC_BRANCH f3=001 f7=1111010 rd=27 rs1=24 rs2=8 -> instr=0xf48c1de3 reg_write=0 illegal=0
[PASS] seq=crv_seq_1                      cyc=122 op=OPC_RESERVED f3=111 f7=1010001 rd=26 rs1=18 rs2=1 -> instr=0xa2197d7f reg_write=0 illegal=1
[PASS] seq=crv_seq_1                      cyc=123 op=OPC_REG    f3=101 f7=1000111 rd=22 rs1=22 rs2=9 -> instr=0x8e9b5b33 reg_write=0 illegal=1
[PASS] seq=crv_seq_1                      cyc=124 op=OPC_AUIPC  f3=010 f7=0001000 rd=1 rs1=11 rs2=16 -> instr=0x1105a097 reg_write=1 illegal=0
[PASS] seq=crv_seq_1                      cyc=125 op=OPC_LUI    f3=100 f7=1111110 rd=26 rs1=4 rs2=21 -> instr=0xfd524d37 reg_write=1 illegal=0
[PASS] seq=crv_seq_1                      cyc=126 op=OPC_STORE  f3=111 f7=1101011 rd=15 rs1=24 rs2=2 -> instr=0xd62c77a3 reg_write=0 illegal=0
[PASS] seq=crv_seq_1                      cyc=127 op=OPC_CUSTOM0 f3=010 f7=1010011 rd=11 rs1=13 rs2=2 -> instr=0xa626a58b reg_write=0 illegal=0
[PASS] seq=crv_seq_1                      cyc=128 op=OPC_RESERVED f3=011 f7=0001111 rd=31 rs1=13 rs2=31 -> instr=0x1ff6bfff reg_write=0 illegal=1
[PASS] seq=crv_seq_1                      cyc=129 op=OPC_LOAD   f3=011 f7=0000000 rd=29 rs1=9 rs2=29 -> instr=0x01d4be83 reg_write=1 illegal=0
[PASS] seq=crv_seq_1                      cyc=130 op=OPC_CUSTOM0 f3=000 f7=0001010 rd=18 rs1=12 rs2=21 -> instr=0x1556090b reg_write=0 illegal=0
[PASS] seq=crv_seq_1                      cyc=131 op=OPC_BRANCH f3=101 f7=1000001 rd=29 rs1=5 rs2=23 -> instr=0x8372dee3 reg_write=0 illegal=0
[PASS] seq=crv_seq_1                      cyc=132 op=OPC_IMM    f3=110 f7=1010000 rd=25 rs1=14 rs2=20 -> instr=0xa1476c93 reg_write=1 illegal=0
[PASS] seq=crv_seq_1                      cyc=133 op=OPC_REG    f3=011 f7=0101001 rd=16 rs1=31 rs2=15 -> instr=0x52ffb833 reg_write=0 illegal=1
[PASS] seq=crv_seq_1                      cyc=134 op=OPC_JAL    f3=110 f7=0110100 rd=21 rs1=20 rs2=13 -> instr=0x68da6aef reg_write=1 illegal=0
[PASS] seq=crv_seq_1                      cyc=135 op=OPC_JALR   f3=111 f7=0000010 rd=20 rs1=12 rs2=6 -> instr=0x04667a67 reg_write=1 illegal=0
[PASS] seq=crv_seq_1                      cyc=136 op=OPC_SYSTEM f3=010 f7=1101111 rd=31 rs1=9 rs2=27 -> instr=0xdfb4aff3 reg_write=1 illegal=0
[PASS] seq=crv_seq_1                      cyc=137 op=OPC_REG    f3=000 f7=1100010 rd=31 rs1=23 rs2=8 -> instr=0xc48b8fb3 reg_write=0 illegal=1
[PASS] seq=crv_seq_1                      cyc=138 op=OPC_CUSTOM0 f3=010 f7=1100011 rd=24 rs1=15 rs2=16 -> instr=0xc707ac0b reg_write=0 illegal=0
[PASS] seq=crv_seq_1                      cyc=139 op=OPC_SYSTEM f3=010 f7=1101010 rd=15 rs1=2 rs2=23 -> instr=0xd57127f3 reg_write=1 illegal=0
[PASS] seq=crv_seq_1                      cyc=140 op=OPC_LOAD   f3=111 f7=1010001 rd=26 rs1=1 rs2=27 -> instr=0xa3b0fd03 reg_write=1 illegal=0
[PASS] seq=crv_seq_1                      cyc=141 op=OPC_RESERVED f3=101 f7=0101110 rd=18 rs1=4 rs2=27 -> instr=0x5db2597f reg_write=0 illegal=1
[PASS] seq=crv_seq_1                      cyc=142 op=OPC_SYSTEM f3=100 f7=0111111 rd=14 rs1=11 rs2=13 -> instr=0x7ed5c773 reg_write=1 illegal=0
[PASS] seq=crv_seq_1                      cyc=143 op=OPC_RESERVED f3=010 f7=1101011 rd=25 rs1=3 rs2=7 -> instr=0xd671acff reg_write=0 illegal=1
[PASS] seq=crv_seq_1                      cyc=144 op=OPC_JAL    f3=111 f7=0000111 rd=12 rs1=6 rs2=3 -> instr=0x0e33766f reg_write=1 illegal=0
[PASS] seq=crv_seq_1                      cyc=145 op=OPC_AUIPC  f3=001 f7=1110110 rd=23 rs1=5 rs2=17 -> instr=0xed129b97 reg_write=1 illegal=0
[PASS] seq=crv_seq_1                      cyc=146 op=OPC_SYSTEM f3=001 f7=1100111 rd=12 rs1=25 rs2=3 -> instr=0xce3c9673 reg_write=1 illegal=0
[PASS] seq=crv_seq_1                      cyc=147 op=OPC_JALR   f3=111 f7=0000001 rd=8 rs1=19 rs2=3 -> instr=0x0239f467 reg_write=1 illegal=0
[PASS] seq=crv_seq_1                      cyc=148 op=OPC_LOAD   f3=110 f7=1011110 rd=19 rs1=11 rs2=14 -> instr=0xbce5e983 reg_write=1 illegal=0
[PASS] seq=crv_seq_1                      cyc=149 op=OPC_JALR   f3=110 f7=1101110 rd=27 rs1=4 rs2=10 -> instr=0xdca26de7 reg_write=1 illegal=0
[PASS] seq=crv_seq_1                      cyc=150 op=OPC_BRANCH f3=011 f7=0010010 rd=6 rs1=4 rs2=7 -> instr=0x24723363 reg_write=0 illegal=0
[PASS] seq=crv_seq_1                      cyc=151 op=OPC_BRANCH f3=001 f7=1011111 rd=24 rs1=6 rs2=26 -> instr=0xbfa31c63 reg_write=0 illegal=0
[PASS] seq=crv_seq_1                      cyc=152 op=OPC_SYSTEM f3=010 f7=0000001 rd=9 rs1=11 rs2=19 -> instr=0x0335a4f3 reg_write=1 illegal=0
[PASS] seq=crv_seq_1                      cyc=153 op=OPC_BRANCH f3=100 f7=1100011 rd=3 rs1=5 rs2=8 -> instr=0xc682c1e3 reg_write=0 illegal=0
[PASS] seq=crv_seq_1                      cyc=154 op=OPC_IMM    f3=100 f7=0001011 rd=13 rs1=31 rs2=0 -> instr=0x160fc693 reg_write=1 illegal=0
[PASS] seq=crv_seq_1                      cyc=155 op=OPC_REG    f3=000 f7=1111011 rd=12 rs1=25 rs2=5 -> instr=0xf65c8633 reg_write=0 illegal=1
[PASS] seq=crv_seq_1                      cyc=156 op=OPC_JALR   f3=001 f7=1001000 rd=29 rs1=11 rs2=4 -> instr=0x90459ee7 reg_write=1 illegal=0
[PASS] seq=crv_seq_1                      cyc=157 op=OPC_RESERVED f3=000 f7=0111101 rd=15 rs1=10 rs2=13 -> instr=0x7ad507ff reg_write=0 illegal=1
[PASS] seq=crv_seq_1                      cyc=158 op=OPC_AUIPC  f3=110 f7=1101000 rd=24 rs1=18 rs2=27 -> instr=0xd1b96c17 reg_write=1 illegal=0
[PASS] seq=crv_seq_1                      cyc=159 op=OPC_LUI    f3=000 f7=1110011 rd=14 rs1=11 rs2=2 -> instr=0xe6258737 reg_write=1 illegal=0
[PASS] seq=crv_seq_1                      cyc=160 op=OPC_IMM    f3=110 f7=0010000 rd=28 rs1=10 rs2=3 -> instr=0x20356e13 reg_write=1 illegal=0
[PASS] seq=crv_seq_1                      cyc=161 op=OPC_IMM    f3=011 f7=0111011 rd=8 rs1=0 rs2=23 -> instr=0x77703413 reg_write=1 illegal=0
[PASS] seq=crv_seq_1                      cyc=162 op=OPC_LOAD   f3=010 f7=1001110 rd=14 rs1=17 rs2=27 -> instr=0x9db8a703 reg_write=1 illegal=0
[PASS] seq=crv_seq_1                      cyc=163 op=OPC_JAL    f3=110 f7=0001011 rd=2 rs1=0 rs2=28 -> instr=0x17c0616f reg_write=1 illegal=0
[PASS] seq=crv_seq_1                      cyc=164 op=OPC_REG    f3=100 f7=1111000 rd=5 rs1=31 rs2=6 -> instr=0xf06fc2b3 reg_write=0 illegal=1
[PASS] seq=crv_seq_1                      cyc=165 op=OPC_SYSTEM f3=111 f7=0100100 rd=8 rs1=4 rs2=0 -> instr=0x48027473 reg_write=1 illegal=0
[PASS] seq=crv_seq_1                      cyc=166 op=OPC_REG    f3=000 f7=0001011 rd=14 rs1=6 rs2=21 -> instr=0x17530733 reg_write=0 illegal=1
[PASS] seq=crv_seq_1                      cyc=167 op=OPC_STORE  f3=011 f7=0100010 rd=0 rs1=4 rs2=14 -> instr=0x44e23023 reg_write=0 illegal=0
[PASS] seq=crv_seq_1                      cyc=168 op=OPC_LOAD   f3=001 f7=0011000 rd=21 rs1=11 rs2=19 -> instr=0x31359a83 reg_write=1 illegal=0
[PASS] seq=crv_seq_1                      cyc=169 op=OPC_JAL    f3=001 f7=0011101 rd=29 rs1=27 rs2=15 -> instr=0x3afd9eef reg_write=1 illegal=0
[PASS] seq=crv_seq_1                      cyc=170 op=OPC_STORE  f3=111 f7=1000100 rd=4 rs1=22 rs2=12 -> instr=0x88cb7223 reg_write=0 illegal=0
[PASS] seq=crv_seq_1                      cyc=171 op=OPC_LOAD   f3=100 f7=0001010 rd=3 rs1=0 rs2=12 -> instr=0x14c04183 reg_write=1 illegal=0
[PASS] seq=crv_seq_1                      cyc=172 op=OPC_RESERVED f3=101 f7=0111001 rd=20 rs1=28 rs2=4 -> instr=0x724e5a7f reg_write=0 illegal=1
[PASS] seq=crv_seq_1                      cyc=173 op=OPC_LOAD   f3=110 f7=1001010 rd=22 rs1=11 rs2=1 -> instr=0x9415eb03 reg_write=1 illegal=0
[PASS] seq=crv_seq_1                      cyc=174 op=OPC_REG    f3=010 f7=1110011 rd=7 rs1=27 rs2=17 -> instr=0xe71da3b3 reg_write=0 illegal=1
[PASS] seq=crv_seq_1                      cyc=175 op=OPC_SYSTEM f3=010 f7=1100110 rd=11 rs1=21 rs2=21 -> instr=0xcd5aa5f3 reg_write=1 illegal=0
[PASS] seq=crv_seq_1                      cyc=176 op=OPC_LOAD   f3=111 f7=0010111 rd=21 rs1=4 rs2=12 -> instr=0x2ec27a83 reg_write=1 illegal=0
[PASS] seq=crv_seq_1                      cyc=177 op=OPC_IMM    f3=111 f7=0100010 rd=29 rs1=7 rs2=18 -> instr=0x4523fe93 reg_write=1 illegal=0
[PASS] seq=crv_seq_1                      cyc=178 op=OPC_JALR   f3=101 f7=1110000 rd=13 rs1=15 rs2=4 -> instr=0xe047d6e7 reg_write=1 illegal=0
[PASS] seq=crv_seq_1                      cyc=179 op=OPC_BRANCH f3=110 f7=1011111 rd=11 rs1=6 rs2=21 -> instr=0xbf5365e3 reg_write=0 illegal=0
[PASS] seq=crv_seq_1                      cyc=180 op=OPC_BRANCH f3=101 f7=0111110 rd=30 rs1=19 rs2=2 -> instr=0x7c29df63 reg_write=0 illegal=0
[PASS] seq=crv_seq_1                      cyc=181 op=OPC_SYSTEM f3=100 f7=0000000 rd=25 rs1=7 rs2=12 -> instr=0x00c3ccf3 reg_write=1 illegal=0
[PASS] seq=crv_seq_1                      cyc=182 op=OPC_SYSTEM f3=010 f7=1011000 rd=4 rs1=8 rs2=17 -> instr=0xb1142273 reg_write=1 illegal=0
[PASS] seq=crv_seq_1                      cyc=183 op=OPC_LOAD   f3=001 f7=0100000 rd=28 rs1=30 rs2=8 -> instr=0x408f1e03 reg_write=1 illegal=0
[PASS] seq=crv_seq_1                      cyc=184 op=OPC_BRANCH f3=100 f7=0010100 rd=3 rs1=29 rs2=8 -> instr=0x288ec1e3 reg_write=0 illegal=0
[PASS] seq=crv_seq_1                      cyc=185 op=OPC_RESERVED f3=011 f7=0010110 rd=7 rs1=3 rs2=6 -> instr=0x2c61b3ff reg_write=0 illegal=1
[PASS] seq=crv_seq_1                      cyc=186 op=OPC_AUIPC  f3=001 f7=1000111 rd=14 rs1=16 rs2=2 -> instr=0x8e281717 reg_write=1 illegal=0
[PASS] seq=crv_seq_1                      cyc=187 op=OPC_JAL    f3=100 f7=0110011 rd=23 rs1=13 rs2=2 -> instr=0x6626cbef reg_write=1 illegal=0
[PASS] seq=crv_seq_1                      cyc=188 op=OPC_SYSTEM f3=100 f7=1010011 rd=2 rs1=0 rs2=0 -> instr=0xa6004173 reg_write=1 illegal=0
[PASS] seq=crv_seq_1                      cyc=189 op=OPC_REG    f3=111 f7=1011001 rd=11 rs1=18 rs2=18 -> instr=0xb32975b3 reg_write=0 illegal=1
[PASS] seq=crv_seq_1                      cyc=190 op=OPC_AUIPC  f3=010 f7=0100101 rd=24 rs1=2 rs2=19 -> instr=0x4b312c17 reg_write=1 illegal=0
[PASS] seq=crv_seq_1                      cyc=191 op=OPC_JALR   f3=011 f7=0110101 rd=1 rs1=5 rs2=27 -> instr=0x6bb2b0e7 reg_write=1 illegal=0
[PASS] seq=crv_seq_1                      cyc=192 op=OPC_LOAD   f3=110 f7=1010010 rd=16 rs1=1 rs2=23 -> instr=0xa570e803 reg_write=1 illegal=0
[PASS] seq=crv_seq_1                      cyc=193 op=OPC_JAL    f3=110 f7=1000100 rd=25 rs1=6 rs2=31 -> instr=0x89f36cef reg_write=1 illegal=0
[PASS] seq=crv_seq_1                      cyc=194 op=OPC_STORE  f3=011 f7=1100110 rd=4 rs1=11 rs2=14 -> instr=0xcce5b223 reg_write=0 illegal=0
[PASS] seq=crv_seq_1                      cyc=195 op=OPC_LOAD   f3=100 f7=1111111 rd=12 rs1=28 rs2=28 -> instr=0xffce4603 reg_write=1 illegal=0
[PASS] seq=crv_seq_1                      cyc=196 op=OPC_LOAD   f3=010 f7=0000101 rd=30 rs1=9 rs2=29 -> instr=0x0bd4af03 reg_write=1 illegal=0
[PASS] seq=crv_seq_1                      cyc=197 op=OPC_STORE  f3=100 f7=1110100 rd=30 rs1=10 rs2=1 -> instr=0xe8154f23 reg_write=0 illegal=0
[PASS] seq=crv_seq_1                      cyc=198 op=OPC_LOAD   f3=100 f7=1011010 rd=20 rs1=8 rs2=31 -> instr=0xb5f44a03 reg_write=1 illegal=0
[PASS] seq=crv_seq_1                      cyc=199 op=OPC_JAL    f3=011 f7=1101101 rd=23 rs1=10 rs2=24 -> instr=0xdb853bef reg_write=1 illegal=0
[PASS] seq=crv_seq_2                      cyc=0 op=OPC_LOAD   f3=101 f7=1110010 rd=21 rs1=31 rs2=14 -> instr=0xe4efda83 reg_write=1 illegal=0
[PASS] seq=crv_seq_2                      cyc=1 op=OPC_REG    f3=100 f7=0000011 rd=16 rs1=3 rs2=1 -> instr=0x0611c833 reg_write=0 illegal=1
[PASS] seq=crv_seq_2                      cyc=2 op=OPC_SYSTEM f3=100 f7=1011110 rd=1 rs1=4 rs2=14 -> instr=0xbce240f3 reg_write=1 illegal=0
[PASS] seq=crv_seq_2                      cyc=3 op=OPC_IMM    f3=110 f7=1111010 rd=0 rs1=27 rs2=15 -> instr=0xf4fde013 reg_write=1 illegal=0
[PASS] seq=crv_seq_2                      cyc=4 op=OPC_CUSTOM0 f3=111 f7=1110000 rd=2 rs1=8 rs2=27 -> instr=0xe1b4710b reg_write=0 illegal=0
[PASS] seq=crv_seq_2                      cyc=5 op=OPC_RESERVED f3=001 f7=0101101 rd=20 rs1=29 rs2=27 -> instr=0x5bbe9a7f reg_write=0 illegal=1
[PASS] seq=crv_seq_2                      cyc=6 op=OPC_IMM    f3=100 f7=0011110 rd=13 rs1=15 rs2=23 -> instr=0x3d77c693 reg_write=1 illegal=0
[PASS] seq=crv_seq_2                      cyc=7 op=OPC_RESERVED f3=001 f7=1101001 rd=12 rs1=10 rs2=7 -> instr=0xd275167f reg_write=0 illegal=1
[PASS] seq=crv_seq_2                      cyc=8 op=OPC_IMM    f3=011 f7=0001010 rd=10 rs1=22 rs2=17 -> instr=0x151b3513 reg_write=1 illegal=0
[PASS] seq=crv_seq_2                      cyc=9 op=OPC_BRANCH f3=000 f7=1110100 rd=14 rs1=15 rs2=16 -> instr=0xe9078763 reg_write=0 illegal=0
[PASS] seq=crv_seq_2                      cyc=10 op=OPC_CUSTOM0 f3=111 f7=1001011 rd=24 rs1=26 rs2=1 -> instr=0x961d7c0b reg_write=0 illegal=0
[PASS] seq=crv_seq_2                      cyc=11 op=OPC_JAL    f3=101 f7=0100101 rd=0 rs1=3 rs2=3 -> instr=0x4a31d06f reg_write=1 illegal=0
[PASS] seq=crv_seq_2                      cyc=12 op=OPC_AUIPC  f3=111 f7=0000111 rd=4 rs1=5 rs2=22 -> instr=0x0f62f217 reg_write=1 illegal=0
[PASS] seq=crv_seq_2                      cyc=13 op=OPC_IMM    f3=011 f7=1111000 rd=21 rs1=22 rs2=28 -> instr=0xf1cb3a93 reg_write=1 illegal=0
[PASS] seq=crv_seq_2                      cyc=14 op=OPC_LUI    f3=001 f7=0100101 rd=5 rs1=11 rs2=16 -> instr=0x4b0592b7 reg_write=1 illegal=0
[PASS] seq=crv_seq_2                      cyc=15 op=OPC_SYSTEM f3=011 f7=0101111 rd=6 rs1=11 rs2=16 -> instr=0x5f05b373 reg_write=1 illegal=0
[PASS] seq=crv_seq_2                      cyc=16 op=OPC_BRANCH f3=010 f7=0110011 rd=4 rs1=7 rs2=26 -> instr=0x67a3a263 reg_write=0 illegal=0
[PASS] seq=crv_seq_2                      cyc=17 op=OPC_IMM    f3=110 f7=0000110 rd=17 rs1=6 rs2=14 -> instr=0x0ce36893 reg_write=1 illegal=0
[PASS] seq=crv_seq_2                      cyc=18 op=OPC_RESERVED f3=111 f7=0101100 rd=6 rs1=28 rs2=21 -> instr=0x595e737f reg_write=0 illegal=1
[PASS] seq=crv_seq_2                      cyc=19 op=OPC_AUIPC  f3=101 f7=1110111 rd=0 rs1=15 rs2=12 -> instr=0xeec7d017 reg_write=1 illegal=0
[PASS] seq=crv_seq_2                      cyc=20 op=OPC_REG    f3=110 f7=0110010 rd=3 rs1=21 rs2=21 -> instr=0x655ae1b3 reg_write=0 illegal=1
[PASS] seq=crv_seq_2                      cyc=21 op=OPC_LUI    f3=010 f7=1110011 rd=5 rs1=14 rs2=30 -> instr=0xe7e722b7 reg_write=1 illegal=0
[PASS] seq=crv_seq_2                      cyc=22 op=OPC_AUIPC  f3=011 f7=0000101 rd=5 rs1=27 rs2=23 -> instr=0x0b7db297 reg_write=1 illegal=0
[PASS] seq=crv_seq_2                      cyc=23 op=OPC_LOAD   f3=000 f7=1010001 rd=25 rs1=26 rs2=14 -> instr=0xa2ed0c83 reg_write=1 illegal=0
[PASS] seq=crv_seq_2                      cyc=24 op=OPC_JAL    f3=010 f7=1001010 rd=18 rs1=28 rs2=10 -> instr=0x94ae296f reg_write=1 illegal=0
[PASS] seq=crv_seq_2                      cyc=25 op=OPC_REG    f3=000 f7=1111000 rd=31 rs1=16 rs2=20 -> instr=0xf1480fb3 reg_write=0 illegal=1
[PASS] seq=crv_seq_2                      cyc=26 op=OPC_LOAD   f3=011 f7=1000100 rd=29 rs1=19 rs2=25 -> instr=0x8999be83 reg_write=1 illegal=0
[PASS] seq=crv_seq_2                      cyc=27 op=OPC_JAL    f3=001 f7=1001010 rd=20 rs1=9 rs2=27 -> instr=0x95b49a6f reg_write=1 illegal=0
[PASS] seq=crv_seq_2                      cyc=28 op=OPC_LUI    f3=110 f7=0110110 rd=4 rs1=26 rs2=10 -> instr=0x6cad6237 reg_write=1 illegal=0
[PASS] seq=crv_seq_2                      cyc=29 op=OPC_REG    f3=101 f7=1110011 rd=16 rs1=29 rs2=18 -> instr=0xe72ed833 reg_write=0 illegal=1
[PASS] seq=crv_seq_2                      cyc=30 op=OPC_RESERVED f3=001 f7=0101001 rd=30 rs1=21 rs2=20 -> instr=0x534a9f7f reg_write=0 illegal=1
[PASS] seq=crv_seq_2                      cyc=31 op=OPC_AUIPC  f3=100 f7=1001100 rd=28 rs1=4 rs2=29 -> instr=0x99d24e17 reg_write=1 illegal=0
[PASS] seq=crv_seq_2                      cyc=32 op=OPC_JAL    f3=000 f7=0011010 rd=25 rs1=14 rs2=9 -> instr=0x34970cef reg_write=1 illegal=0
[PASS] seq=crv_seq_2                      cyc=33 op=OPC_REG    f3=101 f7=0100010 rd=30 rs1=20 rs2=14 -> instr=0x44ea5f33 reg_write=0 illegal=1
[PASS] seq=crv_seq_2                      cyc=34 op=OPC_IMM    f3=101 f7=1111011 rd=4 rs1=27 rs2=30 -> instr=0xf7edd213 reg_write=1 illegal=0
[PASS] seq=crv_seq_2                      cyc=35 op=OPC_STORE  f3=001 f7=0001111 rd=9 rs1=26 rs2=29 -> instr=0x1fdd14a3 reg_write=0 illegal=0
[PASS] seq=crv_seq_2                      cyc=36 op=OPC_AUIPC  f3=110 f7=1010101 rd=12 rs1=15 rs2=22 -> instr=0xab67e617 reg_write=1 illegal=0
[PASS] seq=crv_seq_2                      cyc=37 op=OPC_IMM    f3=101 f7=0111100 rd=4 rs1=1 rs2=7 -> instr=0x7870d213 reg_write=1 illegal=0
[PASS] seq=crv_seq_2                      cyc=38 op=OPC_AUIPC  f3=110 f7=0001010 rd=27 rs1=28 rs2=1 -> instr=0x141e6d97 reg_write=1 illegal=0
[PASS] seq=crv_seq_2                      cyc=39 op=OPC_STORE  f3=100 f7=0101110 rd=8 rs1=1 rs2=29 -> instr=0x5dd0c423 reg_write=0 illegal=0
[PASS] seq=crv_seq_2                      cyc=40 op=OPC_AUIPC  f3=010 f7=0101001 rd=13 rs1=4 rs2=4 -> instr=0x52422697 reg_write=1 illegal=0
[PASS] seq=crv_seq_2                      cyc=41 op=OPC_IMM    f3=100 f7=0010011 rd=29 rs1=3 rs2=5 -> instr=0x2651ce93 reg_write=1 illegal=0
[PASS] seq=crv_seq_2                      cyc=42 op=OPC_LOAD   f3=110 f7=0100010 rd=5 rs1=31 rs2=17 -> instr=0x451fe283 reg_write=1 illegal=0
[PASS] seq=crv_seq_2                      cyc=43 op=OPC_RESERVED f3=010 f7=1101000 rd=21 rs1=28 rs2=17 -> instr=0xd11e2aff reg_write=0 illegal=1
[PASS] seq=crv_seq_2                      cyc=44 op=OPC_STORE  f3=011 f7=0110001 rd=7 rs1=9 rs2=26 -> instr=0x63a4b3a3 reg_write=0 illegal=0
[PASS] seq=crv_seq_2                      cyc=45 op=OPC_SYSTEM f3=110 f7=1000000 rd=28 rs1=6 rs2=18 -> instr=0x81236e73 reg_write=1 illegal=0
[PASS] seq=crv_seq_2                      cyc=46 op=OPC_BRANCH f3=000 f7=0000111 rd=10 rs1=12 rs2=19 -> instr=0x0f360563 reg_write=0 illegal=0
[PASS] seq=crv_seq_2                      cyc=47 op=OPC_JAL    f3=100 f7=1001001 rd=14 rs1=30 rs2=14 -> instr=0x92ef476f reg_write=1 illegal=0
[PASS] seq=crv_seq_2                      cyc=48 op=OPC_BRANCH f3=100 f7=1010000 rd=6 rs1=17 rs2=23 -> instr=0xa178c363 reg_write=0 illegal=0
[PASS] seq=crv_seq_2                      cyc=49 op=OPC_JAL    f3=011 f7=0111000 rd=26 rs1=16 rs2=12 -> instr=0x70c83d6f reg_write=1 illegal=0
[PASS] seq=crv_seq_2                      cyc=50 op=OPC_IMM    f3=011 f7=1001011 rd=14 rs1=0 rs2=24 -> instr=0x97803713 reg_write=1 illegal=0
[PASS] seq=crv_seq_2                      cyc=51 op=OPC_IMM    f3=010 f7=1011001 rd=17 rs1=0 rs2=6 -> instr=0xb2602893 reg_write=1 illegal=0
[PASS] seq=crv_seq_2                      cyc=52 op=OPC_BRANCH f3=011 f7=1111111 rd=21 rs1=27 rs2=22 -> instr=0xff6dbae3 reg_write=0 illegal=0
[PASS] seq=crv_seq_2                      cyc=53 op=OPC_JALR   f3=101 f7=1111111 rd=17 rs1=14 rs2=11 -> instr=0xfeb758e7 reg_write=1 illegal=0
[PASS] seq=crv_seq_2                      cyc=54 op=OPC_STORE  f3=010 f7=0101001 rd=2 rs1=0 rs2=2 -> instr=0x52202123 reg_write=0 illegal=0
[PASS] seq=crv_seq_2                      cyc=55 op=OPC_RESERVED f3=110 f7=0000111 rd=29 rs1=5 rs2=16 -> instr=0x0f02eeff reg_write=0 illegal=1
[PASS] seq=crv_seq_2                      cyc=56 op=OPC_STORE  f3=110 f7=1001101 rd=11 rs1=17 rs2=20 -> instr=0x9b48e5a3 reg_write=0 illegal=0
[PASS] seq=crv_seq_2                      cyc=57 op=OPC_CUSTOM0 f3=010 f7=0001000 rd=7 rs1=27 rs2=25 -> instr=0x119da38b reg_write=0 illegal=0
[PASS] seq=crv_seq_2                      cyc=58 op=OPC_BRANCH f3=000 f7=1101101 rd=28 rs1=30 rs2=1 -> instr=0xda1f0e63 reg_write=0 illegal=0
[PASS] seq=crv_seq_2                      cyc=59 op=OPC_SYSTEM f3=100 f7=1000011 rd=7 rs1=7 rs2=11 -> instr=0x86b3c3f3 reg_write=1 illegal=0
[PASS] seq=crv_seq_2                      cyc=60 op=OPC_SYSTEM f3=001 f7=0111111 rd=4 rs1=26 rs2=4 -> instr=0x7e4d1273 reg_write=1 illegal=0
[PASS] seq=crv_seq_2                      cyc=61 op=OPC_REG    f3=010 f7=1111100 rd=18 rs1=4 rs2=5 -> instr=0xf8522933 reg_write=0 illegal=1
[PASS] seq=crv_seq_2                      cyc=62 op=OPC_LUI    f3=101 f7=1100011 rd=5 rs1=28 rs2=10 -> instr=0xc6ae52b7 reg_write=1 illegal=0
[PASS] seq=crv_seq_2                      cyc=63 op=OPC_CUSTOM0 f3=111 f7=1000011 rd=15 rs1=6 rs2=14 -> instr=0x86e3778b reg_write=0 illegal=0
[PASS] seq=crv_seq_2                      cyc=64 op=OPC_SYSTEM f3=011 f7=1110011 rd=2 rs1=30 rs2=20 -> instr=0xe74f3173 reg_write=1 illegal=0
[PASS] seq=crv_seq_2                      cyc=65 op=OPC_BRANCH f3=010 f7=1010111 rd=23 rs1=7 rs2=25 -> instr=0xaf93abe3 reg_write=0 illegal=0
[PASS] seq=crv_seq_2                      cyc=66 op=OPC_AUIPC  f3=110 f7=1110011 rd=17 rs1=25 rs2=4 -> instr=0xe64ce897 reg_write=1 illegal=0
[PASS] seq=crv_seq_2                      cyc=67 op=OPC_SYSTEM f3=101 f7=0101111 rd=16 rs1=24 rs2=4 -> instr=0x5e4c5873 reg_write=1 illegal=0
[PASS] seq=crv_seq_2                      cyc=68 op=OPC_IMM    f3=011 f7=1111000 rd=3 rs1=14 rs2=12 -> instr=0xf0c73193 reg_write=1 illegal=0
[PASS] seq=crv_seq_2                      cyc=69 op=OPC_SYSTEM f3=001 f7=0000101 rd=17 rs1=22 rs2=7 -> instr=0x0a7b18f3 reg_write=1 illegal=0
[PASS] seq=crv_seq_2                      cyc=70 op=OPC_JAL    f3=011 f7=0011110 rd=8 rs1=3 rs2=9 -> instr=0x3c91b46f reg_write=1 illegal=0
[PASS] seq=crv_seq_2                      cyc=71 op=OPC_RESERVED f3=110 f7=1111111 rd=2 rs1=2 rs2=22 -> instr=0xff61617f reg_write=0 illegal=1
[PASS] seq=crv_seq_2                      cyc=72 op=OPC_IMM    f3=001 f7=0110111 rd=23 rs1=18 rs2=7 -> instr=0x6e791b93 reg_write=1 illegal=0
[PASS] seq=crv_seq_2                      cyc=73 op=OPC_IMM    f3=001 f7=1100001 rd=20 rs1=20 rs2=14 -> instr=0xc2ea1a13 reg_write=1 illegal=0
[PASS] seq=crv_seq_2                      cyc=74 op=OPC_BRANCH f3=110 f7=0110011 rd=10 rs1=17 rs2=23 -> instr=0x6778e563 reg_write=0 illegal=0
[PASS] seq=crv_seq_2                      cyc=75 op=OPC_AUIPC  f3=101 f7=0100110 rd=26 rs1=23 rs2=15 -> instr=0x4cfbdd17 reg_write=1 illegal=0
[PASS] seq=crv_seq_2                      cyc=76 op=OPC_BRANCH f3=101 f7=1000000 rd=3 rs1=31 rs2=24 -> instr=0x818fd1e3 reg_write=0 illegal=0
[PASS] seq=crv_seq_2                      cyc=77 op=OPC_LUI    f3=110 f7=0110101 rd=16 rs1=15 rs2=7 -> instr=0x6a77e837 reg_write=1 illegal=0
[PASS] seq=crv_seq_2                      cyc=78 op=OPC_JAL    f3=010 f7=0000010 rd=9 rs1=14 rs2=30 -> instr=0x05e724ef reg_write=1 illegal=0
[PASS] seq=crv_seq_2                      cyc=79 op=OPC_LOAD   f3=101 f7=0100000 rd=20 rs1=18 rs2=31 -> instr=0x41f95a03 reg_write=1 illegal=0
[PASS] seq=crv_seq_2                      cyc=80 op=OPC_SYSTEM f3=110 f7=0011001 rd=29 rs1=14 rs2=30 -> instr=0x33e76ef3 reg_write=1 illegal=0
[PASS] seq=crv_seq_2                      cyc=81 op=OPC_JALR   f3=111 f7=0010110 rd=0 rs1=15 rs2=17 -> instr=0x2d17f067 reg_write=1 illegal=0
[PASS] seq=crv_seq_2                      cyc=82 op=OPC_SYSTEM f3=111 f7=1111001 rd=28 rs1=0 rs2=31 -> instr=0xf3f07e73 reg_write=1 illegal=0
[PASS] seq=crv_seq_2                      cyc=83 op=OPC_RESERVED f3=011 f7=1001101 rd=30 rs1=11 rs2=23 -> instr=0x9b75bf7f reg_write=0 illegal=1
[PASS] seq=crv_seq_2                      cyc=84 op=OPC_JALR   f3=010 f7=1110111 rd=2 rs1=0 rs2=14 -> instr=0xeee02167 reg_write=1 illegal=0
[PASS] seq=crv_seq_2                      cyc=85 op=OPC_BRANCH f3=111 f7=1001010 rd=8 rs1=13 rs2=25 -> instr=0x9596f463 reg_write=0 illegal=0
[PASS] seq=crv_seq_2                      cyc=86 op=OPC_IMM    f3=101 f7=0110111 rd=25 rs1=17 rs2=6 -> instr=0x6e68dc93 reg_write=1 illegal=0
[PASS] seq=crv_seq_2                      cyc=87 op=OPC_IMM    f3=011 f7=1110000 rd=17 rs1=28 rs2=17 -> instr=0xe11e3893 reg_write=1 illegal=0
[PASS] seq=crv_seq_2                      cyc=88 op=OPC_BRANCH f3=001 f7=1111111 rd=9 rs1=12 rs2=25 -> instr=0xff9614e3 reg_write=0 illegal=0
[PASS] seq=crv_seq_2                      cyc=89 op=OPC_IMM    f3=000 f7=0000110 rd=20 rs1=28 rs2=25 -> instr=0x0d9e0a13 reg_write=1 illegal=0
[PASS] seq=crv_seq_2                      cyc=90 op=OPC_STORE  f3=011 f7=0100111 rd=26 rs1=13 rs2=28 -> instr=0x4fc6bd23 reg_write=0 illegal=0
[PASS] seq=crv_seq_2                      cyc=91 op=OPC_LOAD   f3=001 f7=1100100 rd=12 rs1=11 rs2=25 -> instr=0xc9959603 reg_write=1 illegal=0
[PASS] seq=crv_seq_2                      cyc=92 op=OPC_LUI    f3=011 f7=0001111 rd=28 rs1=19 rs2=16 -> instr=0x1f09be37 reg_write=1 illegal=0
[PASS] seq=crv_seq_2                      cyc=93 op=OPC_AUIPC  f3=001 f7=0000101 rd=5 rs1=28 rs2=20 -> instr=0x0b4e1297 reg_write=1 illegal=0
[PASS] seq=crv_seq_2                      cyc=94 op=OPC_AUIPC  f3=001 f7=0000110 rd=18 rs1=4 rs2=16 -> instr=0x0d021917 reg_write=1 illegal=0
[PASS] seq=crv_seq_2                      cyc=95 op=OPC_LUI    f3=100 f7=1100010 rd=16 rs1=9 rs2=1 -> instr=0xc414c837 reg_write=1 illegal=0
[PASS] seq=crv_seq_2                      cyc=96 op=OPC_RESERVED f3=010 f7=1011001 rd=0 rs1=17 rs2=6 -> instr=0xb268a07f reg_write=0 illegal=1
[PASS] seq=crv_seq_2                      cyc=97 op=OPC_RESERVED f3=000 f7=1110010 rd=11 rs1=9 rs2=19 -> instr=0xe53485ff reg_write=0 illegal=1
[PASS] seq=crv_seq_2                      cyc=98 op=OPC_CUSTOM0 f3=111 f7=1011101 rd=3 rs1=28 rs2=2 -> instr=0xba2e718b reg_write=0 illegal=0
[PASS] seq=crv_seq_2                      cyc=99 op=OPC_BRANCH f3=001 f7=0001000 rd=1 rs1=14 rs2=14 -> instr=0x10e710e3 reg_write=0 illegal=0
[PASS] seq=crv_seq_2                      cyc=100 op=OPC_REG    f3=000 f7=0110001 rd=1 rs1=28 rs2=19 -> instr=0x633e00b3 reg_write=0 illegal=1
[PASS] seq=crv_seq_2                      cyc=101 op=OPC_REG    f3=111 f7=1010001 rd=14 rs1=4 rs2=2 -> instr=0xa2227733 reg_write=0 illegal=1
[PASS] seq=crv_seq_2                      cyc=102 op=OPC_AUIPC  f3=100 f7=1011110 rd=12 rs1=27 rs2=12 -> instr=0xbccdc617 reg_write=1 illegal=0
[PASS] seq=crv_seq_2                      cyc=103 op=OPC_IMM    f3=000 f7=1000001 rd=24 rs1=31 rs2=12 -> instr=0x82cf8c13 reg_write=1 illegal=0
[PASS] seq=crv_seq_2                      cyc=104 op=OPC_RESERVED f3=011 f7=1001000 rd=9 rs1=3 rs2=19 -> instr=0x9131b4ff reg_write=0 illegal=1
[PASS] seq=crv_seq_2                      cyc=105 op=OPC_JALR   f3=110 f7=1110011 rd=4 rs1=17 rs2=29 -> instr=0xe7d8e267 reg_write=1 illegal=0
[PASS] seq=crv_seq_2                      cyc=106 op=OPC_JALR   f3=110 f7=0001000 rd=18 rs1=1 rs2=2 -> instr=0x1020e967 reg_write=1 illegal=0
[PASS] seq=crv_seq_2                      cyc=107 op=OPC_IMM    f3=010 f7=0000011 rd=13 rs1=24 rs2=12 -> instr=0x06cc2693 reg_write=1 illegal=0
[PASS] seq=crv_seq_2                      cyc=108 op=OPC_CUSTOM0 f3=100 f7=1101010 rd=18 rs1=23 rs2=13 -> instr=0xd4dbc90b reg_write=0 illegal=0
[PASS] seq=crv_seq_2                      cyc=109 op=OPC_REG    f3=000 f7=1111100 rd=3 rs1=5 rs2=27 -> instr=0xf9b281b3 reg_write=0 illegal=1
[PASS] seq=crv_seq_2                      cyc=110 op=OPC_LOAD   f3=011 f7=0110110 rd=24 rs1=18 rs2=0 -> instr=0x6c093c03 reg_write=1 illegal=0
[PASS] seq=crv_seq_2                      cyc=111 op=OPC_REG    f3=110 f7=1101011 rd=10 rs1=29 rs2=15 -> instr=0xd6fee533 reg_write=0 illegal=1
[PASS] seq=crv_seq_2                      cyc=112 op=OPC_RESERVED f3=011 f7=0000010 rd=9 rs1=17 rs2=2 -> instr=0x0428b4ff reg_write=0 illegal=1
[PASS] seq=crv_seq_2                      cyc=113 op=OPC_REG    f3=110 f7=0000111 rd=3 rs1=24 rs2=7 -> instr=0x0e7c61b3 reg_write=0 illegal=1
[PASS] seq=crv_seq_2                      cyc=114 op=OPC_STORE  f3=000 f7=1011011 rd=19 rs1=22 rs2=29 -> instr=0xb7db09a3 reg_write=0 illegal=0
[PASS] seq=crv_seq_2                      cyc=115 op=OPC_LOAD   f3=011 f7=1110001 rd=13 rs1=6 rs2=31 -> instr=0xe3f33683 reg_write=1 illegal=0
[PASS] seq=crv_seq_2                      cyc=116 op=OPC_CUSTOM0 f3=001 f7=0111001 rd=7 rs1=17 rs2=21 -> instr=0x7358938b reg_write=0 illegal=0
[PASS] seq=crv_seq_2                      cyc=117 op=OPC_LUI    f3=000 f7=1111110 rd=4 rs1=10 rs2=14 -> instr=0xfce50237 reg_write=1 illegal=0
[PASS] seq=crv_seq_2                      cyc=118 op=OPC_RESERVED f3=111 f7=0011111 rd=10 rs1=22 rs2=27 -> instr=0x3fbb757f reg_write=0 illegal=1
[PASS] seq=crv_seq_2                      cyc=119 op=OPC_LUI    f3=011 f7=1100000 rd=10 rs1=0 rs2=27 -> instr=0xc1b03537 reg_write=1 illegal=0
[PASS] seq=crv_seq_2                      cyc=120 op=OPC_REG    f3=101 f7=0011011 rd=8 rs1=28 rs2=27 -> instr=0x37be5433 reg_write=0 illegal=1
[PASS] seq=crv_seq_2                      cyc=121 op=OPC_JAL    f3=101 f7=1111010 rd=26 rs1=28 rs2=19 -> instr=0xf53e5d6f reg_write=1 illegal=0
[PASS] seq=crv_seq_2                      cyc=122 op=OPC_LOAD   f3=010 f7=0010101 rd=15 rs1=5 rs2=23 -> instr=0x2b72a783 reg_write=1 illegal=0
[PASS] seq=crv_seq_2                      cyc=123 op=OPC_REG    f3=101 f7=1011000 rd=19 rs1=13 rs2=11 -> instr=0xb0b6d9b3 reg_write=0 illegal=1
[PASS] seq=crv_seq_2                      cyc=124 op=OPC_BRANCH f3=001 f7=0011011 rd=29 rs1=6 rs2=2 -> instr=0x36231ee3 reg_write=0 illegal=0
[PASS] seq=crv_seq_2                      cyc=125 op=OPC_CUSTOM0 f3=111 f7=0010010 rd=12 rs1=16 rs2=26 -> instr=0x25a8760b reg_write=0 illegal=0
[PASS] seq=crv_seq_2                      cyc=126 op=OPC_BRANCH f3=111 f7=0000111 rd=7 rs1=2 rs2=25 -> instr=0x0f9173e3 reg_write=0 illegal=0
[PASS] seq=crv_seq_2                      cyc=127 op=OPC_BRANCH f3=010 f7=0011100 rd=14 rs1=3 rs2=6 -> instr=0x3861a763 reg_write=0 illegal=0
[PASS] seq=crv_seq_2                      cyc=128 op=OPC_IMM    f3=001 f7=0010100 rd=28 rs1=3 rs2=23 -> instr=0x29719e13 reg_write=1 illegal=0
[PASS] seq=crv_seq_2                      cyc=129 op=OPC_REG    f3=110 f7=0101010 rd=8 rs1=14 rs2=13 -> instr=0x54d76433 reg_write=0 illegal=1
[PASS] seq=crv_seq_2                      cyc=130 op=OPC_LUI    f3=110 f7=1011001 rd=23 rs1=11 rs2=11 -> instr=0xb2b5ebb7 reg_write=1 illegal=0
[PASS] seq=crv_seq_2                      cyc=131 op=OPC_LUI    f3=100 f7=0100010 rd=31 rs1=9 rs2=27 -> instr=0x45b4cfb7 reg_write=1 illegal=0
[PASS] seq=crv_seq_2                      cyc=132 op=OPC_STORE  f3=100 f7=1011000 rd=0 rs1=6 rs2=4 -> instr=0xb0434023 reg_write=0 illegal=0
[PASS] seq=crv_seq_2                      cyc=133 op=OPC_IMM    f3=000 f7=1010100 rd=17 rs1=26 rs2=12 -> instr=0xa8cd0893 reg_write=1 illegal=0
[PASS] seq=crv_seq_2                      cyc=134 op=OPC_LUI    f3=011 f7=0001000 rd=30 rs1=28 rs2=7 -> instr=0x107e3f37 reg_write=1 illegal=0
[PASS] seq=crv_seq_2                      cyc=135 op=OPC_BRANCH f3=100 f7=1110001 rd=16 rs1=27 rs2=19 -> instr=0xe33dc863 reg_write=0 illegal=0
[PASS] seq=crv_seq_2                      cyc=136 op=OPC_AUIPC  f3=111 f7=0111110 rd=14 rs1=4 rs2=27 -> instr=0x7db27717 reg_write=1 illegal=0
[PASS] seq=crv_seq_2                      cyc=137 op=OPC_LOAD   f3=100 f7=1001100 rd=19 rs1=27 rs2=25 -> instr=0x999dc983 reg_write=1 illegal=0
[PASS] seq=crv_seq_2                      cyc=138 op=OPC_IMM    f3=110 f7=0001101 rd=4 rs1=24 rs2=23 -> instr=0x1b7c6213 reg_write=1 illegal=0
[PASS] seq=crv_seq_2                      cyc=139 op=OPC_STORE  f3=110 f7=0001010 rd=17 rs1=27 rs2=17 -> instr=0x151de8a3 reg_write=0 illegal=0
[PASS] seq=crv_seq_2                      cyc=140 op=OPC_JALR   f3=101 f7=1001010 rd=14 rs1=13 rs2=4 -> instr=0x9446d767 reg_write=1 illegal=0
[PASS] seq=crv_seq_2                      cyc=141 op=OPC_BRANCH f3=000 f7=0011110 rd=10 rs1=20 rs2=10 -> instr=0x3caa0563 reg_write=0 illegal=0
[PASS] seq=crv_seq_2                      cyc=142 op=OPC_LUI    f3=110 f7=0110110 rd=16 rs1=2 rs2=3 -> instr=0x6c316837 reg_write=1 illegal=0
[PASS] seq=crv_seq_2                      cyc=143 op=OPC_LUI    f3=010 f7=0011010 rd=2 rs1=9 rs2=30 -> instr=0x35e4a137 reg_write=1 illegal=0
[PASS] seq=crv_seq_2                      cyc=144 op=OPC_LOAD   f3=010 f7=1101010 rd=14 rs1=18 rs2=2 -> instr=0xd4292703 reg_write=1 illegal=0
[PASS] seq=crv_seq_2                      cyc=145 op=OPC_SYSTEM f3=111 f7=0011001 rd=29 rs1=26 rs2=25 -> instr=0x339d7ef3 reg_write=1 illegal=0
[PASS] seq=crv_seq_2                      cyc=146 op=OPC_STORE  f3=101 f7=1010111 rd=3 rs1=1 rs2=30 -> instr=0xafe0d1a3 reg_write=0 illegal=0
[PASS] seq=crv_seq_2                      cyc=147 op=OPC_JALR   f3=001 f7=1010011 rd=22 rs1=5 rs2=7 -> instr=0xa6729b67 reg_write=1 illegal=0
[PASS] seq=crv_seq_2                      cyc=148 op=OPC_REG    f3=001 f7=1010110 rd=29 rs1=8 rs2=24 -> instr=0xad841eb3 reg_write=0 illegal=1
[PASS] seq=crv_seq_2                      cyc=149 op=OPC_IMM    f3=010 f7=1001110 rd=3 rs1=19 rs2=27 -> instr=0x9db9a193 reg_write=1 illegal=0
[PASS] seq=crv_seq_2                      cyc=150 op=OPC_IMM    f3=000 f7=0001100 rd=19 rs1=17 rs2=1 -> instr=0x18188993 reg_write=1 illegal=0
[PASS] seq=crv_seq_2                      cyc=151 op=OPC_AUIPC  f3=011 f7=1000010 rd=19 rs1=8 rs2=2 -> instr=0x84243997 reg_write=1 illegal=0
[PASS] seq=crv_seq_2                      cyc=152 op=OPC_BRANCH f3=101 f7=1110001 rd=23 rs1=28 rs2=6 -> instr=0xe26e5be3 reg_write=0 illegal=0
[PASS] seq=crv_seq_2                      cyc=153 op=OPC_CUSTOM0 f3=011 f7=0001101 rd=16 rs1=8 rs2=29 -> instr=0x1bd4380b reg_write=0 illegal=0
[PASS] seq=crv_seq_2                      cyc=154 op=OPC_BRANCH f3=111 f7=1010011 rd=18 rs1=10 rs2=19 -> instr=0xa7357963 reg_write=0 illegal=0
[PASS] seq=crv_seq_2                      cyc=155 op=OPC_SYSTEM f3=000 f7=1010111 rd=21 rs1=25 rs2=4 -> instr=0xae4c8af3 reg_write=0 illegal=0
[PASS] seq=crv_seq_2                      cyc=156 op=OPC_AUIPC  f3=011 f7=0011110 rd=20 rs1=7 rs2=22 -> instr=0x3d63ba17 reg_write=1 illegal=0
[PASS] seq=crv_seq_2                      cyc=157 op=OPC_BRANCH f3=100 f7=1011110 rd=28 rs1=3 rs2=1 -> instr=0xbc11ce63 reg_write=0 illegal=0
[PASS] seq=crv_seq_2                      cyc=158 op=OPC_AUIPC  f3=111 f7=0010111 rd=10 rs1=28 rs2=14 -> instr=0x2eee7517 reg_write=1 illegal=0
[PASS] seq=crv_seq_2                      cyc=159 op=OPC_CUSTOM0 f3=000 f7=1110001 rd=21 rs1=29 rs2=21 -> instr=0xe35e8a8b reg_write=0 illegal=0
[PASS] seq=crv_seq_2                      cyc=160 op=OPC_SYSTEM f3=110 f7=1101010 rd=0 rs1=12 rs2=28 -> instr=0xd5c66073 reg_write=1 illegal=0
[PASS] seq=crv_seq_2                      cyc=161 op=OPC_SYSTEM f3=111 f7=1010110 rd=16 rs1=5 rs2=27 -> instr=0xadb2f873 reg_write=1 illegal=0
[PASS] seq=crv_seq_2                      cyc=162 op=OPC_CUSTOM0 f3=001 f7=0101010 rd=19 rs1=1 rs2=29 -> instr=0x55d0998b reg_write=0 illegal=0
[PASS] seq=crv_seq_2                      cyc=163 op=OPC_RESERVED f3=111 f7=0011011 rd=28 rs1=29 rs2=31 -> instr=0x37fefe7f reg_write=0 illegal=1
[PASS] seq=crv_seq_2                      cyc=164 op=OPC_LUI    f3=010 f7=1111101 rd=29 rs1=25 rs2=23 -> instr=0xfb7caeb7 reg_write=1 illegal=0
[PASS] seq=crv_seq_2                      cyc=165 op=OPC_CUSTOM0 f3=110 f7=1101111 rd=23 rs1=9 rs2=18 -> instr=0xdf24eb8b reg_write=0 illegal=0
[PASS] seq=crv_seq_2                      cyc=166 op=OPC_LUI    f3=010 f7=0110011 rd=0 rs1=24 rs2=7 -> instr=0x667c2037 reg_write=1 illegal=0
[PASS] seq=crv_seq_2                      cyc=167 op=OPC_LOAD   f3=010 f7=0011110 rd=5 rs1=20 rs2=8 -> instr=0x3c8a2283 reg_write=1 illegal=0
[PASS] seq=crv_seq_2                      cyc=168 op=OPC_RESERVED f3=010 f7=1001111 rd=0 rs1=23 rs2=16 -> instr=0x9f0ba07f reg_write=0 illegal=1
[PASS] seq=crv_seq_2                      cyc=169 op=OPC_LOAD   f3=111 f7=1101001 rd=30 rs1=7 rs2=10 -> instr=0xd2a3ff03 reg_write=1 illegal=0
[PASS] seq=crv_seq_2                      cyc=170 op=OPC_IMM    f3=110 f7=0010000 rd=4 rs1=4 rs2=22 -> instr=0x21626213 reg_write=1 illegal=0
[PASS] seq=crv_seq_2                      cyc=171 op=OPC_IMM    f3=001 f7=1111011 rd=17 rs1=8 rs2=17 -> instr=0xf7141893 reg_write=1 illegal=0
[PASS] seq=crv_seq_2                      cyc=172 op=OPC_REG    f3=011 f7=0110000 rd=23 rs1=0 rs2=10 -> instr=0x60a03bb3 reg_write=0 illegal=1
[PASS] seq=crv_seq_2                      cyc=173 op=OPC_JALR   f3=010 f7=1110011 rd=25 rs1=30 rs2=13 -> instr=0xe6df2ce7 reg_write=1 illegal=0
[PASS] seq=crv_seq_2                      cyc=174 op=OPC_CUSTOM0 f3=011 f7=1000100 rd=6 rs1=5 rs2=6 -> instr=0x8862b30b reg_write=0 illegal=0
[PASS] seq=crv_seq_2                      cyc=175 op=OPC_JAL    f3=001 f7=0011000 rd=1 rs1=24 rs2=20 -> instr=0x314c10ef reg_write=1 illegal=0
[PASS] seq=crv_seq_2                      cyc=176 op=OPC_IMM    f3=100 f7=1010010 rd=4 rs1=17 rs2=29 -> instr=0xa5d8c213 reg_write=1 illegal=0
[PASS] seq=crv_seq_2                      cyc=177 op=OPC_STORE  f3=001 f7=0111111 rd=9 rs1=7 rs2=10 -> instr=0x7ea394a3 reg_write=0 illegal=0
[PASS] seq=crv_seq_2                      cyc=178 op=OPC_JALR   f3=001 f7=0010001 rd=6 rs1=1 rs2=23 -> instr=0x23709367 reg_write=1 illegal=0
[PASS] seq=crv_seq_2                      cyc=179 op=OPC_STORE  f3=010 f7=1101101 rd=23 rs1=22 rs2=31 -> instr=0xdbfb2ba3 reg_write=0 illegal=0
[PASS] seq=crv_seq_2                      cyc=180 op=OPC_STORE  f3=100 f7=1000000 rd=8 rs1=7 rs2=20 -> instr=0x8143c423 reg_write=0 illegal=0
[PASS] seq=crv_seq_2                      cyc=181 op=OPC_JAL    f3=001 f7=0011101 rd=23 rs1=3 rs2=15 -> instr=0x3af19bef reg_write=1 illegal=0
[PASS] seq=crv_seq_2                      cyc=182 op=OPC_LOAD   f3=111 f7=1110110 rd=13 rs1=10 rs2=16 -> instr=0xed057683 reg_write=1 illegal=0
[PASS] seq=crv_seq_2                      cyc=183 op=OPC_SYSTEM f3=010 f7=0110000 rd=5 rs1=23 rs2=9 -> instr=0x609ba2f3 reg_write=1 illegal=0
[PASS] seq=crv_seq_2                      cyc=184 op=OPC_IMM    f3=001 f7=0100001 rd=28 rs1=23 rs2=10 -> instr=0x42ab9e13 reg_write=1 illegal=0
[PASS] seq=crv_seq_2                      cyc=185 op=OPC_BRANCH f3=011 f7=0000111 rd=1 rs1=19 rs2=27 -> instr=0x0fb9b0e3 reg_write=0 illegal=0
[PASS] seq=crv_seq_2                      cyc=186 op=OPC_REG    f3=111 f7=1010110 rd=18 rs1=20 rs2=18 -> instr=0xad2a7933 reg_write=0 illegal=1
[PASS] seq=crv_seq_2                      cyc=187 op=OPC_JAL    f3=111 f7=0111111 rd=11 rs1=22 rs2=2 -> instr=0x7e2b75ef reg_write=1 illegal=0
[PASS] seq=crv_seq_2                      cyc=188 op=OPC_IMM    f3=011 f7=0001010 rd=16 rs1=20 rs2=30 -> instr=0x15ea3813 reg_write=1 illegal=0
[PASS] seq=crv_seq_2                      cyc=189 op=OPC_JALR   f3=111 f7=0010101 rd=17 rs1=11 rs2=12 -> instr=0x2ac5f8e7 reg_write=1 illegal=0
[PASS] seq=crv_seq_2                      cyc=190 op=OPC_SYSTEM f3=111 f7=0000011 rd=22 rs1=22 rs2=3 -> instr=0x063b7b73 reg_write=1 illegal=0
[PASS] seq=crv_seq_2                      cyc=191 op=OPC_LUI    f3=110 f7=0111000 rd=31 rs1=17 rs2=20 -> instr=0x7148efb7 reg_write=1 illegal=0
[PASS] seq=crv_seq_2                      cyc=192 op=OPC_STORE  f3=011 f7=0001001 rd=27 rs1=30 rs2=29 -> instr=0x13df3da3 reg_write=0 illegal=0
[PASS] seq=crv_seq_2                      cyc=193 op=OPC_SYSTEM f3=010 f7=1111100 rd=2 rs1=10 rs2=12 -> instr=0xf8c52173 reg_write=1 illegal=0
[PASS] seq=crv_seq_2                      cyc=194 op=OPC_RESERVED f3=000 f7=0011101 rd=21 rs1=10 rs2=18 -> instr=0x3b250aff reg_write=0 illegal=1
[PASS] seq=crv_seq_2                      cyc=195 op=OPC_BRANCH f3=100 f7=1111101 rd=17 rs1=8 rs2=12 -> instr=0xfac448e3 reg_write=0 illegal=0
[PASS] seq=crv_seq_2                      cyc=196 op=OPC_AUIPC  f3=001 f7=0001101 rd=11 rs1=29 rs2=22 -> instr=0x1b6e9597 reg_write=1 illegal=0
[PASS] seq=crv_seq_2                      cyc=197 op=OPC_REG    f3=001 f7=0000111 rd=16 rs1=30 rs2=10 -> instr=0x0eaf1833 reg_write=0 illegal=1
[PASS] seq=crv_seq_2                      cyc=198 op=OPC_BRANCH f3=111 f7=1000001 rd=31 rs1=17 rs2=13 -> instr=0x82d8ffe3 reg_write=0 illegal=0
[PASS] seq=crv_seq_2                      cyc=199 op=OPC_JALR   f3=111 f7=1010110 rd=30 rs1=6 rs2=16 -> instr=0xad037f67 reg_write=1 illegal=0
[PASS] seq=crv_seq_3                      cyc=0 op=OPC_REG    f3=100 f7=0011011 rd=18 rs1=2 rs2=16 -> instr=0x37014933 reg_write=0 illegal=1
[PASS] seq=crv_seq_3                      cyc=1 op=OPC_BRANCH f3=000 f7=1010111 rd=15 rs1=6 rs2=23 -> instr=0xaf7307e3 reg_write=0 illegal=0
[PASS] seq=crv_seq_3                      cyc=2 op=OPC_CUSTOM0 f3=111 f7=0011100 rd=31 rs1=22 rs2=4 -> instr=0x384b7f8b reg_write=0 illegal=0
[PASS] seq=crv_seq_3                      cyc=3 op=OPC_BRANCH f3=011 f7=0101011 rd=11 rs1=7 rs2=11 -> instr=0x56b3b5e3 reg_write=0 illegal=0
[PASS] seq=crv_seq_3                      cyc=4 op=OPC_RESERVED f3=101 f7=1100110 rd=3 rs1=21 rs2=20 -> instr=0xcd4ad1ff reg_write=0 illegal=1
[PASS] seq=crv_seq_3                      cyc=5 op=OPC_BRANCH f3=101 f7=1101010 rd=2 rs1=29 rs2=26 -> instr=0xd5aed163 reg_write=0 illegal=0
[PASS] seq=crv_seq_3                      cyc=6 op=OPC_JAL    f3=110 f7=0011011 rd=19 rs1=15 rs2=4 -> instr=0x3647e9ef reg_write=1 illegal=0
[PASS] seq=crv_seq_3                      cyc=7 op=OPC_LUI    f3=001 f7=0111000 rd=10 rs1=15 rs2=9 -> instr=0x70979537 reg_write=1 illegal=0
[PASS] seq=crv_seq_3                      cyc=8 op=OPC_SYSTEM f3=110 f7=0001100 rd=29 rs1=30 rs2=30 -> instr=0x19ef6ef3 reg_write=1 illegal=0
[PASS] seq=crv_seq_3                      cyc=9 op=OPC_IMM    f3=010 f7=1101100 rd=7 rs1=21 rs2=25 -> instr=0xd99aa393 reg_write=1 illegal=0
[PASS] seq=crv_seq_3                      cyc=10 op=OPC_LOAD   f3=100 f7=0110011 rd=29 rs1=3 rs2=17 -> instr=0x6711ce83 reg_write=1 illegal=0
[PASS] seq=crv_seq_3                      cyc=11 op=OPC_IMM    f3=110 f7=0000101 rd=6 rs1=29 rs2=31 -> instr=0x0bfee313 reg_write=1 illegal=0
[PASS] seq=crv_seq_3                      cyc=12 op=OPC_STORE  f3=101 f7=1100110 rd=1 rs1=3 rs2=12 -> instr=0xccc1d0a3 reg_write=0 illegal=0
[PASS] seq=crv_seq_3                      cyc=13 op=OPC_STORE  f3=011 f7=1100100 rd=17 rs1=14 rs2=16 -> instr=0xc90738a3 reg_write=0 illegal=0
[PASS] seq=crv_seq_3                      cyc=14 op=OPC_IMM    f3=111 f7=0011001 rd=11 rs1=5 rs2=6 -> instr=0x3262f593 reg_write=1 illegal=0
[PASS] seq=crv_seq_3                      cyc=15 op=OPC_RESERVED f3=110 f7=0111101 rd=8 rs1=21 rs2=23 -> instr=0x7b7ae47f reg_write=0 illegal=1
[PASS] seq=crv_seq_3                      cyc=16 op=OPC_STORE  f3=000 f7=0110101 rd=24 rs1=19 rs2=5 -> instr=0x6a598c23 reg_write=0 illegal=0
[PASS] seq=crv_seq_3                      cyc=17 op=OPC_JAL    f3=100 f7=1010000 rd=11 rs1=21 rs2=19 -> instr=0xa13ac5ef reg_write=1 illegal=0
[PASS] seq=crv_seq_3                      cyc=18 op=OPC_SYSTEM f3=001 f7=0011000 rd=10 rs1=3 rs2=23 -> instr=0x31719573 reg_write=1 illegal=0
[PASS] seq=crv_seq_3                      cyc=19 op=OPC_LOAD   f3=101 f7=0111110 rd=26 rs1=25 rs2=19 -> instr=0x7d3cdd03 reg_write=1 illegal=0
[PASS] seq=crv_seq_3                      cyc=20 op=OPC_LOAD   f3=011 f7=1110011 rd=0 rs1=12 rs2=25 -> instr=0xe7963003 reg_write=1 illegal=0
[PASS] seq=crv_seq_3                      cyc=21 op=OPC_BRANCH f3=110 f7=0000100 rd=10 rs1=18 rs2=17 -> instr=0x09196563 reg_write=0 illegal=0
[PASS] seq=crv_seq_3                      cyc=22 op=OPC_BRANCH f3=100 f7=1000101 rd=13 rs1=22 rs2=19 -> instr=0x8b3b46e3 reg_write=0 illegal=0
[PASS] seq=crv_seq_3                      cyc=23 op=OPC_IMM    f3=001 f7=1010011 rd=16 rs1=11 rs2=1 -> instr=0xa6159813 reg_write=1 illegal=0
[PASS] seq=crv_seq_3                      cyc=24 op=OPC_CUSTOM0 f3=101 f7=0110101 rd=19 rs1=28 rs2=8 -> instr=0x6a8e598b reg_write=0 illegal=0
[PASS] seq=crv_seq_3                      cyc=25 op=OPC_LUI    f3=001 f7=0000000 rd=20 rs1=23 rs2=1 -> instr=0x001b9a37 reg_write=1 illegal=0
[PASS] seq=crv_seq_3                      cyc=26 op=OPC_LUI    f3=100 f7=0001000 rd=19 rs1=4 rs2=27 -> instr=0x11b249b7 reg_write=1 illegal=0
[PASS] seq=crv_seq_3                      cyc=27 op=OPC_REG    f3=100 f7=1000011 rd=2 rs1=27 rs2=18 -> instr=0x872dc133 reg_write=0 illegal=1
[PASS] seq=crv_seq_3                      cyc=28 op=OPC_LUI    f3=001 f7=0011010 rd=25 rs1=31 rs2=12 -> instr=0x34cf9cb7 reg_write=1 illegal=0
[PASS] seq=crv_seq_3                      cyc=29 op=OPC_BRANCH f3=011 f7=1010111 rd=8 rs1=5 rs2=17 -> instr=0xaf12b463 reg_write=0 illegal=0
[PASS] seq=crv_seq_3                      cyc=30 op=OPC_JAL    f3=001 f7=1011010 rd=1 rs1=12 rs2=9 -> instr=0xb49610ef reg_write=1 illegal=0
[PASS] seq=crv_seq_3                      cyc=31 op=OPC_JAL    f3=010 f7=0000110 rd=19 rs1=10 rs2=9 -> instr=0x0c9529ef reg_write=1 illegal=0
[PASS] seq=crv_seq_3                      cyc=32 op=OPC_AUIPC  f3=101 f7=0111010 rd=22 rs1=11 rs2=10 -> instr=0x74a5db17 reg_write=1 illegal=0
[PASS] seq=crv_seq_3                      cyc=33 op=OPC_STORE  f3=011 f7=1010000 rd=4 rs1=25 rs2=16 -> instr=0xa10cb223 reg_write=0 illegal=0
[PASS] seq=crv_seq_3                      cyc=34 op=OPC_SYSTEM f3=000 f7=1101100 rd=11 rs1=23 rs2=24 -> instr=0xd98b85f3 reg_write=0 illegal=0
[PASS] seq=crv_seq_3                      cyc=35 op=OPC_STORE  f3=001 f7=0000101 rd=27 rs1=8 rs2=6 -> instr=0x0a641da3 reg_write=0 illegal=0
[PASS] seq=crv_seq_3                      cyc=36 op=OPC_JAL    f3=011 f7=1010010 rd=21 rs1=21 rs2=27 -> instr=0xa5babaef reg_write=1 illegal=0
[PASS] seq=crv_seq_3                      cyc=37 op=OPC_LOAD   f3=010 f7=0000110 rd=20 rs1=20 rs2=8 -> instr=0x0c8a2a03 reg_write=1 illegal=0
[PASS] seq=crv_seq_3                      cyc=38 op=OPC_STORE  f3=111 f7=0001110 rd=19 rs1=22 rs2=31 -> instr=0x1dfb79a3 reg_write=0 illegal=0
[PASS] seq=crv_seq_3                      cyc=39 op=OPC_LOAD   f3=011 f7=1011010 rd=0 rs1=23 rs2=13 -> instr=0xb4dbb003 reg_write=1 illegal=0
[PASS] seq=crv_seq_3                      cyc=40 op=OPC_BRANCH f3=100 f7=0010001 rd=26 rs1=22 rs2=11 -> instr=0x22bb4d63 reg_write=0 illegal=0
[PASS] seq=crv_seq_3                      cyc=41 op=OPC_CUSTOM0 f3=110 f7=0110001 rd=14 rs1=7 rs2=25 -> instr=0x6393e70b reg_write=0 illegal=0
[PASS] seq=crv_seq_3                      cyc=42 op=OPC_JAL    f3=101 f7=0001001 rd=1 rs1=27 rs2=2 -> instr=0x122dd0ef reg_write=1 illegal=0
[PASS] seq=crv_seq_3                      cyc=43 op=OPC_STORE  f3=000 f7=1010111 rd=17 rs1=15 rs2=13 -> instr=0xaed788a3 reg_write=0 illegal=0
[PASS] seq=crv_seq_3                      cyc=44 op=OPC_IMM    f3=010 f7=1100111 rd=27 rs1=3 rs2=10 -> instr=0xcea1ad93 reg_write=1 illegal=0
[PASS] seq=crv_seq_3                      cyc=45 op=OPC_REG    f3=010 f7=0110100 rd=28 rs1=10 rs2=4 -> instr=0x68452e33 reg_write=0 illegal=1
[PASS] seq=crv_seq_3                      cyc=46 op=OPC_STORE  f3=011 f7=0010000 rd=30 rs1=3 rs2=4 -> instr=0x2041bf23 reg_write=0 illegal=0
[PASS] seq=crv_seq_3                      cyc=47 op=OPC_JAL    f3=001 f7=1111111 rd=9 rs1=30 rs2=3 -> instr=0xfe3f14ef reg_write=1 illegal=0
[PASS] seq=crv_seq_3                      cyc=48 op=OPC_BRANCH f3=110 f7=1010001 rd=13 rs1=4 rs2=7 -> instr=0xa27266e3 reg_write=0 illegal=0
[PASS] seq=crv_seq_3                      cyc=49 op=OPC_REG    f3=011 f7=1101101 rd=4 rs1=28 rs2=11 -> instr=0xdabe3233 reg_write=0 illegal=1
[PASS] seq=crv_seq_3                      cyc=50 op=OPC_LOAD   f3=100 f7=1010101 rd=30 rs1=18 rs2=27 -> instr=0xabb94f03 reg_write=1 illegal=0
[PASS] seq=crv_seq_3                      cyc=51 op=OPC_LOAD   f3=001 f7=1000000 rd=26 rs1=27 rs2=8 -> instr=0x808d9d03 reg_write=1 illegal=0
[PASS] seq=crv_seq_3                      cyc=52 op=OPC_REG    f3=011 f7=0101111 rd=20 rs1=14 rs2=14 -> instr=0x5ee73a33 reg_write=0 illegal=1
[PASS] seq=crv_seq_3                      cyc=53 op=OPC_RESERVED f3=001 f7=0011010 rd=25 rs1=9 rs2=15 -> instr=0x34f49cff reg_write=0 illegal=1
[PASS] seq=crv_seq_3                      cyc=54 op=OPC_BRANCH f3=010 f7=0000010 rd=8 rs1=6 rs2=22 -> instr=0x05632463 reg_write=0 illegal=0
[PASS] seq=crv_seq_3                      cyc=55 op=OPC_JALR   f3=000 f7=0111010 rd=23 rs1=30 rs2=5 -> instr=0x745f0be7 reg_write=1 illegal=0
[PASS] seq=crv_seq_3                      cyc=56 op=OPC_JAL    f3=010 f7=1110000 rd=16 rs1=14 rs2=31 -> instr=0xe1f7286f reg_write=1 illegal=0
[PASS] seq=crv_seq_3                      cyc=57 op=OPC_LUI    f3=100 f7=1000001 rd=26 rs1=22 rs2=21 -> instr=0x835b4d37 reg_write=1 illegal=0
[PASS] seq=crv_seq_3                      cyc=58 op=OPC_LOAD   f3=011 f7=1011001 rd=1 rs1=4 rs2=27 -> instr=0xb3b23083 reg_write=1 illegal=0
[PASS] seq=crv_seq_3                      cyc=59 op=OPC_AUIPC  f3=101 f7=0010100 rd=27 rs1=24 rs2=23 -> instr=0x297c5d97 reg_write=1 illegal=0
[PASS] seq=crv_seq_3                      cyc=60 op=OPC_JAL    f3=100 f7=1010110 rd=19 rs1=9 rs2=12 -> instr=0xacc4c9ef reg_write=1 illegal=0
[PASS] seq=crv_seq_3                      cyc=61 op=OPC_CUSTOM0 f3=101 f7=0100000 rd=25 rs1=15 rs2=1 -> instr=0x4017dc8b reg_write=0 illegal=0
[PASS] seq=crv_seq_3                      cyc=62 op=OPC_IMM    f3=101 f7=1000101 rd=8 rs1=9 rs2=29 -> instr=0x8bd4d413 reg_write=1 illegal=0
[PASS] seq=crv_seq_3                      cyc=63 op=OPC_STORE  f3=100 f7=0110000 rd=26 rs1=10 rs2=28 -> instr=0x61c54d23 reg_write=0 illegal=0
[PASS] seq=crv_seq_3                      cyc=64 op=OPC_LOAD   f3=101 f7=1010000 rd=6 rs1=25 rs2=4 -> instr=0xa04cd303 reg_write=1 illegal=0
[PASS] seq=crv_seq_3                      cyc=65 op=OPC_REG    f3=010 f7=1110000 rd=25 rs1=21 rs2=21 -> instr=0xe15aacb3 reg_write=0 illegal=1
[PASS] seq=crv_seq_3                      cyc=66 op=OPC_CUSTOM0 f3=111 f7=0111111 rd=7 rs1=8 rs2=27 -> instr=0x7fb4738b reg_write=0 illegal=0
[PASS] seq=crv_seq_3                      cyc=67 op=OPC_LUI    f3=011 f7=1101101 rd=11 rs1=5 rs2=16 -> instr=0xdb02b5b7 reg_write=1 illegal=0
[PASS] seq=crv_seq_3                      cyc=68 op=OPC_REG    f3=010 f7=1111010 rd=31 rs1=25 rs2=19 -> instr=0xf53cafb3 reg_write=0 illegal=1
[PASS] seq=crv_seq_3                      cyc=69 op=OPC_IMM    f3=111 f7=0110010 rd=19 rs1=20 rs2=17 -> instr=0x651a7993 reg_write=1 illegal=0
[PASS] seq=crv_seq_3                      cyc=70 op=OPC_JALR   f3=101 f7=1101101 rd=9 rs1=9 rs2=21 -> instr=0xdb54d4e7 reg_write=1 illegal=0
[PASS] seq=crv_seq_3                      cyc=71 op=OPC_LOAD   f3=001 f7=1101101 rd=26 rs1=2 rs2=18 -> instr=0xdb211d03 reg_write=1 illegal=0
[PASS] seq=crv_seq_3                      cyc=72 op=OPC_SYSTEM f3=010 f7=1110000 rd=24 rs1=27 rs2=10 -> instr=0xe0adac73 reg_write=1 illegal=0
[PASS] seq=crv_seq_3                      cyc=73 op=OPC_BRANCH f3=001 f7=0111100 rd=4 rs1=15 rs2=26 -> instr=0x79a79263 reg_write=0 illegal=0
[PASS] seq=crv_seq_3                      cyc=74 op=OPC_SYSTEM f3=001 f7=0010001 rd=26 rs1=27 rs2=1 -> instr=0x221d9d73 reg_write=1 illegal=0
[PASS] seq=crv_seq_3                      cyc=75 op=OPC_AUIPC  f3=100 f7=1011000 rd=1 rs1=28 rs2=21 -> instr=0xb15e4097 reg_write=1 illegal=0
[PASS] seq=crv_seq_3                      cyc=76 op=OPC_LOAD   f3=100 f7=1000001 rd=21 rs1=17 rs2=14 -> instr=0x82e8ca83 reg_write=1 illegal=0
[PASS] seq=crv_seq_3                      cyc=77 op=OPC_LOAD   f3=111 f7=1000000 rd=26 rs1=20 rs2=12 -> instr=0x80ca7d03 reg_write=1 illegal=0
[PASS] seq=crv_seq_3                      cyc=78 op=OPC_SYSTEM f3=010 f7=0000101 rd=24 rs1=19 rs2=11 -> instr=0x0ab9ac73 reg_write=1 illegal=0
[PASS] seq=crv_seq_3                      cyc=79 op=OPC_LOAD   f3=001 f7=1101001 rd=9 rs1=8 rs2=31 -> instr=0xd3f41483 reg_write=1 illegal=0
[PASS] seq=crv_seq_3                      cyc=80 op=OPC_STORE  f3=001 f7=0011001 rd=9 rs1=31 rs2=15 -> instr=0x32ff94a3 reg_write=0 illegal=0
[PASS] seq=crv_seq_3                      cyc=81 op=OPC_LUI    f3=000 f7=0110001 rd=24 rs1=3 rs2=29 -> instr=0x63d18c37 reg_write=1 illegal=0
[PASS] seq=crv_seq_3                      cyc=82 op=OPC_BRANCH f3=011 f7=0001100 rd=12 rs1=14 rs2=24 -> instr=0x19873663 reg_write=0 illegal=0
[PASS] seq=crv_seq_3                      cyc=83 op=OPC_JAL    f3=001 f7=1011011 rd=19 rs1=23 rs2=18 -> instr=0xb72b99ef reg_write=1 illegal=0
[PASS] seq=crv_seq_3                      cyc=84 op=OPC_AUIPC  f3=000 f7=0100011 rd=14 rs1=15 rs2=0 -> instr=0x46078717 reg_write=1 illegal=0
[PASS] seq=crv_seq_3                      cyc=85 op=OPC_SYSTEM f3=101 f7=0110011 rd=3 rs1=22 rs2=3 -> instr=0x663b51f3 reg_write=1 illegal=0
[PASS] seq=crv_seq_3                      cyc=86 op=OPC_CUSTOM0 f3=000 f7=0011111 rd=25 rs1=16 rs2=24 -> instr=0x3f880c8b reg_write=0 illegal=0
[PASS] seq=crv_seq_3                      cyc=87 op=OPC_STORE  f3=100 f7=1001100 rd=9 rs1=2 rs2=31 -> instr=0x99f144a3 reg_write=0 illegal=0
[PASS] seq=crv_seq_3                      cyc=88 op=OPC_JALR   f3=101 f7=1100101 rd=8 rs1=7 rs2=2 -> instr=0xca23d467 reg_write=1 illegal=0
[PASS] seq=crv_seq_3                      cyc=89 op=OPC_LOAD   f3=100 f7=0111111 rd=31 rs1=7 rs2=9 -> instr=0x7e93cf83 reg_write=1 illegal=0
[PASS] seq=crv_seq_3                      cyc=90 op=OPC_REG    f3=100 f7=0100101 rd=13 rs1=26 rs2=15 -> instr=0x4afd46b3 reg_write=0 illegal=1
[PASS] seq=crv_seq_3                      cyc=91 op=OPC_IMM    f3=001 f7=0001000 rd=1 rs1=22 rs2=4 -> instr=0x104b1093 reg_write=1 illegal=0
[PASS] seq=crv_seq_3                      cyc=92 op=OPC_IMM    f3=011 f7=1110110 rd=3 rs1=4 rs2=21 -> instr=0xed523193 reg_write=1 illegal=0
[PASS] seq=crv_seq_3                      cyc=93 op=OPC_CUSTOM0 f3=000 f7=1100111 rd=20 rs1=12 rs2=9 -> instr=0xce960a0b reg_write=0 illegal=0
[PASS] seq=crv_seq_3                      cyc=94 op=OPC_JALR   f3=100 f7=1101100 rd=3 rs1=12 rs2=5 -> instr=0xd85641e7 reg_write=1 illegal=0
[PASS] seq=crv_seq_3                      cyc=95 op=OPC_JAL    f3=101 f7=0111010 rd=1 rs1=8 rs2=26 -> instr=0x75a450ef reg_write=1 illegal=0
[PASS] seq=crv_seq_3                      cyc=96 op=OPC_JAL    f3=011 f7=1110101 rd=13 rs1=27 rs2=5 -> instr=0xea5db6ef reg_write=1 illegal=0
[PASS] seq=crv_seq_3                      cyc=97 op=OPC_BRANCH f3=101 f7=1111111 rd=26 rs1=26 rs2=2 -> instr=0xfe2d5d63 reg_write=0 illegal=0
[PASS] seq=crv_seq_3                      cyc=98 op=OPC_CUSTOM0 f3=101 f7=1001010 rd=26 rs1=24 rs2=31 -> instr=0x95fc5d0b reg_write=0 illegal=0
[PASS] seq=crv_seq_3                      cyc=99 op=OPC_LUI    f3=101 f7=1100100 rd=24 rs1=27 rs2=2 -> instr=0xc82ddc37 reg_write=1 illegal=0
[PASS] seq=crv_seq_3                      cyc=100 op=OPC_IMM    f3=101 f7=0110011 rd=1 rs1=20 rs2=7 -> instr=0x667a5093 reg_write=1 illegal=0
[PASS] seq=crv_seq_3                      cyc=101 op=OPC_REG    f3=101 f7=0001100 rd=4 rs1=0 rs2=4 -> instr=0x18405233 reg_write=0 illegal=1
[PASS] seq=crv_seq_3                      cyc=102 op=OPC_REG    f3=000 f7=1110000 rd=17 rs1=12 rs2=0 -> instr=0xe00608b3 reg_write=0 illegal=1
[PASS] seq=crv_seq_3                      cyc=103 op=OPC_REG    f3=110 f7=0010000 rd=15 rs1=21 rs2=23 -> instr=0x217ae7b3 reg_write=0 illegal=1
[PASS] seq=crv_seq_3                      cyc=104 op=OPC_LOAD   f3=010 f7=1101000 rd=21 rs1=15 rs2=25 -> instr=0xd197aa83 reg_write=1 illegal=0
[PASS] seq=crv_seq_3                      cyc=105 op=OPC_BRANCH f3=001 f7=0100010 rd=20 rs1=15 rs2=25 -> instr=0x45979a63 reg_write=0 illegal=0
[PASS] seq=crv_seq_3                      cyc=106 op=OPC_CUSTOM0 f3=100 f7=0101110 rd=2 rs1=7 rs2=1 -> instr=0x5c13c10b reg_write=0 illegal=0
[PASS] seq=crv_seq_3                      cyc=107 op=OPC_REG    f3=111 f7=1011111 rd=27 rs1=0 rs2=4 -> instr=0xbe407db3 reg_write=0 illegal=1
[PASS] seq=crv_seq_3                      cyc=108 op=OPC_JAL    f3=010 f7=0010100 rd=26 rs1=31 rs2=28 -> instr=0x29cfad6f reg_write=1 illegal=0
[PASS] seq=crv_seq_3                      cyc=109 op=OPC_LOAD   f3=011 f7=1111111 rd=3 rs1=17 rs2=18 -> instr=0xff28b183 reg_write=1 illegal=0
[PASS] seq=crv_seq_3                      cyc=110 op=OPC_BRANCH f3=101 f7=0111100 rd=7 rs1=11 rs2=12 -> instr=0x78c5d3e3 reg_write=0 illegal=0
[PASS] seq=crv_seq_3                      cyc=111 op=OPC_LOAD   f3=000 f7=0101010 rd=8 rs1=17 rs2=7 -> instr=0x54788403 reg_write=1 illegal=0
[PASS] seq=crv_seq_3                      cyc=112 op=OPC_LUI    f3=010 f7=0100111 rd=1 rs1=8 rs2=27 -> instr=0x4fb420b7 reg_write=1 illegal=0
[PASS] seq=crv_seq_3                      cyc=113 op=OPC_CUSTOM0 f3=000 f7=0011111 rd=7 rs1=17 rs2=21 -> instr=0x3f58838b reg_write=0 illegal=0
[PASS] seq=crv_seq_3                      cyc=114 op=OPC_RESERVED f3=010 f7=0100011 rd=1 rs1=28 rs2=19 -> instr=0x473e20ff reg_write=0 illegal=1
[PASS] seq=crv_seq_3                      cyc=115 op=OPC_STORE  f3=110 f7=1110110 rd=16 rs1=1 rs2=27 -> instr=0xedb0e823 reg_write=0 illegal=0
[PASS] seq=crv_seq_3                      cyc=116 op=OPC_CUSTOM0 f3=010 f7=1101000 rd=0 rs1=8 rs2=8 -> instr=0xd084200b reg_write=0 illegal=0
[PASS] seq=crv_seq_3                      cyc=117 op=OPC_AUIPC  f3=110 f7=0110110 rd=29 rs1=19 rs2=9 -> instr=0x6c99ee97 reg_write=1 illegal=0
[PASS] seq=crv_seq_3                      cyc=118 op=OPC_SYSTEM f3=111 f7=0011110 rd=3 rs1=3 rs2=13 -> instr=0x3cd1f1f3 reg_write=1 illegal=0
[PASS] seq=crv_seq_3                      cyc=119 op=OPC_IMM    f3=100 f7=0101100 rd=25 rs1=22 rs2=8 -> instr=0x588b4c93 reg_write=1 illegal=0
[PASS] seq=crv_seq_3                      cyc=120 op=OPC_BRANCH f3=111 f7=0000011 rd=26 rs1=31 rs2=30 -> instr=0x07effd63 reg_write=0 illegal=0
[PASS] seq=crv_seq_3                      cyc=121 op=OPC_LUI    f3=000 f7=0101101 rd=1 rs1=2 rs2=27 -> instr=0x5bb100b7 reg_write=1 illegal=0
[PASS] seq=crv_seq_3                      cyc=122 op=OPC_STORE  f3=110 f7=1100010 rd=15 rs1=16 rs2=14 -> instr=0xc4e867a3 reg_write=0 illegal=0
[PASS] seq=crv_seq_3                      cyc=123 op=OPC_IMM    f3=101 f7=1001111 rd=29 rs1=17 rs2=29 -> instr=0x9fd8de93 reg_write=1 illegal=0
[PASS] seq=crv_seq_3                      cyc=124 op=OPC_AUIPC  f3=100 f7=1100100 rd=24 rs1=14 rs2=29 -> instr=0xc9d74c17 reg_write=1 illegal=0
[PASS] seq=crv_seq_3                      cyc=125 op=OPC_LUI    f3=101 f7=1110110 rd=20 rs1=18 rs2=10 -> instr=0xeca95a37 reg_write=1 illegal=0
[PASS] seq=crv_seq_3                      cyc=126 op=OPC_CUSTOM0 f3=001 f7=1111100 rd=31 rs1=18 rs2=15 -> instr=0xf8f91f8b reg_write=0 illegal=0
[PASS] seq=crv_seq_3                      cyc=127 op=OPC_CUSTOM0 f3=100 f7=1010101 rd=19 rs1=25 rs2=21 -> instr=0xab5cc98b reg_write=0 illegal=0
[PASS] seq=crv_seq_3                      cyc=128 op=OPC_BRANCH f3=010 f7=0000101 rd=2 rs1=8 rs2=13 -> instr=0x0ad42163 reg_write=0 illegal=0
[PASS] seq=crv_seq_3                      cyc=129 op=OPC_STORE  f3=000 f7=0010100 rd=22 rs1=0 rs2=22 -> instr=0x29600b23 reg_write=0 illegal=0
[PASS] seq=crv_seq_3                      cyc=130 op=OPC_REG    f3=111 f7=0010000 rd=18 rs1=26 rs2=12 -> instr=0x20cd7933 reg_write=0 illegal=1
[PASS] seq=crv_seq_3                      cyc=131 op=OPC_STORE  f3=011 f7=0011010 rd=22 rs1=10 rs2=9 -> instr=0x34953b23 reg_write=0 illegal=0
[PASS] seq=crv_seq_3                      cyc=132 op=OPC_JAL    f3=001 f7=0110101 rd=25 rs1=2 rs2=3 -> instr=0x6a311cef reg_write=1 illegal=0
[PASS] seq=crv_seq_3                      cyc=133 op=OPC_JALR   f3=111 f7=1110000 rd=12 rs1=0 rs2=9 -> instr=0xe0907667 reg_write=1 illegal=0
[PASS] seq=crv_seq_3                      cyc=134 op=OPC_JALR   f3=111 f7=0011100 rd=11 rs1=18 rs2=30 -> instr=0x39e975e7 reg_write=1 illegal=0
[PASS] seq=crv_seq_3                      cyc=135 op=OPC_JAL    f3=111 f7=0011100 rd=15 rs1=31 rs2=9 -> instr=0x389ff7ef reg_write=1 illegal=0
[PASS] seq=crv_seq_3                      cyc=136 op=OPC_JAL    f3=111 f7=0010110 rd=19 rs1=23 rs2=15 -> instr=0x2cfbf9ef reg_write=1 illegal=0
[PASS] seq=crv_seq_3                      cyc=137 op=OPC_LUI    f3=000 f7=1010101 rd=10 rs1=5 rs2=15 -> instr=0xaaf28537 reg_write=1 illegal=0
[PASS] seq=crv_seq_3                      cyc=138 op=OPC_STORE  f3=110 f7=0110011 rd=8 rs1=4 rs2=20 -> instr=0x67426423 reg_write=0 illegal=0
[PASS] seq=crv_seq_3                      cyc=139 op=OPC_SYSTEM f3=100 f7=0111010 rd=4 rs1=2 rs2=1 -> instr=0x74114273 reg_write=1 illegal=0
[PASS] seq=crv_seq_3                      cyc=140 op=OPC_JALR   f3=101 f7=1110110 rd=28 rs1=1 rs2=28 -> instr=0xedc0de67 reg_write=1 illegal=0
[PASS] seq=crv_seq_3                      cyc=141 op=OPC_BRANCH f3=110 f7=1010001 rd=30 rs1=25 rs2=20 -> instr=0xa34cef63 reg_write=0 illegal=0
[PASS] seq=crv_seq_3                      cyc=142 op=OPC_REG    f3=110 f7=1011010 rd=16 rs1=29 rs2=25 -> instr=0xb59ee833 reg_write=0 illegal=1
[PASS] seq=crv_seq_3                      cyc=143 op=OPC_AUIPC  f3=000 f7=0001001 rd=18 rs1=21 rs2=26 -> instr=0x13aa8917 reg_write=1 illegal=0
[PASS] seq=crv_seq_3                      cyc=144 op=OPC_LUI    f3=011 f7=1101001 rd=12 rs1=22 rs2=15 -> instr=0xd2fb3637 reg_write=1 illegal=0
[PASS] seq=crv_seq_3                      cyc=145 op=OPC_LOAD   f3=001 f7=0110011 rd=5 rs1=2 rs2=31 -> instr=0x67f11283 reg_write=1 illegal=0
[PASS] seq=crv_seq_3                      cyc=146 op=OPC_REG    f3=100 f7=1101011 rd=5 rs1=8 rs2=4 -> instr=0xd64442b3 reg_write=0 illegal=1
[PASS] seq=crv_seq_3                      cyc=147 op=OPC_REG    f3=111 f7=1001010 rd=22 rs1=20 rs2=23 -> instr=0x957a7b33 reg_write=0 illegal=1
[PASS] seq=crv_seq_3                      cyc=148 op=OPC_REG    f3=100 f7=0100110 rd=16 rs1=7 rs2=17 -> instr=0x4d13c833 reg_write=0 illegal=1
[PASS] seq=crv_seq_3                      cyc=149 op=OPC_LOAD   f3=000 f7=1001100 rd=16 rs1=26 rs2=17 -> instr=0x991d0803 reg_write=1 illegal=0
[PASS] seq=crv_seq_3                      cyc=150 op=OPC_LOAD   f3=101 f7=0111000 rd=17 rs1=13 rs2=25 -> instr=0x7196d883 reg_write=1 illegal=0
[PASS] seq=crv_seq_3                      cyc=151 op=OPC_BRANCH f3=111 f7=0001010 rd=28 rs1=2 rs2=26 -> instr=0x15a17e63 reg_write=0 illegal=0
[PASS] seq=crv_seq_3                      cyc=152 op=OPC_JAL    f3=111 f7=0110010 rd=11 rs1=23 rs2=23 -> instr=0x657bf5ef reg_write=1 illegal=0
[PASS] seq=crv_seq_3                      cyc=153 op=OPC_JALR   f3=000 f7=1010010 rd=17 rs1=25 rs2=9 -> instr=0xa49c88e7 reg_write=1 illegal=0
[PASS] seq=crv_seq_3                      cyc=154 op=OPC_RESERVED f3=001 f7=0011101 rd=30 rs1=12 rs2=28 -> instr=0x3bc61f7f reg_write=0 illegal=1
[PASS] seq=crv_seq_3                      cyc=155 op=OPC_JALR   f3=100 f7=1100101 rd=16 rs1=5 rs2=9 -> instr=0xca92c867 reg_write=1 illegal=0
[PASS] seq=crv_seq_3                      cyc=156 op=OPC_LUI    f3=101 f7=1001000 rd=19 rs1=8 rs2=12 -> instr=0x90c459b7 reg_write=1 illegal=0
[PASS] seq=crv_seq_3                      cyc=157 op=OPC_JALR   f3=010 f7=1000010 rd=26 rs1=9 rs2=1 -> instr=0x8414ad67 reg_write=1 illegal=0
[PASS] seq=crv_seq_3                      cyc=158 op=OPC_REG    f3=110 f7=1011110 rd=29 rs1=3 rs2=27 -> instr=0xbdb1eeb3 reg_write=0 illegal=1
[PASS] seq=crv_seq_3                      cyc=159 op=OPC_STORE  f3=111 f7=1011100 rd=27 rs1=12 rs2=10 -> instr=0xb8a67da3 reg_write=0 illegal=0
[PASS] seq=crv_seq_3                      cyc=160 op=OPC_JALR   f3=010 f7=1110001 rd=22 rs1=23 rs2=22 -> instr=0xe36bab67 reg_write=1 illegal=0
[PASS] seq=crv_seq_3                      cyc=161 op=OPC_AUIPC  f3=010 f7=0100111 rd=18 rs1=3 rs2=15 -> instr=0x4ef1a917 reg_write=1 illegal=0
[PASS] seq=crv_seq_3                      cyc=162 op=OPC_REG    f3=111 f7=1110100 rd=20 rs1=7 rs2=2 -> instr=0xe823fa33 reg_write=0 illegal=1
[PASS] seq=crv_seq_3                      cyc=163 op=OPC_IMM    f3=101 f7=0011011 rd=0 rs1=28 rs2=30 -> instr=0x37ee5013 reg_write=1 illegal=0
[PASS] seq=crv_seq_3                      cyc=164 op=OPC_RESERVED f3=100 f7=0010001 rd=24 rs1=20 rs2=23 -> instr=0x237a4c7f reg_write=0 illegal=1
[PASS] seq=crv_seq_3                      cyc=165 op=OPC_JAL    f3=001 f7=0011000 rd=27 rs1=25 rs2=11 -> instr=0x30bc9def reg_write=1 illegal=0
[PASS] seq=crv_seq_3                      cyc=166 op=OPC_CUSTOM0 f3=111 f7=1101001 rd=3 rs1=22 rs2=22 -> instr=0xd36b718b reg_write=0 illegal=0
[PASS] seq=crv_seq_3                      cyc=167 op=OPC_IMM    f3=011 f7=0001000 rd=29 rs1=15 rs2=7 -> instr=0x1077be93 reg_write=1 illegal=0
[PASS] seq=crv_seq_3                      cyc=168 op=OPC_RESERVED f3=010 f7=1101100 rd=12 rs1=11 rs2=16 -> instr=0xd905a67f reg_write=0 illegal=1
[PASS] seq=crv_seq_3                      cyc=169 op=OPC_REG    f3=001 f7=0110011 rd=24 rs1=8 rs2=9 -> instr=0x66941c33 reg_write=0 illegal=1
[PASS] seq=crv_seq_3                      cyc=170 op=OPC_RESERVED f3=000 f7=1101101 rd=5 rs1=4 rs2=25 -> instr=0xdb9202ff reg_write=0 illegal=1
[PASS] seq=crv_seq_3                      cyc=171 op=OPC_REG    f3=010 f7=1101000 rd=16 rs1=8 rs2=20 -> instr=0xd1442833 reg_write=0 illegal=1
[PASS] seq=crv_seq_3                      cyc=172 op=OPC_JAL    f3=001 f7=1111000 rd=2 rs1=22 rs2=11 -> instr=0xf0bb116f reg_write=1 illegal=0
[PASS] seq=crv_seq_3                      cyc=173 op=OPC_JAL    f3=010 f7=1100100 rd=20 rs1=20 rs2=8 -> instr=0xc88a2a6f reg_write=1 illegal=0
[PASS] seq=crv_seq_3                      cyc=174 op=OPC_REG    f3=011 f7=0111101 rd=13 rs1=28 rs2=12 -> instr=0x7ace36b3 reg_write=0 illegal=1
[PASS] seq=crv_seq_3                      cyc=175 op=OPC_IMM    f3=001 f7=0001010 rd=17 rs1=10 rs2=26 -> instr=0x15a51893 reg_write=1 illegal=0
[PASS] seq=crv_seq_3                      cyc=176 op=OPC_REG    f3=110 f7=1000111 rd=16 rs1=25 rs2=19 -> instr=0x8f3ce833 reg_write=0 illegal=1
[PASS] seq=crv_seq_3                      cyc=177 op=OPC_JALR   f3=000 f7=0001101 rd=20 rs1=19 rs2=13 -> instr=0x1ad98a67 reg_write=1 illegal=0
[PASS] seq=crv_seq_3                      cyc=178 op=OPC_SYSTEM f3=001 f7=1100110 rd=8 rs1=18 rs2=11 -> instr=0xccb91473 reg_write=1 illegal=0
[PASS] seq=crv_seq_3                      cyc=179 op=OPC_CUSTOM0 f3=101 f7=0010000 rd=2 rs1=3 rs2=17 -> instr=0x2111d10b reg_write=0 illegal=0
[PASS] seq=crv_seq_3                      cyc=180 op=OPC_IMM    f3=000 f7=0100101 rd=20 rs1=1 rs2=31 -> instr=0x4bf08a13 reg_write=1 illegal=0
[PASS] seq=crv_seq_3                      cyc=181 op=OPC_SYSTEM f3=100 f7=1101111 rd=8 rs1=14 rs2=24 -> instr=0xdf874473 reg_write=1 illegal=0
[PASS] seq=crv_seq_3                      cyc=182 op=OPC_JALR   f3=110 f7=0011111 rd=29 rs1=14 rs2=9 -> instr=0x3e976ee7 reg_write=1 illegal=0
[PASS] seq=crv_seq_3                      cyc=183 op=OPC_REG    f3=111 f7=0101010 rd=2 rs1=2 rs2=21 -> instr=0x55517133 reg_write=0 illegal=1
[PASS] seq=crv_seq_3                      cyc=184 op=OPC_JAL    f3=101 f7=1101000 rd=24 rs1=8 rs2=15 -> instr=0xd0f45c6f reg_write=1 illegal=0
[PASS] seq=crv_seq_3                      cyc=185 op=OPC_BRANCH f3=100 f7=0001110 rd=1 rs1=29 rs2=29 -> instr=0x1ddec0e3 reg_write=0 illegal=0
[PASS] seq=crv_seq_3                      cyc=186 op=OPC_IMM    f3=100 f7=1111000 rd=24 rs1=0 rs2=18 -> instr=0xf1204c13 reg_write=1 illegal=0
[PASS] seq=crv_seq_3                      cyc=187 op=OPC_REG    f3=110 f7=0111100 rd=17 rs1=22 rs2=5 -> instr=0x785b68b3 reg_write=0 illegal=1
[PASS] seq=crv_seq_3                      cyc=188 op=OPC_CUSTOM0 f3=011 f7=0100001 rd=3 rs1=26 rs2=15 -> instr=0x42fd318b reg_write=0 illegal=0
[PASS] seq=crv_seq_3                      cyc=189 op=OPC_LOAD   f3=101 f7=1100011 rd=23 rs1=21 rs2=17 -> instr=0xc71adb83 reg_write=1 illegal=0
[PASS] seq=crv_seq_3                      cyc=190 op=OPC_CUSTOM0 f3=100 f7=1010100 rd=9 rs1=9 rs2=27 -> instr=0xa9b4c48b reg_write=0 illegal=0
[PASS] seq=crv_seq_3                      cyc=191 op=OPC_STORE  f3=101 f7=0011111 rd=9 rs1=12 rs2=29 -> instr=0x3fd654a3 reg_write=0 illegal=0
[PASS] seq=crv_seq_3                      cyc=192 op=OPC_CUSTOM0 f3=010 f7=1000111 rd=21 rs1=15 rs2=10 -> instr=0x8ea7aa8b reg_write=0 illegal=0
[PASS] seq=crv_seq_3                      cyc=193 op=OPC_JAL    f3=101 f7=0001011 rd=4 rs1=11 rs2=13 -> instr=0x16d5d26f reg_write=1 illegal=0
[PASS] seq=crv_seq_3                      cyc=194 op=OPC_CUSTOM0 f3=010 f7=1001100 rd=6 rs1=25 rs2=9 -> instr=0x989ca30b reg_write=0 illegal=0
[PASS] seq=crv_seq_3                      cyc=195 op=OPC_RESERVED f3=011 f7=0011010 rd=18 rs1=0 rs2=22 -> instr=0x3560397f reg_write=0 illegal=1
[PASS] seq=crv_seq_3                      cyc=196 op=OPC_JAL    f3=111 f7=1110000 rd=25 rs1=28 rs2=15 -> instr=0xe0fe7cef reg_write=1 illegal=0
[PASS] seq=crv_seq_3                      cyc=197 op=OPC_LUI    f3=110 f7=1111011 rd=5 rs1=20 rs2=15 -> instr=0xf6fa62b7 reg_write=1 illegal=0
[PASS] seq=crv_seq_3                      cyc=198 op=OPC_LUI    f3=101 f7=1110011 rd=2 rs1=20 rs2=7 -> instr=0xe67a5137 reg_write=1 illegal=0
[PASS] seq=crv_seq_3                      cyc=199 op=OPC_REG    f3=101 f7=1001100 rd=8 rs1=11 rs2=14 -> instr=0x98e5d433 reg_write=0 illegal=1
[PASS] seq=crv_seq_4                      cyc=0 op=OPC_IMM    f3=101 f7=1101010 rd=9 rs1=21 rs2=0 -> instr=0xd40ad493 reg_write=1 illegal=0
[PASS] seq=crv_seq_4                      cyc=1 op=OPC_IMM    f3=101 f7=0110011 rd=0 rs1=8 rs2=9 -> instr=0x66945013 reg_write=1 illegal=0
[PASS] seq=crv_seq_4                      cyc=2 op=OPC_REG    f3=011 f7=0110111 rd=22 rs1=16 rs2=3 -> instr=0x6e383b33 reg_write=0 illegal=1
[PASS] seq=crv_seq_4                      cyc=3 op=OPC_JALR   f3=110 f7=1100011 rd=15 rs1=15 rs2=12 -> instr=0xc6c7e7e7 reg_write=1 illegal=0
[PASS] seq=crv_seq_4                      cyc=4 op=OPC_CUSTOM0 f3=100 f7=0011111 rd=17 rs1=19 rs2=23 -> instr=0x3f79c88b reg_write=0 illegal=0
[PASS] seq=crv_seq_4                      cyc=5 op=OPC_BRANCH f3=011 f7=0010000 rd=21 rs1=2 rs2=28 -> instr=0x21c13ae3 reg_write=0 illegal=0
[PASS] seq=crv_seq_4                      cyc=6 op=OPC_STORE  f3=101 f7=1101100 rd=4 rs1=11 rs2=13 -> instr=0xd8d5d223 reg_write=0 illegal=0
[PASS] seq=crv_seq_4                      cyc=7 op=OPC_IMM    f3=100 f7=0111011 rd=30 rs1=7 rs2=1 -> instr=0x7613cf13 reg_write=1 illegal=0
[PASS] seq=crv_seq_4                      cyc=8 op=OPC_STORE  f3=110 f7=0010110 rd=27 rs1=7 rs2=19 -> instr=0x2d33eda3 reg_write=0 illegal=0
[PASS] seq=crv_seq_4                      cyc=9 op=OPC_IMM    f3=111 f7=1101100 rd=18 rs1=27 rs2=5 -> instr=0xd85df913 reg_write=1 illegal=0
[PASS] seq=crv_seq_4                      cyc=10 op=OPC_JALR   f3=001 f7=1111000 rd=11 rs1=21 rs2=30 -> instr=0xf1ea95e7 reg_write=1 illegal=0
[PASS] seq=crv_seq_4                      cyc=11 op=OPC_IMM    f3=100 f7=1101111 rd=3 rs1=13 rs2=10 -> instr=0xdea6c193 reg_write=1 illegal=0
[PASS] seq=crv_seq_4                      cyc=12 op=OPC_CUSTOM0 f3=011 f7=1011001 rd=5 rs1=8 rs2=15 -> instr=0xb2f4328b reg_write=0 illegal=0
[PASS] seq=crv_seq_4                      cyc=13 op=OPC_IMM    f3=011 f7=0100010 rd=12 rs1=23 rs2=16 -> instr=0x450bb613 reg_write=1 illegal=0
[PASS] seq=crv_seq_4                      cyc=14 op=OPC_BRANCH f3=011 f7=0101111 rd=12 rs1=20 rs2=5 -> instr=0x5e5a3663 reg_write=0 illegal=0
[PASS] seq=crv_seq_4                      cyc=15 op=OPC_STORE  f3=001 f7=0011000 rd=9 rs1=14 rs2=5 -> instr=0x305714a3 reg_write=0 illegal=0
[PASS] seq=crv_seq_4                      cyc=16 op=OPC_BRANCH f3=100 f7=0010001 rd=26 rs1=15 rs2=25 -> instr=0x2397cd63 reg_write=0 illegal=0
[PASS] seq=crv_seq_4                      cyc=17 op=OPC_SYSTEM f3=100 f7=0110010 rd=30 rs1=29 rs2=20 -> instr=0x654ecf73 reg_write=1 illegal=0
[PASS] seq=crv_seq_4                      cyc=18 op=OPC_AUIPC  f3=000 f7=1111100 rd=8 rs1=25 rs2=1 -> instr=0xf81c8417 reg_write=1 illegal=0
[PASS] seq=crv_seq_4                      cyc=19 op=OPC_LOAD   f3=110 f7=1111101 rd=22 rs1=12 rs2=7 -> instr=0xfa766b03 reg_write=1 illegal=0
[PASS] seq=crv_seq_4                      cyc=20 op=OPC_AUIPC  f3=010 f7=1001011 rd=19 rs1=18 rs2=4 -> instr=0x96492997 reg_write=1 illegal=0
[PASS] seq=crv_seq_4                      cyc=21 op=OPC_LOAD   f3=111 f7=0100101 rd=15 rs1=1 rs2=6 -> instr=0x4a60f783 reg_write=1 illegal=0
[PASS] seq=crv_seq_4                      cyc=22 op=OPC_LUI    f3=100 f7=1010010 rd=9 rs1=30 rs2=6 -> instr=0xa46f44b7 reg_write=1 illegal=0
[PASS] seq=crv_seq_4                      cyc=23 op=OPC_BRANCH f3=110 f7=1010000 rd=19 rs1=9 rs2=19 -> instr=0xa134e9e3 reg_write=0 illegal=0
[PASS] seq=crv_seq_4                      cyc=24 op=OPC_RESERVED f3=001 f7=0101000 rd=9 rs1=16 rs2=26 -> instr=0x51a814ff reg_write=0 illegal=1
[PASS] seq=crv_seq_4                      cyc=25 op=OPC_BRANCH f3=101 f7=0110110 rd=14 rs1=29 rs2=20 -> instr=0x6d4ed763 reg_write=0 illegal=0
[PASS] seq=crv_seq_4                      cyc=26 op=OPC_LUI    f3=011 f7=1011001 rd=26 rs1=11 rs2=11 -> instr=0xb2b5bd37 reg_write=1 illegal=0
[PASS] seq=crv_seq_4                      cyc=27 op=OPC_JALR   f3=110 f7=0110111 rd=24 rs1=26 rs2=31 -> instr=0x6ffd6c67 reg_write=1 illegal=0
[PASS] seq=crv_seq_4                      cyc=28 op=OPC_JAL    f3=000 f7=0100010 rd=19 rs1=29 rs2=30 -> instr=0x45ee89ef reg_write=1 illegal=0
[PASS] seq=crv_seq_4                      cyc=29 op=OPC_REG    f3=011 f7=1110100 rd=0 rs1=28 rs2=24 -> instr=0xe98e3033 reg_write=0 illegal=1
[PASS] seq=crv_seq_4                      cyc=30 op=OPC_JAL    f3=010 f7=1100000 rd=30 rs1=27 rs2=22 -> instr=0xc16daf6f reg_write=1 illegal=0
[PASS] seq=crv_seq_4                      cyc=31 op=OPC_LOAD   f3=100 f7=0001011 rd=25 rs1=27 rs2=27 -> instr=0x17bdcc83 reg_write=1 illegal=0
[PASS] seq=crv_seq_4                      cyc=32 op=OPC_JALR   f3=001 f7=1001001 rd=9 rs1=10 rs2=13 -> instr=0x92d514e7 reg_write=1 illegal=0
[PASS] seq=crv_seq_4                      cyc=33 op=OPC_LUI    f3=100 f7=1111101 rd=17 rs1=12 rs2=14 -> instr=0xfae648b7 reg_write=1 illegal=0
[PASS] seq=crv_seq_4                      cyc=34 op=OPC_AUIPC  f3=111 f7=1010111 rd=25 rs1=7 rs2=16 -> instr=0xaf03fc97 reg_write=1 illegal=0
[PASS] seq=crv_seq_4                      cyc=35 op=OPC_LUI    f3=000 f7=0110001 rd=13 rs1=18 rs2=19 -> instr=0x633906b7 reg_write=1 illegal=0
[PASS] seq=crv_seq_4                      cyc=36 op=OPC_REG    f3=000 f7=0010100 rd=18 rs1=12 rs2=20 -> instr=0x29460933 reg_write=0 illegal=1
[PASS] seq=crv_seq_4                      cyc=37 op=OPC_JALR   f3=000 f7=1101101 rd=22 rs1=10 rs2=7 -> instr=0xda750b67 reg_write=1 illegal=0
[PASS] seq=crv_seq_4                      cyc=38 op=OPC_BRANCH f3=001 f7=1010010 rd=21 rs1=5 rs2=30 -> instr=0xa5e29ae3 reg_write=0 illegal=0
[PASS] seq=crv_seq_4                      cyc=39 op=OPC_BRANCH f3=110 f7=1110001 rd=13 rs1=27 rs2=5 -> instr=0xe25de6e3 reg_write=0 illegal=0
[PASS] seq=crv_seq_4                      cyc=40 op=OPC_STORE  f3=010 f7=1001010 rd=26 rs1=15 rs2=27 -> instr=0x95b7ad23 reg_write=0 illegal=0
[PASS] seq=crv_seq_4                      cyc=41 op=OPC_LOAD   f3=001 f7=0010100 rd=15 rs1=21 rs2=25 -> instr=0x299a9783 reg_write=1 illegal=0
[PASS] seq=crv_seq_4                      cyc=42 op=OPC_STORE  f3=001 f7=1101000 rd=0 rs1=27 rs2=0 -> instr=0xd00d9023 reg_write=0 illegal=0
[PASS] seq=crv_seq_4                      cyc=43 op=OPC_REG    f3=010 f7=1000000 rd=2 rs1=11 rs2=3 -> instr=0x8035a133 reg_write=0 illegal=1
[PASS] seq=crv_seq_4                      cyc=44 op=OPC_REG    f3=010 f7=0110001 rd=28 rs1=0 rs2=27 -> instr=0x63b02e33 reg_write=0 illegal=1
[PASS] seq=crv_seq_4                      cyc=45 op=OPC_LUI    f3=100 f7=0110101 rd=6 rs1=6 rs2=26 -> instr=0x6ba34337 reg_write=1 illegal=0
[PASS] seq=crv_seq_4                      cyc=46 op=OPC_RESERVED f3=010 f7=1001010 rd=26 rs1=30 rs2=14 -> instr=0x94ef2d7f reg_write=0 illegal=1
[PASS] seq=crv_seq_4                      cyc=47 op=OPC_SYSTEM f3=011 f7=0001011 rd=10 rs1=24 rs2=17 -> instr=0x171c3573 reg_write=1 illegal=0
[PASS] seq=crv_seq_4                      cyc=48 op=OPC_REG    f3=100 f7=1110010 rd=5 rs1=11 rs2=31 -> instr=0xe5f5c2b3 reg_write=0 illegal=1
[PASS] seq=crv_seq_4                      cyc=49 op=OPC_LUI    f3=100 f7=0011111 rd=2 rs1=13 rs2=5 -> instr=0x3e56c137 reg_write=1 illegal=0
[PASS] seq=crv_seq_4                      cyc=50 op=OPC_SYSTEM f3=000 f7=0001010 rd=5 rs1=13 rs2=13 -> instr=0x14d682f3 reg_write=0 illegal=0
[PASS] seq=crv_seq_4                      cyc=51 op=OPC_IMM    f3=101 f7=1100000 rd=6 rs1=12 rs2=27 -> instr=0xc1b65313 reg_write=1 illegal=0
[PASS] seq=crv_seq_4                      cyc=52 op=OPC_JAL    f3=111 f7=1110011 rd=13 rs1=20 rs2=10 -> instr=0xe6aa76ef reg_write=1 illegal=0
[PASS] seq=crv_seq_4                      cyc=53 op=OPC_LOAD   f3=111 f7=1111110 rd=25 rs1=13 rs2=23 -> instr=0xfd76fc83 reg_write=1 illegal=0
[PASS] seq=crv_seq_4                      cyc=54 op=OPC_STORE  f3=000 f7=0101110 rd=31 rs1=12 rs2=10 -> instr=0x5ca60fa3 reg_write=0 illegal=0
[PASS] seq=crv_seq_4                      cyc=55 op=OPC_STORE  f3=110 f7=1010111 rd=28 rs1=5 rs2=18 -> instr=0xaf22ee23 reg_write=0 illegal=0
[PASS] seq=crv_seq_4                      cyc=56 op=OPC_IMM    f3=101 f7=1010010 rd=30 rs1=2 rs2=22 -> instr=0xa5615f13 reg_write=1 illegal=0
[PASS] seq=crv_seq_4                      cyc=57 op=OPC_LUI    f3=010 f7=1001000 rd=18 rs1=17 rs2=25 -> instr=0x9198a937 reg_write=1 illegal=0
[PASS] seq=crv_seq_4                      cyc=58 op=OPC_JAL    f3=001 f7=0010111 rd=24 rs1=17 rs2=16 -> instr=0x2f089c6f reg_write=1 illegal=0
[PASS] seq=crv_seq_4                      cyc=59 op=OPC_LOAD   f3=010 f7=0100000 rd=7 rs1=28 rs2=22 -> instr=0x416e2383 reg_write=1 illegal=0
[PASS] seq=crv_seq_4                      cyc=60 op=OPC_IMM    f3=011 f7=0010100 rd=22 rs1=3 rs2=20 -> instr=0x2941bb13 reg_write=1 illegal=0
[PASS] seq=crv_seq_4                      cyc=61 op=OPC_SYSTEM f3=000 f7=0000011 rd=8 rs1=3 rs2=28 -> instr=0x07c18473 reg_write=0 illegal=0
[PASS] seq=crv_seq_4                      cyc=62 op=OPC_CUSTOM0 f3=010 f7=0010101 rd=28 rs1=14 rs2=10 -> instr=0x2aa72e0b reg_write=0 illegal=0
[PASS] seq=crv_seq_4                      cyc=63 op=OPC_IMM    f3=101 f7=0000110 rd=9 rs1=20 rs2=2 -> instr=0x0c2a5493 reg_write=1 illegal=0
[PASS] seq=crv_seq_4                      cyc=64 op=OPC_LUI    f3=110 f7=0010100 rd=13 rs1=14 rs2=29 -> instr=0x29d766b7 reg_write=1 illegal=0
[PASS] seq=crv_seq_4                      cyc=65 op=OPC_REG    f3=010 f7=1010100 rd=17 rs1=23 rs2=9 -> instr=0xa89ba8b3 reg_write=0 illegal=1
[PASS] seq=crv_seq_4                      cyc=66 op=OPC_CUSTOM0 f3=000 f7=1101011 rd=22 rs1=5 rs2=19 -> instr=0xd7328b0b reg_write=0 illegal=0
[PASS] seq=crv_seq_4                      cyc=67 op=OPC_JALR   f3=101 f7=0001100 rd=23 rs1=7 rs2=24 -> instr=0x1983dbe7 reg_write=1 illegal=0
[PASS] seq=crv_seq_4                      cyc=68 op=OPC_BRANCH f3=000 f7=1010010 rd=9 rs1=11 rs2=26 -> instr=0xa5a584e3 reg_write=0 illegal=0
[PASS] seq=crv_seq_4                      cyc=69 op=OPC_RESERVED f3=111 f7=1000011 rd=4 rs1=1 rs2=11 -> instr=0x86b0f27f reg_write=0 illegal=1
[PASS] seq=crv_seq_4                      cyc=70 op=OPC_RESERVED f3=011 f7=1101100 rd=19 rs1=15 rs2=13 -> instr=0xd8d7b9ff reg_write=0 illegal=1
[PASS] seq=crv_seq_4                      cyc=71 op=OPC_AUIPC  f3=001 f7=1100010 rd=12 rs1=20 rs2=7 -> instr=0xc47a1617 reg_write=1 illegal=0
[PASS] seq=crv_seq_4                      cyc=72 op=OPC_STORE  f3=000 f7=0100110 rd=23 rs1=2 rs2=3 -> instr=0x4c310ba3 reg_write=0 illegal=0
[PASS] seq=crv_seq_4                      cyc=73 op=OPC_RESERVED f3=111 f7=0010111 rd=22 rs1=2 rs2=13 -> instr=0x2ed17b7f reg_write=0 illegal=1
[PASS] seq=crv_seq_4                      cyc=74 op=OPC_IMM    f3=000 f7=0100011 rd=26 rs1=22 rs2=6 -> instr=0x466b0d13 reg_write=1 illegal=0
[PASS] seq=crv_seq_4                      cyc=75 op=OPC_BRANCH f3=010 f7=1110101 rd=22 rs1=28 rs2=22 -> instr=0xeb6e2b63 reg_write=0 illegal=0
[PASS] seq=crv_seq_4                      cyc=76 op=OPC_JALR   f3=011 f7=0101010 rd=4 rs1=6 rs2=26 -> instr=0x55a33267 reg_write=1 illegal=0
[PASS] seq=crv_seq_4                      cyc=77 op=OPC_AUIPC  f3=110 f7=0010011 rd=4 rs1=8 rs2=1 -> instr=0x26146217 reg_write=1 illegal=0
[PASS] seq=crv_seq_4                      cyc=78 op=OPC_SYSTEM f3=110 f7=1011000 rd=11 rs1=16 rs2=1 -> instr=0xb01865f3 reg_write=1 illegal=0
[PASS] seq=crv_seq_4                      cyc=79 op=OPC_CUSTOM0 f3=100 f7=0101001 rd=11 rs1=20 rs2=28 -> instr=0x53ca458b reg_write=0 illegal=0
[PASS] seq=crv_seq_4                      cyc=80 op=OPC_RESERVED f3=000 f7=0111001 rd=3 rs1=19 rs2=12 -> instr=0x72c981ff reg_write=0 illegal=1
[PASS] seq=crv_seq_4                      cyc=81 op=OPC_LOAD   f3=110 f7=1001000 rd=28 rs1=17 rs2=27 -> instr=0x91b8ee03 reg_write=1 illegal=0
[PASS] seq=crv_seq_4                      cyc=82 op=OPC_STORE  f3=111 f7=1010111 rd=15 rs1=17 rs2=14 -> instr=0xaee8f7a3 reg_write=0 illegal=0
[PASS] seq=crv_seq_4                      cyc=83 op=OPC_REG    f3=110 f7=1010111 rd=27 rs1=16 rs2=23 -> instr=0xaf786db3 reg_write=0 illegal=1
[PASS] seq=crv_seq_4                      cyc=84 op=OPC_AUIPC  f3=010 f7=0101100 rd=24 rs1=24 rs2=1 -> instr=0x581c2c17 reg_write=1 illegal=0
[PASS] seq=crv_seq_4                      cyc=85 op=OPC_LOAD   f3=101 f7=1011110 rd=11 rs1=30 rs2=13 -> instr=0xbcdf5583 reg_write=1 illegal=0
[PASS] seq=crv_seq_4                      cyc=86 op=OPC_AUIPC  f3=011 f7=1101001 rd=23 rs1=30 rs2=16 -> instr=0xd30f3b97 reg_write=1 illegal=0
[PASS] seq=crv_seq_4                      cyc=87 op=OPC_LOAD   f3=001 f7=1001000 rd=15 rs1=6 rs2=10 -> instr=0x90a31783 reg_write=1 illegal=0
[PASS] seq=crv_seq_4                      cyc=88 op=OPC_LUI    f3=111 f7=1011111 rd=23 rs1=8 rs2=25 -> instr=0xbf947bb7 reg_write=1 illegal=0
[PASS] seq=crv_seq_4                      cyc=89 op=OPC_JAL    f3=101 f7=1011001 rd=30 rs1=15 rs2=11 -> instr=0xb2b7df6f reg_write=1 illegal=0
[PASS] seq=crv_seq_4                      cyc=90 op=OPC_BRANCH f3=001 f7=1101011 rd=31 rs1=23 rs2=10 -> instr=0xd6ab9fe3 reg_write=0 illegal=0
[PASS] seq=crv_seq_4                      cyc=91 op=OPC_JALR   f3=010 f7=1110100 rd=20 rs1=7 rs2=23 -> instr=0xe973aa67 reg_write=1 illegal=0
[PASS] seq=crv_seq_4                      cyc=92 op=OPC_JALR   f3=110 f7=0000101 rd=26 rs1=6 rs2=15 -> instr=0x0af36d67 reg_write=1 illegal=0
[PASS] seq=crv_seq_4                      cyc=93 op=OPC_SYSTEM f3=110 f7=1101000 rd=1 rs1=5 rs2=7 -> instr=0xd072e0f3 reg_write=1 illegal=0
[PASS] seq=crv_seq_4                      cyc=94 op=OPC_LOAD   f3=100 f7=1100011 rd=22 rs1=31 rs2=17 -> instr=0xc71fcb03 reg_write=1 illegal=0
[PASS] seq=crv_seq_4                      cyc=95 op=OPC_REG    f3=010 f7=1001000 rd=17 rs1=4 rs2=19 -> instr=0x913228b3 reg_write=0 illegal=1
[PASS] seq=crv_seq_4                      cyc=96 op=OPC_IMM    f3=010 f7=1101001 rd=18 rs1=31 rs2=0 -> instr=0xd20fa913 reg_write=1 illegal=0
[PASS] seq=crv_seq_4                      cyc=97 op=OPC_IMM    f3=110 f7=1100010 rd=26 rs1=12 rs2=21 -> instr=0xc5566d13 reg_write=1 illegal=0
[PASS] seq=crv_seq_4                      cyc=98 op=OPC_AUIPC  f3=011 f7=0110011 rd=13 rs1=20 rs2=26 -> instr=0x67aa3697 reg_write=1 illegal=0
[PASS] seq=crv_seq_4                      cyc=99 op=OPC_IMM    f3=011 f7=1110100 rd=13 rs1=11 rs2=16 -> instr=0xe905b693 reg_write=1 illegal=0
[PASS] seq=crv_seq_4                      cyc=100 op=OPC_STORE  f3=101 f7=1110011 rd=22 rs1=9 rs2=18 -> instr=0xe724db23 reg_write=0 illegal=0
[PASS] seq=crv_seq_4                      cyc=101 op=OPC_LOAD   f3=000 f7=0111101 rd=19 rs1=25 rs2=31 -> instr=0x7bfc8983 reg_write=1 illegal=0
[PASS] seq=crv_seq_4                      cyc=102 op=OPC_JALR   f3=111 f7=1001111 rd=22 rs1=25 rs2=8 -> instr=0x9e8cfb67 reg_write=1 illegal=0
[PASS] seq=crv_seq_4                      cyc=103 op=OPC_LUI    f3=111 f7=1100010 rd=24 rs1=23 rs2=19 -> instr=0xc53bfc37 reg_write=1 illegal=0
[PASS] seq=crv_seq_4                      cyc=104 op=OPC_STORE  f3=111 f7=0001001 rd=29 rs1=0 rs2=22 -> instr=0x13607ea3 reg_write=0 illegal=0
[PASS] seq=crv_seq_4                      cyc=105 op=OPC_LOAD   f3=001 f7=1100000 rd=22 rs1=9 rs2=13 -> instr=0xc0d49b03 reg_write=1 illegal=0
[PASS] seq=crv_seq_4                      cyc=106 op=OPC_SYSTEM f3=110 f7=1010010 rd=31 rs1=6 rs2=23 -> instr=0xa5736ff3 reg_write=1 illegal=0
[PASS] seq=crv_seq_4                      cyc=107 op=OPC_STORE  f3=110 f7=1010000 rd=22 rs1=25 rs2=14 -> instr=0xa0eceb23 reg_write=0 illegal=0
[PASS] seq=crv_seq_4                      cyc=108 op=OPC_CUSTOM0 f3=001 f7=0110111 rd=7 rs1=26 rs2=16 -> instr=0x6f0d138b reg_write=0 illegal=0
[PASS] seq=crv_seq_4                      cyc=109 op=OPC_AUIPC  f3=110 f7=1100100 rd=7 rs1=17 rs2=24 -> instr=0xc988e397 reg_write=1 illegal=0
[PASS] seq=crv_seq_4                      cyc=110 op=OPC_AUIPC  f3=010 f7=1000100 rd=30 rs1=7 rs2=8 -> instr=0x8883af17 reg_write=1 illegal=0
[PASS] seq=crv_seq_4                      cyc=111 op=OPC_LOAD   f3=011 f7=1011110 rd=17 rs1=22 rs2=29 -> instr=0xbddb3883 reg_write=1 illegal=0
[PASS] seq=crv_seq_4                      cyc=112 op=OPC_AUIPC  f3=000 f7=0110001 rd=2 rs1=19 rs2=18 -> instr=0x63298117 reg_write=1 illegal=0
[PASS] seq=crv_seq_4                      cyc=113 op=OPC_JALR   f3=110 f7=1111111 rd=15 rs1=29 rs2=3 -> instr=0xfe3ee7e7 reg_write=1 illegal=0
[PASS] seq=crv_seq_4                      cyc=114 op=OPC_IMM    f3=100 f7=1101000 rd=10 rs1=15 rs2=12 -> instr=0xd0c7c513 reg_write=1 illegal=0
[PASS] seq=crv_seq_4                      cyc=115 op=OPC_BRANCH f3=011 f7=1001100 rd=10 rs1=18 rs2=12 -> instr=0x98c93563 reg_write=0 illegal=0
[PASS] seq=crv_seq_4                      cyc=116 op=OPC_REG    f3=101 f7=1011100 rd=9 rs1=1 rs2=2 -> instr=0xb820d4b3 reg_write=0 illegal=1
[PASS] seq=crv_seq_4                      cyc=117 op=OPC_BRANCH f3=100 f7=0110111 rd=19 rs1=28 rs2=24 -> instr=0x6f8e49e3 reg_write=0 illegal=0
[PASS] seq=crv_seq_4                      cyc=118 op=OPC_AUIPC  f3=011 f7=0100010 rd=16 rs1=25 rs2=21 -> instr=0x455cb817 reg_write=1 illegal=0
[PASS] seq=crv_seq_4                      cyc=119 op=OPC_JALR   f3=100 f7=1011001 rd=0 rs1=31 rs2=2 -> instr=0xb22fc067 reg_write=1 illegal=0
[PASS] seq=crv_seq_4                      cyc=120 op=OPC_REG    f3=000 f7=0100101 rd=17 rs1=6 rs2=26 -> instr=0x4ba308b3 reg_write=0 illegal=1
[PASS] seq=crv_seq_4                      cyc=121 op=OPC_STORE  f3=101 f7=0110110 rd=8 rs1=17 rs2=15 -> instr=0x6cf8d423 reg_write=0 illegal=0
[PASS] seq=crv_seq_4                      cyc=122 op=OPC_CUSTOM0 f3=100 f7=0100010 rd=5 rs1=10 rs2=23 -> instr=0x4575428b reg_write=0 illegal=0
[PASS] seq=crv_seq_4                      cyc=123 op=OPC_AUIPC  f3=111 f7=1101011 rd=2 rs1=16 rs2=25 -> instr=0xd7987117 reg_write=1 illegal=0
[PASS] seq=crv_seq_4                      cyc=124 op=OPC_CUSTOM0 f3=111 f7=1111111 rd=25 rs1=0 rs2=1 -> instr=0xfe107c8b reg_write=0 illegal=0
[PASS] seq=crv_seq_4                      cyc=125 op=OPC_CUSTOM0 f3=100 f7=0001100 rd=20 rs1=22 rs2=2 -> instr=0x182b4a0b reg_write=0 illegal=0
[PASS] seq=crv_seq_4                      cyc=126 op=OPC_LOAD   f3=111 f7=0001010 rd=10 rs1=9 rs2=7 -> instr=0x1474f503 reg_write=1 illegal=0
[PASS] seq=crv_seq_4                      cyc=127 op=OPC_SYSTEM f3=111 f7=1111010 rd=21 rs1=1 rs2=0 -> instr=0xf400faf3 reg_write=1 illegal=0
[PASS] seq=crv_seq_4                      cyc=128 op=OPC_JAL    f3=111 f7=1000000 rd=2 rs1=12 rs2=27 -> instr=0x81b6716f reg_write=1 illegal=0
[PASS] seq=crv_seq_4                      cyc=129 op=OPC_IMM    f3=011 f7=1010010 rd=14 rs1=2 rs2=10 -> instr=0xa4a13713 reg_write=1 illegal=0
[PASS] seq=crv_seq_4                      cyc=130 op=OPC_IMM    f3=101 f7=1000100 rd=22 rs1=22 rs2=19 -> instr=0x893b5b13 reg_write=1 illegal=0
[PASS] seq=crv_seq_4                      cyc=131 op=OPC_REG    f3=010 f7=0001101 rd=26 rs1=21 rs2=27 -> instr=0x1bbaad33 reg_write=0 illegal=1
[PASS] seq=crv_seq_4                      cyc=132 op=OPC_IMM    f3=001 f7=0010111 rd=14 rs1=29 rs2=15 -> instr=0x2efe9713 reg_write=1 illegal=0
[PASS] seq=crv_seq_4                      cyc=133 op=OPC_REG    f3=100 f7=1000001 rd=21 rs1=15 rs2=14 -> instr=0x82e7cab3 reg_write=0 illegal=1
[PASS] seq=crv_seq_4                      cyc=134 op=OPC_LOAD   f3=000 f7=1000100 rd=10 rs1=22 rs2=27 -> instr=0x89bb0503 reg_write=1 illegal=0
[PASS] seq=crv_seq_4                      cyc=135 op=OPC_REG    f3=000 f7=1000101 rd=10 rs1=21 rs2=18 -> instr=0x8b2a8533 reg_write=0 illegal=1
[PASS] seq=crv_seq_4                      cyc=136 op=OPC_LUI    f3=010 f7=0100000 rd=19 rs1=1 rs2=1 -> instr=0x4010a9b7 reg_write=1 illegal=0
[PASS] seq=crv_seq_4                      cyc=137 op=OPC_CUSTOM0 f3=001 f7=0110000 rd=25 rs1=19 rs2=12 -> instr=0x60c99c8b reg_write=0 illegal=0
[PASS] seq=crv_seq_4                      cyc=138 op=OPC_STORE  f3=010 f7=0111111 rd=13 rs1=16 rs2=17 -> instr=0x7f1826a3 reg_write=0 illegal=0
[PASS] seq=crv_seq_4                      cyc=139 op=OPC_STORE  f3=001 f7=1101110 rd=31 rs1=16 rs2=2 -> instr=0xdc281fa3 reg_write=0 illegal=0
[PASS] seq=crv_seq_4                      cyc=140 op=OPC_AUIPC  f3=010 f7=1101001 rd=3 rs1=0 rs2=23 -> instr=0xd3702197 reg_write=1 illegal=0
[PASS] seq=crv_seq_4                      cyc=141 op=OPC_BRANCH f3=000 f7=1110100 rd=19 rs1=1 rs2=14 -> instr=0xe8e089e3 reg_write=0 illegal=0
[PASS] seq=crv_seq_4                      cyc=142 op=OPC_AUIPC  f3=010 f7=1101011 rd=29 rs1=18 rs2=19 -> instr=0xd7392e97 reg_write=1 illegal=0
[PASS] seq=crv_seq_4                      cyc=143 op=OPC_SYSTEM f3=100 f7=0101101 rd=9 rs1=6 rs2=16 -> instr=0x5b0344f3 reg_write=1 illegal=0
[PASS] seq=crv_seq_4                      cyc=144 op=OPC_STORE  f3=110 f7=0011101 rd=27 rs1=2 rs2=15 -> instr=0x3af16da3 reg_write=0 illegal=0
[PASS] seq=crv_seq_4                      cyc=145 op=OPC_AUIPC  f3=001 f7=1010111 rd=11 rs1=19 rs2=20 -> instr=0xaf499597 reg_write=1 illegal=0
[PASS] seq=crv_seq_4                      cyc=146 op=OPC_RESERVED f3=110 f7=0101100 rd=4 rs1=4 rs2=8 -> instr=0x5882627f reg_write=0 illegal=1
[PASS] seq=crv_seq_4                      cyc=147 op=OPC_JAL    f3=101 f7=0100000 rd=22 rs1=21 rs2=11 -> instr=0x40badb6f reg_write=1 illegal=0
[PASS] seq=crv_seq_4                      cyc=148 op=OPC_SYSTEM f3=011 f7=1010000 rd=15 rs1=12 rs2=5 -> instr=0xa05637f3 reg_write=1 illegal=0
[PASS] seq=crv_seq_4                      cyc=149 op=OPC_JALR   f3=001 f7=1111101 rd=11 rs1=26 rs2=2 -> instr=0xfa2d15e7 reg_write=1 illegal=0
[PASS] seq=crv_seq_4                      cyc=150 op=OPC_AUIPC  f3=000 f7=0001011 rd=8 rs1=28 rs2=4 -> instr=0x164e0417 reg_write=1 illegal=0
[PASS] seq=crv_seq_4                      cyc=151 op=OPC_BRANCH f3=110 f7=1111111 rd=15 rs1=21 rs2=12 -> instr=0xfecae7e3 reg_write=0 illegal=0
[PASS] seq=crv_seq_4                      cyc=152 op=OPC_LUI    f3=000 f7=1100000 rd=9 rs1=10 rs2=13 -> instr=0xc0d504b7 reg_write=1 illegal=0
[PASS] seq=crv_seq_4                      cyc=153 op=OPC_STORE  f3=010 f7=0101010 rd=17 rs1=29 rs2=26 -> instr=0x55aea8a3 reg_write=0 illegal=0
[PASS] seq=crv_seq_4                      cyc=154 op=OPC_STORE  f3=100 f7=1000011 rd=5 rs1=3 rs2=3 -> instr=0x8631c2a3 reg_write=0 illegal=0
[PASS] seq=crv_seq_4                      cyc=155 op=OPC_BRANCH f3=001 f7=1000001 rd=23 rs1=16 rs2=0 -> instr=0x82081be3 reg_write=0 illegal=0
[PASS] seq=crv_seq_4                      cyc=156 op=OPC_STORE  f3=000 f7=0010010 rd=31 rs1=19 rs2=23 -> instr=0x25798fa3 reg_write=0 illegal=0
[PASS] seq=crv_seq_4                      cyc=157 op=OPC_CUSTOM0 f3=111 f7=1011100 rd=25 rs1=31 rs2=21 -> instr=0xb95ffc8b reg_write=0 illegal=0
[PASS] seq=crv_seq_4                      cyc=158 op=OPC_JALR   f3=001 f7=1101111 rd=3 rs1=2 rs2=28 -> instr=0xdfc111e7 reg_write=1 illegal=0
[PASS] seq=crv_seq_4                      cyc=159 op=OPC_IMM    f3=011 f7=1100001 rd=22 rs1=12 rs2=15 -> instr=0xc2f63b13 reg_write=1 illegal=0
[PASS] seq=crv_seq_4                      cyc=160 op=OPC_CUSTOM0 f3=100 f7=0101001 rd=6 rs1=26 rs2=30 -> instr=0x53ed430b reg_write=0 illegal=0
[PASS] seq=crv_seq_4                      cyc=161 op=OPC_SYSTEM f3=010 f7=0111000 rd=30 rs1=6 rs2=6 -> instr=0x70632f73 reg_write=1 illegal=0
[PASS] seq=crv_seq_4                      cyc=162 op=OPC_STORE  f3=010 f7=1111010 rd=19 rs1=23 rs2=26 -> instr=0xf5aba9a3 reg_write=0 illegal=0
[PASS] seq=crv_seq_4                      cyc=163 op=OPC_REG    f3=101 f7=1111100 rd=16 rs1=17 rs2=13 -> instr=0xf8d8d833 reg_write=0 illegal=1
[PASS] seq=crv_seq_4                      cyc=164 op=OPC_STORE  f3=111 f7=0100001 rd=15 rs1=18 rs2=21 -> instr=0x435977a3 reg_write=0 illegal=0
[PASS] seq=crv_seq_4                      cyc=165 op=OPC_LUI    f3=110 f7=0000010 rd=26 rs1=4 rs2=0 -> instr=0x04026d37 reg_write=1 illegal=0
[PASS] seq=crv_seq_4                      cyc=166 op=OPC_SYSTEM f3=011 f7=0001001 rd=0 rs1=16 rs2=14 -> instr=0x12e83073 reg_write=1 illegal=0
[PASS] seq=crv_seq_4                      cyc=167 op=OPC_AUIPC  f3=101 f7=1000111 rd=29 rs1=25 rs2=30 -> instr=0x8fecde97 reg_write=1 illegal=0
[PASS] seq=crv_seq_4                      cyc=168 op=OPC_STORE  f3=100 f7=1000001 rd=22 rs1=4 rs2=7 -> instr=0x82724b23 reg_write=0 illegal=0
[PASS] seq=crv_seq_4                      cyc=169 op=OPC_JALR   f3=110 f7=0011110 rd=16 rs1=14 rs2=19 -> instr=0x3d376867 reg_write=1 illegal=0
[PASS] seq=crv_seq_4                      cyc=170 op=OPC_JAL    f3=010 f7=0110000 rd=9 rs1=12 rs2=1 -> instr=0x601624ef reg_write=1 illegal=0
[PASS] seq=crv_seq_4                      cyc=171 op=OPC_REG    f3=001 f7=0000111 rd=27 rs1=3 rs2=23 -> instr=0x0f719db3 reg_write=0 illegal=1
[PASS] seq=crv_seq_4                      cyc=172 op=OPC_JAL    f3=100 f7=1100010 rd=10 rs1=30 rs2=2 -> instr=0xc42f456f reg_write=1 illegal=0
[PASS] seq=crv_seq_4                      cyc=173 op=OPC_JAL    f3=110 f7=1000000 rd=19 rs1=16 rs2=12 -> instr=0x80c869ef reg_write=1 illegal=0
[PASS] seq=crv_seq_4                      cyc=174 op=OPC_REG    f3=110 f7=1110010 rd=25 rs1=27 rs2=18 -> instr=0xe52decb3 reg_write=0 illegal=1
[PASS] seq=crv_seq_4                      cyc=175 op=OPC_IMM    f3=110 f7=1001100 rd=26 rs1=14 rs2=24 -> instr=0x99876d13 reg_write=1 illegal=0
[PASS] seq=crv_seq_4                      cyc=176 op=OPC_SYSTEM f3=110 f7=1000110 rd=20 rs1=14 rs2=27 -> instr=0x8db76a73 reg_write=1 illegal=0
[PASS] seq=crv_seq_4                      cyc=177 op=OPC_SYSTEM f3=110 f7=0100000 rd=30 rs1=13 rs2=0 -> instr=0x4006ef73 reg_write=1 illegal=0
[PASS] seq=crv_seq_4                      cyc=178 op=OPC_SYSTEM f3=011 f7=1110011 rd=15 rs1=31 rs2=20 -> instr=0xe74fb7f3 reg_write=1 illegal=0
[PASS] seq=crv_seq_4                      cyc=179 op=OPC_REG    f3=000 f7=1010001 rd=4 rs1=3 rs2=31 -> instr=0xa3f18233 reg_write=0 illegal=1
[PASS] seq=crv_seq_4                      cyc=180 op=OPC_IMM    f3=000 f7=1000111 rd=28 rs1=18 rs2=7 -> instr=0x8e790e13 reg_write=1 illegal=0
[PASS] seq=crv_seq_4                      cyc=181 op=OPC_JAL    f3=010 f7=0111101 rd=31 rs1=8 rs2=19 -> instr=0x7b342fef reg_write=1 illegal=0
[PASS] seq=crv_seq_4                      cyc=182 op=OPC_SYSTEM f3=000 f7=1000011 rd=16 rs1=18 rs2=2 -> instr=0x86290873 reg_write=0 illegal=0
[PASS] seq=crv_seq_4                      cyc=183 op=OPC_SYSTEM f3=100 f7=1100011 rd=10 rs1=0 rs2=31 -> instr=0xc7f04573 reg_write=1 illegal=0
[PASS] seq=crv_seq_4                      cyc=184 op=OPC_JAL    f3=110 f7=1101111 rd=8 rs1=24 rs2=19 -> instr=0xdf3c646f reg_write=1 illegal=0
[PASS] seq=crv_seq_4                      cyc=185 op=OPC_BRANCH f3=010 f7=1101011 rd=29 rs1=10 rs2=17 -> instr=0xd7152ee3 reg_write=0 illegal=0
[PASS] seq=crv_seq_4                      cyc=186 op=OPC_JAL    f3=110 f7=1011110 rd=7 rs1=0 rs2=17 -> instr=0xbd1063ef reg_write=1 illegal=0
[PASS] seq=crv_seq_4                      cyc=187 op=OPC_RESERVED f3=001 f7=0001000 rd=18 rs1=6 rs2=3 -> instr=0x1033197f reg_write=0 illegal=1
[PASS] seq=crv_seq_4                      cyc=188 op=OPC_LOAD   f3=100 f7=1011100 rd=11 rs1=16 rs2=16 -> instr=0xb9084583 reg_write=1 illegal=0
[PASS] seq=crv_seq_4                      cyc=189 op=OPC_IMM    f3=010 f7=1011111 rd=15 rs1=24 rs2=6 -> instr=0xbe6c2793 reg_write=1 illegal=0
[PASS] seq=crv_seq_4                      cyc=190 op=OPC_JAL    f3=111 f7=0001010 rd=22 rs1=22 rs2=8 -> instr=0x148b7b6f reg_write=1 illegal=0
[PASS] seq=crv_seq_4                      cyc=191 op=OPC_LOAD   f3=011 f7=0101111 rd=10 rs1=25 rs2=2 -> instr=0x5e2cb503 reg_write=1 illegal=0
[PASS] seq=crv_seq_4                      cyc=192 op=OPC_REG    f3=001 f7=0010011 rd=25 rs1=30 rs2=28 -> instr=0x27cf1cb3 reg_write=0 illegal=1
[PASS] seq=crv_seq_4                      cyc=193 op=OPC_REG    f3=100 f7=1001001 rd=23 rs1=0 rs2=23 -> instr=0x93704bb3 reg_write=0 illegal=1
[PASS] seq=crv_seq_4                      cyc=194 op=OPC_BRANCH f3=111 f7=1101001 rd=13 rs1=8 rs2=29 -> instr=0xd3d476e3 reg_write=0 illegal=0
[PASS] seq=crv_seq_4                      cyc=195 op=OPC_SYSTEM f3=011 f7=1010110 rd=5 rs1=22 rs2=6 -> instr=0xac6b32f3 reg_write=1 illegal=0
[PASS] seq=crv_seq_4                      cyc=196 op=OPC_LUI    f3=111 f7=0111001 rd=15 rs1=29 rs2=12 -> instr=0x72cef7b7 reg_write=1 illegal=0
[PASS] seq=crv_seq_4                      cyc=197 op=OPC_BRANCH f3=100 f7=1010001 rd=4 rs1=11 rs2=11 -> instr=0xa2b5c263 reg_write=0 illegal=0
[PASS] seq=crv_seq_4                      cyc=198 op=OPC_LUI    f3=010 f7=0110000 rd=26 rs1=1 rs2=22 -> instr=0x6160ad37 reg_write=1 illegal=0
[PASS] seq=crv_seq_4                      cyc=199 op=OPC_STORE  f3=101 f7=1001101 rd=19 rs1=25 rs2=16 -> instr=0x9b0cd9a3 reg_write=0 illegal=0
[PASS] seq=crv_seq_5                      cyc=0 op=OPC_SYSTEM f3=001 f7=1001000 rd=25 rs1=5 rs2=30 -> instr=0x91e29cf3 reg_write=1 illegal=0
[PASS] seq=crv_seq_5                      cyc=1 op=OPC_BRANCH f3=000 f7=1000011 rd=31 rs1=28 rs2=3 -> instr=0x863e0fe3 reg_write=0 illegal=0
[PASS] seq=crv_seq_5                      cyc=2 op=OPC_STORE  f3=001 f7=1010111 rd=27 rs1=1 rs2=16 -> instr=0xaf009da3 reg_write=0 illegal=0
[PASS] seq=crv_seq_5                      cyc=3 op=OPC_IMM    f3=010 f7=1000011 rd=23 rs1=21 rs2=2 -> instr=0x862aab93 reg_write=1 illegal=0
[PASS] seq=crv_seq_5                      cyc=4 op=OPC_STORE  f3=100 f7=0000101 rd=27 rs1=5 rs2=15 -> instr=0x0af2cda3 reg_write=0 illegal=0
[PASS] seq=crv_seq_5                      cyc=5 op=OPC_SYSTEM f3=010 f7=0001000 rd=22 rs1=11 rs2=7 -> instr=0x1075ab73 reg_write=1 illegal=0
[PASS] seq=crv_seq_5                      cyc=6 op=OPC_BRANCH f3=000 f7=0100001 rd=23 rs1=11 rs2=22 -> instr=0x43658be3 reg_write=0 illegal=0
[PASS] seq=crv_seq_5                      cyc=7 op=OPC_REG    f3=001 f7=1000110 rd=26 rs1=17 rs2=4 -> instr=0x8c489d33 reg_write=0 illegal=1
[PASS] seq=crv_seq_5                      cyc=8 op=OPC_JAL    f3=001 f7=1011100 rd=22 rs1=4 rs2=4 -> instr=0xb8421b6f reg_write=1 illegal=0
[PASS] seq=crv_seq_5                      cyc=9 op=OPC_JALR   f3=000 f7=0111010 rd=21 rs1=5 rs2=5 -> instr=0x74528ae7 reg_write=1 illegal=0
[PASS] seq=crv_seq_5                      cyc=10 op=OPC_STORE  f3=000 f7=1001101 rd=2 rs1=5 rs2=11 -> instr=0x9ab28123 reg_write=0 illegal=0
[PASS] seq=crv_seq_5                      cyc=11 op=OPC_CUSTOM0 f3=100 f7=1110111 rd=26 rs1=29 rs2=3 -> instr=0xee3ecd0b reg_write=0 illegal=0
[PASS] seq=crv_seq_5                      cyc=12 op=OPC_CUSTOM0 f3=001 f7=1100010 rd=27 rs1=29 rs2=18 -> instr=0xc52e9d8b reg_write=0 illegal=0
[PASS] seq=crv_seq_5                      cyc=13 op=OPC_LUI    f3=100 f7=0111001 rd=24 rs1=1 rs2=20 -> instr=0x7340cc37 reg_write=1 illegal=0
[PASS] seq=crv_seq_5                      cyc=14 op=OPC_RESERVED f3=011 f7=1011101 rd=2 rs1=21 rs2=10 -> instr=0xbaaab17f reg_write=0 illegal=1
[PASS] seq=crv_seq_5                      cyc=15 op=OPC_LOAD   f3=101 f7=0111111 rd=21 rs1=1 rs2=9 -> instr=0x7e90da83 reg_write=1 illegal=0
[PASS] seq=crv_seq_5                      cyc=16 op=OPC_LOAD   f3=010 f7=1000011 rd=3 rs1=25 rs2=14 -> instr=0x86eca183 reg_write=1 illegal=0
[PASS] seq=crv_seq_5                      cyc=17 op=OPC_IMM    f3=101 f7=1111101 rd=7 rs1=27 rs2=18 -> instr=0xfb2dd393 reg_write=1 illegal=0
[PASS] seq=crv_seq_5                      cyc=18 op=OPC_SYSTEM f3=101 f7=0010000 rd=17 rs1=28 rs2=18 -> instr=0x212e58f3 reg_write=1 illegal=0
[PASS] seq=crv_seq_5                      cyc=19 op=OPC_CUSTOM0 f3=100 f7=0010110 rd=28 rs1=3 rs2=22 -> instr=0x2d61ce0b reg_write=0 illegal=0
[PASS] seq=crv_seq_5                      cyc=20 op=OPC_LOAD   f3=011 f7=0011011 rd=18 rs1=1 rs2=23 -> instr=0x3770b903 reg_write=1 illegal=0
[PASS] seq=crv_seq_5                      cyc=21 op=OPC_LUI    f3=011 f7=0010111 rd=3 rs1=2 rs2=25 -> instr=0x2f9131b7 reg_write=1 illegal=0
[PASS] seq=crv_seq_5                      cyc=22 op=OPC_CUSTOM0 f3=010 f7=0000001 rd=3 rs1=26 rs2=9 -> instr=0x029d218b reg_write=0 illegal=0
[PASS] seq=crv_seq_5                      cyc=23 op=OPC_STORE  f3=010 f7=1001000 rd=16 rs1=22 rs2=31 -> instr=0x91fb2823 reg_write=0 illegal=0
[PASS] seq=crv_seq_5                      cyc=24 op=OPC_LUI    f3=110 f7=0111101 rd=10 rs1=23 rs2=6 -> instr=0x7a6be537 reg_write=1 illegal=0
[PASS] seq=crv_seq_5                      cyc=25 op=OPC_SYSTEM f3=100 f7=0000010 rd=21 rs1=12 rs2=16 -> instr=0x05064af3 reg_write=1 illegal=0
[PASS] seq=crv_seq_5                      cyc=26 op=OPC_REG    f3=011 f7=1010001 rd=29 rs1=19 rs2=28 -> instr=0xa3c9beb3 reg_write=0 illegal=1
[PASS] seq=crv_seq_5                      cyc=27 op=OPC_REG    f3=100 f7=1100111 rd=30 rs1=7 rs2=7 -> instr=0xce73cf33 reg_write=0 illegal=1
[PASS] seq=crv_seq_5                      cyc=28 op=OPC_JALR   f3=010 f7=0101100 rd=29 rs1=26 rs2=12 -> instr=0x58cd2ee7 reg_write=1 illegal=0
[PASS] seq=crv_seq_5                      cyc=29 op=OPC_CUSTOM0 f3=001 f7=1100010 rd=22 rs1=4 rs2=22 -> instr=0xc5621b0b reg_write=0 illegal=0
[PASS] seq=crv_seq_5                      cyc=30 op=OPC_AUIPC  f3=010 f7=1101000 rd=4 rs1=16 rs2=7 -> instr=0xd0782217 reg_write=1 illegal=0
[PASS] seq=crv_seq_5                      cyc=31 op=OPC_SYSTEM f3=011 f7=1101111 rd=3 rs1=30 rs2=8 -> instr=0xde8f31f3 reg_write=1 illegal=0
[PASS] seq=crv_seq_5                      cyc=32 op=OPC_JALR   f3=101 f7=1000001 rd=18 rs1=1 rs2=13 -> instr=0x82d0d967 reg_write=1 illegal=0
[PASS] seq=crv_seq_5                      cyc=33 op=OPC_STORE  f3=100 f7=0010010 rd=27 rs1=16 rs2=8 -> instr=0x24884da3 reg_write=0 illegal=0
[PASS] seq=crv_seq_5                      cyc=34 op=OPC_LOAD   f3=000 f7=1010000 rd=14 rs1=3 rs2=24 -> instr=0xa1818703 reg_write=1 illegal=0
[PASS] seq=crv_seq_5                      cyc=35 op=OPC_IMM    f3=110 f7=1011000 rd=30 rs1=17 rs2=20 -> instr=0xb148ef13 reg_write=1 illegal=0
[PASS] seq=crv_seq_5                      cyc=36 op=OPC_LOAD   f3=101 f7=0111010 rd=0 rs1=11 rs2=16 -> instr=0x7505d003 reg_write=1 illegal=0
[PASS] seq=crv_seq_5                      cyc=37 op=OPC_RESERVED f3=011 f7=0000110 rd=14 rs1=10 rs2=15 -> instr=0x0cf5377f reg_write=0 illegal=1
[PASS] seq=crv_seq_5                      cyc=38 op=OPC_LOAD   f3=110 f7=1001001 rd=4 rs1=9 rs2=16 -> instr=0x9304e203 reg_write=1 illegal=0
[PASS] seq=crv_seq_5                      cyc=39 op=OPC_IMM    f3=100 f7=0010100 rd=30 rs1=14 rs2=4 -> instr=0x28474f13 reg_write=1 illegal=0
[PASS] seq=crv_seq_5                      cyc=40 op=OPC_LUI    f3=010 f7=0101000 rd=27 rs1=26 rs2=0 -> instr=0x500d2db7 reg_write=1 illegal=0
[PASS] seq=crv_seq_5                      cyc=41 op=OPC_JALR   f3=110 f7=1000101 rd=4 rs1=5 rs2=0 -> instr=0x8a02e267 reg_write=1 illegal=0
[PASS] seq=crv_seq_5                      cyc=42 op=OPC_JALR   f3=000 f7=0111011 rd=16 rs1=11 rs2=10 -> instr=0x76a58867 reg_write=1 illegal=0
[PASS] seq=crv_seq_5                      cyc=43 op=OPC_IMM    f3=111 f7=0111010 rd=28 rs1=9 rs2=5 -> instr=0x7454fe13 reg_write=1 illegal=0
[PASS] seq=crv_seq_5                      cyc=44 op=OPC_REG    f3=011 f7=0011110 rd=16 rs1=25 rs2=10 -> instr=0x3cacb833 reg_write=0 illegal=1
[PASS] seq=crv_seq_5                      cyc=45 op=OPC_REG    f3=101 f7=1000101 rd=30 rs1=31 rs2=27 -> instr=0x8bbfdf33 reg_write=0 illegal=1
[PASS] seq=crv_seq_5                      cyc=46 op=OPC_STORE  f3=001 f7=0111100 rd=15 rs1=24 rs2=11 -> instr=0x78bc17a3 reg_write=0 illegal=0
[PASS] seq=crv_seq_5                      cyc=47 op=OPC_IMM    f3=001 f7=1100100 rd=26 rs1=17 rs2=16 -> instr=0xc9089d13 reg_write=1 illegal=0
[PASS] seq=crv_seq_5                      cyc=48 op=OPC_JAL    f3=111 f7=1100000 rd=27 rs1=28 rs2=26 -> instr=0xc1ae7def reg_write=1 illegal=0
[PASS] seq=crv_seq_5                      cyc=49 op=OPC_SYSTEM f3=111 f7=1110111 rd=13 rs1=13 rs2=6 -> instr=0xee66f6f3 reg_write=1 illegal=0
[PASS] seq=crv_seq_5                      cyc=50 op=OPC_REG    f3=011 f7=0010001 rd=17 rs1=1 rs2=31 -> instr=0x23f0b8b3 reg_write=0 illegal=1
[PASS] seq=crv_seq_5                      cyc=51 op=OPC_LOAD   f3=101 f7=0000111 rd=18 rs1=19 rs2=7 -> instr=0x0e79d903 reg_write=1 illegal=0
[PASS] seq=crv_seq_5                      cyc=52 op=OPC_STORE  f3=101 f7=0100110 rd=14 rs1=12 rs2=26 -> instr=0x4da65723 reg_write=0 illegal=0
[PASS] seq=crv_seq_5                      cyc=53 op=OPC_LUI    f3=110 f7=0101000 rd=31 rs1=7 rs2=6 -> instr=0x5063efb7 reg_write=1 illegal=0
[PASS] seq=crv_seq_5                      cyc=54 op=OPC_BRANCH f3=011 f7=0111111 rd=29 rs1=9 rs2=17 -> instr=0x7f14bee3 reg_write=0 illegal=0
[PASS] seq=crv_seq_5                      cyc=55 op=OPC_LUI    f3=110 f7=0011100 rd=12 rs1=10 rs2=0 -> instr=0x38056637 reg_write=1 illegal=0
[PASS] seq=crv_seq_5                      cyc=56 op=OPC_BRANCH f3=000 f7=1100010 rd=31 rs1=23 rs2=28 -> instr=0xc5cb8fe3 reg_write=0 illegal=0
[PASS] seq=crv_seq_5                      cyc=57 op=OPC_REG    f3=101 f7=1101101 rd=26 rs1=12 rs2=28 -> instr=0xdbc65d33 reg_write=0 illegal=1
[PASS] seq=crv_seq_5                      cyc=58 op=OPC_SYSTEM f3=010 f7=0111001 rd=5 rs1=1 rs2=27 -> instr=0x73b0a2f3 reg_write=1 illegal=0
[PASS] seq=crv_seq_5                      cyc=59 op=OPC_IMM    f3=111 f7=1101101 rd=15 rs1=28 rs2=4 -> instr=0xda4e7793 reg_write=1 illegal=0
[PASS] seq=crv_seq_5                      cyc=60 op=OPC_IMM    f3=011 f7=0110000 rd=9 rs1=8 rs2=5 -> instr=0x60543493 reg_write=1 illegal=0
[PASS] seq=crv_seq_5                      cyc=61 op=OPC_RESERVED f3=111 f7=0110101 rd=22 rs1=2 rs2=16 -> instr=0x6b017b7f reg_write=0 illegal=1
[PASS] seq=crv_seq_5                      cyc=62 op=OPC_JALR   f3=100 f7=1110100 rd=15 rs1=22 rs2=5 -> instr=0xe85b47e7 reg_write=1 illegal=0
[PASS] seq=crv_seq_5                      cyc=63 op=OPC_SYSTEM f3=001 f7=0010011 rd=5 rs1=31 rs2=19 -> instr=0x273f92f3 reg_write=1 illegal=0
[PASS] seq=crv_seq_5                      cyc=64 op=OPC_SYSTEM f3=100 f7=0101101 rd=2 rs1=7 rs2=15 -> instr=0x5af3c173 reg_write=1 illegal=0
[PASS] seq=crv_seq_5                      cyc=65 op=OPC_REG    f3=110 f7=1010101 rd=10 rs1=6 rs2=30 -> instr=0xabe36533 reg_write=0 illegal=1
[PASS] seq=crv_seq_5                      cyc=66 op=OPC_BRANCH f3=100 f7=0100100 rd=17 rs1=11 rs2=29 -> instr=0x49d5c8e3 reg_write=0 illegal=0
[PASS] seq=crv_seq_5                      cyc=67 op=OPC_LUI    f3=101 f7=0100111 rd=8 rs1=30 rs2=12 -> instr=0x4ecf5437 reg_write=1 illegal=0
[PASS] seq=crv_seq_5                      cyc=68 op=OPC_LOAD   f3=010 f7=1100111 rd=27 rs1=26 rs2=17 -> instr=0xcf1d2d83 reg_write=1 illegal=0
[PASS] seq=crv_seq_5                      cyc=69 op=OPC_CUSTOM0 f3=011 f7=1010101 rd=20 rs1=2 rs2=6 -> instr=0xaa613a0b reg_write=0 illegal=0
[PASS] seq=crv_seq_5                      cyc=70 op=OPC_LOAD   f3=000 f7=1010111 rd=17 rs1=30 rs2=0 -> instr=0xae0f0883 reg_write=1 illegal=0
[PASS] seq=crv_seq_5                      cyc=71 op=OPC_LOAD   f3=100 f7=1011011 rd=12 rs1=4 rs2=6 -> instr=0xb6624603 reg_write=1 illegal=0
[PASS] seq=crv_seq_5                      cyc=72 op=OPC_REG    f3=100 f7=0100100 rd=0 rs1=22 rs2=22 -> instr=0x496b4033 reg_write=0 illegal=1
[PASS] seq=crv_seq_5                      cyc=73 op=OPC_LUI    f3=111 f7=1011110 rd=5 rs1=21 rs2=25 -> instr=0xbd9af2b7 reg_write=1 illegal=0
[PASS] seq=crv_seq_5                      cyc=74 op=OPC_AUIPC  f3=011 f7=1001100 rd=13 rs1=3 rs2=6 -> instr=0x9861b697 reg_write=1 illegal=0
[PASS] seq=crv_seq_5                      cyc=75 op=OPC_SYSTEM f3=001 f7=1011101 rd=28 rs1=0 rs2=18 -> instr=0xbb201e73 reg_write=1 illegal=0
[PASS] seq=crv_seq_5                      cyc=76 op=OPC_JALR   f3=000 f7=1100001 rd=11 rs1=2 rs2=21 -> instr=0xc35105e7 reg_write=1 illegal=0
[PASS] seq=crv_seq_5                      cyc=77 op=OPC_STORE  f3=001 f7=0001000 rd=24 rs1=10 rs2=4 -> instr=0x10451c23 reg_write=0 illegal=0
[PASS] seq=crv_seq_5                      cyc=78 op=OPC_CUSTOM0 f3=111 f7=1001011 rd=29 rs1=27 rs2=0 -> instr=0x960dfe8b reg_write=0 illegal=0
[PASS] seq=crv_seq_5                      cyc=79 op=OPC_SYSTEM f3=100 f7=1010000 rd=16 rs1=15 rs2=31 -> instr=0xa1f7c873 reg_write=1 illegal=0
[PASS] seq=crv_seq_5                      cyc=80 op=OPC_BRANCH f3=011 f7=0100000 rd=28 rs1=14 rs2=5 -> instr=0x40573e63 reg_write=0 illegal=0
[PASS] seq=crv_seq_5                      cyc=81 op=OPC_REG    f3=001 f7=1011000 rd=26 rs1=18 rs2=12 -> instr=0xb0c91d33 reg_write=0 illegal=1
[PASS] seq=crv_seq_5                      cyc=82 op=OPC_IMM    f3=110 f7=1011011 rd=11 rs1=30 rs2=2 -> instr=0xb62f6593 reg_write=1 illegal=0
[PASS] seq=crv_seq_5                      cyc=83 op=OPC_IMM    f3=110 f7=0000101 rd=26 rs1=19 rs2=28 -> instr=0x0bc9ed13 reg_write=1 illegal=0
[PASS] seq=crv_seq_5                      cyc=84 op=OPC_IMM    f3=001 f7=0000100 rd=29 rs1=10 rs2=8 -> instr=0x08851e93 reg_write=1 illegal=0
[PASS] seq=crv_seq_5                      cyc=85 op=OPC_RESERVED f3=001 f7=1100000 rd=21 rs1=19 rs2=23 -> instr=0xc1799aff reg_write=0 illegal=1
[PASS] seq=crv_seq_5                      cyc=86 op=OPC_CUSTOM0 f3=111 f7=0001000 rd=25 rs1=29 rs2=24 -> instr=0x118efc8b reg_write=0 illegal=0
[PASS] seq=crv_seq_5                      cyc=87 op=OPC_BRANCH f3=001 f7=0000010 rd=18 rs1=14 rs2=7 -> instr=0x04771963 reg_write=0 illegal=0
[PASS] seq=crv_seq_5                      cyc=88 op=OPC_JAL    f3=001 f7=0101101 rd=21 rs1=4 rs2=3 -> instr=0x5a321aef reg_write=1 illegal=0
[PASS] seq=crv_seq_5                      cyc=89 op=OPC_JAL    f3=001 f7=1100110 rd=9 rs1=28 rs2=28 -> instr=0xcdce14ef reg_write=1 illegal=0
[PASS] seq=crv_seq_5                      cyc=90 op=OPC_BRANCH f3=001 f7=1100111 rd=6 rs1=15 rs2=28 -> instr=0xcfc79363 reg_write=0 illegal=0
[PASS] seq=crv_seq_5                      cyc=91 op=OPC_CUSTOM0 f3=011 f7=1111010 rd=2 rs1=5 rs2=2 -> instr=0xf422b10b reg_write=0 illegal=0
[PASS] seq=crv_seq_5                      cyc=92 op=OPC_SYSTEM f3=000 f7=1101000 rd=25 rs1=31 rs2=5 -> instr=0xd05f8cf3 reg_write=0 illegal=0
[PASS] seq=crv_seq_5                      cyc=93 op=OPC_BRANCH f3=101 f7=0101010 rd=9 rs1=15 rs2=8 -> instr=0x5487d4e3 reg_write=0 illegal=0
[PASS] seq=crv_seq_5                      cyc=94 op=OPC_LUI    f3=101 f7=1110001 rd=16 rs1=18 rs2=25 -> instr=0xe3995837 reg_write=1 illegal=0
[PASS] seq=crv_seq_5                      cyc=95 op=OPC_LUI    f3=111 f7=0110110 rd=10 rs1=2 rs2=23 -> instr=0x6d717537 reg_write=1 illegal=0
[PASS] seq=crv_seq_5                      cyc=96 op=OPC_BRANCH f3=000 f7=0001010 rd=2 rs1=3 rs2=0 -> instr=0x14018163 reg_write=0 illegal=0
[PASS] seq=crv_seq_5                      cyc=97 op=OPC_IMM    f3=101 f7=0111001 rd=11 rs1=5 rs2=17 -> instr=0x7312d593 reg_write=1 illegal=0
[PASS] seq=crv_seq_5                      cyc=98 op=OPC_CUSTOM0 f3=101 f7=1100010 rd=18 rs1=9 rs2=30 -> instr=0xc5e4d90b reg_write=0 illegal=0
[PASS] seq=crv_seq_5                      cyc=99 op=OPC_SYSTEM f3=000 f7=1110101 rd=29 rs1=4 rs2=18 -> instr=0xeb220ef3 reg_write=0 illegal=0
[PASS] seq=crv_seq_5                      cyc=100 op=OPC_JALR   f3=001 f7=0101001 rd=25 rs1=20 rs2=29 -> instr=0x53da1ce7 reg_write=1 illegal=0
[PASS] seq=crv_seq_5                      cyc=101 op=OPC_RESERVED f3=000 f7=1001011 rd=29 rs1=25 rs2=26 -> instr=0x97ac8eff reg_write=0 illegal=1
[PASS] seq=crv_seq_5                      cyc=102 op=OPC_AUIPC  f3=100 f7=1001010 rd=0 rs1=17 rs2=1 -> instr=0x9418c017 reg_write=1 illegal=0
[PASS] seq=crv_seq_5                      cyc=103 op=OPC_LOAD   f3=011 f7=1010000 rd=20 rs1=2 rs2=7 -> instr=0xa0713a03 reg_write=1 illegal=0
[PASS] seq=crv_seq_5                      cyc=104 op=OPC_STORE  f3=100 f7=1010001 rd=22 rs1=1 rs2=22 -> instr=0xa360cb23 reg_write=0 illegal=0
[PASS] seq=crv_seq_5                      cyc=105 op=OPC_CUSTOM0 f3=110 f7=0011111 rd=28 rs1=16 rs2=17 -> instr=0x3f186e0b reg_write=0 illegal=0
[PASS] seq=crv_seq_5                      cyc=106 op=OPC_IMM    f3=000 f7=0001000 rd=5 rs1=8 rs2=25 -> instr=0x11940293 reg_write=1 illegal=0
[PASS] seq=crv_seq_5                      cyc=107 op=OPC_IMM    f3=000 f7=1111110 rd=9 rs1=5 rs2=7 -> instr=0xfc728493 reg_write=1 illegal=0
[PASS] seq=crv_seq_5                      cyc=108 op=OPC_CUSTOM0 f3=101 f7=1100011 rd=9 rs1=8 rs2=18 -> instr=0xc724548b reg_write=0 illegal=0
[PASS] seq=crv_seq_5                      cyc=109 op=OPC_STORE  f3=011 f7=0011001 rd=9 rs1=14 rs2=12 -> instr=0x32c734a3 reg_write=0 illegal=0
[PASS] seq=crv_seq_5                      cyc=110 op=OPC_BRANCH f3=000 f7=0110110 rd=30 rs1=31 rs2=4 -> instr=0x6c4f8f63 reg_write=0 illegal=0
[PASS] seq=crv_seq_5                      cyc=111 op=OPC_AUIPC  f3=110 f7=1111010 rd=7 rs1=25 rs2=16 -> instr=0xf50ce397 reg_write=1 illegal=0
[PASS] seq=crv_seq_5                      cyc=112 op=OPC_LOAD   f3=110 f7=1100100 rd=16 rs1=30 rs2=25 -> instr=0xc99f6803 reg_write=1 illegal=0
[PASS] seq=crv_seq_5                      cyc=113 op=OPC_BRANCH f3=000 f7=1011110 rd=10 rs1=29 rs2=8 -> instr=0xbc8e8563 reg_write=0 illegal=0
[PASS] seq=crv_seq_5                      cyc=114 op=OPC_LOAD   f3=011 f7=1000111 rd=20 rs1=16 rs2=1 -> instr=0x8e183a03 reg_write=1 illegal=0
[PASS] seq=crv_seq_5                      cyc=115 op=OPC_REG    f3=100 f7=1100111 rd=22 rs1=10 rs2=14 -> instr=0xcee54b33 reg_write=0 illegal=1
[PASS] seq=crv_seq_5                      cyc=116 op=OPC_JALR   f3=010 f7=0100001 rd=0 rs1=12 rs2=20 -> instr=0x43462067 reg_write=1 illegal=0
[PASS] seq=crv_seq_5                      cyc=117 op=OPC_IMM    f3=001 f7=1100011 rd=10 rs1=31 rs2=17 -> instr=0xc71f9513 reg_write=1 illegal=0
[PASS] seq=crv_seq_5                      cyc=118 op=OPC_LUI    f3=010 f7=0100110 rd=30 rs1=26 rs2=17 -> instr=0x4d1d2f37 reg_write=1 illegal=0
[PASS] seq=crv_seq_5                      cyc=119 op=OPC_STORE  f3=100 f7=1011111 rd=20 rs1=12 rs2=25 -> instr=0xbf964a23 reg_write=0 illegal=0
[PASS] seq=crv_seq_5                      cyc=120 op=OPC_REG    f3=010 f7=1100001 rd=24 rs1=24 rs2=17 -> instr=0xc31c2c33 reg_write=0 illegal=1
[PASS] seq=crv_seq_5                      cyc=121 op=OPC_AUIPC  f3=011 f7=1011100 rd=22 rs1=11 rs2=0 -> instr=0xb805bb17 reg_write=1 illegal=0
[PASS] seq=crv_seq_5                      cyc=122 op=OPC_CUSTOM0 f3=011 f7=0110011 rd=4 rs1=7 rs2=14 -> instr=0x66e3b20b reg_write=0 illegal=0
[PASS] seq=crv_seq_5                      cyc=123 op=OPC_IMM    f3=111 f7=0000111 rd=23 rs1=20 rs2=17 -> instr=0x0f1a7b93 reg_write=1 illegal=0
[PASS] seq=crv_seq_5                      cyc=124 op=OPC_JAL    f3=000 f7=1101001 rd=16 rs1=31 rs2=0 -> instr=0xd20f886f reg_write=1 illegal=0
[PASS] seq=crv_seq_5                      cyc=125 op=OPC_SYSTEM f3=110 f7=0011000 rd=20 rs1=20 rs2=21 -> instr=0x315a6a73 reg_write=1 illegal=0
[PASS] seq=crv_seq_5                      cyc=126 op=OPC_STORE  f3=010 f7=1000001 rd=2 rs1=0 rs2=0 -> instr=0x82002123 reg_write=0 illegal=0
[PASS] seq=crv_seq_5                      cyc=127 op=OPC_STORE  f3=111 f7=1101101 rd=7 rs1=29 rs2=4 -> instr=0xda4ef3a3 reg_write=0 illegal=0
[PASS] seq=crv_seq_5                      cyc=128 op=OPC_CUSTOM0 f3=011 f7=0001111 rd=15 rs1=17 rs2=4 -> instr=0x1e48b78b reg_write=0 illegal=0
[PASS] seq=crv_seq_5                      cyc=129 op=OPC_LUI    f3=000 f7=0110010 rd=18 rs1=28 rs2=31 -> instr=0x65fe0937 reg_write=1 illegal=0
[PASS] seq=crv_seq_5                      cyc=130 op=OPC_JALR   f3=001 f7=1101010 rd=13 rs1=30 rs2=1 -> instr=0xd41f16e7 reg_write=1 illegal=0
[PASS] seq=crv_seq_5                      cyc=131 op=OPC_IMM    f3=011 f7=0011101 rd=8 rs1=28 rs2=31 -> instr=0x3bfe3413 reg_write=1 illegal=0
[PASS] seq=crv_seq_5                      cyc=132 op=OPC_BRANCH f3=100 f7=0010101 rd=25 rs1=7 rs2=20 -> instr=0x2b43cce3 reg_write=0 illegal=0
[PASS] seq=crv_seq_5                      cyc=133 op=OPC_JAL    f3=001 f7=0000011 rd=0 rs1=24 rs2=15 -> instr=0x06fc106f reg_write=1 illegal=0
[PASS] seq=crv_seq_5                      cyc=134 op=OPC_BRANCH f3=010 f7=1010110 rd=21 rs1=1 rs2=2 -> instr=0xac20aae3 reg_write=0 illegal=0
[PASS] seq=crv_seq_5                      cyc=135 op=OPC_IMM    f3=001 f7=1000011 rd=22 rs1=5 rs2=23 -> instr=0x87729b13 reg_write=1 illegal=0
[PASS] seq=crv_seq_5                      cyc=136 op=OPC_SYSTEM f3=001 f7=0100111 rd=2 rs1=22 rs2=19 -> instr=0x4f3b1173 reg_write=1 illegal=0
[PASS] seq=crv_seq_5                      cyc=137 op=OPC_REG    f3=001 f7=0100011 rd=9 rs1=4 rs2=12 -> instr=0x46c214b3 reg_write=0 illegal=1
[PASS] seq=crv_seq_5                      cyc=138 op=OPC_JALR   f3=001 f7=1010011 rd=2 rs1=9 rs2=4 -> instr=0xa6449167 reg_write=1 illegal=0
[PASS] seq=crv_seq_5                      cyc=139 op=OPC_STORE  f3=110 f7=1010110 rd=22 rs1=10 rs2=6 -> instr=0xac656b23 reg_write=0 illegal=0
[PASS] seq=crv_seq_5                      cyc=140 op=OPC_IMM    f3=101 f7=1000111 rd=8 rs1=2 rs2=22 -> instr=0x8f615413 reg_write=1 illegal=0
[PASS] seq=crv_seq_5                      cyc=141 op=OPC_AUIPC  f3=110 f7=1001011 rd=18 rs1=10 rs2=12 -> instr=0x96c56917 reg_write=1 illegal=0
[PASS] seq=crv_seq_5                      cyc=142 op=OPC_RESERVED f3=000 f7=1101001 rd=12 rs1=1 rs2=14 -> instr=0xd2e0867f reg_write=0 illegal=1
[PASS] seq=crv_seq_5                      cyc=143 op=OPC_LUI    f3=100 f7=0000000 rd=0 rs1=2 rs2=6 -> instr=0x00614037 reg_write=1 illegal=0
[PASS] seq=crv_seq_5                      cyc=144 op=OPC_IMM    f3=001 f7=0100101 rd=4 rs1=24 rs2=20 -> instr=0x4b4c1213 reg_write=1 illegal=0
[PASS] seq=crv_seq_5                      cyc=145 op=OPC_IMM    f3=011 f7=0111001 rd=30 rs1=31 rs2=6 -> instr=0x726fbf13 reg_write=1 illegal=0
[PASS] seq=crv_seq_5                      cyc=146 op=OPC_BRANCH f3=001 f7=1000011 rd=29 rs1=27 rs2=3 -> instr=0x863d9ee3 reg_write=0 illegal=0
[PASS] seq=crv_seq_5                      cyc=147 op=OPC_SYSTEM f3=111 f7=1111010 rd=30 rs1=24 rs2=29 -> instr=0xf5dc7f73 reg_write=1 illegal=0
[PASS] seq=crv_seq_5                      cyc=148 op=OPC_AUIPC  f3=111 f7=0011001 rd=28 rs1=23 rs2=24 -> instr=0x338bfe17 reg_write=1 illegal=0
[PASS] seq=crv_seq_5                      cyc=149 op=OPC_REG    f3=101 f7=1010111 rd=28 rs1=3 rs2=19 -> instr=0xaf31de33 reg_write=0 illegal=1
[PASS] seq=crv_seq_5                      cyc=150 op=OPC_LOAD   f3=000 f7=0100101 rd=18 rs1=13 rs2=9 -> instr=0x4a968903 reg_write=1 illegal=0
[PASS] seq=crv_seq_5                      cyc=151 op=OPC_LOAD   f3=101 f7=1100001 rd=31 rs1=15 rs2=31 -> instr=0xc3f7df83 reg_write=1 illegal=0
[PASS] seq=crv_seq_5                      cyc=152 op=OPC_CUSTOM0 f3=110 f7=1000101 rd=17 rs1=25 rs2=29 -> instr=0x8bdce88b reg_write=0 illegal=0
[PASS] seq=crv_seq_5                      cyc=153 op=OPC_JAL    f3=011 f7=1001111 rd=6 rs1=1 rs2=27 -> instr=0x9fb0b36f reg_write=1 illegal=0
[PASS] seq=crv_seq_5                      cyc=154 op=OPC_JALR   f3=101 f7=0001011 rd=26 rs1=10 rs2=8 -> instr=0x16855d67 reg_write=1 illegal=0
[PASS] seq=crv_seq_5                      cyc=155 op=OPC_SYSTEM f3=010 f7=1111001 rd=16 rs1=17 rs2=6 -> instr=0xf268a873 reg_write=1 illegal=0
[PASS] seq=crv_seq_5                      cyc=156 op=OPC_IMM    f3=111 f7=1010111 rd=8 rs1=22 rs2=8 -> instr=0xae8b7413 reg_write=1 illegal=0
[PASS] seq=crv_seq_5                      cyc=157 op=OPC_LUI    f3=011 f7=0000001 rd=6 rs1=26 rs2=30 -> instr=0x03ed3337 reg_write=1 illegal=0
[PASS] seq=crv_seq_5                      cyc=158 op=OPC_SYSTEM f3=110 f7=1001110 rd=0 rs1=31 rs2=9 -> instr=0x9c9fe073 reg_write=1 illegal=0
[PASS] seq=crv_seq_5                      cyc=159 op=OPC_RESERVED f3=110 f7=0100000 rd=11 rs1=18 rs2=20 -> instr=0x414965ff reg_write=0 illegal=1
[PASS] seq=crv_seq_5                      cyc=160 op=OPC_IMM    f3=110 f7=0110001 rd=10 rs1=14 rs2=2 -> instr=0x62276513 reg_write=1 illegal=0
[PASS] seq=crv_seq_5                      cyc=161 op=OPC_AUIPC  f3=010 f7=1111101 rd=1 rs1=11 rs2=4 -> instr=0xfa45a097 reg_write=1 illegal=0
[PASS] seq=crv_seq_5                      cyc=162 op=OPC_IMM    f3=101 f7=0100001 rd=5 rs1=0 rs2=30 -> instr=0x43e05293 reg_write=1 illegal=0
[PASS] seq=crv_seq_5                      cyc=163 op=OPC_JALR   f3=111 f7=1100101 rd=14 rs1=22 rs2=27 -> instr=0xcbbb7767 reg_write=1 illegal=0
[PASS] seq=crv_seq_5                      cyc=164 op=OPC_SYSTEM f3=100 f7=1000101 rd=8 rs1=0 rs2=31 -> instr=0x8bf04473 reg_write=1 illegal=0
[PASS] seq=crv_seq_5                      cyc=165 op=OPC_SYSTEM f3=000 f7=0110110 rd=29 rs1=26 rs2=14 -> instr=0x6ced0ef3 reg_write=0 illegal=0
[PASS] seq=crv_seq_5                      cyc=166 op=OPC_BRANCH f3=110 f7=0110101 rd=28 rs1=24 rs2=7 -> instr=0x6a7c6e63 reg_write=0 illegal=0
[PASS] seq=crv_seq_5                      cyc=167 op=OPC_LUI    f3=010 f7=1011011 rd=10 rs1=0 rs2=27 -> instr=0xb7b02537 reg_write=1 illegal=0
[PASS] seq=crv_seq_5                      cyc=168 op=OPC_CUSTOM0 f3=010 f7=1011111 rd=14 rs1=1 rs2=29 -> instr=0xbfd0a70b reg_write=0 illegal=0
[PASS] seq=crv_seq_5                      cyc=169 op=OPC_LUI    f3=100 f7=0000001 rd=7 rs1=4 rs2=22 -> instr=0x036243b7 reg_write=1 illegal=0
[PASS] seq=crv_seq_5                      cyc=170 op=OPC_AUIPC  f3=011 f7=0000010 rd=28 rs1=16 rs2=19 -> instr=0x05383e17 reg_write=1 illegal=0
[PASS] seq=crv_seq_5                      cyc=171 op=OPC_CUSTOM0 f3=011 f7=0001111 rd=13 rs1=6 rs2=25 -> instr=0x1f93368b reg_write=0 illegal=0
[PASS] seq=crv_seq_5                      cyc=172 op=OPC_LOAD   f3=101 f7=1100110 rd=10 rs1=26 rs2=24 -> instr=0xcd8d5503 reg_write=1 illegal=0
[PASS] seq=crv_seq_5                      cyc=173 op=OPC_IMM    f3=001 f7=1011001 rd=30 rs1=0 rs2=11 -> instr=0xb2b01f13 reg_write=1 illegal=0
[PASS] seq=crv_seq_5                      cyc=174 op=OPC_REG    f3=010 f7=1010110 rd=7 rs1=18 rs2=21 -> instr=0xad5923b3 reg_write=0 illegal=1
[PASS] seq=crv_seq_5                      cyc=175 op=OPC_IMM    f3=000 f7=0011100 rd=17 rs1=21 rs2=11 -> instr=0x38ba8893 reg_write=1 illegal=0
[PASS] seq=crv_seq_5                      cyc=176 op=OPC_AUIPC  f3=101 f7=0001101 rd=1 rs1=15 rs2=11 -> instr=0x1ab7d097 reg_write=1 illegal=0
[PASS] seq=crv_seq_5                      cyc=177 op=OPC_REG    f3=100 f7=1101111 rd=26 rs1=3 rs2=14 -> instr=0xdee1cd33 reg_write=0 illegal=1
[PASS] seq=crv_seq_5                      cyc=178 op=OPC_LOAD   f3=010 f7=1000101 rd=18 rs1=15 rs2=28 -> instr=0x8bc7a903 reg_write=1 illegal=0
[PASS] seq=crv_seq_5                      cyc=179 op=OPC_RESERVED f3=100 f7=0111100 rd=21 rs1=26 rs2=1 -> instr=0x781d4aff reg_write=0 illegal=1
[PASS] seq=crv_seq_5                      cyc=180 op=OPC_CUSTOM0 f3=100 f7=1100010 rd=4 rs1=1 rs2=8 -> instr=0xc480c20b reg_write=0 illegal=0
[PASS] seq=crv_seq_5                      cyc=181 op=OPC_LOAD   f3=111 f7=1000101 rd=30 rs1=10 rs2=11 -> instr=0x8ab57f03 reg_write=1 illegal=0
[PASS] seq=crv_seq_5                      cyc=182 op=OPC_CUSTOM0 f3=101 f7=0001001 rd=11 rs1=26 rs2=6 -> instr=0x126d558b reg_write=0 illegal=0
[PASS] seq=crv_seq_5                      cyc=183 op=OPC_BRANCH f3=100 f7=1100111 rd=20 rs1=26 rs2=12 -> instr=0xcecd4a63 reg_write=0 illegal=0
[PASS] seq=crv_seq_5                      cyc=184 op=OPC_IMM    f3=111 f7=1101001 rd=21 rs1=12 rs2=15 -> instr=0xd2f67a93 reg_write=1 illegal=0
[PASS] seq=crv_seq_5                      cyc=185 op=OPC_JAL    f3=101 f7=0001010 rd=28 rs1=15 rs2=10 -> instr=0x14a7de6f reg_write=1 illegal=0
[PASS] seq=crv_seq_5                      cyc=186 op=OPC_CUSTOM0 f3=000 f7=1011111 rd=13 rs1=21 rs2=6 -> instr=0xbe6a868b reg_write=0 illegal=0
[PASS] seq=crv_seq_5                      cyc=187 op=OPC_JAL    f3=110 f7=1101101 rd=30 rs1=20 rs2=9 -> instr=0xda9a6f6f reg_write=1 illegal=0
[PASS] seq=crv_seq_5                      cyc=188 op=OPC_SYSTEM f3=001 f7=1110100 rd=29 rs1=31 rs2=18 -> instr=0xe92f9ef3 reg_write=1 illegal=0
[PASS] seq=crv_seq_5                      cyc=189 op=OPC_SYSTEM f3=001 f7=1110010 rd=16 rs1=14 rs2=18 -> instr=0xe5271873 reg_write=1 illegal=0
[PASS] seq=crv_seq_5                      cyc=190 op=OPC_RESERVED f3=010 f7=0000111 rd=2 rs1=16 rs2=29 -> instr=0x0fd8217f reg_write=0 illegal=1
[PASS] seq=crv_seq_5                      cyc=191 op=OPC_STORE  f3=011 f7=1111011 rd=2 rs1=17 rs2=16 -> instr=0xf708b123 reg_write=0 illegal=0
[PASS] seq=crv_seq_5                      cyc=192 op=OPC_STORE  f3=001 f7=1010000 rd=9 rs1=11 rs2=8 -> instr=0xa08594a3 reg_write=0 illegal=0
[PASS] seq=crv_seq_5                      cyc=193 op=OPC_JAL    f3=001 f7=0111101 rd=31 rs1=15 rs2=31 -> instr=0x7bf79fef reg_write=1 illegal=0
[PASS] seq=crv_seq_5                      cyc=194 op=OPC_CUSTOM0 f3=100 f7=0110110 rd=13 rs1=2 rs2=0 -> instr=0x6c01468b reg_write=0 illegal=0
[PASS] seq=crv_seq_5                      cyc=195 op=OPC_SYSTEM f3=010 f7=1100110 rd=1 rs1=23 rs2=28 -> instr=0xcdcba0f3 reg_write=1 illegal=0
[PASS] seq=crv_seq_5                      cyc=196 op=OPC_CUSTOM0 f3=011 f7=0110000 rd=4 rs1=4 rs2=26 -> instr=0x61a2320b reg_write=0 illegal=0
[PASS] seq=crv_seq_5                      cyc=197 op=OPC_CUSTOM0 f3=010 f7=1001001 rd=26 rs1=16 rs2=6 -> instr=0x92682d0b reg_write=0 illegal=0
[PASS] seq=crv_seq_5                      cyc=198 op=OPC_STORE  f3=010 f7=0111001 rd=8 rs1=12 rs2=30 -> instr=0x73e62423 reg_write=0 illegal=0
[PASS] seq=crv_seq_5                      cyc=199 op=OPC_JAL    f3=001 f7=1001111 rd=18 rs1=9 rs2=14 -> instr=0x9ee4996f reg_write=1 illegal=0
[PASS] seq=crv_seq_6                      cyc=0 op=OPC_IMM    f3=011 f7=1101110 rd=26 rs1=30 rs2=13 -> instr=0xdcdf3d13 reg_write=1 illegal=0
[PASS] seq=crv_seq_6                      cyc=1 op=OPC_JALR   f3=010 f7=0111100 rd=19 rs1=23 rs2=28 -> instr=0x79cba9e7 reg_write=1 illegal=0
[PASS] seq=crv_seq_6                      cyc=2 op=OPC_RESERVED f3=110 f7=0011010 rd=27 rs1=27 rs2=17 -> instr=0x351dedff reg_write=0 illegal=1
[PASS] seq=crv_seq_6                      cyc=3 op=OPC_IMM    f3=101 f7=1111111 rd=7 rs1=24 rs2=28 -> instr=0xffcc5393 reg_write=1 illegal=0
[PASS] seq=crv_seq_6                      cyc=4 op=OPC_STORE  f3=010 f7=0000100 rd=0 rs1=20 rs2=29 -> instr=0x09da2023 reg_write=0 illegal=0
[PASS] seq=crv_seq_6                      cyc=5 op=OPC_JAL    f3=011 f7=0111000 rd=8 rs1=0 rs2=29 -> instr=0x71d0346f reg_write=1 illegal=0
[PASS] seq=crv_seq_6                      cyc=6 op=OPC_JAL    f3=111 f7=1101101 rd=18 rs1=9 rs2=10 -> instr=0xdaa4f96f reg_write=1 illegal=0
[PASS] seq=crv_seq_6                      cyc=7 op=OPC_AUIPC  f3=011 f7=1010011 rd=25 rs1=0 rs2=14 -> instr=0xa6e03c97 reg_write=1 illegal=0
[PASS] seq=crv_seq_6                      cyc=8 op=OPC_BRANCH f3=010 f7=1001001 rd=12 rs1=0 rs2=15 -> instr=0x92f02663 reg_write=0 illegal=0
[PASS] seq=crv_seq_6                      cyc=9 op=OPC_STORE  f3=010 f7=0000100 rd=24 rs1=18 rs2=14 -> instr=0x08e92c23 reg_write=0 illegal=0
[PASS] seq=crv_seq_6                      cyc=10 op=OPC_IMM    f3=111 f7=0000111 rd=15 rs1=17 rs2=0 -> instr=0x0e08f793 reg_write=1 illegal=0
[PASS] seq=crv_seq_6                      cyc=11 op=OPC_STORE  f3=011 f7=0001100 rd=20 rs1=4 rs2=6 -> instr=0x18623a23 reg_write=0 illegal=0
[PASS] seq=crv_seq_6                      cyc=12 op=OPC_JAL    f3=111 f7=0101100 rd=1 rs1=14 rs2=27 -> instr=0x59b770ef reg_write=1 illegal=0
[PASS] seq=crv_seq_6                      cyc=13 op=OPC_LUI    f3=000 f7=1101010 rd=8 rs1=22 rs2=19 -> instr=0xd53b0437 reg_write=1 illegal=0
[PASS] seq=crv_seq_6                      cyc=14 op=OPC_AUIPC  f3=101 f7=0111011 rd=4 rs1=20 rs2=13 -> instr=0x76da5217 reg_write=1 illegal=0
[PASS] seq=crv_seq_6                      cyc=15 op=OPC_JAL    f3=110 f7=0100010 rd=17 rs1=16 rs2=21 -> instr=0x455868ef reg_write=1 illegal=0
[PASS] seq=crv_seq_6                      cyc=16 op=OPC_JALR   f3=101 f7=0011010 rd=20 rs1=20 rs2=26 -> instr=0x35aa5a67 reg_write=1 illegal=0
[PASS] seq=crv_seq_6                      cyc=17 op=OPC_LOAD   f3=111 f7=1011001 rd=12 rs1=27 rs2=11 -> instr=0xb2bdf603 reg_write=1 illegal=0
[PASS] seq=crv_seq_6                      cyc=18 op=OPC_STORE  f3=101 f7=0001011 rd=8 rs1=13 rs2=17 -> instr=0x1716d423 reg_write=0 illegal=0
[PASS] seq=crv_seq_6                      cyc=19 op=OPC_LUI    f3=101 f7=0101110 rd=4 rs1=0 rs2=13 -> instr=0x5cd05237 reg_write=1 illegal=0
[PASS] seq=crv_seq_6                      cyc=20 op=OPC_BRANCH f3=000 f7=1000100 rd=11 rs1=30 rs2=4 -> instr=0x884f05e3 reg_write=0 illegal=0
[PASS] seq=crv_seq_6                      cyc=21 op=OPC_IMM    f3=000 f7=0101000 rd=8 rs1=9 rs2=8 -> instr=0x50848413 reg_write=1 illegal=0
[PASS] seq=crv_seq_6                      cyc=22 op=OPC_JAL    f3=010 f7=0101000 rd=26 rs1=30 rs2=26 -> instr=0x51af2d6f reg_write=1 illegal=0
[PASS] seq=crv_seq_6                      cyc=23 op=OPC_BRANCH f3=000 f7=0010010 rd=5 rs1=28 rs2=18 -> instr=0x252e02e3 reg_write=0 illegal=0
[PASS] seq=crv_seq_6                      cyc=24 op=OPC_BRANCH f3=001 f7=1011000 rd=24 rs1=29 rs2=31 -> instr=0xb1fe9c63 reg_write=0 illegal=0
[PASS] seq=crv_seq_6                      cyc=25 op=OPC_JALR   f3=001 f7=0001000 rd=26 rs1=23 rs2=16 -> instr=0x110b9d67 reg_write=1 illegal=0
[PASS] seq=crv_seq_6                      cyc=26 op=OPC_AUIPC  f3=011 f7=0100111 rd=10 rs1=27 rs2=22 -> instr=0x4f6db517 reg_write=1 illegal=0
[PASS] seq=crv_seq_6                      cyc=27 op=OPC_STORE  f3=011 f7=0110111 rd=20 rs1=20 rs2=15 -> instr=0x6efa3a23 reg_write=0 illegal=0
[PASS] seq=crv_seq_6                      cyc=28 op=OPC_LOAD   f3=111 f7=0001110 rd=26 rs1=29 rs2=15 -> instr=0x1cfefd03 reg_write=1 illegal=0
[PASS] seq=crv_seq_6                      cyc=29 op=OPC_AUIPC  f3=000 f7=0100010 rd=31 rs1=15 rs2=1 -> instr=0x44178f97 reg_write=1 illegal=0
[PASS] seq=crv_seq_6                      cyc=30 op=OPC_STORE  f3=100 f7=1011111 rd=7 rs1=27 rs2=6 -> instr=0xbe6dc3a3 reg_write=0 illegal=0
[PASS] seq=crv_seq_6                      cyc=31 op=OPC_SYSTEM f3=010 f7=0101011 rd=6 rs1=18 rs2=20 -> instr=0x57492373 reg_write=1 illegal=0
[PASS] seq=crv_seq_6                      cyc=32 op=OPC_LUI    f3=100 f7=0011100 rd=15 rs1=7 rs2=5 -> instr=0x3853c7b7 reg_write=1 illegal=0
[PASS] seq=crv_seq_6                      cyc=33 op=OPC_SYSTEM f3=000 f7=0100001 rd=12 rs1=29 rs2=4 -> instr=0x424e8673 reg_write=0 illegal=0
[PASS] seq=crv_seq_6                      cyc=34 op=OPC_LOAD   f3=000 f7=0010100 rd=30 rs1=24 rs2=3 -> instr=0x283c0f03 reg_write=1 illegal=0
[PASS] seq=crv_seq_6                      cyc=35 op=OPC_REG    f3=011 f7=0001010 rd=23 rs1=2 rs2=14 -> instr=0x14e13bb3 reg_write=0 illegal=1
[PASS] seq=crv_seq_6                      cyc=36 op=OPC_JALR   f3=110 f7=1010000 rd=6 rs1=8 rs2=28 -> instr=0xa1c46367 reg_write=1 illegal=0
[PASS] seq=crv_seq_6                      cyc=37 op=OPC_SYSTEM f3=110 f7=0100110 rd=18 rs1=30 rs2=19 -> instr=0x4d3f6973 reg_write=1 illegal=0
[PASS] seq=crv_seq_6                      cyc=38 op=OPC_BRANCH f3=111 f7=0101111 rd=1 rs1=21 rs2=18 -> instr=0x5f2af0e3 reg_write=0 illegal=0
[PASS] seq=crv_seq_6                      cyc=39 op=OPC_REG    f3=010 f7=1101010 rd=12 rs1=13 rs2=10 -> instr=0xd4a6a633 reg_write=0 illegal=1
[PASS] seq=crv_seq_6                      cyc=40 op=OPC_JALR   f3=001 f7=0111101 rd=11 rs1=6 rs2=26 -> instr=0x7ba315e7 reg_write=1 illegal=0
[PASS] seq=crv_seq_6                      cyc=41 op=OPC_SYSTEM f3=001 f7=0001110 rd=22 rs1=1 rs2=16 -> instr=0x1d009b73 reg_write=1 illegal=0
[PASS] seq=crv_seq_6                      cyc=42 op=OPC_JALR   f3=000 f7=1101100 rd=5 rs1=8 rs2=9 -> instr=0xd89402e7 reg_write=1 illegal=0
[PASS] seq=crv_seq_6                      cyc=43 op=OPC_CUSTOM0 f3=101 f7=1001010 rd=22 rs1=6 rs2=15 -> instr=0x94f35b0b reg_write=0 illegal=0
[PASS] seq=crv_seq_6                      cyc=44 op=OPC_IMM    f3=110 f7=0011111 rd=11 rs1=12 rs2=18 -> instr=0x3f266593 reg_write=1 illegal=0
[PASS] seq=crv_seq_6                      cyc=45 op=OPC_REG    f3=101 f7=1110101 rd=12 rs1=2 rs2=28 -> instr=0xebc15633 reg_write=0 illegal=1
[PASS] seq=crv_seq_6                      cyc=46 op=OPC_IMM    f3=011 f7=1110100 rd=17 rs1=29 rs2=21 -> instr=0xe95eb893 reg_write=1 illegal=0
[PASS] seq=crv_seq_6                      cyc=47 op=OPC_BRANCH f3=010 f7=0011010 rd=22 rs1=19 rs2=9 -> instr=0x3499ab63 reg_write=0 illegal=0
[PASS] seq=crv_seq_6                      cyc=48 op=OPC_IMM    f3=010 f7=1100000 rd=19 rs1=3 rs2=4 -> instr=0xc041a993 reg_write=1 illegal=0
[PASS] seq=crv_seq_6                      cyc=49 op=OPC_AUIPC  f3=001 f7=1000110 rd=3 rs1=19 rs2=3 -> instr=0x8c399197 reg_write=1 illegal=0
[PASS] seq=crv_seq_6                      cyc=50 op=OPC_REG    f3=101 f7=1000011 rd=2 rs1=26 rs2=9 -> instr=0x869d5133 reg_write=0 illegal=1
[PASS] seq=crv_seq_6                      cyc=51 op=OPC_LUI    f3=011 f7=1100000 rd=31 rs1=3 rs2=17 -> instr=0xc111bfb7 reg_write=1 illegal=0
[PASS] seq=crv_seq_6                      cyc=52 op=OPC_RESERVED f3=001 f7=0111101 rd=26 rs1=5 rs2=3 -> instr=0x7a329d7f reg_write=0 illegal=1
[PASS] seq=crv_seq_6                      cyc=53 op=OPC_SYSTEM f3=001 f7=1010100 rd=12 rs1=13 rs2=12 -> instr=0xa8c69673 reg_write=1 illegal=0
[PASS] seq=crv_seq_6                      cyc=54 op=OPC_AUIPC  f3=101 f7=0011011 rd=21 rs1=16 rs2=28 -> instr=0x37c85a97 reg_write=1 illegal=0
[PASS] seq=crv_seq_6                      cyc=55 op=OPC_REG    f3=111 f7=1110100 rd=31 rs1=20 rs2=7 -> instr=0xe87a7fb3 reg_write=0 illegal=1
[PASS] seq=crv_seq_6                      cyc=56 op=OPC_IMM    f3=011 f7=0101010 rd=13 rs1=28 rs2=11 -> instr=0x54be3693 reg_write=1 illegal=0
[PASS] seq=crv_seq_6                      cyc=57 op=OPC_IMM    f3=111 f7=0001110 rd=7 rs1=17 rs2=23 -> instr=0x1d78f393 reg_write=1 illegal=0
[PASS] seq=crv_seq_6                      cyc=58 op=OPC_CUSTOM0 f3=000 f7=1000010 rd=28 rs1=24 rs2=2 -> instr=0x842c0e0b reg_write=0 illegal=0
[PASS] seq=crv_seq_6                      cyc=59 op=OPC_AUIPC  f3=111 f7=0111111 rd=3 rs1=20 rs2=7 -> instr=0x7e7a7197 reg_write=1 illegal=0
[PASS] seq=crv_seq_6                      cyc=60 op=OPC_STORE  f3=111 f7=1100011 rd=8 rs1=18 rs2=0 -> instr=0xc6097423 reg_write=0 illegal=0
[PASS] seq=crv_seq_6                      cyc=61 op=OPC_BRANCH f3=111 f7=0010111 rd=9 rs1=25 rs2=3 -> instr=0x2e3cf4e3 reg_write=0 illegal=0
[PASS] seq=crv_seq_6                      cyc=62 op=OPC_LOAD   f3=010 f7=0001001 rd=15 rs1=24 rs2=22 -> instr=0x136c2783 reg_write=1 illegal=0
[PASS] seq=crv_seq_6                      cyc=63 op=OPC_REG    f3=010 f7=0111000 rd=12 rs1=12 rs2=27 -> instr=0x71b62633 reg_write=0 illegal=1
[PASS] seq=crv_seq_6                      cyc=64 op=OPC_SYSTEM f3=110 f7=1011100 rd=12 rs1=21 rs2=29 -> instr=0xb9dae673 reg_write=1 illegal=0
[PASS] seq=crv_seq_6                      cyc=65 op=OPC_JALR   f3=110 f7=1101011 rd=25 rs1=4 rs2=5 -> instr=0xd6526ce7 reg_write=1 illegal=0
[PASS] seq=crv_seq_6                      cyc=66 op=OPC_RESERVED f3=110 f7=1110000 rd=27 rs1=7 rs2=7 -> instr=0xe073edff reg_write=0 illegal=1
[PASS] seq=crv_seq_6                      cyc=67 op=OPC_STORE  f3=100 f7=0001001 rd=23 rs1=16 rs2=3 -> instr=0x12384ba3 reg_write=0 illegal=0
[PASS] seq=crv_seq_6                      cyc=68 op=OPC_LOAD   f3=001 f7=0011100 rd=9 rs1=4 rs2=20 -> instr=0x39421483 reg_write=1 illegal=0
[PASS] seq=crv_seq_6                      cyc=69 op=OPC_LOAD   f3=011 f7=0000001 rd=6 rs1=31 rs2=1 -> instr=0x021fb303 reg_write=1 illegal=0
[PASS] seq=crv_seq_6                      cyc=70 op=OPC_REG    f3=101 f7=0111101 rd=0 rs1=29 rs2=22 -> instr=0x7b6ed033 reg_write=0 illegal=1
[PASS] seq=crv_seq_6                      cyc=71 op=OPC_IMM    f3=011 f7=1010101 rd=10 rs1=29 rs2=21 -> instr=0xab5eb513 reg_write=1 illegal=0
[PASS] seq=crv_seq_6                      cyc=72 op=OPC_IMM    f3=101 f7=1101101 rd=2 rs1=26 rs2=8 -> instr=0xda8d5113 reg_write=1 illegal=0
[PASS] seq=crv_seq_6                      cyc=73 op=OPC_BRANCH f3=110 f7=0111010 rd=1 rs1=2 rs2=22 -> instr=0x756160e3 reg_write=0 illegal=0
[PASS] seq=crv_seq_6                      cyc=74 op=OPC_STORE  f3=101 f7=0101110 rd=30 rs1=12 rs2=29 -> instr=0x5dd65f23 reg_write=0 illegal=0
[PASS] seq=crv_seq_6                      cyc=75 op=OPC_STORE  f3=010 f7=0100011 rd=9 rs1=0 rs2=15 -> instr=0x46f024a3 reg_write=0 illegal=0
[PASS] seq=crv_seq_6                      cyc=76 op=OPC_LUI    f3=011 f7=0101101 rd=22 rs1=30 rs2=21 -> instr=0x5b5f3b37 reg_write=1 illegal=0
[PASS] seq=crv_seq_6                      cyc=77 op=OPC_JAL    f3=100 f7=1101111 rd=26 rs1=1 rs2=18 -> instr=0xdf20cd6f reg_write=1 illegal=0
[PASS] seq=crv_seq_6                      cyc=78 op=OPC_AUIPC  f3=100 f7=1000110 rd=4 rs1=30 rs2=3 -> instr=0x8c3f4217 reg_write=1 illegal=0
[PASS] seq=crv_seq_6                      cyc=79 op=OPC_BRANCH f3=011 f7=0010110 rd=10 rs1=0 rs2=24 -> instr=0x2d803563 reg_write=0 illegal=0
[PASS] seq=crv_seq_6                      cyc=80 op=OPC_BRANCH f3=110 f7=1000001 rd=13 rs1=8 rs2=25 -> instr=0x839466e3 reg_write=0 illegal=0
[PASS] seq=crv_seq_6                      cyc=81 op=OPC_BRANCH f3=100 f7=0110000 rd=21 rs1=1 rs2=5 -> instr=0x6050cae3 reg_write=0 illegal=0
[PASS] seq=crv_seq_6                      cyc=82 op=OPC_BRANCH f3=111 f7=0101100 rd=4 rs1=29 rs2=13 -> instr=0x58def263 reg_write=0 illegal=0
[PASS] seq=crv_seq_6                      cyc=83 op=OPC_IMM    f3=100 f7=1000111 rd=25 rs1=27 rs2=0 -> instr=0x8e0dcc93 reg_write=1 illegal=0
[PASS] seq=crv_seq_6                      cyc=84 op=OPC_LUI    f3=100 f7=1011011 rd=31 rs1=30 rs2=31 -> instr=0xb7ff4fb7 reg_write=1 illegal=0
[PASS] seq=crv_seq_6                      cyc=85 op=OPC_RESERVED f3=100 f7=0111100 rd=5 rs1=3 rs2=12 -> instr=0x78c1c2ff reg_write=0 illegal=1
[PASS] seq=crv_seq_6                      cyc=86 op=OPC_JAL    f3=000 f7=0111101 rd=24 rs1=8 rs2=7 -> instr=0x7a740c6f reg_write=1 illegal=0
[PASS] seq=crv_seq_6                      cyc=87 op=OPC_SYSTEM f3=100 f7=0100000 rd=6 rs1=13 rs2=1 -> instr=0x4016c373 reg_write=1 illegal=0
[PASS] seq=crv_seq_6                      cyc=88 op=OPC_LOAD   f3=010 f7=0000110 rd=22 rs1=28 rs2=31 -> instr=0x0dfe2b03 reg_write=1 illegal=0
[PASS] seq=crv_seq_6                      cyc=89 op=OPC_STORE  f3=101 f7=0110000 rd=23 rs1=21 rs2=2 -> instr=0x602adba3 reg_write=0 illegal=0
[PASS] seq=crv_seq_6                      cyc=90 op=OPC_LOAD   f3=110 f7=0111111 rd=2 rs1=2 rs2=24 -> instr=0x7f816103 reg_write=1 illegal=0
[PASS] seq=crv_seq_6                      cyc=91 op=OPC_RESERVED f3=101 f7=0111011 rd=16 rs1=20 rs2=1 -> instr=0x761a587f reg_write=0 illegal=1
[PASS] seq=crv_seq_6                      cyc=92 op=OPC_JAL    f3=110 f7=1001111 rd=14 rs1=15 rs2=25 -> instr=0x9f97e76f reg_write=1 illegal=0
[PASS] seq=crv_seq_6                      cyc=93 op=OPC_CUSTOM0 f3=101 f7=1100110 rd=17 rs1=30 rs2=13 -> instr=0xccdf588b reg_write=0 illegal=0
[PASS] seq=crv_seq_6                      cyc=94 op=OPC_STORE  f3=100 f7=0101001 rd=24 rs1=15 rs2=23 -> instr=0x5377cc23 reg_write=0 illegal=0
[PASS] seq=crv_seq_6                      cyc=95 op=OPC_LOAD   f3=010 f7=0101111 rd=16 rs1=20 rs2=22 -> instr=0x5f6a2803 reg_write=1 illegal=0
[PASS] seq=crv_seq_6                      cyc=96 op=OPC_REG    f3=100 f7=0000110 rd=21 rs1=8 rs2=3 -> instr=0x0c344ab3 reg_write=0 illegal=1
[PASS] seq=crv_seq_6                      cyc=97 op=OPC_RESERVED f3=100 f7=1011001 rd=5 rs1=23 rs2=14 -> instr=0xb2ebc2ff reg_write=0 illegal=1
[PASS] seq=crv_seq_6                      cyc=98 op=OPC_BRANCH f3=000 f7=0101011 rd=26 rs1=15 rs2=6 -> instr=0x56678d63 reg_write=0 illegal=0
[PASS] seq=crv_seq_6                      cyc=99 op=OPC_RESERVED f3=100 f7=0111010 rd=24 rs1=29 rs2=18 -> instr=0x752ecc7f reg_write=0 illegal=1
[PASS] seq=crv_seq_6                      cyc=100 op=OPC_LUI    f3=101 f7=0111110 rd=13 rs1=12 rs2=20 -> instr=0x7d4656b7 reg_write=1 illegal=0
[PASS] seq=crv_seq_6                      cyc=101 op=OPC_JALR   f3=110 f7=0000011 rd=1 rs1=13 rs2=7 -> instr=0x0676e0e7 reg_write=1 illegal=0
[PASS] seq=crv_seq_6                      cyc=102 op=OPC_AUIPC  f3=011 f7=0110000 rd=19 rs1=8 rs2=14 -> instr=0x60e43997 reg_write=1 illegal=0
[PASS] seq=crv_seq_6                      cyc=103 op=OPC_SYSTEM f3=010 f7=1000000 rd=23 rs1=20 rs2=0 -> instr=0x800a2bf3 reg_write=1 illegal=0
[PASS] seq=crv_seq_6                      cyc=104 op=OPC_STORE  f3=000 f7=1110000 rd=2 rs1=11 rs2=10 -> instr=0xe0a58123 reg_write=0 illegal=0
[PASS] seq=crv_seq_6                      cyc=105 op=OPC_REG    f3=011 f7=0101001 rd=26 rs1=16 rs2=31 -> instr=0x53f83d33 reg_write=0 illegal=1
[PASS] seq=crv_seq_6                      cyc=106 op=OPC_LUI    f3=110 f7=0011001 rd=30 rs1=3 rs2=27 -> instr=0x33b1ef37 reg_write=1 illegal=0
[PASS] seq=crv_seq_6                      cyc=107 op=OPC_SYSTEM f3=111 f7=1010101 rd=1 rs1=10 rs2=15 -> instr=0xaaf570f3 reg_write=1 illegal=0
[PASS] seq=crv_seq_6                      cyc=108 op=OPC_LOAD   f3=001 f7=1001010 rd=29 rs1=12 rs2=5 -> instr=0x94561e83 reg_write=1 illegal=0
[PASS] seq=crv_seq_6                      cyc=109 op=OPC_BRANCH f3=101 f7=0001011 rd=30 rs1=24 rs2=23 -> instr=0x177c5f63 reg_write=0 illegal=0
[PASS] seq=crv_seq_6                      cyc=110 op=OPC_BRANCH f3=110 f7=0100011 rd=9 rs1=21 rs2=6 -> instr=0x466ae4e3 reg_write=0 illegal=0
[PASS] seq=crv_seq_6                      cyc=111 op=OPC_REG    f3=100 f7=0111011 rd=20 rs1=3 rs2=30 -> instr=0x77e1ca33 reg_write=0 illegal=1
[PASS] seq=crv_seq_6                      cyc=112 op=OPC_CUSTOM0 f3=110 f7=1010101 rd=30 rs1=6 rs2=5 -> instr=0xaa536f0b reg_write=0 illegal=0
[PASS] seq=crv_seq_6                      cyc=113 op=OPC_LOAD   f3=111 f7=1000110 rd=3 rs1=21 rs2=27 -> instr=0x8dbaf183 reg_write=1 illegal=0
[PASS] seq=crv_seq_6                      cyc=114 op=OPC_RESERVED f3=010 f7=1010000 rd=29 rs1=22 rs2=7 -> instr=0xa07b2eff reg_write=0 illegal=1
[PASS] seq=crv_seq_6                      cyc=115 op=OPC_SYSTEM f3=000 f7=1000010 rd=0 rs1=17 rs2=13 -> instr=0x84d88073 reg_write=0 illegal=0
[PASS] seq=crv_seq_6                      cyc=116 op=OPC_LOAD   f3=010 f7=1111110 rd=9 rs1=28 rs2=29 -> instr=0xfdde2483 reg_write=1 illegal=0
[PASS] seq=crv_seq_6                      cyc=117 op=OPC_CUSTOM0 f3=100 f7=0011011 rd=16 rs1=5 rs2=31 -> instr=0x37f2c80b reg_write=0 illegal=0
[PASS] seq=crv_seq_6                      cyc=118 op=OPC_RESERVED f3=000 f7=0000011 rd=1 rs1=20 rs2=9 -> instr=0x069a00ff reg_write=0 illegal=1
[PASS] seq=crv_seq_6                      cyc=119 op=OPC_AUIPC  f3=011 f7=1110110 rd=6 rs1=30 rs2=20 -> instr=0xed4f3317 reg_write=1 illegal=0
[PASS] seq=crv_seq_6                      cyc=120 op=OPC_BRANCH f3=100 f7=0010010 rd=2 rs1=31 rs2=14 -> instr=0x24efc163 reg_write=0 illegal=0
[PASS] seq=crv_seq_6                      cyc=121 op=OPC_SYSTEM f3=111 f7=1010111 rd=2 rs1=23 rs2=25 -> instr=0xaf9bf173 reg_write=1 illegal=0
[PASS] seq=crv_seq_6                      cyc=122 op=OPC_CUSTOM0 f3=001 f7=1011101 rd=27 rs1=11 rs2=31 -> instr=0xbbf59d8b reg_write=0 illegal=0
[PASS] seq=crv_seq_6                      cyc=123 op=OPC_BRANCH f3=001 f7=0010100 rd=1 rs1=3 rs2=23 -> instr=0x297190e3 reg_write=0 illegal=0
[PASS] seq=crv_seq_6                      cyc=124 op=OPC_BRANCH f3=010 f7=1101010 rd=17 rs1=21 rs2=7 -> instr=0xd47aa8e3 reg_write=0 illegal=0
[PASS] seq=crv_seq_6                      cyc=125 op=OPC_LOAD   f3=111 f7=0011000 rd=31 rs1=26 rs2=14 -> instr=0x30ed7f83 reg_write=1 illegal=0
[PASS] seq=crv_seq_6                      cyc=126 op=OPC_STORE  f3=011 f7=1100000 rd=15 rs1=17 rs2=5 -> instr=0xc058b7a3 reg_write=0 illegal=0
[PASS] seq=crv_seq_6                      cyc=127 op=OPC_IMM    f3=000 f7=1010001 rd=6 rs1=28 rs2=13 -> instr=0xa2de0313 reg_write=1 illegal=0
[PASS] seq=crv_seq_6                      cyc=128 op=OPC_LOAD   f3=011 f7=1100010 rd=2 rs1=1 rs2=13 -> instr=0xc4d0b103 reg_write=1 illegal=0
[PASS] seq=crv_seq_6                      cyc=129 op=OPC_LUI    f3=010 f7=0111010 rd=3 rs1=10 rs2=25 -> instr=0x759521b7 reg_write=1 illegal=0
[PASS] seq=crv_seq_6                      cyc=130 op=OPC_SYSTEM f3=100 f7=0010101 rd=31 rs1=8 rs2=10 -> instr=0x2aa44ff3 reg_write=1 illegal=0
[PASS] seq=crv_seq_6                      cyc=131 op=OPC_CUSTOM0 f3=100 f7=0111110 rd=19 rs1=22 rs2=14 -> instr=0x7ceb498b reg_write=0 illegal=0
[PASS] seq=crv_seq_6                      cyc=132 op=OPC_IMM    f3=101 f7=0100100 rd=17 rs1=4 rs2=8 -> instr=0x48825893 reg_write=1 illegal=0
[PASS] seq=crv_seq_6                      cyc=133 op=OPC_REG    f3=110 f7=1011000 rd=13 rs1=28 rs2=22 -> instr=0xb16e66b3 reg_write=0 illegal=1
[PASS] seq=crv_seq_6                      cyc=134 op=OPC_AUIPC  f3=100 f7=1100100 rd=21 rs1=21 rs2=12 -> instr=0xc8caca97 reg_write=1 illegal=0
[PASS] seq=crv_seq_6                      cyc=135 op=OPC_STORE  f3=111 f7=0000000 rd=2 rs1=15 rs2=9 -> instr=0x0097f123 reg_write=0 illegal=0
[PASS] seq=crv_seq_6                      cyc=136 op=OPC_SYSTEM f3=111 f7=0111100 rd=7 rs1=24 rs2=10 -> instr=0x78ac73f3 reg_write=1 illegal=0
[PASS] seq=crv_seq_6                      cyc=137 op=OPC_LUI    f3=100 f7=0010000 rd=31 rs1=14 rs2=21 -> instr=0x21574fb7 reg_write=1 illegal=0
[PASS] seq=crv_seq_6                      cyc=138 op=OPC_STORE  f3=111 f7=1111111 rd=4 rs1=27 rs2=21 -> instr=0xff5df223 reg_write=0 illegal=0
[PASS] seq=crv_seq_6                      cyc=139 op=OPC_RESERVED f3=001 f7=1111101 rd=27 rs1=21 rs2=14 -> instr=0xfaea9dff reg_write=0 illegal=1
[PASS] seq=crv_seq_6                      cyc=140 op=OPC_JALR   f3=001 f7=1111011 rd=4 rs1=7 rs2=19 -> instr=0xf7339267 reg_write=1 illegal=0
[PASS] seq=crv_seq_6                      cyc=141 op=OPC_LUI    f3=101 f7=0000010 rd=1 rs1=11 rs2=26 -> instr=0x05a5d0b7 reg_write=1 illegal=0
[PASS] seq=crv_seq_6                      cyc=142 op=OPC_IMM    f3=101 f7=0001111 rd=4 rs1=0 rs2=1 -> instr=0x1e105213 reg_write=1 illegal=0
[PASS] seq=crv_seq_6                      cyc=143 op=OPC_SYSTEM f3=110 f7=0001101 rd=6 rs1=2 rs2=10 -> instr=0x1aa16373 reg_write=1 illegal=0
[PASS] seq=crv_seq_6                      cyc=144 op=OPC_REG    f3=101 f7=1001110 rd=31 rs1=15 rs2=29 -> instr=0x9dd7dfb3 reg_write=0 illegal=1
[PASS] seq=crv_seq_6                      cyc=145 op=OPC_BRANCH f3=100 f7=1000001 rd=25 rs1=28 rs2=15 -> instr=0x82fe4ce3 reg_write=0 illegal=0
[PASS] seq=crv_seq_6                      cyc=146 op=OPC_STORE  f3=101 f7=0101110 rd=24 rs1=8 rs2=13 -> instr=0x5cd45c23 reg_write=0 illegal=0
[PASS] seq=crv_seq_6                      cyc=147 op=OPC_LOAD   f3=010 f7=0100010 rd=12 rs1=25 rs2=4 -> instr=0x444ca603 reg_write=1 illegal=0
[PASS] seq=crv_seq_6                      cyc=148 op=OPC_JALR   f3=101 f7=1001000 rd=1 rs1=11 rs2=13 -> instr=0x90d5d0e7 reg_write=1 illegal=0
[PASS] seq=crv_seq_6                      cyc=149 op=OPC_STORE  f3=010 f7=1001101 rd=10 rs1=1 rs2=8 -> instr=0x9a80a523 reg_write=0 illegal=0
[PASS] seq=crv_seq_6                      cyc=150 op=OPC_REG    f3=011 f7=0011101 rd=12 rs1=19 rs2=29 -> instr=0x3bd9b633 reg_write=0 illegal=1
[PASS] seq=crv_seq_6                      cyc=151 op=OPC_IMM    f3=011 f7=0001111 rd=29 rs1=9 rs2=24 -> instr=0x1f84be93 reg_write=1 illegal=0
[PASS] seq=crv_seq_6                      cyc=152 op=OPC_STORE  f3=111 f7=0110110 rd=26 rs1=9 rs2=4 -> instr=0x6c44fd23 reg_write=0 illegal=0
[PASS] seq=crv_seq_6                      cyc=153 op=OPC_AUIPC  f3=111 f7=1100000 rd=22 rs1=23 rs2=9 -> instr=0xc09bfb17 reg_write=1 illegal=0
[PASS] seq=crv_seq_6                      cyc=154 op=OPC_REG    f3=101 f7=1001001 rd=13 rs1=15 rs2=9 -> instr=0x9297d6b3 reg_write=0 illegal=1
[PASS] seq=crv_seq_6                      cyc=155 op=OPC_REG    f3=001 f7=1110101 rd=26 rs1=19 rs2=9 -> instr=0xea999d33 reg_write=0 illegal=1
[PASS] seq=crv_seq_6                      cyc=156 op=OPC_REG    f3=110 f7=1010110 rd=26 rs1=14 rs2=0 -> instr=0xac076d33 reg_write=0 illegal=1
[PASS] seq=crv_seq_6                      cyc=157 op=OPC_LUI    f3=101 f7=1011010 rd=26 rs1=12 rs2=18 -> instr=0xb5265d37 reg_write=1 illegal=0
[PASS] seq=crv_seq_6                      cyc=158 op=OPC_REG    f3=011 f7=1011011 rd=2 rs1=6 rs2=1 -> instr=0xb6133133 reg_write=0 illegal=1
[PASS] seq=crv_seq_6                      cyc=159 op=OPC_REG    f3=010 f7=0111011 rd=24 rs1=29 rs2=30 -> instr=0x77eeac33 reg_write=0 illegal=1
[PASS] seq=crv_seq_6                      cyc=160 op=OPC_BRANCH f3=011 f7=1110001 rd=10 rs1=29 rs2=27 -> instr=0xe3beb563 reg_write=0 illegal=0
[PASS] seq=crv_seq_6                      cyc=161 op=OPC_IMM    f3=100 f7=1110110 rd=13 rs1=5 rs2=21 -> instr=0xed52c693 reg_write=1 illegal=0
[PASS] seq=crv_seq_6                      cyc=162 op=OPC_STORE  f3=110 f7=0101001 rd=13 rs1=27 rs2=18 -> instr=0x532de6a3 reg_write=0 illegal=0
[PASS] seq=crv_seq_6                      cyc=163 op=OPC_REG    f3=001 f7=1100010 rd=8 rs1=8 rs2=21 -> instr=0xc5541433 reg_write=0 illegal=1
[PASS] seq=crv_seq_6                      cyc=164 op=OPC_AUIPC  f3=111 f7=1000011 rd=31 rs1=15 rs2=13 -> instr=0x86d7ff97 reg_write=1 illegal=0
[PASS] seq=crv_seq_6                      cyc=165 op=OPC_JAL    f3=010 f7=1010100 rd=27 rs1=11 rs2=11 -> instr=0xa8b5adef reg_write=1 illegal=0
[PASS] seq=crv_seq_6                      cyc=166 op=OPC_JALR   f3=111 f7=1001101 rd=21 rs1=5 rs2=3 -> instr=0x9a32fae7 reg_write=1 illegal=0
[PASS] seq=crv_seq_6                      cyc=167 op=OPC_SYSTEM f3=111 f7=0001101 rd=25 rs1=13 rs2=7 -> instr=0x1a76fcf3 reg_write=1 illegal=0
[PASS] seq=crv_seq_6                      cyc=168 op=OPC_JALR   f3=011 f7=0011110 rd=14 rs1=5 rs2=25 -> instr=0x3d92b767 reg_write=1 illegal=0
[PASS] seq=crv_seq_6                      cyc=169 op=OPC_REG    f3=001 f7=1011110 rd=5 rs1=3 rs2=16 -> instr=0xbd0192b3 reg_write=0 illegal=1
[PASS] seq=crv_seq_6                      cyc=170 op=OPC_STORE  f3=001 f7=0111110 rd=21 rs1=22 rs2=14 -> instr=0x7ceb1aa3 reg_write=0 illegal=0
[PASS] seq=crv_seq_6                      cyc=171 op=OPC_STORE  f3=000 f7=0111100 rd=0 rs1=25 rs2=14 -> instr=0x78ec8023 reg_write=0 illegal=0
[PASS] seq=crv_seq_6                      cyc=172 op=OPC_JALR   f3=111 f7=1011110 rd=7 rs1=0 rs2=16 -> instr=0xbd0073e7 reg_write=1 illegal=0
[PASS] seq=crv_seq_6                      cyc=173 op=OPC_LOAD   f3=010 f7=0110101 rd=23 rs1=9 rs2=8 -> instr=0x6a84ab83 reg_write=1 illegal=0
[PASS] seq=crv_seq_6                      cyc=174 op=OPC_REG    f3=100 f7=1101001 rd=23 rs1=10 rs2=27 -> instr=0xd3b54bb3 reg_write=0 illegal=1
[PASS] seq=crv_seq_6                      cyc=175 op=OPC_REG    f3=110 f7=1101010 rd=14 rs1=17 rs2=13 -> instr=0xd4d8e733 reg_write=0 illegal=1
[PASS] seq=crv_seq_6                      cyc=176 op=OPC_LOAD   f3=110 f7=0110001 rd=10 rs1=23 rs2=17 -> instr=0x631be503 reg_write=1 illegal=0
[PASS] seq=crv_seq_6                      cyc=177 op=OPC_LUI    f3=110 f7=0101010 rd=5 rs1=4 rs2=13 -> instr=0x54d262b7 reg_write=1 illegal=0
[PASS] seq=crv_seq_6                      cyc=178 op=OPC_RESERVED f3=101 f7=0100110 rd=16 rs1=5 rs2=31 -> instr=0x4df2d87f reg_write=0 illegal=1
[PASS] seq=crv_seq_6                      cyc=179 op=OPC_JALR   f3=101 f7=0100001 rd=30 rs1=25 rs2=16 -> instr=0x430cdf67 reg_write=1 illegal=0
[PASS] seq=crv_seq_6                      cyc=180 op=OPC_LUI    f3=011 f7=0111001 rd=21 rs1=25 rs2=2 -> instr=0x722cbab7 reg_write=1 illegal=0
[PASS] seq=crv_seq_6                      cyc=181 op=OPC_REG    f3=101 f7=1011000 rd=12 rs1=20 rs2=23 -> instr=0xb17a5633 reg_write=0 illegal=1
[PASS] seq=crv_seq_6                      cyc=182 op=OPC_JAL    f3=101 f7=1111000 rd=7 rs1=16 rs2=2 -> instr=0xf02853ef reg_write=1 illegal=0
[PASS] seq=crv_seq_6                      cyc=183 op=OPC_JALR   f3=010 f7=0010010 rd=13 rs1=5 rs2=10 -> instr=0x24a2a6e7 reg_write=1 illegal=0
[PASS] seq=crv_seq_6                      cyc=184 op=OPC_REG    f3=000 f7=0000101 rd=20 rs1=23 rs2=25 -> instr=0x0b9b8a33 reg_write=0 illegal=1
[PASS] seq=crv_seq_6                      cyc=185 op=OPC_REG    f3=000 f7=1010000 rd=28 rs1=15 rs2=8 -> instr=0xa0878e33 reg_write=0 illegal=1
[PASS] seq=crv_seq_6                      cyc=186 op=OPC_IMM    f3=010 f7=1111000 rd=19 rs1=31 rs2=13 -> instr=0xf0dfa993 reg_write=1 illegal=0
[PASS] seq=crv_seq_6                      cyc=187 op=OPC_SYSTEM f3=011 f7=1111011 rd=8 rs1=2 rs2=17 -> instr=0xf7113473 reg_write=1 illegal=0
[PASS] seq=crv_seq_6                      cyc=188 op=OPC_IMM    f3=000 f7=0111100 rd=20 rs1=1 rs2=0 -> instr=0x78008a13 reg_write=1 illegal=0
[PASS] seq=crv_seq_6                      cyc=189 op=OPC_REG    f3=010 f7=1110111 rd=4 rs1=0 rs2=18 -> instr=0xef202233 reg_write=0 illegal=1
[PASS] seq=crv_seq_6                      cyc=190 op=OPC_STORE  f3=010 f7=0010001 rd=12 rs1=17 rs2=17 -> instr=0x2318a623 reg_write=0 illegal=0
[PASS] seq=crv_seq_6                      cyc=191 op=OPC_AUIPC  f3=101 f7=1101110 rd=22 rs1=21 rs2=13 -> instr=0xdcdadb17 reg_write=1 illegal=0
[PASS] seq=crv_seq_6                      cyc=192 op=OPC_JAL    f3=111 f7=1011001 rd=0 rs1=27 rs2=29 -> instr=0xb3ddf06f reg_write=1 illegal=0
[PASS] seq=crv_seq_6                      cyc=193 op=OPC_STORE  f3=011 f7=1100010 rd=15 rs1=20 rs2=19 -> instr=0xc53a37a3 reg_write=0 illegal=0
[PASS] seq=crv_seq_6                      cyc=194 op=OPC_IMM    f3=010 f7=0001111 rd=15 rs1=31 rs2=6 -> instr=0x1e6fa793 reg_write=1 illegal=0
[PASS] seq=crv_seq_6                      cyc=195 op=OPC_AUIPC  f3=010 f7=0101100 rd=24 rs1=28 rs2=26 -> instr=0x59ae2c17 reg_write=1 illegal=0
[PASS] seq=crv_seq_6                      cyc=196 op=OPC_RESERVED f3=000 f7=1010111 rd=28 rs1=14 rs2=16 -> instr=0xaf070e7f reg_write=0 illegal=1
[PASS] seq=crv_seq_6                      cyc=197 op=OPC_JALR   f3=101 f7=0101011 rd=14 rs1=13 rs2=25 -> instr=0x5796d767 reg_write=1 illegal=0
[PASS] seq=crv_seq_6                      cyc=198 op=OPC_STORE  f3=001 f7=1110100 rd=7 rs1=11 rs2=30 -> instr=0xe9e593a3 reg_write=0 illegal=0
[PASS] seq=crv_seq_6                      cyc=199 op=OPC_LUI    f3=100 f7=0000000 rd=28 rs1=1 rs2=14 -> instr=0x00e0ce37 reg_write=1 illegal=0
[PASS] seq=crv_seq_7                      cyc=0 op=OPC_CUSTOM0 f3=101 f7=1001101 rd=12 rs1=8 rs2=7 -> instr=0x9a74560b reg_write=0 illegal=0
[PASS] seq=crv_seq_7                      cyc=1 op=OPC_JALR   f3=001 f7=1010000 rd=24 rs1=9 rs2=23 -> instr=0xa1749c67 reg_write=1 illegal=0
[PASS] seq=crv_seq_7                      cyc=2 op=OPC_CUSTOM0 f3=001 f7=1000010 rd=29 rs1=3 rs2=16 -> instr=0x85019e8b reg_write=0 illegal=0
[PASS] seq=crv_seq_7                      cyc=3 op=OPC_SYSTEM f3=110 f7=0100101 rd=13 rs1=18 rs2=26 -> instr=0x4ba966f3 reg_write=1 illegal=0
[PASS] seq=crv_seq_7                      cyc=4 op=OPC_JALR   f3=011 f7=1101111 rd=23 rs1=28 rs2=12 -> instr=0xdece3be7 reg_write=1 illegal=0
[PASS] seq=crv_seq_7                      cyc=5 op=OPC_AUIPC  f3=110 f7=0100100 rd=31 rs1=25 rs2=26 -> instr=0x49acef97 reg_write=1 illegal=0
[PASS] seq=crv_seq_7                      cyc=6 op=OPC_JAL    f3=001 f7=1000101 rd=2 rs1=3 rs2=30 -> instr=0x8be1916f reg_write=1 illegal=0
[PASS] seq=crv_seq_7                      cyc=7 op=OPC_IMM    f3=010 f7=1100000 rd=0 rs1=4 rs2=0 -> instr=0xc0022013 reg_write=1 illegal=0
[PASS] seq=crv_seq_7                      cyc=8 op=OPC_REG    f3=011 f7=1110100 rd=4 rs1=11 rs2=2 -> instr=0xe825b233 reg_write=0 illegal=1
[PASS] seq=crv_seq_7                      cyc=9 op=OPC_AUIPC  f3=000 f7=1010000 rd=9 rs1=8 rs2=26 -> instr=0xa1a40497 reg_write=1 illegal=0
[PASS] seq=crv_seq_7                      cyc=10 op=OPC_JAL    f3=101 f7=0000010 rd=28 rs1=13 rs2=11 -> instr=0x04b6de6f reg_write=1 illegal=0
[PASS] seq=crv_seq_7                      cyc=11 op=OPC_SYSTEM f3=111 f7=0010001 rd=8 rs1=5 rs2=0 -> instr=0x2202f473 reg_write=1 illegal=0
[PASS] seq=crv_seq_7                      cyc=12 op=OPC_REG    f3=111 f7=0100001 rd=24 rs1=8 rs2=15 -> instr=0x42f47c33 reg_write=0 illegal=1
[PASS] seq=crv_seq_7                      cyc=13 op=OPC_LOAD   f3=011 f7=0011010 rd=19 rs1=25 rs2=20 -> instr=0x354cb983 reg_write=1 illegal=0
[PASS] seq=crv_seq_7                      cyc=14 op=OPC_JALR   f3=011 f7=0110100 rd=25 rs1=19 rs2=7 -> instr=0x6879bce7 reg_write=1 illegal=0
[PASS] seq=crv_seq_7                      cyc=15 op=OPC_IMM    f3=101 f7=0100011 rd=6 rs1=19 rs2=28 -> instr=0x47c9d313 reg_write=1 illegal=0
[PASS] seq=crv_seq_7                      cyc=16 op=OPC_RESERVED f3=010 f7=0000111 rd=0 rs1=19 rs2=1 -> instr=0x0e19a07f reg_write=0 illegal=1
[PASS] seq=crv_seq_7                      cyc=17 op=OPC_STORE  f3=111 f7=1101000 rd=25 rs1=13 rs2=10 -> instr=0xd0a6fca3 reg_write=0 illegal=0
[PASS] seq=crv_seq_7                      cyc=18 op=OPC_AUIPC  f3=011 f7=0110111 rd=4 rs1=24 rs2=14 -> instr=0x6eec3217 reg_write=1 illegal=0
[PASS] seq=crv_seq_7                      cyc=19 op=OPC_RESERVED f3=011 f7=1011100 rd=15 rs1=23 rs2=8 -> instr=0xb88bb7ff reg_write=0 illegal=1
[PASS] seq=crv_seq_7                      cyc=20 op=OPC_CUSTOM0 f3=101 f7=1001001 rd=1 rs1=23 rs2=4 -> instr=0x924bd08b reg_write=0 illegal=0
[PASS] seq=crv_seq_7                      cyc=21 op=OPC_JAL    f3=010 f7=1111100 rd=21 rs1=30 rs2=13 -> instr=0xf8df2aef reg_write=1 illegal=0
[PASS] seq=crv_seq_7                      cyc=22 op=OPC_JALR   f3=110 f7=0010101 rd=19 rs1=19 rs2=5 -> instr=0x2a59e9e7 reg_write=1 illegal=0
[PASS] seq=crv_seq_7                      cyc=23 op=OPC_IMM    f3=111 f7=0000010 rd=9 rs1=2 rs2=6 -> instr=0x04617493 reg_write=1 illegal=0
[PASS] seq=crv_seq_7                      cyc=24 op=OPC_RESERVED f3=000 f7=0101110 rd=27 rs1=23 rs2=29 -> instr=0x5ddb8dff reg_write=0 illegal=1
[PASS] seq=crv_seq_7                      cyc=25 op=OPC_JAL    f3=110 f7=1101001 rd=29 rs1=13 rs2=28 -> instr=0xd3c6eeef reg_write=1 illegal=0
[PASS] seq=crv_seq_7                      cyc=26 op=OPC_CUSTOM0 f3=010 f7=0110110 rd=15 rs1=12 rs2=4 -> instr=0x6c46278b reg_write=0 illegal=0
[PASS] seq=crv_seq_7                      cyc=27 op=OPC_REG    f3=000 f7=0110000 rd=9 rs1=27 rs2=26 -> instr=0x61ad84b3 reg_write=0 illegal=1
[PASS] seq=crv_seq_7                      cyc=28 op=OPC_IMM    f3=000 f7=0011110 rd=6 rs1=17 rs2=11 -> instr=0x3cb88313 reg_write=1 illegal=0
[PASS] seq=crv_seq_7                      cyc=29 op=OPC_JAL    f3=011 f7=0111100 rd=30 rs1=30 rs2=18 -> instr=0x792f3f6f reg_write=1 illegal=0
[PASS] seq=crv_seq_7                      cyc=30 op=OPC_LOAD   f3=111 f7=0111111 rd=26 rs1=10 rs2=22 -> instr=0x7f657d03 reg_write=1 illegal=0
[PASS] seq=crv_seq_7                      cyc=31 op=OPC_REG    f3=111 f7=0011100 rd=14 rs1=29 rs2=31 -> instr=0x39fef733 reg_write=0 illegal=1
[PASS] seq=crv_seq_7                      cyc=32 op=OPC_IMM    f3=000 f7=1100001 rd=20 rs1=0 rs2=23 -> instr=0xc3700a13 reg_write=1 illegal=0
[PASS] seq=crv_seq_7                      cyc=33 op=OPC_STORE  f3=100 f7=0111110 rd=8 rs1=26 rs2=12 -> instr=0x7ccd4423 reg_write=0 illegal=0
[PASS] seq=crv_seq_7                      cyc=34 op=OPC_CUSTOM0 f3=100 f7=1100100 rd=18 rs1=9 rs2=6 -> instr=0xc864c90b reg_write=0 illegal=0
[PASS] seq=crv_seq_7                      cyc=35 op=OPC_AUIPC  f3=110 f7=1100110 rd=23 rs1=24 rs2=30 -> instr=0xcdec6b97 reg_write=1 illegal=0
[PASS] seq=crv_seq_7                      cyc=36 op=OPC_JAL    f3=010 f7=0011001 rd=0 rs1=29 rs2=21 -> instr=0x335ea06f reg_write=1 illegal=0
[PASS] seq=crv_seq_7                      cyc=37 op=OPC_AUIPC  f3=110 f7=1100111 rd=14 rs1=13 rs2=4 -> instr=0xce46e717 reg_write=1 illegal=0
[PASS] seq=crv_seq_7                      cyc=38 op=OPC_CUSTOM0 f3=000 f7=1001101 rd=19 rs1=28 rs2=29 -> instr=0x9bde098b reg_write=0 illegal=0
[PASS] seq=crv_seq_7                      cyc=39 op=OPC_LOAD   f3=101 f7=0010011 rd=29 rs1=16 rs2=4 -> instr=0x26485e83 reg_write=1 illegal=0
[PASS] seq=crv_seq_7                      cyc=40 op=OPC_JALR   f3=110 f7=0111001 rd=13 rs1=17 rs2=26 -> instr=0x73a8e6e7 reg_write=1 illegal=0
[PASS] seq=crv_seq_7                      cyc=41 op=OPC_AUIPC  f3=101 f7=0111110 rd=9 rs1=4 rs2=21 -> instr=0x7d525497 reg_write=1 illegal=0
[PASS] seq=crv_seq_7                      cyc=42 op=OPC_RESERVED f3=111 f7=1100110 rd=31 rs1=25 rs2=23 -> instr=0xcd7cffff reg_write=0 illegal=1
[PASS] seq=crv_seq_7                      cyc=43 op=OPC_AUIPC  f3=100 f7=0010001 rd=7 rs1=10 rs2=14 -> instr=0x22e54397 reg_write=1 illegal=0
[PASS] seq=crv_seq_7                      cyc=44 op=OPC_REG    f3=111 f7=1100101 rd=12 rs1=1 rs2=21 -> instr=0xcb50f633 reg_write=0 illegal=1
[PASS] seq=crv_seq_7                      cyc=45 op=OPC_AUIPC  f3=010 f7=0101111 rd=17 rs1=2 rs2=12 -> instr=0x5ec12897 reg_write=1 illegal=0
[PASS] seq=crv_seq_7                      cyc=46 op=OPC_LOAD   f3=011 f7=1001001 rd=6 rs1=31 rs2=27 -> instr=0x93bfb303 reg_write=1 illegal=0
[PASS] seq=crv_seq_7                      cyc=47 op=OPC_JALR   f3=110 f7=0000110 rd=21 rs1=31 rs2=9 -> instr=0x0c9feae7 reg_write=1 illegal=0
[PASS] seq=crv_seq_7                      cyc=48 op=OPC_CUSTOM0 f3=001 f7=0100010 rd=21 rs1=11 rs2=30 -> instr=0x45e59a8b reg_write=0 illegal=0
[PASS] seq=crv_seq_7                      cyc=49 op=OPC_LOAD   f3=111 f7=0100101 rd=31 rs1=14 rs2=11 -> instr=0x4ab77f83 reg_write=1 illegal=0
[PASS] seq=crv_seq_7                      cyc=50 op=OPC_IMM    f3=010 f7=1000111 rd=22 rs1=18 rs2=18 -> instr=0x8f292b13 reg_write=1 illegal=0
[PASS] seq=crv_seq_7                      cyc=51 op=OPC_JALR   f3=101 f7=0011111 rd=1 rs1=7 rs2=8 -> instr=0x3e83d0e7 reg_write=1 illegal=0
[PASS] seq=crv_seq_7                      cyc=52 op=OPC_REG    f3=110 f7=0110011 rd=31 rs1=22 rs2=8 -> instr=0x668b6fb3 reg_write=0 illegal=1
[PASS] seq=crv_seq_7                      cyc=53 op=OPC_AUIPC  f3=001 f7=0000000 rd=11 rs1=5 rs2=11 -> instr=0x00b29597 reg_write=1 illegal=0
[PASS] seq=crv_seq_7                      cyc=54 op=OPC_IMM    f3=011 f7=1000000 rd=10 rs1=4 rs2=17 -> instr=0x81123513 reg_write=1 illegal=0
[PASS] seq=crv_seq_7                      cyc=55 op=OPC_SYSTEM f3=101 f7=1110001 rd=4 rs1=0 rs2=10 -> instr=0xe2a05273 reg_write=1 illegal=0
[PASS] seq=crv_seq_7                      cyc=56 op=OPC_BRANCH f3=011 f7=0111111 rd=28 rs1=17 rs2=23 -> instr=0x7f78be63 reg_write=0 illegal=0
[PASS] seq=crv_seq_7                      cyc=57 op=OPC_BRANCH f3=000 f7=0001101 rd=0 rs1=21 rs2=5 -> instr=0x1a5a8063 reg_write=0 illegal=0
[PASS] seq=crv_seq_7                      cyc=58 op=OPC_BRANCH f3=101 f7=0010100 rd=26 rs1=4 rs2=22 -> instr=0x29625d63 reg_write=0 illegal=0
[PASS] seq=crv_seq_7                      cyc=59 op=OPC_BRANCH f3=111 f7=0100100 rd=28 rs1=11 rs2=2 -> instr=0x4825fe63 reg_write=0 illegal=0
[PASS] seq=crv_seq_7                      cyc=60 op=OPC_REG    f3=111 f7=1111100 rd=9 rs1=12 rs2=12 -> instr=0xf8c674b3 reg_write=0 illegal=1
[PASS] seq=crv_seq_7                      cyc=61 op=OPC_CUSTOM0 f3=111 f7=0000111 rd=13 rs1=5 rs2=25 -> instr=0x0f92f68b reg_write=0 illegal=0
[PASS] seq=crv_seq_7                      cyc=62 op=OPC_JALR   f3=101 f7=0110001 rd=16 rs1=5 rs2=16 -> instr=0x6302d867 reg_write=1 illegal=0
[PASS] seq=crv_seq_7                      cyc=63 op=OPC_JALR   f3=101 f7=0010001 rd=7 rs1=11 rs2=30 -> instr=0x23e5d3e7 reg_write=1 illegal=0
[PASS] seq=crv_seq_7                      cyc=64 op=OPC_SYSTEM f3=000 f7=1010001 rd=28 rs1=2 rs2=1 -> instr=0xa2110e73 reg_write=0 illegal=0
[PASS] seq=crv_seq_7                      cyc=65 op=OPC_LUI    f3=001 f7=1110001 rd=20 rs1=26 rs2=10 -> instr=0xe2ad1a37 reg_write=1 illegal=0
[PASS] seq=crv_seq_7                      cyc=66 op=OPC_SYSTEM f3=001 f7=0001000 rd=13 rs1=29 rs2=24 -> instr=0x118e96f3 reg_write=1 illegal=0
[PASS] seq=crv_seq_7                      cyc=67 op=OPC_REG    f3=001 f7=0011110 rd=14 rs1=7 rs2=23 -> instr=0x3d739733 reg_write=0 illegal=1
[PASS] seq=crv_seq_7                      cyc=68 op=OPC_BRANCH f3=011 f7=1011011 rd=24 rs1=26 rs2=3 -> instr=0xb63d3c63 reg_write=0 illegal=0
[PASS] seq=crv_seq_7                      cyc=69 op=OPC_LOAD   f3=101 f7=0011110 rd=6 rs1=3 rs2=22 -> instr=0x3d61d303 reg_write=1 illegal=0
[PASS] seq=crv_seq_7                      cyc=70 op=OPC_AUIPC  f3=101 f7=1101111 rd=23 rs1=19 rs2=24 -> instr=0xdf89db97 reg_write=1 illegal=0
[PASS] seq=crv_seq_7                      cyc=71 op=OPC_JALR   f3=110 f7=0101110 rd=14 rs1=10 rs2=0 -> instr=0x5c056767 reg_write=1 illegal=0
[PASS] seq=crv_seq_7                      cyc=72 op=OPC_AUIPC  f3=111 f7=0011101 rd=13 rs1=19 rs2=22 -> instr=0x3b69f697 reg_write=1 illegal=0
[PASS] seq=crv_seq_7                      cyc=73 op=OPC_JAL    f3=101 f7=0001111 rd=16 rs1=13 rs2=23 -> instr=0x1f76d86f reg_write=1 illegal=0
[PASS] seq=crv_seq_7                      cyc=74 op=OPC_AUIPC  f3=101 f7=0000101 rd=23 rs1=16 rs2=3 -> instr=0x0a385b97 reg_write=1 illegal=0
[PASS] seq=crv_seq_7                      cyc=75 op=OPC_JAL    f3=001 f7=0010010 rd=9 rs1=14 rs2=15 -> instr=0x24f714ef reg_write=1 illegal=0
[PASS] seq=crv_seq_7                      cyc=76 op=OPC_BRANCH f3=101 f7=1101011 rd=25 rs1=4 rs2=13 -> instr=0xd6d25ce3 reg_write=0 illegal=0
[PASS] seq=crv_seq_7                      cyc=77 op=OPC_SYSTEM f3=001 f7=1000100 rd=28 rs1=16 rs2=13 -> instr=0x88d81e73 reg_write=1 illegal=0
[PASS] seq=crv_seq_7                      cyc=78 op=OPC_LOAD   f3=101 f7=0001001 rd=22 rs1=4 rs2=17 -> instr=0x13125b03 reg_write=1 illegal=0
[PASS] seq=crv_seq_7                      cyc=79 op=OPC_JALR   f3=101 f7=1010000 rd=4 rs1=27 rs2=9 -> instr=0xa09dd267 reg_write=1 illegal=0
[PASS] seq=crv_seq_7                      cyc=80 op=OPC_REG    f3=101 f7=0101001 rd=2 rs1=18 rs2=12 -> instr=0x52c95133 reg_write=0 illegal=1
[PASS] seq=crv_seq_7                      cyc=81 op=OPC_JALR   f3=001 f7=1011001 rd=10 rs1=13 rs2=7 -> instr=0xb2769567 reg_write=1 illegal=0
[PASS] seq=crv_seq_7                      cyc=82 op=OPC_BRANCH f3=010 f7=0110100 rd=18 rs1=30 rs2=8 -> instr=0x688f2963 reg_write=0 illegal=0
[PASS] seq=crv_seq_7                      cyc=83 op=OPC_STORE  f3=011 f7=0100010 rd=26 rs1=26 rs2=4 -> instr=0x444d3d23 reg_write=0 illegal=0
[PASS] seq=crv_seq_7                      cyc=84 op=OPC_IMM    f3=101 f7=0010101 rd=18 rs1=21 rs2=16 -> instr=0x2b0ad913 reg_write=1 illegal=0
[PASS] seq=crv_seq_7                      cyc=85 op=OPC_IMM    f3=001 f7=1011111 rd=19 rs1=10 rs2=16 -> instr=0xbf051993 reg_write=1 illegal=0
[PASS] seq=crv_seq_7                      cyc=86 op=OPC_REG    f3=000 f7=0000101 rd=22 rs1=30 rs2=24 -> instr=0x0b8f0b33 reg_write=0 illegal=1
[PASS] seq=crv_seq_7                      cyc=87 op=OPC_BRANCH f3=101 f7=1001000 rd=13 rs1=7 rs2=7 -> instr=0x9073d6e3 reg_write=0 illegal=0
[PASS] seq=crv_seq_7                      cyc=88 op=OPC_LOAD   f3=001 f7=0001001 rd=20 rs1=23 rs2=11 -> instr=0x12bb9a03 reg_write=1 illegal=0
[PASS] seq=crv_seq_7                      cyc=89 op=OPC_CUSTOM0 f3=110 f7=0100010 rd=4 rs1=9 rs2=1 -> instr=0x4414e20b reg_write=0 illegal=0
[PASS] seq=crv_seq_7                      cyc=90 op=OPC_CUSTOM0 f3=011 f7=1001111 rd=11 rs1=4 rs2=28 -> instr=0x9fc2358b reg_write=0 illegal=0
[PASS] seq=crv_seq_7                      cyc=91 op=OPC_LUI    f3=110 f7=1100011 rd=12 rs1=26 rs2=5 -> instr=0xc65d6637 reg_write=1 illegal=0
[PASS] seq=crv_seq_7                      cyc=92 op=OPC_SYSTEM f3=010 f7=0110100 rd=14 rs1=13 rs2=7 -> instr=0x6876a773 reg_write=1 illegal=0
[PASS] seq=crv_seq_7                      cyc=93 op=OPC_REG    f3=111 f7=1010110 rd=30 rs1=25 rs2=1 -> instr=0xac1cff33 reg_write=0 illegal=1
[PASS] seq=crv_seq_7                      cyc=94 op=OPC_BRANCH f3=000 f7=1111110 rd=30 rs1=15 rs2=29 -> instr=0xfdd78f63 reg_write=0 illegal=0
[PASS] seq=crv_seq_7                      cyc=95 op=OPC_IMM    f3=001 f7=1001100 rd=20 rs1=29 rs2=21 -> instr=0x995e9a13 reg_write=1 illegal=0
[PASS] seq=crv_seq_7                      cyc=96 op=OPC_STORE  f3=010 f7=1000101 rd=28 rs1=2 rs2=9 -> instr=0x8a912e23 reg_write=0 illegal=0
[PASS] seq=crv_seq_7                      cyc=97 op=OPC_REG    f3=000 f7=0010000 rd=1 rs1=28 rs2=0 -> instr=0x200e00b3 reg_write=0 illegal=1
[PASS] seq=crv_seq_7                      cyc=98 op=OPC_LUI    f3=001 f7=1001000 rd=23 rs1=6 rs2=0 -> instr=0x90031bb7 reg_write=1 illegal=0
[PASS] seq=crv_seq_7                      cyc=99 op=OPC_LOAD   f3=011 f7=0111110 rd=5 rs1=22 rs2=14 -> instr=0x7ceb3283 reg_write=1 illegal=0
[PASS] seq=crv_seq_7                      cyc=100 op=OPC_LUI    f3=001 f7=0111100 rd=20 rs1=1 rs2=30 -> instr=0x79e09a37 reg_write=1 illegal=0
[PASS] seq=crv_seq_7                      cyc=101 op=OPC_RESERVED f3=010 f7=1111100 rd=30 rs1=20 rs2=30 -> instr=0xf9ea2f7f reg_write=0 illegal=1
[PASS] seq=crv_seq_7                      cyc=102 op=OPC_REG    f3=101 f7=1010000 rd=7 rs1=24 rs2=15 -> instr=0xa0fc53b3 reg_write=0 illegal=1
[PASS] seq=crv_seq_7                      cyc=103 op=OPC_SYSTEM f3=001 f7=0101001 rd=7 rs1=2 rs2=21 -> instr=0x535113f3 reg_write=1 illegal=0
[PASS] seq=crv_seq_7                      cyc=104 op=OPC_IMM    f3=101 f7=0000100 rd=24 rs1=28 rs2=18 -> instr=0x092e5c13 reg_write=1 illegal=0
[PASS] seq=crv_seq_7                      cyc=105 op=OPC_IMM    f3=101 f7=0010011 rd=18 rs1=15 rs2=29 -> instr=0x27d7d913 reg_write=1 illegal=0
[PASS] seq=crv_seq_7                      cyc=106 op=OPC_REG    f3=000 f7=0001001 rd=16 rs1=18 rs2=3 -> instr=0x12390833 reg_write=0 illegal=1
[PASS] seq=crv_seq_7                      cyc=107 op=OPC_SYSTEM f3=111 f7=1011011 rd=31 rs1=5 rs2=18 -> instr=0xb722fff3 reg_write=1 illegal=0
[PASS] seq=crv_seq_7                      cyc=108 op=OPC_REG    f3=101 f7=0110010 rd=29 rs1=1 rs2=11 -> instr=0x64b0deb3 reg_write=0 illegal=1
[PASS] seq=crv_seq_7                      cyc=109 op=OPC_REG    f3=111 f7=0101101 rd=25 rs1=30 rs2=6 -> instr=0x5a6f7cb3 reg_write=0 illegal=1
[PASS] seq=crv_seq_7                      cyc=110 op=OPC_JAL    f3=101 f7=1101000 rd=20 rs1=16 rs2=29 -> instr=0xd1d85a6f reg_write=1 illegal=0
[PASS] seq=crv_seq_7                      cyc=111 op=OPC_LOAD   f3=010 f7=0111001 rd=17 rs1=11 rs2=21 -> instr=0x7355a883 reg_write=1 illegal=0
[PASS] seq=crv_seq_7                      cyc=112 op=OPC_JAL    f3=001 f7=0001110 rd=26 rs1=18 rs2=8 -> instr=0x1c891d6f reg_write=1 illegal=0
[PASS] seq=crv_seq_7                      cyc=113 op=OPC_BRANCH f3=101 f7=0011010 rd=4 rs1=1 rs2=28 -> instr=0x35c0d263 reg_write=0 illegal=0
[PASS] seq=crv_seq_7                      cyc=114 op=OPC_LOAD   f3=100 f7=0101100 rd=15 rs1=21 rs2=6 -> instr=0x586ac783 reg_write=1 illegal=0
[PASS] seq=crv_seq_7                      cyc=115 op=OPC_LOAD   f3=110 f7=1000001 rd=31 rs1=21 rs2=18 -> instr=0x832aef83 reg_write=1 illegal=0
[PASS] seq=crv_seq_7                      cyc=116 op=OPC_BRANCH f3=011 f7=0100010 rd=15 rs1=26 rs2=10 -> instr=0x44ad37e3 reg_write=0 illegal=0
[PASS] seq=crv_seq_7                      cyc=117 op=OPC_LOAD   f3=110 f7=0110011 rd=3 rs1=31 rs2=19 -> instr=0x673fe183 reg_write=1 illegal=0
[PASS] seq=crv_seq_7                      cyc=118 op=OPC_JALR   f3=010 f7=1001110 rd=0 rs1=29 rs2=27 -> instr=0x9dbea067 reg_write=1 illegal=0
[PASS] seq=crv_seq_7                      cyc=119 op=OPC_STORE  f3=000 f7=0111011 rd=3 rs1=0 rs2=0 -> instr=0x760001a3 reg_write=0 illegal=0
[PASS] seq=crv_seq_7                      cyc=120 op=OPC_STORE  f3=110 f7=0101111 rd=3 rs1=30 rs2=31 -> instr=0x5fff61a3 reg_write=0 illegal=0
[PASS] seq=crv_seq_7                      cyc=121 op=OPC_JALR   f3=010 f7=0110110 rd=9 rs1=6 rs2=18 -> instr=0x6d2324e7 reg_write=1 illegal=0
[PASS] seq=crv_seq_7                      cyc=122 op=OPC_STORE  f3=101 f7=0111010 rd=30 rs1=16 rs2=16 -> instr=0x75085f23 reg_write=0 illegal=0
[PASS] seq=crv_seq_7                      cyc=123 op=OPC_JALR   f3=110 f7=0110110 rd=12 rs1=24 rs2=30 -> instr=0x6dec6667 reg_write=1 illegal=0
[PASS] seq=crv_seq_7                      cyc=124 op=OPC_LUI    f3=111 f7=1101011 rd=8 rs1=7 rs2=16 -> instr=0xd703f437 reg_write=1 illegal=0
[PASS] seq=crv_seq_7                      cyc=125 op=OPC_IMM    f3=100 f7=1011000 rd=10 rs1=21 rs2=16 -> instr=0xb10ac513 reg_write=1 illegal=0
[PASS] seq=crv_seq_7                      cyc=126 op=OPC_BRANCH f3=000 f7=0101110 rd=15 rs1=26 rs2=15 -> instr=0x5cfd07e3 reg_write=0 illegal=0
[PASS] seq=crv_seq_7                      cyc=127 op=OPC_LOAD   f3=100 f7=0011100 rd=31 rs1=26 rs2=19 -> instr=0x393d4f83 reg_write=1 illegal=0
[PASS] seq=crv_seq_7                      cyc=128 op=OPC_REG    f3=011 f7=1111100 rd=30 rs1=27 rs2=6 -> instr=0xf86dbf33 reg_write=0 illegal=1
[PASS] seq=crv_seq_7                      cyc=129 op=OPC_LOAD   f3=100 f7=1000111 rd=21 rs1=4 rs2=10 -> instr=0x8ea24a83 reg_write=1 illegal=0
[PASS] seq=crv_seq_7                      cyc=130 op=OPC_CUSTOM0 f3=000 f7=0000011 rd=23 rs1=2 rs2=22 -> instr=0x07610b8b reg_write=0 illegal=0
[PASS] seq=crv_seq_7                      cyc=131 op=OPC_IMM    f3=011 f7=1110101 rd=3 rs1=20 rs2=10 -> instr=0xeaaa3193 reg_write=1 illegal=0
[PASS] seq=crv_seq_7                      cyc=132 op=OPC_LUI    f3=010 f7=1011101 rd=16 rs1=21 rs2=19 -> instr=0xbb3aa837 reg_write=1 illegal=0
[PASS] seq=crv_seq_7                      cyc=133 op=OPC_AUIPC  f3=010 f7=0100010 rd=8 rs1=10 rs2=18 -> instr=0x45252417 reg_write=1 illegal=0
[PASS] seq=crv_seq_7                      cyc=134 op=OPC_JAL    f3=010 f7=1111101 rd=4 rs1=10 rs2=25 -> instr=0xfb95226f reg_write=1 illegal=0
[PASS] seq=crv_seq_7                      cyc=135 op=OPC_BRANCH f3=100 f7=0010100 rd=17 rs1=1 rs2=20 -> instr=0x2940c8e3 reg_write=0 illegal=0
[PASS] seq=crv_seq_7                      cyc=136 op=OPC_LOAD   f3=111 f7=1101100 rd=15 rs1=4 rs2=12 -> instr=0xd8c27783 reg_write=1 illegal=0
[PASS] seq=crv_seq_7                      cyc=137 op=OPC_SYSTEM f3=101 f7=0111111 rd=30 rs1=14 rs2=30 -> instr=0x7fe75f73 reg_write=1 illegal=0
[PASS] seq=crv_seq_7                      cyc=138 op=OPC_SYSTEM f3=100 f7=1000000 rd=4 rs1=26 rs2=20 -> instr=0x814d4273 reg_write=1 illegal=0
[PASS] seq=crv_seq_7                      cyc=139 op=OPC_SYSTEM f3=110 f7=0001101 rd=1 rs1=12 rs2=18 -> instr=0x1b2660f3 reg_write=1 illegal=0
[PASS] seq=crv_seq_7                      cyc=140 op=OPC_RESERVED f3=111 f7=0101000 rd=1 rs1=4 rs2=12 -> instr=0x50c270ff reg_write=0 illegal=1
[PASS] seq=crv_seq_7                      cyc=141 op=OPC_REG    f3=001 f7=1000110 rd=31 rs1=31 rs2=13 -> instr=0x8cdf9fb3 reg_write=0 illegal=1
[PASS] seq=crv_seq_7                      cyc=142 op=OPC_STORE  f3=010 f7=1100111 rd=25 rs1=16 rs2=28 -> instr=0xcfc82ca3 reg_write=0 illegal=0
[PASS] seq=crv_seq_7                      cyc=143 op=OPC_LOAD   f3=000 f7=0101011 rd=31 rs1=28 rs2=18 -> instr=0x572e0f83 reg_write=1 illegal=0
[PASS] seq=crv_seq_7                      cyc=144 op=OPC_REG    f3=101 f7=1101111 rd=25 rs1=22 rs2=22 -> instr=0xdf6b5cb3 reg_write=0 illegal=1
[PASS] seq=crv_seq_7                      cyc=145 op=OPC_BRANCH f3=011 f7=1000000 rd=21 rs1=3 rs2=5 -> instr=0x8051bae3 reg_write=0 illegal=0
[PASS] seq=crv_seq_7                      cyc=146 op=OPC_IMM    f3=011 f7=1001111 rd=16 rs1=29 rs2=6 -> instr=0x9e6eb813 reg_write=1 illegal=0
[PASS] seq=crv_seq_7                      cyc=147 op=OPC_JALR   f3=000 f7=0111011 rd=17 rs1=19 rs2=2 -> instr=0x762988e7 reg_write=1 illegal=0
[PASS] seq=crv_seq_7                      cyc=148 op=OPC_STORE  f3=110 f7=1010100 rd=10 rs1=11 rs2=22 -> instr=0xa965e523 reg_write=0 illegal=0
[PASS] seq=crv_seq_7                      cyc=149 op=OPC_BRANCH f3=110 f7=1101101 rd=27 rs1=0 rs2=26 -> instr=0xdba06de3 reg_write=0 illegal=0
[PASS] seq=crv_seq_7                      cyc=150 op=OPC_STORE  f3=001 f7=1010011 rd=12 rs1=26 rs2=27 -> instr=0xa7bd1623 reg_write=0 illegal=0
[PASS] seq=crv_seq_7                      cyc=151 op=OPC_LOAD   f3=100 f7=0011111 rd=15 rs1=26 rs2=1 -> instr=0x3e1d4783 reg_write=1 illegal=0
[PASS] seq=crv_seq_7                      cyc=152 op=OPC_BRANCH f3=000 f7=1101110 rd=8 rs1=25 rs2=13 -> instr=0xdcdc8463 reg_write=0 illegal=0
[PASS] seq=crv_seq_7                      cyc=153 op=OPC_REG    f3=010 f7=0100110 rd=25 rs1=20 rs2=0 -> instr=0x4c0a2cb3 reg_write=0 illegal=1
[PASS] seq=crv_seq_7                      cyc=154 op=OPC_JAL    f3=010 f7=0000101 rd=22 rs1=27 rs2=20 -> instr=0x0b4dab6f reg_write=1 illegal=0
[PASS] seq=crv_seq_7                      cyc=155 op=OPC_REG    f3=010 f7=1000101 rd=1 rs1=5 rs2=16 -> instr=0x8b02a0b3 reg_write=0 illegal=1
[PASS] seq=crv_seq_7                      cyc=156 op=OPC_JALR   f3=111 f7=0111001 rd=13 rs1=21 rs2=8 -> instr=0x728af6e7 reg_write=1 illegal=0
[PASS] seq=crv_seq_7                      cyc=157 op=OPC_SYSTEM f3=101 f7=1010011 rd=30 rs1=6 rs2=27 -> instr=0xa7b35f73 reg_write=1 illegal=0
[PASS] seq=crv_seq_7                      cyc=158 op=OPC_JALR   f3=010 f7=0111110 rd=13 rs1=9 rs2=13 -> instr=0x7cd4a6e7 reg_write=1 illegal=0
[PASS] seq=crv_seq_7                      cyc=159 op=OPC_IMM    f3=001 f7=1001000 rd=8 rs1=12 rs2=6 -> instr=0x90661413 reg_write=1 illegal=0
[PASS] seq=crv_seq_7                      cyc=160 op=OPC_REG    f3=011 f7=1011010 rd=18 rs1=2 rs2=16 -> instr=0xb5013933 reg_write=0 illegal=1
[PASS] seq=crv_seq_7                      cyc=161 op=OPC_LOAD   f3=100 f7=0100010 rd=18 rs1=26 rs2=4 -> instr=0x444d4903 reg_write=1 illegal=0
[PASS] seq=crv_seq_7                      cyc=162 op=OPC_RESERVED f3=001 f7=1111001 rd=9 rs1=23 rs2=6 -> instr=0xf26b94ff reg_write=0 illegal=1
[PASS] seq=crv_seq_7                      cyc=163 op=OPC_JAL    f3=000 f7=0000101 rd=16 rs1=10 rs2=29 -> instr=0x0bd5086f reg_write=1 illegal=0
[PASS] seq=crv_seq_7                      cyc=164 op=OPC_BRANCH f3=000 f7=1000111 rd=8 rs1=19 rs2=13 -> instr=0x8ed98463 reg_write=0 illegal=0
[PASS] seq=crv_seq_7                      cyc=165 op=OPC_JAL    f3=100 f7=0110111 rd=4 rs1=9 rs2=0 -> instr=0x6e04c26f reg_write=1 illegal=0
[PASS] seq=crv_seq_7                      cyc=166 op=OPC_IMM    f3=001 f7=0000010 rd=24 rs1=22 rs2=16 -> instr=0x050b1c13 reg_write=1 illegal=0
[PASS] seq=crv_seq_7                      cyc=167 op=OPC_IMM    f3=110 f7=1001101 rd=9 rs1=27 rs2=21 -> instr=0x9b5de493 reg_write=1 illegal=0
[PASS] seq=crv_seq_7                      cyc=168 op=OPC_AUIPC  f3=101 f7=1101010 rd=5 rs1=13 rs2=26 -> instr=0xd5a6d297 reg_write=1 illegal=0
[PASS] seq=crv_seq_7                      cyc=169 op=OPC_SYSTEM f3=010 f7=1100001 rd=17 rs1=27 rs2=12 -> instr=0xc2cda8f3 reg_write=1 illegal=0
[PASS] seq=crv_seq_7                      cyc=170 op=OPC_LOAD   f3=000 f7=0011011 rd=24 rs1=17 rs2=16 -> instr=0x37088c03 reg_write=1 illegal=0
[PASS] seq=crv_seq_7                      cyc=171 op=OPC_AUIPC  f3=100 f7=0010111 rd=14 rs1=13 rs2=26 -> instr=0x2fa6c717 reg_write=1 illegal=0
[PASS] seq=crv_seq_7                      cyc=172 op=OPC_REG    f3=101 f7=1110000 rd=1 rs1=28 rs2=5 -> instr=0xe05e50b3 reg_write=0 illegal=1
[PASS] seq=crv_seq_7                      cyc=173 op=OPC_JALR   f3=101 f7=0100100 rd=14 rs1=25 rs2=3 -> instr=0x483cd767 reg_write=1 illegal=0
[PASS] seq=crv_seq_7                      cyc=174 op=OPC_REG    f3=011 f7=1011001 rd=14 rs1=27 rs2=4 -> instr=0xb24db733 reg_write=0 illegal=1
[PASS] seq=crv_seq_7                      cyc=175 op=OPC_IMM    f3=100 f7=0001000 rd=6 rs1=18 rs2=24 -> instr=0x11894313 reg_write=1 illegal=0
[PASS] seq=crv_seq_7                      cyc=176 op=OPC_BRANCH f3=010 f7=1001010 rd=18 rs1=7 rs2=27 -> instr=0x95b3a963 reg_write=0 illegal=0
[PASS] seq=crv_seq_7                      cyc=177 op=OPC_BRANCH f3=110 f7=1110011 rd=11 rs1=9 rs2=7 -> instr=0xe674e5e3 reg_write=0 illegal=0
[PASS] seq=crv_seq_7                      cyc=178 op=OPC_JAL    f3=000 f7=0101100 rd=3 rs1=15 rs2=30 -> instr=0x59e781ef reg_write=1 illegal=0
[PASS] seq=crv_seq_7                      cyc=179 op=OPC_REG    f3=001 f7=0001101 rd=22 rs1=5 rs2=22 -> instr=0x1b629b33 reg_write=0 illegal=1
[PASS] seq=crv_seq_7                      cyc=180 op=OPC_BRANCH f3=000 f7=1110111 rd=18 rs1=9 rs2=27 -> instr=0xefb48963 reg_write=0 illegal=0
[PASS] seq=crv_seq_7                      cyc=181 op=OPC_IMM    f3=111 f7=0001100 rd=16 rs1=17 rs2=21 -> instr=0x1958f813 reg_write=1 illegal=0
[PASS] seq=crv_seq_7                      cyc=182 op=OPC_AUIPC  f3=010 f7=1111010 rd=1 rs1=4 rs2=2 -> instr=0xf4222097 reg_write=1 illegal=0
[PASS] seq=crv_seq_7                      cyc=183 op=OPC_BRANCH f3=101 f7=0000001 rd=5 rs1=27 rs2=21 -> instr=0x035dd2e3 reg_write=0 illegal=0
[PASS] seq=crv_seq_7                      cyc=184 op=OPC_JAL    f3=110 f7=1111101 rd=7 rs1=14 rs2=9 -> instr=0xfa9763ef reg_write=1 illegal=0
[PASS] seq=crv_seq_7                      cyc=185 op=OPC_SYSTEM f3=010 f7=0111100 rd=11 rs1=24 rs2=22 -> instr=0x796c25f3 reg_write=1 illegal=0
[PASS] seq=crv_seq_7                      cyc=186 op=OPC_REG    f3=000 f7=1110111 rd=31 rs1=24 rs2=9 -> instr=0xee9c0fb3 reg_write=0 illegal=1
[PASS] seq=crv_seq_7                      cyc=187 op=OPC_LUI    f3=110 f7=0101100 rd=6 rs1=28 rs2=10 -> instr=0x58ae6337 reg_write=1 illegal=0
[PASS] seq=crv_seq_7                      cyc=188 op=OPC_REG    f3=010 f7=0001001 rd=11 rs1=19 rs2=30 -> instr=0x13e9a5b3 reg_write=0 illegal=1
[PASS] seq=crv_seq_7                      cyc=189 op=OPC_LOAD   f3=001 f7=0011110 rd=9 rs1=1 rs2=26 -> instr=0x3da09483 reg_write=1 illegal=0
[PASS] seq=crv_seq_7                      cyc=190 op=OPC_REG    f3=101 f7=1001001 rd=31 rs1=7 rs2=4 -> instr=0x9243dfb3 reg_write=0 illegal=1
[PASS] seq=crv_seq_7                      cyc=191 op=OPC_IMM    f3=101 f7=0001011 rd=5 rs1=10 rs2=19 -> instr=0x17355293 reg_write=1 illegal=0
[PASS] seq=crv_seq_7                      cyc=192 op=OPC_LUI    f3=101 f7=1101101 rd=31 rs1=10 rs2=0 -> instr=0xda055fb7 reg_write=1 illegal=0
[PASS] seq=crv_seq_7                      cyc=193 op=OPC_LOAD   f3=010 f7=0101000 rd=2 rs1=29 rs2=24 -> instr=0x518ea103 reg_write=1 illegal=0
[PASS] seq=crv_seq_7                      cyc=194 op=OPC_STORE  f3=011 f7=0100000 rd=1 rs1=29 rs2=31 -> instr=0x41feb0a3 reg_write=0 illegal=0
[PASS] seq=crv_seq_7                      cyc=195 op=OPC_JAL    f3=000 f7=1111000 rd=23 rs1=2 rs2=16 -> instr=0xf1010bef reg_write=1 illegal=0
[PASS] seq=crv_seq_7                      cyc=196 op=OPC_IMM    f3=111 f7=1101010 rd=20 rs1=4 rs2=31 -> instr=0xd5f27a13 reg_write=1 illegal=0
[PASS] seq=crv_seq_7                      cyc=197 op=OPC_IMM    f3=011 f7=0000000 rd=13 rs1=29 rs2=8 -> instr=0x008eb693 reg_write=1 illegal=0
[PASS] seq=crv_seq_7                      cyc=198 op=OPC_REG    f3=100 f7=1110011 rd=8 rs1=7 rs2=17 -> instr=0xe713c433 reg_write=0 illegal=1
[PASS] seq=crv_seq_7                      cyc=199 op=OPC_JAL    f3=000 f7=1010101 rd=18 rs1=12 rs2=29 -> instr=0xabd6096f reg_write=1 illegal=0
[PASS] seq=crv_seq_8                      cyc=0 op=OPC_CUSTOM0 f3=000 f7=0010011 rd=0 rs1=8 rs2=24 -> instr=0x2784000b reg_write=0 illegal=0
[PASS] seq=crv_seq_8                      cyc=1 op=OPC_BRANCH f3=000 f7=1111100 rd=5 rs1=31 rs2=6 -> instr=0xf86f82e3 reg_write=0 illegal=0
[PASS] seq=crv_seq_8                      cyc=2 op=OPC_IMM    f3=001 f7=0010000 rd=24 rs1=6 rs2=25 -> instr=0x21931c13 reg_write=1 illegal=0
[PASS] seq=crv_seq_8                      cyc=3 op=OPC_LOAD   f3=111 f7=1000001 rd=9 rs1=9 rs2=7 -> instr=0x8274f483 reg_write=1 illegal=0
[PASS] seq=crv_seq_8                      cyc=4 op=OPC_AUIPC  f3=000 f7=0111000 rd=11 rs1=19 rs2=14 -> instr=0x70e98597 reg_write=1 illegal=0
[PASS] seq=crv_seq_8                      cyc=5 op=OPC_REG    f3=001 f7=0111011 rd=9 rs1=10 rs2=1 -> instr=0x761514b3 reg_write=0 illegal=1
[PASS] seq=crv_seq_8                      cyc=6 op=OPC_JALR   f3=101 f7=1000010 rd=12 rs1=9 rs2=20 -> instr=0x8544d667 reg_write=1 illegal=0
[PASS] seq=crv_seq_8                      cyc=7 op=OPC_JAL    f3=000 f7=0110001 rd=18 rs1=8 rs2=31 -> instr=0x63f4096f reg_write=1 illegal=0
[PASS] seq=crv_seq_8                      cyc=8 op=OPC_SYSTEM f3=000 f7=1100111 rd=5 rs1=31 rs2=20 -> instr=0xcf4f82f3 reg_write=0 illegal=0
[PASS] seq=crv_seq_8                      cyc=9 op=OPC_SYSTEM f3=111 f7=1101101 rd=2 rs1=20 rs2=17 -> instr=0xdb1a7173 reg_write=1 illegal=0
[PASS] seq=crv_seq_8                      cyc=10 op=OPC_IMM    f3=101 f7=1000000 rd=5 rs1=3 rs2=10 -> instr=0x80a1d293 reg_write=1 illegal=0
[PASS] seq=crv_seq_8                      cyc=11 op=OPC_LOAD   f3=100 f7=1010011 rd=12 rs1=16 rs2=25 -> instr=0xa7984603 reg_write=1 illegal=0
[PASS] seq=crv_seq_8                      cyc=12 op=OPC_IMM    f3=101 f7=0000000 rd=2 rs1=21 rs2=22 -> instr=0x016ad113 reg_write=1 illegal=0
[PASS] seq=crv_seq_8                      cyc=13 op=OPC_SYSTEM f3=101 f7=1010110 rd=18 rs1=20 rs2=19 -> instr=0xad3a5973 reg_write=1 illegal=0
[PASS] seq=crv_seq_8                      cyc=14 op=OPC_IMM    f3=011 f7=1101010 rd=1 rs1=3 rs2=3 -> instr=0xd431b093 reg_write=1 illegal=0
[PASS] seq=crv_seq_8                      cyc=15 op=OPC_IMM    f3=000 f7=0000110 rd=22 rs1=1 rs2=9 -> instr=0x0c908b13 reg_write=1 illegal=0
[PASS] seq=crv_seq_8                      cyc=16 op=OPC_BRANCH f3=110 f7=1111111 rd=14 rs1=22 rs2=28 -> instr=0xffcb6763 reg_write=0 illegal=0
[PASS] seq=crv_seq_8                      cyc=17 op=OPC_STORE  f3=001 f7=0111100 rd=3 rs1=23 rs2=7 -> instr=0x787b91a3 reg_write=0 illegal=0
[PASS] seq=crv_seq_8                      cyc=18 op=OPC_AUIPC  f3=110 f7=0101001 rd=17 rs1=22 rs2=4 -> instr=0x524b6897 reg_write=1 illegal=0
[PASS] seq=crv_seq_8                      cyc=19 op=OPC_RESERVED f3=000 f7=0111111 rd=30 rs1=24 rs2=10 -> instr=0x7eac0f7f reg_write=0 illegal=1
[PASS] seq=crv_seq_8                      cyc=20 op=OPC_LOAD   f3=000 f7=1001100 rd=15 rs1=24 rs2=17 -> instr=0x991c0783 reg_write=1 illegal=0
[PASS] seq=crv_seq_8                      cyc=21 op=OPC_CUSTOM0 f3=110 f7=1110001 rd=15 rs1=21 rs2=22 -> instr=0xe36ae78b reg_write=0 illegal=0
[PASS] seq=crv_seq_8                      cyc=22 op=OPC_IMM    f3=001 f7=0000110 rd=20 rs1=13 rs2=4 -> instr=0x0c469a13 reg_write=1 illegal=0
[PASS] seq=crv_seq_8                      cyc=23 op=OPC_IMM    f3=111 f7=1111011 rd=13 rs1=16 rs2=12 -> instr=0xf6c87693 reg_write=1 illegal=0
[PASS] seq=crv_seq_8                      cyc=24 op=OPC_LUI    f3=001 f7=0101001 rd=11 rs1=31 rs2=14 -> instr=0x52ef95b7 reg_write=1 illegal=0
[PASS] seq=crv_seq_8                      cyc=25 op=OPC_LUI    f3=111 f7=0010101 rd=17 rs1=30 rs2=5 -> instr=0x2a5f78b7 reg_write=1 illegal=0
[PASS] seq=crv_seq_8                      cyc=26 op=OPC_JAL    f3=111 f7=0111000 rd=21 rs1=6 rs2=22 -> instr=0x71637aef reg_write=1 illegal=0
[PASS] seq=crv_seq_8                      cyc=27 op=OPC_BRANCH f3=100 f7=1010100 rd=23 rs1=29 rs2=29 -> instr=0xa9decbe3 reg_write=0 illegal=0
[PASS] seq=crv_seq_8                      cyc=28 op=OPC_SYSTEM f3=011 f7=1111010 rd=17 rs1=19 rs2=20 -> instr=0xf549b8f3 reg_write=1 illegal=0
[PASS] seq=crv_seq_8                      cyc=29 op=OPC_STORE  f3=100 f7=1000111 rd=16 rs1=19 rs2=3 -> instr=0x8e39c823 reg_write=0 illegal=0
[PASS] seq=crv_seq_8                      cyc=30 op=OPC_IMM    f3=000 f7=1101100 rd=31 rs1=19 rs2=23 -> instr=0xd9798f93 reg_write=1 illegal=0
[PASS] seq=crv_seq_8                      cyc=31 op=OPC_JAL    f3=110 f7=1000010 rd=3 rs1=16 rs2=8 -> instr=0x848861ef reg_write=1 illegal=0
[PASS] seq=crv_seq_8                      cyc=32 op=OPC_RESERVED f3=011 f7=1100000 rd=0 rs1=8 rs2=1 -> instr=0xc014307f reg_write=0 illegal=1
[PASS] seq=crv_seq_8                      cyc=33 op=OPC_LUI    f3=110 f7=1111001 rd=29 rs1=21 rs2=8 -> instr=0xf28aeeb7 reg_write=1 illegal=0
[PASS] seq=crv_seq_8                      cyc=34 op=OPC_JALR   f3=100 f7=1001111 rd=19 rs1=13 rs2=1 -> instr=0x9e16c9e7 reg_write=1 illegal=0
[PASS] seq=crv_seq_8                      cyc=35 op=OPC_IMM    f3=111 f7=1010110 rd=4 rs1=11 rs2=11 -> instr=0xacb5f213 reg_write=1 illegal=0
[PASS] seq=crv_seq_8                      cyc=36 op=OPC_JAL    f3=010 f7=1111100 rd=9 rs1=22 rs2=16 -> instr=0xf90b24ef reg_write=1 illegal=0
[PASS] seq=crv_seq_8                      cyc=37 op=OPC_JALR   f3=001 f7=0010100 rd=18 rs1=21 rs2=24 -> instr=0x298a9967 reg_write=1 illegal=0
[PASS] seq=crv_seq_8                      cyc=38 op=OPC_RESERVED f3=101 f7=0011001 rd=31 rs1=17 rs2=24 -> instr=0x3388dfff reg_write=0 illegal=1
[PASS] seq=crv_seq_8                      cyc=39 op=OPC_SYSTEM f3=111 f7=0000000 rd=31 rs1=16 rs2=2 -> instr=0x00287ff3 reg_write=1 illegal=0
[PASS] seq=crv_seq_8                      cyc=40 op=OPC_IMM    f3=100 f7=1111111 rd=29 rs1=13 rs2=6 -> instr=0xfe66ce93 reg_write=1 illegal=0
[PASS] seq=crv_seq_8                      cyc=41 op=OPC_LOAD   f3=101 f7=0111001 rd=20 rs1=29 rs2=10 -> instr=0x72aeda03 reg_write=1 illegal=0
[PASS] seq=crv_seq_8                      cyc=42 op=OPC_IMM    f3=111 f7=0011111 rd=6 rs1=20 rs2=10 -> instr=0x3eaa7313 reg_write=1 illegal=0
[PASS] seq=crv_seq_8                      cyc=43 op=OPC_SYSTEM f3=101 f7=0000001 rd=15 rs1=11 rs2=11 -> instr=0x02b5d7f3 reg_write=1 illegal=0
[PASS] seq=crv_seq_8                      cyc=44 op=OPC_AUIPC  f3=001 f7=0111010 rd=20 rs1=23 rs2=31 -> instr=0x75fb9a17 reg_write=1 illegal=0
[PASS] seq=crv_seq_8                      cyc=45 op=OPC_SYSTEM f3=101 f7=1110100 rd=30 rs1=21 rs2=4 -> instr=0xe84adf73 reg_write=1 illegal=0
[PASS] seq=crv_seq_8                      cyc=46 op=OPC_STORE  f3=000 f7=1010000 rd=24 rs1=12 rs2=8 -> instr=0xa0860c23 reg_write=0 illegal=0
[PASS] seq=crv_seq_8                      cyc=47 op=OPC_JALR   f3=000 f7=1100000 rd=17 rs1=20 rs2=3 -> instr=0xc03a08e7 reg_write=1 illegal=0
[PASS] seq=crv_seq_8                      cyc=48 op=OPC_JALR   f3=000 f7=1100010 rd=20 rs1=1 rs2=0 -> instr=0xc4008a67 reg_write=1 illegal=0
[PASS] seq=crv_seq_8                      cyc=49 op=OPC_JALR   f3=111 f7=0011100 rd=6 rs1=12 rs2=22 -> instr=0x39667367 reg_write=1 illegal=0
[PASS] seq=crv_seq_8                      cyc=50 op=OPC_LUI    f3=110 f7=0111011 rd=1 rs1=27 rs2=26 -> instr=0x77ade0b7 reg_write=1 illegal=0
[PASS] seq=crv_seq_8                      cyc=51 op=OPC_AUIPC  f3=111 f7=1001000 rd=7 rs1=10 rs2=0 -> instr=0x90057397 reg_write=1 illegal=0
[PASS] seq=crv_seq_8                      cyc=52 op=OPC_REG    f3=111 f7=0111111 rd=13 rs1=3 rs2=22 -> instr=0x7f61f6b3 reg_write=0 illegal=1
[PASS] seq=crv_seq_8                      cyc=53 op=OPC_BRANCH f3=110 f7=0001101 rd=26 rs1=26 rs2=10 -> instr=0x1aad6d63 reg_write=0 illegal=0
[PASS] seq=crv_seq_8                      cyc=54 op=OPC_RESERVED f3=110 f7=0010100 rd=3 rs1=12 rs2=8 -> instr=0x288661ff reg_write=0 illegal=1
[PASS] seq=crv_seq_8                      cyc=55 op=OPC_IMM    f3=110 f7=1101111 rd=7 rs1=8 rs2=16 -> instr=0xdf046393 reg_write=1 illegal=0
[PASS] seq=crv_seq_8                      cyc=56 op=OPC_REG    f3=111 f7=0111111 rd=23 rs1=23 rs2=21 -> instr=0x7f5bfbb3 reg_write=0 illegal=1
[PASS] seq=crv_seq_8                      cyc=57 op=OPC_IMM    f3=010 f7=1110011 rd=12 rs1=8 rs2=5 -> instr=0xe6542613 reg_write=1 illegal=0
[PASS] seq=crv_seq_8                      cyc=58 op=OPC_CUSTOM0 f3=010 f7=1000100 rd=1 rs1=10 rs2=26 -> instr=0x89a5208b reg_write=0 illegal=0
[PASS] seq=crv_seq_8                      cyc=59 op=OPC_AUIPC  f3=100 f7=0011100 rd=21 rs1=23 rs2=13 -> instr=0x38dbca97 reg_write=1 illegal=0
[PASS] seq=crv_seq_8                      cyc=60 op=OPC_REG    f3=100 f7=0000101 rd=8 rs1=25 rs2=8 -> instr=0x0a8cc433 reg_write=0 illegal=1
[PASS] seq=crv_seq_8                      cyc=61 op=OPC_BRANCH f3=110 f7=1000011 rd=29 rs1=25 rs2=17 -> instr=0x871ceee3 reg_write=0 illegal=0
[PASS] seq=crv_seq_8                      cyc=62 op=OPC_RESERVED f3=110 f7=0111010 rd=4 rs1=25 rs2=20 -> instr=0x754ce27f reg_write=0 illegal=1
[PASS] seq=crv_seq_8                      cyc=63 op=OPC_LOAD   f3=011 f7=0000010 rd=0 rs1=3 rs2=21 -> instr=0x0551b003 reg_write=1 illegal=0
[PASS] seq=crv_seq_8                      cyc=64 op=OPC_IMM    f3=111 f7=1110000 rd=16 rs1=30 rs2=8 -> instr=0xe08f7813 reg_write=1 illegal=0
[PASS] seq=crv_seq_8                      cyc=65 op=OPC_REG    f3=011 f7=0011011 rd=15 rs1=11 rs2=17 -> instr=0x3715b7b3 reg_write=0 illegal=1
[PASS] seq=crv_seq_8                      cyc=66 op=OPC_SYSTEM f3=011 f7=1100000 rd=7 rs1=18 rs2=8 -> instr=0xc08933f3 reg_write=1 illegal=0
[PASS] seq=crv_seq_8                      cyc=67 op=OPC_AUIPC  f3=001 f7=1111101 rd=24 rs1=4 rs2=13 -> instr=0xfad21c17 reg_write=1 illegal=0
[PASS] seq=crv_seq_8                      cyc=68 op=OPC_JAL    f3=111 f7=0010000 rd=25 rs1=14 rs2=15 -> instr=0x20f77cef reg_write=1 illegal=0
[PASS] seq=crv_seq_8                      cyc=69 op=OPC_JALR   f3=010 f7=0011010 rd=25 rs1=23 rs2=27 -> instr=0x35bbace7 reg_write=1 illegal=0
[PASS] seq=crv_seq_8                      cyc=70 op=OPC_SYSTEM f3=001 f7=1010001 rd=18 rs1=3 rs2=12 -> instr=0xa2c19973 reg_write=1 illegal=0
[PASS] seq=crv_seq_8                      cyc=71 op=OPC_STORE  f3=101 f7=0100111 rd=3 rs1=8 rs2=30 -> instr=0x4fe451a3 reg_write=0 illegal=0
[PASS] seq=crv_seq_8                      cyc=72 op=OPC_IMM    f3=000 f7=1111000 rd=27 rs1=14 rs2=13 -> instr=0xf0d70d93 reg_write=1 illegal=0
[PASS] seq=crv_seq_8                      cyc=73 op=OPC_REG    f3=001 f7=1010101 rd=7 rs1=10 rs2=21 -> instr=0xab5513b3 reg_write=0 illegal=1
[PASS] seq=crv_seq_8                      cyc=74 op=OPC_AUIPC  f3=101 f7=1001010 rd=19 rs1=22 rs2=31 -> instr=0x95fb5997 reg_write=1 illegal=0
[PASS] seq=crv_seq_8                      cyc=75 op=OPC_IMM    f3=000 f7=1100001 rd=11 rs1=20 rs2=9 -> instr=0xc29a0593 reg_write=1 illegal=0
[PASS] seq=crv_seq_8                      cyc=76 op=OPC_IMM    f3=111 f7=1101001 rd=12 rs1=6 rs2=6 -> instr=0xd2637613 reg_write=1 illegal=0
[PASS] seq=crv_seq_8                      cyc=77 op=OPC_AUIPC  f3=000 f7=1000000 rd=12 rs1=13 rs2=9 -> instr=0x80968617 reg_write=1 illegal=0
[PASS] seq=crv_seq_8                      cyc=78 op=OPC_BRANCH f3=010 f7=0111100 rd=19 rs1=21 rs2=26 -> instr=0x79aaa9e3 reg_write=0 illegal=0
[PASS] seq=crv_seq_8                      cyc=79 op=OPC_CUSTOM0 f3=111 f7=0010111 rd=12 rs1=29 rs2=8 -> instr=0x2e8ef60b reg_write=0 illegal=0
[PASS] seq=crv_seq_8                      cyc=80 op=OPC_BRANCH f3=101 f7=1011000 rd=16 rs1=7 rs2=27 -> instr=0xb1b3d863 reg_write=0 illegal=0
[PASS] seq=crv_seq_8                      cyc=81 op=OPC_JAL    f3=011 f7=1000011 rd=6 rs1=18 rs2=25 -> instr=0x8799336f reg_write=1 illegal=0
[PASS] seq=crv_seq_8                      cyc=82 op=OPC_JALR   f3=000 f7=1010110 rd=13 rs1=3 rs2=11 -> instr=0xacb186e7 reg_write=1 illegal=0
[PASS] seq=crv_seq_8                      cyc=83 op=OPC_LOAD   f3=101 f7=0000000 rd=9 rs1=1 rs2=2 -> instr=0x0020d483 reg_write=1 illegal=0
[PASS] seq=crv_seq_8                      cyc=84 op=OPC_REG    f3=000 f7=1000101 rd=29 rs1=22 rs2=26 -> instr=0x8bab0eb3 reg_write=0 illegal=1
[PASS] seq=crv_seq_8                      cyc=85 op=OPC_JAL    f3=100 f7=0111110 rd=10 rs1=19 rs2=11 -> instr=0x7cb9c56f reg_write=1 illegal=0
[PASS] seq=crv_seq_8                      cyc=86 op=OPC_LOAD   f3=010 f7=0010011 rd=20 rs1=19 rs2=9 -> instr=0x2699aa03 reg_write=1 illegal=0
[PASS] seq=crv_seq_8                      cyc=87 op=OPC_REG    f3=110 f7=1111111 rd=21 rs1=17 rs2=9 -> instr=0xfe98eab3 reg_write=0 illegal=1
[PASS] seq=crv_seq_8                      cyc=88 op=OPC_LOAD   f3=110 f7=1001110 rd=1 rs1=15 rs2=27 -> instr=0x9db7e083 reg_write=1 illegal=0
[PASS] seq=crv_seq_8                      cyc=89 op=OPC_IMM    f3=111 f7=1001101 rd=4 rs1=27 rs2=13 -> instr=0x9addf213 reg_write=1 illegal=0
[PASS] seq=crv_seq_8                      cyc=90 op=OPC_AUIPC  f3=101 f7=0100010 rd=18 rs1=23 rs2=9 -> instr=0x449bd917 reg_write=1 illegal=0
[PASS] seq=crv_seq_8                      cyc=91 op=OPC_AUIPC  f3=000 f7=1101001 rd=14 rs1=26 rs2=21 -> instr=0xd35d0717 reg_write=1 illegal=0
[PASS] seq=crv_seq_8                      cyc=92 op=OPC_LUI    f3=010 f7=0001000 rd=30 rs1=1 rs2=12 -> instr=0x10c0af37 reg_write=1 illegal=0
[PASS] seq=crv_seq_8                      cyc=93 op=OPC_IMM    f3=000 f7=1110101 rd=31 rs1=31 rs2=23 -> instr=0xeb7f8f93 reg_write=1 illegal=0
[PASS] seq=crv_seq_8                      cyc=94 op=OPC_IMM    f3=001 f7=0010110 rd=27 rs1=19 rs2=27 -> instr=0x2db99d93 reg_write=1 illegal=0
[PASS] seq=crv_seq_8                      cyc=95 op=OPC_JAL    f3=101 f7=0101010 rd=4 rs1=0 rs2=19 -> instr=0x5530526f reg_write=1 illegal=0
[PASS] seq=crv_seq_8                      cyc=96 op=OPC_JAL    f3=011 f7=1001010 rd=8 rs1=26 rs2=17 -> instr=0x951d346f reg_write=1 illegal=0
[PASS] seq=crv_seq_8                      cyc=97 op=OPC_IMM    f3=011 f7=1101111 rd=4 rs1=28 rs2=22 -> instr=0xdf6e3213 reg_write=1 illegal=0
[PASS] seq=crv_seq_8                      cyc=98 op=OPC_REG    f3=011 f7=0101101 rd=16 rs1=26 rs2=9 -> instr=0x5a9d3833 reg_write=0 illegal=1
[PASS] seq=crv_seq_8                      cyc=99 op=OPC_SYSTEM f3=100 f7=1100101 rd=0 rs1=24 rs2=29 -> instr=0xcbdc4073 reg_write=1 illegal=0
[PASS] seq=crv_seq_8                      cyc=100 op=OPC_REG    f3=110 f7=0111001 rd=31 rs1=17 rs2=10 -> instr=0x72a8efb3 reg_write=0 illegal=1
[PASS] seq=crv_seq_8                      cyc=101 op=OPC_JAL    f3=100 f7=1011110 rd=11 rs1=15 rs2=10 -> instr=0xbca7c5ef reg_write=1 illegal=0
[PASS] seq=crv_seq_8                      cyc=102 op=OPC_LUI    f3=101 f7=0100110 rd=20 rs1=7 rs2=18 -> instr=0x4d23da37 reg_write=1 illegal=0
[PASS] seq=crv_seq_8                      cyc=103 op=OPC_IMM    f3=111 f7=0000011 rd=14 rs1=10 rs2=31 -> instr=0x07f57713 reg_write=1 illegal=0
[PASS] seq=crv_seq_8                      cyc=104 op=OPC_REG    f3=101 f7=1110101 rd=21 rs1=21 rs2=13 -> instr=0xeadadab3 reg_write=0 illegal=1
[PASS] seq=crv_seq_8                      cyc=105 op=OPC_RESERVED f3=101 f7=1010011 rd=9 rs1=20 rs2=3 -> instr=0xa63a54ff reg_write=0 illegal=1
[PASS] seq=crv_seq_8                      cyc=106 op=OPC_RESERVED f3=110 f7=1100111 rd=26 rs1=26 rs2=19 -> instr=0xcf3d6d7f reg_write=0 illegal=1
[PASS] seq=crv_seq_8                      cyc=107 op=OPC_IMM    f3=110 f7=1011000 rd=15 rs1=14 rs2=18 -> instr=0xb1276793 reg_write=1 illegal=0
[PASS] seq=crv_seq_8                      cyc=108 op=OPC_SYSTEM f3=110 f7=1100011 rd=5 rs1=3 rs2=26 -> instr=0xc7a1e2f3 reg_write=1 illegal=0
[PASS] seq=crv_seq_8                      cyc=109 op=OPC_IMM    f3=011 f7=0101110 rd=4 rs1=30 rs2=3 -> instr=0x5c3f3213 reg_write=1 illegal=0
[PASS] seq=crv_seq_8                      cyc=110 op=OPC_BRANCH f3=010 f7=1011000 rd=28 rs1=6 rs2=31 -> instr=0xb1f32e63 reg_write=0 illegal=0
[PASS] seq=crv_seq_8                      cyc=111 op=OPC_IMM    f3=100 f7=0010100 rd=1 rs1=0 rs2=7 -> instr=0x28704093 reg_write=1 illegal=0
[PASS] seq=crv_seq_8                      cyc=112 op=OPC_STORE  f3=010 f7=0011001 rd=26 rs1=27 rs2=17 -> instr=0x331dad23 reg_write=0 illegal=0
[PASS] seq=crv_seq_8                      cyc=113 op=OPC_JAL    f3=011 f7=1010000 rd=26 rs1=3 rs2=0 -> instr=0xa001bd6f reg_write=1 illegal=0
[PASS] seq=crv_seq_8                      cyc=114 op=OPC_SYSTEM f3=000 f7=1011000 rd=9 rs1=31 rs2=5 -> instr=0xb05f84f3 reg_write=0 illegal=0
[PASS] seq=crv_seq_8                      cyc=115 op=OPC_BRANCH f3=110 f7=0111001 rd=18 rs1=26 rs2=1 -> instr=0x721d6963 reg_write=0 illegal=0
[PASS] seq=crv_seq_8                      cyc=116 op=OPC_REG    f3=001 f7=0101000 rd=27 rs1=15 rs2=29 -> instr=0x51d79db3 reg_write=0 illegal=1
[PASS] seq=crv_seq_8                      cyc=117 op=OPC_JALR   f3=000 f7=1111100 rd=9 rs1=0 rs2=11 -> instr=0xf8b004e7 reg_write=1 illegal=0
[PASS] seq=crv_seq_8                      cyc=118 op=OPC_REG    f3=001 f7=0000100 rd=27 rs1=25 rs2=11 -> instr=0x08bc9db3 reg_write=0 illegal=1
[PASS] seq=crv_seq_8                      cyc=119 op=OPC_JAL    f3=000 f7=0000100 rd=31 rs1=15 rs2=3 -> instr=0x08378fef reg_write=1 illegal=0
[PASS] seq=crv_seq_8                      cyc=120 op=OPC_STORE  f3=000 f7=1110010 rd=25 rs1=25 rs2=13 -> instr=0xe4dc8ca3 reg_write=0 illegal=0
[PASS] seq=crv_seq_8                      cyc=121 op=OPC_REG    f3=001 f7=0110010 rd=23 rs1=30 rs2=6 -> instr=0x646f1bb3 reg_write=0 illegal=1
[PASS] seq=crv_seq_8                      cyc=122 op=OPC_BRANCH f3=010 f7=0011110 rd=30 rs1=9 rs2=6 -> instr=0x3c64af63 reg_write=0 illegal=0
[PASS] seq=crv_seq_8                      cyc=123 op=OPC_IMM    f3=111 f7=1111000 rd=27 rs1=14 rs2=12 -> instr=0xf0c77d93 reg_write=1 illegal=0
[PASS] seq=crv_seq_8                      cyc=124 op=OPC_JALR   f3=001 f7=0101010 rd=8 rs1=18 rs2=9 -> instr=0x54991467 reg_write=1 illegal=0
[PASS] seq=crv_seq_8                      cyc=125 op=OPC_LUI    f3=010 f7=0110100 rd=20 rs1=5 rs2=21 -> instr=0x6952aa37 reg_write=1 illegal=0
[PASS] seq=crv_seq_8                      cyc=126 op=OPC_SYSTEM f3=111 f7=0000000 rd=31 rs1=26 rs2=6 -> instr=0x006d7ff3 reg_write=1 illegal=0
[PASS] seq=crv_seq_8                      cyc=127 op=OPC_REG    f3=101 f7=0011010 rd=4 rs1=7 rs2=27 -> instr=0x35b3d233 reg_write=0 illegal=1
[PASS] seq=crv_seq_8                      cyc=128 op=OPC_STORE  f3=001 f7=0111111 rd=26 rs1=2 rs2=27 -> instr=0x7fb11d23 reg_write=0 illegal=0
[PASS] seq=crv_seq_8                      cyc=129 op=OPC_JALR   f3=100 f7=1011001 rd=19 rs1=3 rs2=0 -> instr=0xb201c9e7 reg_write=1 illegal=0
[PASS] seq=crv_seq_8                      cyc=130 op=OPC_CUSTOM0 f3=011 f7=0010100 rd=13 rs1=19 rs2=4 -> instr=0x2849b68b reg_write=0 illegal=0
[PASS] seq=crv_seq_8                      cyc=131 op=OPC_CUSTOM0 f3=100 f7=1011011 rd=5 rs1=6 rs2=12 -> instr=0xb6c3428b reg_write=0 illegal=0
[PASS] seq=crv_seq_8                      cyc=132 op=OPC_STORE  f3=000 f7=1011001 rd=9 rs1=0 rs2=28 -> instr=0xb3c004a3 reg_write=0 illegal=0
[PASS] seq=crv_seq_8                      cyc=133 op=OPC_JAL    f3=000 f7=1000101 rd=4 rs1=0 rs2=0 -> instr=0x8a00026f reg_write=1 illegal=0
[PASS] seq=crv_seq_8                      cyc=134 op=OPC_BRANCH f3=001 f7=1000100 rd=4 rs1=18 rs2=15 -> instr=0x88f91263 reg_write=0 illegal=0
[PASS] seq=crv_seq_8                      cyc=135 op=OPC_AUIPC  f3=100 f7=0001100 rd=31 rs1=29 rs2=13 -> instr=0x18decf97 reg_write=1 illegal=0
[PASS] seq=crv_seq_8                      cyc=136 op=OPC_LUI    f3=010 f7=0010000 rd=6 rs1=0 rs2=9 -> instr=0x20902337 reg_write=1 illegal=0
[PASS] seq=crv_seq_8                      cyc=137 op=OPC_AUIPC  f3=011 f7=1011101 rd=15 rs1=22 rs2=22 -> instr=0xbb6b3797 reg_write=1 illegal=0
[PASS] seq=crv_seq_8                      cyc=138 op=OPC_REG    f3=001 f7=1001110 rd=9 rs1=15 rs2=12 -> instr=0x9cc794b3 reg_write=0 illegal=1
[PASS] seq=crv_seq_8                      cyc=139 op=OPC_IMM    f3=011 f7=1001010 rd=10 rs1=16 rs2=20 -> instr=0x95483513 reg_write=1 illegal=0
[PASS] seq=crv_seq_8                      cyc=140 op=OPC_AUIPC  f3=100 f7=0000100 rd=19 rs1=10 rs2=25 -> instr=0x09954997 reg_write=1 illegal=0
[PASS] seq=crv_seq_8                      cyc=141 op=OPC_IMM    f3=110 f7=1000001 rd=7 rs1=14 rs2=14 -> instr=0x82e76393 reg_write=1 illegal=0
[PASS] seq=crv_seq_8                      cyc=142 op=OPC_LUI    f3=101 f7=0110000 rd=12 rs1=27 rs2=24 -> instr=0x618dd637 reg_write=1 illegal=0
[PASS] seq=crv_seq_8                      cyc=143 op=OPC_RESERVED f3=011 f7=1110000 rd=21 rs1=0 rs2=25 -> instr=0xe1903aff reg_write=0 illegal=1
[PASS] seq=crv_seq_8                      cyc=144 op=OPC_IMM    f3=010 f7=1010010 rd=27 rs1=20 rs2=20 -> instr=0xa54a2d93 reg_write=1 illegal=0
[PASS] seq=crv_seq_8                      cyc=145 op=OPC_JALR   f3=000 f7=1010111 rd=25 rs1=25 rs2=12 -> instr=0xaecc8ce7 reg_write=1 illegal=0
[PASS] seq=crv_seq_8                      cyc=146 op=OPC_IMM    f3=110 f7=1000011 rd=0 rs1=24 rs2=27 -> instr=0x87bc6013 reg_write=1 illegal=0
[PASS] seq=crv_seq_8                      cyc=147 op=OPC_STORE  f3=100 f7=1000001 rd=18 rs1=2 rs2=14 -> instr=0x82e14923 reg_write=0 illegal=0
[PASS] seq=crv_seq_8                      cyc=148 op=OPC_CUSTOM0 f3=010 f7=0001001 rd=12 rs1=5 rs2=8 -> instr=0x1282a60b reg_write=0 illegal=0
[PASS] seq=crv_seq_8                      cyc=149 op=OPC_BRANCH f3=001 f7=1001100 rd=20 rs1=10 rs2=13 -> instr=0x98d51a63 reg_write=0 illegal=0
[PASS] seq=crv_seq_8                      cyc=150 op=OPC_STORE  f3=011 f7=0101011 rd=26 rs1=2 rs2=1 -> instr=0x56113d23 reg_write=0 illegal=0
[PASS] seq=crv_seq_8                      cyc=151 op=OPC_SYSTEM f3=110 f7=0010011 rd=30 rs1=8 rs2=1 -> instr=0x26146f73 reg_write=1 illegal=0
[PASS] seq=crv_seq_8                      cyc=152 op=OPC_JALR   f3=111 f7=0000001 rd=12 rs1=26 rs2=24 -> instr=0x038d7667 reg_write=1 illegal=0
[PASS] seq=crv_seq_8                      cyc=153 op=OPC_AUIPC  f3=010 f7=1010001 rd=24 rs1=22 rs2=19 -> instr=0xa33b2c17 reg_write=1 illegal=0
[PASS] seq=crv_seq_8                      cyc=154 op=OPC_JAL    f3=110 f7=0000000 rd=13 rs1=1 rs2=27 -> instr=0x01b0e6ef reg_write=1 illegal=0
[PASS] seq=crv_seq_8                      cyc=155 op=OPC_CUSTOM0 f3=011 f7=1110111 rd=16 rs1=3 rs2=30 -> instr=0xefe1b80b reg_write=0 illegal=0
[PASS] seq=crv_seq_8                      cyc=156 op=OPC_AUIPC  f3=010 f7=1000101 rd=25 rs1=19 rs2=13 -> instr=0x8ad9ac97 reg_write=1 illegal=0
[PASS] seq=crv_seq_8                      cyc=157 op=OPC_BRANCH f3=010 f7=0000111 rd=4 rs1=8 rs2=28 -> instr=0x0fc42263 reg_write=0 illegal=0
[PASS] seq=crv_seq_8                      cyc=158 op=OPC_LUI    f3=000 f7=1100110 rd=31 rs1=8 rs2=30 -> instr=0xcde40fb7 reg_write=1 illegal=0
[PASS] seq=crv_seq_8                      cyc=159 op=OPC_LOAD   f3=010 f7=0001100 rd=4 rs1=10 rs2=26 -> instr=0x19a52203 reg_write=1 illegal=0
[PASS] seq=crv_seq_8                      cyc=160 op=OPC_CUSTOM0 f3=000 f7=1011101 rd=11 rs1=5 rs2=1 -> instr=0xba12858b reg_write=0 illegal=0
[PASS] seq=crv_seq_8                      cyc=161 op=OPC_IMM    f3=000 f7=0100100 rd=25 rs1=1 rs2=21 -> instr=0x49508c93 reg_write=1 illegal=0
[PASS] seq=crv_seq_8                      cyc=162 op=OPC_JAL    f3=101 f7=0000101 rd=26 rs1=4 rs2=30 -> instr=0x0be25d6f reg_write=1 illegal=0
[PASS] seq=crv_seq_8                      cyc=163 op=OPC_JAL    f3=100 f7=0100101 rd=30 rs1=25 rs2=15 -> instr=0x4afccf6f reg_write=1 illegal=0
[PASS] seq=crv_seq_8                      cyc=164 op=OPC_LUI    f3=011 f7=0101011 rd=30 rs1=20 rs2=22 -> instr=0x576a3f37 reg_write=1 illegal=0
[PASS] seq=crv_seq_8                      cyc=165 op=OPC_CUSTOM0 f3=010 f7=0011010 rd=26 rs1=7 rs2=2 -> instr=0x3423ad0b reg_write=0 illegal=0
[PASS] seq=crv_seq_8                      cyc=166 op=OPC_IMM    f3=100 f7=1010001 rd=30 rs1=10 rs2=12 -> instr=0xa2c54f13 reg_write=1 illegal=0
[PASS] seq=crv_seq_8                      cyc=167 op=OPC_LOAD   f3=001 f7=0000001 rd=13 rs1=20 rs2=19 -> instr=0x033a1683 reg_write=1 illegal=0
[PASS] seq=crv_seq_8                      cyc=168 op=OPC_JAL    f3=011 f7=1000010 rd=5 rs1=29 rs2=0 -> instr=0x840eb2ef reg_write=1 illegal=0
[PASS] seq=crv_seq_8                      cyc=169 op=OPC_IMM    f3=001 f7=1100111 rd=27 rs1=10 rs2=14 -> instr=0xcee51d93 reg_write=1 illegal=0
[PASS] seq=crv_seq_8                      cyc=170 op=OPC_SYSTEM f3=001 f7=1000011 rd=11 rs1=22 rs2=16 -> instr=0x870b15f3 reg_write=1 illegal=0
[PASS] seq=crv_seq_8                      cyc=171 op=OPC_REG    f3=000 f7=1001010 rd=5 rs1=3 rs2=6 -> instr=0x946182b3 reg_write=0 illegal=1
[PASS] seq=crv_seq_8                      cyc=172 op=OPC_IMM    f3=010 f7=1010001 rd=4 rs1=10 rs2=12 -> instr=0xa2c52213 reg_write=1 illegal=0
[PASS] seq=crv_seq_8                      cyc=173 op=OPC_IMM    f3=010 f7=1110100 rd=21 rs1=30 rs2=22 -> instr=0xe96f2a93 reg_write=1 illegal=0
[PASS] seq=crv_seq_8                      cyc=174 op=OPC_STORE  f3=101 f7=1101000 rd=19 rs1=14 rs2=5 -> instr=0xd05759a3 reg_write=0 illegal=0
[PASS] seq=crv_seq_8                      cyc=175 op=OPC_BRANCH f3=010 f7=0000011 rd=14 rs1=8 rs2=5 -> instr=0x06542763 reg_write=0 illegal=0
[PASS] seq=crv_seq_8                      cyc=176 op=OPC_LOAD   f3=111 f7=1000011 rd=24 rs1=1 rs2=9 -> instr=0x8690fc03 reg_write=1 illegal=0
[PASS] seq=crv_seq_8                      cyc=177 op=OPC_CUSTOM0 f3=001 f7=1100101 rd=30 rs1=2 rs2=21 -> instr=0xcb511f0b reg_write=0 illegal=0
[PASS] seq=crv_seq_8                      cyc=178 op=OPC_IMM    f3=110 f7=1101111 rd=17 rs1=11 rs2=3 -> instr=0xde35e893 reg_write=1 illegal=0
[PASS] seq=crv_seq_8                      cyc=179 op=OPC_IMM    f3=011 f7=1011101 rd=12 rs1=23 rs2=31 -> instr=0xbbfbb613 reg_write=1 illegal=0
[PASS] seq=crv_seq_8                      cyc=180 op=OPC_STORE  f3=010 f7=0101010 rd=14 rs1=9 rs2=18 -> instr=0x5524a723 reg_write=0 illegal=0
[PASS] seq=crv_seq_8                      cyc=181 op=OPC_IMM    f3=111 f7=1001101 rd=0 rs1=31 rs2=26 -> instr=0x9baff013 reg_write=1 illegal=0
[PASS] seq=crv_seq_8                      cyc=182 op=OPC_CUSTOM0 f3=000 f7=0110000 rd=8 rs1=29 rs2=29 -> instr=0x61de840b reg_write=0 illegal=0
[PASS] seq=crv_seq_8                      cyc=183 op=OPC_LOAD   f3=001 f7=0110100 rd=5 rs1=31 rs2=24 -> instr=0x698f9283 reg_write=1 illegal=0
[PASS] seq=crv_seq_8                      cyc=184 op=OPC_IMM    f3=110 f7=0101000 rd=3 rs1=24 rs2=28 -> instr=0x51cc6193 reg_write=1 illegal=0
[PASS] seq=crv_seq_8                      cyc=185 op=OPC_JAL    f3=100 f7=0101000 rd=15 rs1=22 rs2=22 -> instr=0x516b47ef reg_write=1 illegal=0
[PASS] seq=crv_seq_8                      cyc=186 op=OPC_CUSTOM0 f3=010 f7=0001001 rd=19 rs1=17 rs2=7 -> instr=0x1278a98b reg_write=0 illegal=0
[PASS] seq=crv_seq_8                      cyc=187 op=OPC_SYSTEM f3=001 f7=0101000 rd=5 rs1=5 rs2=21 -> instr=0x515292f3 reg_write=1 illegal=0
[PASS] seq=crv_seq_8                      cyc=188 op=OPC_LUI    f3=101 f7=0100101 rd=19 rs1=26 rs2=5 -> instr=0x4a5d59b7 reg_write=1 illegal=0
[PASS] seq=crv_seq_8                      cyc=189 op=OPC_LUI    f3=001 f7=0011101 rd=14 rs1=24 rs2=14 -> instr=0x3aec1737 reg_write=1 illegal=0
[PASS] seq=crv_seq_8                      cyc=190 op=OPC_LOAD   f3=001 f7=0110111 rd=4 rs1=19 rs2=0 -> instr=0x6e099203 reg_write=1 illegal=0
[PASS] seq=crv_seq_8                      cyc=191 op=OPC_BRANCH f3=011 f7=1010011 rd=9 rs1=10 rs2=14 -> instr=0xa6e534e3 reg_write=0 illegal=0
[PASS] seq=crv_seq_8                      cyc=192 op=OPC_BRANCH f3=110 f7=0101000 rd=21 rs1=9 rs2=22 -> instr=0x5164eae3 reg_write=0 illegal=0
[PASS] seq=crv_seq_8                      cyc=193 op=OPC_CUSTOM0 f3=110 f7=1010101 rd=13 rs1=27 rs2=10 -> instr=0xaaade68b reg_write=0 illegal=0
[PASS] seq=crv_seq_8                      cyc=194 op=OPC_CUSTOM0 f3=001 f7=0000001 rd=21 rs1=13 rs2=24 -> instr=0x03869a8b reg_write=0 illegal=0
[PASS] seq=crv_seq_8                      cyc=195 op=OPC_LOAD   f3=110 f7=0000111 rd=4 rs1=2 rs2=24 -> instr=0x0f816203 reg_write=1 illegal=0
[PASS] seq=crv_seq_8                      cyc=196 op=OPC_IMM    f3=000 f7=1110110 rd=15 rs1=6 rs2=0 -> instr=0xec030793 reg_write=1 illegal=0
[PASS] seq=crv_seq_8                      cyc=197 op=OPC_SYSTEM f3=010 f7=1111001 rd=27 rs1=4 rs2=22 -> instr=0xf3622df3 reg_write=1 illegal=0
[PASS] seq=crv_seq_8                      cyc=198 op=OPC_JALR   f3=001 f7=1100100 rd=2 rs1=5 rs2=3 -> instr=0xc8329167 reg_write=1 illegal=0
[PASS] seq=crv_seq_8                      cyc=199 op=OPC_LUI    f3=100 f7=1110010 rd=6 rs1=13 rs2=14 -> instr=0xe4e6c337 reg_write=1 illegal=0
[PASS] seq=crv_seq_9                      cyc=0 op=OPC_SYSTEM f3=111 f7=0111110 rd=22 rs1=6 rs2=14 -> instr=0x7ce37b73 reg_write=1 illegal=0
[PASS] seq=crv_seq_9                      cyc=1 op=OPC_RESERVED f3=010 f7=1111001 rd=30 rs1=5 rs2=31 -> instr=0xf3f2af7f reg_write=0 illegal=1
[PASS] seq=crv_seq_9                      cyc=2 op=OPC_RESERVED f3=011 f7=1010101 rd=26 rs1=4 rs2=29 -> instr=0xabd23d7f reg_write=0 illegal=1
[PASS] seq=crv_seq_9                      cyc=3 op=OPC_AUIPC  f3=011 f7=1100110 rd=23 rs1=24 rs2=10 -> instr=0xccac3b97 reg_write=1 illegal=0
[PASS] seq=crv_seq_9                      cyc=4 op=OPC_STORE  f3=000 f7=1111000 rd=20 rs1=22 rs2=11 -> instr=0xf0bb0a23 reg_write=0 illegal=0
[PASS] seq=crv_seq_9                      cyc=5 op=OPC_JALR   f3=101 f7=0010010 rd=6 rs1=9 rs2=9 -> instr=0x2494d367 reg_write=1 illegal=0
[PASS] seq=crv_seq_9                      cyc=6 op=OPC_JALR   f3=000 f7=0011001 rd=29 rs1=1 rs2=10 -> instr=0x32a08ee7 reg_write=1 illegal=0
[PASS] seq=crv_seq_9                      cyc=7 op=OPC_BRANCH f3=101 f7=0100111 rd=20 rs1=2 rs2=10 -> instr=0x4ea15a63 reg_write=0 illegal=0
[PASS] seq=crv_seq_9                      cyc=8 op=OPC_REG    f3=011 f7=1111010 rd=26 rs1=12 rs2=21 -> instr=0xf5563d33 reg_write=0 illegal=1
[PASS] seq=crv_seq_9                      cyc=9 op=OPC_AUIPC  f3=010 f7=0000101 rd=28 rs1=10 rs2=16 -> instr=0x0b052e17 reg_write=1 illegal=0
[PASS] seq=crv_seq_9                      cyc=10 op=OPC_BRANCH f3=101 f7=1110011 rd=5 rs1=7 rs2=5 -> instr=0xe653d2e3 reg_write=0 illegal=0
[PASS] seq=crv_seq_9                      cyc=11 op=OPC_LOAD   f3=001 f7=1111000 rd=11 rs1=26 rs2=25 -> instr=0xf19d1583 reg_write=1 illegal=0
[PASS] seq=crv_seq_9                      cyc=12 op=OPC_AUIPC  f3=110 f7=1101110 rd=19 rs1=1 rs2=14 -> instr=0xdce0e997 reg_write=1 illegal=0
[PASS] seq=crv_seq_9                      cyc=13 op=OPC_LUI    f3=000 f7=1111110 rd=16 rs1=21 rs2=9 -> instr=0xfc9a8837 reg_write=1 illegal=0
[PASS] seq=crv_seq_9                      cyc=14 op=OPC_JAL    f3=000 f7=0011010 rd=19 rs1=24 rs2=17 -> instr=0x351c09ef reg_write=1 illegal=0
[PASS] seq=crv_seq_9                      cyc=15 op=OPC_REG    f3=101 f7=0100010 rd=13 rs1=23 rs2=17 -> instr=0x451bd6b3 reg_write=0 illegal=1
[PASS] seq=crv_seq_9                      cyc=16 op=OPC_JALR   f3=110 f7=0010111 rd=19 rs1=25 rs2=30 -> instr=0x2fece9e7 reg_write=1 illegal=0
[PASS] seq=crv_seq_9                      cyc=17 op=OPC_STORE  f3=001 f7=1111001 rd=14 rs1=11 rs2=3 -> instr=0xf2359723 reg_write=0 illegal=0
[PASS] seq=crv_seq_9                      cyc=18 op=OPC_RESERVED f3=111 f7=0100101 rd=16 rs1=23 rs2=24 -> instr=0x4b8bf87f reg_write=0 illegal=1
[PASS] seq=crv_seq_9                      cyc=19 op=OPC_LOAD   f3=111 f7=0101101 rd=27 rs1=23 rs2=3 -> instr=0x5a3bfd83 reg_write=1 illegal=0
[PASS] seq=crv_seq_9                      cyc=20 op=OPC_REG    f3=101 f7=0010110 rd=22 rs1=30 rs2=14 -> instr=0x2cef5b33 reg_write=0 illegal=1
[PASS] seq=crv_seq_9                      cyc=21 op=OPC_STORE  f3=000 f7=0011110 rd=2 rs1=30 rs2=23 -> instr=0x3d7f0123 reg_write=0 illegal=0
[PASS] seq=crv_seq_9                      cyc=22 op=OPC_SYSTEM f3=111 f7=0100001 rd=30 rs1=6 rs2=7 -> instr=0x42737f73 reg_write=1 illegal=0
[PASS] seq=crv_seq_9                      cyc=23 op=OPC_RESERVED f3=010 f7=0100011 rd=20 rs1=10 rs2=17 -> instr=0x47152a7f reg_write=0 illegal=1
[PASS] seq=crv_seq_9                      cyc=24 op=OPC_JAL    f3=110 f7=0101100 rd=17 rs1=13 rs2=7 -> instr=0x5876e8ef reg_write=1 illegal=0
[PASS] seq=crv_seq_9                      cyc=25 op=OPC_AUIPC  f3=000 f7=0101101 rd=25 rs1=20 rs2=16 -> instr=0x5b0a0c97 reg_write=1 illegal=0
[PASS] seq=crv_seq_9                      cyc=26 op=OPC_IMM    f3=110 f7=1001101 rd=3 rs1=16 rs2=9 -> instr=0x9a986193 reg_write=1 illegal=0
[PASS] seq=crv_seq_9                      cyc=27 op=OPC_LOAD   f3=001 f7=1101110 rd=15 rs1=28 rs2=13 -> instr=0xdcde1783 reg_write=1 illegal=0
[PASS] seq=crv_seq_9                      cyc=28 op=OPC_IMM    f3=100 f7=1001001 rd=1 rs1=18 rs2=12 -> instr=0x92c94093 reg_write=1 illegal=0
[PASS] seq=crv_seq_9                      cyc=29 op=OPC_IMM    f3=101 f7=0101111 rd=27 rs1=29 rs2=22 -> instr=0x5f6edd93 reg_write=1 illegal=0
[PASS] seq=crv_seq_9                      cyc=30 op=OPC_STORE  f3=000 f7=1011101 rd=22 rs1=27 rs2=15 -> instr=0xbafd8b23 reg_write=0 illegal=0
[PASS] seq=crv_seq_9                      cyc=31 op=OPC_REG    f3=010 f7=1001010 rd=23 rs1=8 rs2=28 -> instr=0x95c42bb3 reg_write=0 illegal=1
[PASS] seq=crv_seq_9                      cyc=32 op=OPC_REG    f3=110 f7=0011100 rd=29 rs1=14 rs2=22 -> instr=0x39676eb3 reg_write=0 illegal=1
[PASS] seq=crv_seq_9                      cyc=33 op=OPC_LUI    f3=001 f7=0011100 rd=24 rs1=30 rs2=18 -> instr=0x392f1c37 reg_write=1 illegal=0
[PASS] seq=crv_seq_9                      cyc=34 op=OPC_CUSTOM0 f3=011 f7=0000110 rd=15 rs1=10 rs2=13 -> instr=0x0cd5378b reg_write=0 illegal=0
[PASS] seq=crv_seq_9                      cyc=35 op=OPC_STORE  f3=101 f7=1110011 rd=2 rs1=16 rs2=23 -> instr=0xe7785123 reg_write=0 illegal=0
[PASS] seq=crv_seq_9                      cyc=36 op=OPC_IMM    f3=011 f7=0000000 rd=0 rs1=30 rs2=21 -> instr=0x015f3013 reg_write=1 illegal=0
[PASS] seq=crv_seq_9                      cyc=37 op=OPC_STORE  f3=000 f7=0111001 rd=2 rs1=25 rs2=29 -> instr=0x73dc8123 reg_write=0 illegal=0
[PASS] seq=crv_seq_9                      cyc=38 op=OPC_STORE  f3=100 f7=1001110 rd=17 rs1=15 rs2=20 -> instr=0x9d47c8a3 reg_write=0 illegal=0
[PASS] seq=crv_seq_9                      cyc=39 op=OPC_BRANCH f3=110 f7=1101000 rd=10 rs1=9 rs2=11 -> instr=0xd0b4e563 reg_write=0 illegal=0
[PASS] seq=crv_seq_9                      cyc=40 op=OPC_STORE  f3=101 f7=1000110 rd=28 rs1=22 rs2=3 -> instr=0x8c3b5e23 reg_write=0 illegal=0
[PASS] seq=crv_seq_9                      cyc=41 op=OPC_AUIPC  f3=100 f7=0100101 rd=7 rs1=19 rs2=21 -> instr=0x4b59c397 reg_write=1 illegal=0
[PASS] seq=crv_seq_9                      cyc=42 op=OPC_STORE  f3=100 f7=0110100 rd=10 rs1=1 rs2=15 -> instr=0x68f0c523 reg_write=0 illegal=0
[PASS] seq=crv_seq_9                      cyc=43 op=OPC_REG    f3=110 f7=1110100 rd=19 rs1=9 rs2=18 -> instr=0xe924e9b3 reg_write=0 illegal=1
[PASS] seq=crv_seq_9                      cyc=44 op=OPC_REG    f3=110 f7=0010101 rd=10 rs1=11 rs2=11 -> instr=0x2ab5e533 reg_write=0 illegal=1
[PASS] seq=crv_seq_9                      cyc=45 op=OPC_IMM    f3=010 f7=0011110 rd=1 rs1=31 rs2=6 -> instr=0x3c6fa093 reg_write=1 illegal=0
[PASS] seq=crv_seq_9                      cyc=46 op=OPC_REG    f3=110 f7=1000011 rd=10 rs1=20 rs2=25 -> instr=0x879a6533 reg_write=0 illegal=1
[PASS] seq=crv_seq_9                      cyc=47 op=OPC_JAL    f3=101 f7=0000000 rd=5 rs1=1 rs2=5 -> instr=0x0050d2ef reg_write=1 illegal=0
[PASS] seq=crv_seq_9                      cyc=48 op=OPC_JAL    f3=111 f7=1110000 rd=15 rs1=24 rs2=29 -> instr=0xe1dc77ef reg_write=1 illegal=0
[PASS] seq=crv_seq_9                      cyc=49 op=OPC_STORE  f3=111 f7=1110111 rd=26 rs1=20 rs2=28 -> instr=0xefca7d23 reg_write=0 illegal=0
[PASS] seq=crv_seq_9                      cyc=50 op=OPC_SYSTEM f3=100 f7=1010010 rd=30 rs1=10 rs2=24 -> instr=0xa5854f73 reg_write=1 illegal=0
[PASS] seq=crv_seq_9                      cyc=51 op=OPC_AUIPC  f3=111 f7=0100010 rd=29 rs1=31 rs2=14 -> instr=0x44effe97 reg_write=1 illegal=0
[PASS] seq=crv_seq_9                      cyc=52 op=OPC_BRANCH f3=011 f7=1010011 rd=12 rs1=26 rs2=23 -> instr=0xa77d3663 reg_write=0 illegal=0
[PASS] seq=crv_seq_9                      cyc=53 op=OPC_JALR   f3=000 f7=0110010 rd=20 rs1=12 rs2=30 -> instr=0x65e60a67 reg_write=1 illegal=0
[PASS] seq=crv_seq_9                      cyc=54 op=OPC_SYSTEM f3=011 f7=1100101 rd=0 rs1=22 rs2=17 -> instr=0xcb1b3073 reg_write=1 illegal=0
[PASS] seq=crv_seq_9                      cyc=55 op=OPC_SYSTEM f3=101 f7=1100010 rd=30 rs1=11 rs2=28 -> instr=0xc5c5df73 reg_write=1 illegal=0
[PASS] seq=crv_seq_9                      cyc=56 op=OPC_AUIPC  f3=101 f7=0100100 rd=26 rs1=31 rs2=31 -> instr=0x49ffdd17 reg_write=1 illegal=0
[PASS] seq=crv_seq_9                      cyc=57 op=OPC_AUIPC  f3=101 f7=1110110 rd=2 rs1=16 rs2=3 -> instr=0xec385117 reg_write=1 illegal=0
[PASS] seq=crv_seq_9                      cyc=58 op=OPC_JAL    f3=101 f7=0001100 rd=22 rs1=24 rs2=30 -> instr=0x19ec5b6f reg_write=1 illegal=0
[PASS] seq=crv_seq_9                      cyc=59 op=OPC_IMM    f3=100 f7=1111111 rd=24 rs1=3 rs2=1 -> instr=0xfe11cc13 reg_write=1 illegal=0
[PASS] seq=crv_seq_9                      cyc=60 op=OPC_BRANCH f3=010 f7=0000100 rd=12 rs1=30 rs2=2 -> instr=0x082f2663 reg_write=0 illegal=0
[PASS] seq=crv_seq_9                      cyc=61 op=OPC_LOAD   f3=101 f7=0110000 rd=14 rs1=1 rs2=31 -> instr=0x61f0d703 reg_write=1 illegal=0
[PASS] seq=crv_seq_9                      cyc=62 op=OPC_STORE  f3=011 f7=1111100 rd=5 rs1=17 rs2=9 -> instr=0xf898b2a3 reg_write=0 illegal=0
[PASS] seq=crv_seq_9                      cyc=63 op=OPC_IMM    f3=110 f7=0011010 rd=17 rs1=16 rs2=16 -> instr=0x35086893 reg_write=1 illegal=0
[PASS] seq=crv_seq_9                      cyc=64 op=OPC_STORE  f3=010 f7=1000100 rd=6 rs1=17 rs2=22 -> instr=0x8968a323 reg_write=0 illegal=0
[PASS] seq=crv_seq_9                      cyc=65 op=OPC_LOAD   f3=110 f7=0001101 rd=18 rs1=12 rs2=15 -> instr=0x1af66903 reg_write=1 illegal=0
[PASS] seq=crv_seq_9                      cyc=66 op=OPC_LUI    f3=111 f7=0111101 rd=26 rs1=31 rs2=7 -> instr=0x7a7ffd37 reg_write=1 illegal=0
[PASS] seq=crv_seq_9                      cyc=67 op=OPC_LOAD   f3=010 f7=0001110 rd=7 rs1=16 rs2=30 -> instr=0x1de82383 reg_write=1 illegal=0
[PASS] seq=crv_seq_9                      cyc=68 op=OPC_LUI    f3=101 f7=0001101 rd=17 rs1=25 rs2=30 -> instr=0x1becd8b7 reg_write=1 illegal=0
[PASS] seq=crv_seq_9                      cyc=69 op=OPC_RESERVED f3=101 f7=1010100 rd=29 rs1=2 rs2=31 -> instr=0xa9f15eff reg_write=0 illegal=1
[PASS] seq=crv_seq_9                      cyc=70 op=OPC_IMM    f3=101 f7=0011100 rd=19 rs1=8 rs2=18 -> instr=0x39245993 reg_write=1 illegal=0
[PASS] seq=crv_seq_9                      cyc=71 op=OPC_JALR   f3=111 f7=0011100 rd=30 rs1=9 rs2=12 -> instr=0x38c4ff67 reg_write=1 illegal=0
[PASS] seq=crv_seq_9                      cyc=72 op=OPC_RESERVED f3=000 f7=1101010 rd=18 rs1=15 rs2=31 -> instr=0xd5f7897f reg_write=0 illegal=1
[PASS] seq=crv_seq_9                      cyc=73 op=OPC_IMM    f3=010 f7=1001001 rd=31 rs1=22 rs2=23 -> instr=0x937b2f93 reg_write=1 illegal=0
[PASS] seq=crv_seq_9                      cyc=74 op=OPC_REG    f3=100 f7=1111000 rd=2 rs1=11 rs2=19 -> instr=0xf135c133 reg_write=0 illegal=1
[PASS] seq=crv_seq_9                      cyc=75 op=OPC_JALR   f3=001 f7=0101000 rd=6 rs1=12 rs2=29 -> instr=0x51d61367 reg_write=1 illegal=0
[PASS] seq=crv_seq_9                      cyc=76 op=OPC_CUSTOM0 f3=001 f7=0111110 rd=1 rs1=14 rs2=16 -> instr=0x7d07108b reg_write=0 illegal=0
[PASS] seq=crv_seq_9                      cyc=77 op=OPC_JAL    f3=010 f7=0110111 rd=0 rs1=16 rs2=17 -> instr=0x6f18206f reg_write=1 illegal=0
[PASS] seq=crv_seq_9                      cyc=78 op=OPC_STORE  f3=000 f7=0101101 rd=9 rs1=19 rs2=16 -> instr=0x5b0984a3 reg_write=0 illegal=0
[PASS] seq=crv_seq_9                      cyc=79 op=OPC_CUSTOM0 f3=110 f7=1110000 rd=22 rs1=19 rs2=19 -> instr=0xe139eb0b reg_write=0 illegal=0
[PASS] seq=crv_seq_9                      cyc=80 op=OPC_LOAD   f3=001 f7=0001111 rd=0 rs1=9 rs2=10 -> instr=0x1ea49003 reg_write=1 illegal=0
[PASS] seq=crv_seq_9                      cyc=81 op=OPC_IMM    f3=100 f7=0100001 rd=26 rs1=5 rs2=22 -> instr=0x4362cd13 reg_write=1 illegal=0
[PASS] seq=crv_seq_9                      cyc=82 op=OPC_IMM    f3=000 f7=0010010 rd=11 rs1=20 rs2=21 -> instr=0x255a0593 reg_write=1 illegal=0
[PASS] seq=crv_seq_9                      cyc=83 op=OPC_IMM    f3=000 f7=0110111 rd=21 rs1=4 rs2=27 -> instr=0x6fb20a93 reg_write=1 illegal=0
[PASS] seq=crv_seq_9                      cyc=84 op=OPC_STORE  f3=011 f7=0001000 rd=17 rs1=2 rs2=24 -> instr=0x118138a3 reg_write=0 illegal=0
[PASS] seq=crv_seq_9                      cyc=85 op=OPC_JAL    f3=110 f7=1111011 rd=26 rs1=12 rs2=24 -> instr=0xf7866d6f reg_write=1 illegal=0
[PASS] seq=crv_seq_9                      cyc=86 op=OPC_CUSTOM0 f3=100 f7=0101010 rd=29 rs1=8 rs2=25 -> instr=0x55944e8b reg_write=0 illegal=0
[PASS] seq=crv_seq_9                      cyc=87 op=OPC_JAL    f3=100 f7=0100100 rd=18 rs1=14 rs2=15 -> instr=0x48f7496f reg_write=1 illegal=0
[PASS] seq=crv_seq_9                      cyc=88 op=OPC_STORE  f3=000 f7=1011111 rd=2 rs1=24 rs2=10 -> instr=0xbeac0123 reg_write=0 illegal=0
[PASS] seq=crv_seq_9                      cyc=89 op=OPC_REG    f3=111 f7=0001001 rd=29 rs1=8 rs2=17 -> instr=0x13147eb3 reg_write=0 illegal=1
[PASS] seq=crv_seq_9                      cyc=90 op=OPC_LOAD   f3=101 f7=1000111 rd=25 rs1=10 rs2=31 -> instr=0x8ff55c83 reg_write=1 illegal=0
[PASS] seq=crv_seq_9                      cyc=91 op=OPC_SYSTEM f3=011 f7=1000000 rd=27 rs1=7 rs2=18 -> instr=0x8123bdf3 reg_write=1 illegal=0
[PASS] seq=crv_seq_9                      cyc=92 op=OPC_REG    f3=100 f7=1100010 rd=29 rs1=26 rs2=29 -> instr=0xc5dd4eb3 reg_write=0 illegal=1
[PASS] seq=crv_seq_9                      cyc=93 op=OPC_LOAD   f3=100 f7=0111011 rd=6 rs1=9 rs2=12 -> instr=0x76c4c303 reg_write=1 illegal=0
[PASS] seq=crv_seq_9                      cyc=94 op=OPC_JALR   f3=111 f7=0110001 rd=28 rs1=25 rs2=21 -> instr=0x635cfe67 reg_write=1 illegal=0
[PASS] seq=crv_seq_9                      cyc=95 op=OPC_STORE  f3=000 f7=0111001 rd=27 rs1=9 rs2=16 -> instr=0x73048da3 reg_write=0 illegal=0
[PASS] seq=crv_seq_9                      cyc=96 op=OPC_JALR   f3=001 f7=1110011 rd=24 rs1=12 rs2=8 -> instr=0xe6861c67 reg_write=1 illegal=0
[PASS] seq=crv_seq_9                      cyc=97 op=OPC_BRANCH f3=011 f7=0100001 rd=27 rs1=3 rs2=18 -> instr=0x4321bde3 reg_write=0 illegal=0
[PASS] seq=crv_seq_9                      cyc=98 op=OPC_JALR   f3=110 f7=0111010 rd=11 rs1=28 rs2=9 -> instr=0x749e65e7 reg_write=1 illegal=0
[PASS] seq=crv_seq_9                      cyc=99 op=OPC_BRANCH f3=011 f7=1110111 rd=17 rs1=24 rs2=13 -> instr=0xeedc38e3 reg_write=0 illegal=0
[PASS] seq=crv_seq_9                      cyc=100 op=OPC_STORE  f3=100 f7=1101111 rd=28 rs1=3 rs2=21 -> instr=0xdf51ce23 reg_write=0 illegal=0
[PASS] seq=crv_seq_9                      cyc=101 op=OPC_JAL    f3=001 f7=1000111 rd=23 rs1=18 rs2=5 -> instr=0x8e591bef reg_write=1 illegal=0
[PASS] seq=crv_seq_9                      cyc=102 op=OPC_IMM    f3=110 f7=1110101 rd=8 rs1=1 rs2=19 -> instr=0xeb30e413 reg_write=1 illegal=0
[PASS] seq=crv_seq_9                      cyc=103 op=OPC_LOAD   f3=101 f7=0000000 rd=28 rs1=17 rs2=23 -> instr=0x0178de03 reg_write=1 illegal=0
[PASS] seq=crv_seq_9                      cyc=104 op=OPC_IMM    f3=001 f7=0100001 rd=22 rs1=5 rs2=17 -> instr=0x43129b13 reg_write=1 illegal=0
[PASS] seq=crv_seq_9                      cyc=105 op=OPC_REG    f3=000 f7=0100101 rd=4 rs1=18 rs2=20 -> instr=0x4b490233 reg_write=0 illegal=1
[PASS] seq=crv_seq_9                      cyc=106 op=OPC_SYSTEM f3=111 f7=1000000 rd=3 rs1=18 rs2=1 -> instr=0x801971f3 reg_write=1 illegal=0
[PASS] seq=crv_seq_9                      cyc=107 op=OPC_JAL    f3=011 f7=1000101 rd=3 rs1=6 rs2=12 -> instr=0x8ac331ef reg_write=1 illegal=0
[PASS] seq=crv_seq_9                      cyc=108 op=OPC_IMM    f3=101 f7=1111100 rd=18 rs1=20 rs2=16 -> instr=0xf90a5913 reg_write=1 illegal=0
[PASS] seq=crv_seq_9                      cyc=109 op=OPC_IMM    f3=010 f7=0101101 rd=13 rs1=20 rs2=12 -> instr=0x5aca2693 reg_write=1 illegal=0
[PASS] seq=crv_seq_9                      cyc=110 op=OPC_BRANCH f3=100 f7=1100100 rd=19 rs1=15 rs2=17 -> instr=0xc917c9e3 reg_write=0 illegal=0
[PASS] seq=crv_seq_9                      cyc=111 op=OPC_LOAD   f3=111 f7=1000101 rd=19 rs1=3 rs2=10 -> instr=0x8aa1f983 reg_write=1 illegal=0
[PASS] seq=crv_seq_9                      cyc=112 op=OPC_STORE  f3=000 f7=0111101 rd=20 rs1=16 rs2=5 -> instr=0x7a580a23 reg_write=0 illegal=0
[PASS] seq=crv_seq_9                      cyc=113 op=OPC_IMM    f3=000 f7=1100010 rd=15 rs1=21 rs2=24 -> instr=0xc58a8793 reg_write=1 illegal=0
[PASS] seq=crv_seq_9                      cyc=114 op=OPC_BRANCH f3=101 f7=0001101 rd=16 rs1=14 rs2=15 -> instr=0x1af75863 reg_write=0 illegal=0
[PASS] seq=crv_seq_9                      cyc=115 op=OPC_REG    f3=111 f7=1000111 rd=12 rs1=6 rs2=18 -> instr=0x8f237633 reg_write=0 illegal=1
[PASS] seq=crv_seq_9                      cyc=116 op=OPC_AUIPC  f3=110 f7=1111100 rd=26 rs1=30 rs2=11 -> instr=0xf8bf6d17 reg_write=1 illegal=0
[PASS] seq=crv_seq_9                      cyc=117 op=OPC_JAL    f3=000 f7=0011000 rd=30 rs1=1 rs2=8 -> instr=0x30808f6f reg_write=1 illegal=0
[PASS] seq=crv_seq_9                      cyc=118 op=OPC_REG    f3=111 f7=0110001 rd=4 rs1=2 rs2=12 -> instr=0x62c17233 reg_write=0 illegal=1
[PASS] seq=crv_seq_9                      cyc=119 op=OPC_CUSTOM0 f3=111 f7=0100100 rd=27 rs1=31 rs2=1 -> instr=0x481ffd8b reg_write=0 illegal=0
[PASS] seq=crv_seq_9                      cyc=120 op=OPC_LUI    f3=100 f7=0011100 rd=7 rs1=1 rs2=10 -> instr=0x38a0c3b7 reg_write=1 illegal=0
[PASS] seq=crv_seq_9                      cyc=121 op=OPC_JAL    f3=100 f7=1000011 rd=3 rs1=7 rs2=24 -> instr=0x8783c1ef reg_write=1 illegal=0
[PASS] seq=crv_seq_9                      cyc=122 op=OPC_REG    f3=011 f7=0110101 rd=0 rs1=23 rs2=17 -> instr=0x6b1bb033 reg_write=0 illegal=1
[PASS] seq=crv_seq_9                      cyc=123 op=OPC_LOAD   f3=000 f7=0111010 rd=23 rs1=6 rs2=5 -> instr=0x74530b83 reg_write=1 illegal=0
[PASS] seq=crv_seq_9                      cyc=124 op=OPC_CUSTOM0 f3=000 f7=0000011 rd=31 rs1=19 rs2=21 -> instr=0x07598f8b reg_write=0 illegal=0
[PASS] seq=crv_seq_9                      cyc=125 op=OPC_JAL    f3=100 f7=1001101 rd=7 rs1=27 rs2=4 -> instr=0x9a4dc3ef reg_write=1 illegal=0
[PASS] seq=crv_seq_9                      cyc=126 op=OPC_IMM    f3=010 f7=1011110 rd=22 rs1=29 rs2=25 -> instr=0xbd9eab13 reg_write=1 illegal=0
[PASS] seq=crv_seq_9                      cyc=127 op=OPC_STORE  f3=011 f7=1010110 rd=16 rs1=29 rs2=18 -> instr=0xad2eb823 reg_write=0 illegal=0
[PASS] seq=crv_seq_9                      cyc=128 op=OPC_LUI    f3=010 f7=0000101 rd=28 rs1=0 rs2=29 -> instr=0x0bd02e37 reg_write=1 illegal=0
[PASS] seq=crv_seq_9                      cyc=129 op=OPC_REG    f3=111 f7=0010111 rd=26 rs1=21 rs2=16 -> instr=0x2f0afd33 reg_write=0 illegal=1
[PASS] seq=crv_seq_9                      cyc=130 op=OPC_LUI    f3=000 f7=1000101 rd=2 rs1=14 rs2=20 -> instr=0x8b470137 reg_write=1 illegal=0
[PASS] seq=crv_seq_9                      cyc=131 op=OPC_JAL    f3=110 f7=0101110 rd=9 rs1=10 rs2=8 -> instr=0x5c8564ef reg_write=1 illegal=0
[PASS] seq=crv_seq_9                      cyc=132 op=OPC_STORE  f3=001 f7=0001010 rd=3 rs1=0 rs2=18 -> instr=0x152011a3 reg_write=0 illegal=0
[PASS] seq=crv_seq_9                      cyc=133 op=OPC_SYSTEM f3=011 f7=0111110 rd=9 rs1=28 rs2=12 -> instr=0x7cce34f3 reg_write=1 illegal=0
[PASS] seq=crv_seq_9                      cyc=134 op=OPC_SYSTEM f3=010 f7=0001001 rd=20 rs1=27 rs2=17 -> instr=0x131daa73 reg_write=1 illegal=0
[PASS] seq=crv_seq_9                      cyc=135 op=OPC_JALR   f3=111 f7=1011010 rd=21 rs1=3 rs2=7 -> instr=0xb471fae7 reg_write=1 illegal=0
[PASS] seq=crv_seq_9                      cyc=136 op=OPC_AUIPC  f3=000 f7=0101000 rd=31 rs1=26 rs2=20 -> instr=0x514d0f97 reg_write=1 illegal=0
[PASS] seq=crv_seq_9                      cyc=137 op=OPC_RESERVED f3=001 f7=0111100 rd=4 rs1=23 rs2=6 -> instr=0x786b927f reg_write=0 illegal=1
[PASS] seq=crv_seq_9                      cyc=138 op=OPC_AUIPC  f3=100 f7=0101001 rd=25 rs1=10 rs2=20 -> instr=0x53454c97 reg_write=1 illegal=0
[PASS] seq=crv_seq_9                      cyc=139 op=OPC_IMM    f3=001 f7=1011001 rd=30 rs1=9 rs2=3 -> instr=0xb2349f13 reg_write=1 illegal=0
[PASS] seq=crv_seq_9                      cyc=140 op=OPC_BRANCH f3=100 f7=1110111 rd=8 rs1=12 rs2=17 -> instr=0xef164463 reg_write=0 illegal=0
[PASS] seq=crv_seq_9                      cyc=141 op=OPC_AUIPC  f3=101 f7=0110000 rd=13 rs1=27 rs2=24 -> instr=0x618dd697 reg_write=1 illegal=0
[PASS] seq=crv_seq_9                      cyc=142 op=OPC_IMM    f3=000 f7=1000100 rd=4 rs1=21 rs2=14 -> instr=0x88ea8213 reg_write=1 illegal=0
[PASS] seq=crv_seq_9                      cyc=143 op=OPC_CUSTOM0 f3=101 f7=0011101 rd=30 rs1=26 rs2=25 -> instr=0x3b9d5f0b reg_write=0 illegal=0
[PASS] seq=crv_seq_9                      cyc=144 op=OPC_REG    f3=100 f7=1100011 rd=4 rs1=4 rs2=24 -> instr=0xc7824233 reg_write=0 illegal=1
[PASS] seq=crv_seq_9                      cyc=145 op=OPC_BRANCH f3=010 f7=1101111 rd=14 rs1=31 rs2=14 -> instr=0xdeefa763 reg_write=0 illegal=0
[PASS] seq=crv_seq_9                      cyc=146 op=OPC_REG    f3=011 f7=0010010 rd=24 rs1=30 rs2=31 -> instr=0x25ff3c33 reg_write=0 illegal=1
[PASS] seq=crv_seq_9                      cyc=147 op=OPC_JALR   f3=111 f7=0001001 rd=23 rs1=23 rs2=14 -> instr=0x12ebfbe7 reg_write=1 illegal=0
[PASS] seq=crv_seq_9                      cyc=148 op=OPC_REG    f3=001 f7=1100010 rd=25 rs1=28 rs2=0 -> instr=0xc40e1cb3 reg_write=0 illegal=1
[PASS] seq=crv_seq_9                      cyc=149 op=OPC_IMM    f3=001 f7=0000010 rd=13 rs1=15 rs2=31 -> instr=0x05f79693 reg_write=1 illegal=0
[PASS] seq=crv_seq_9                      cyc=150 op=OPC_BRANCH f3=010 f7=0011011 rd=5 rs1=17 rs2=10 -> instr=0x36a8a2e3 reg_write=0 illegal=0
[PASS] seq=crv_seq_9                      cyc=151 op=OPC_STORE  f3=110 f7=1110100 rd=8 rs1=26 rs2=28 -> instr=0xe9cd6423 reg_write=0 illegal=0
[PASS] seq=crv_seq_9                      cyc=152 op=OPC_AUIPC  f3=111 f7=0011011 rd=31 rs1=13 rs2=12 -> instr=0x36c6ff97 reg_write=1 illegal=0
[PASS] seq=crv_seq_9                      cyc=153 op=OPC_CUSTOM0 f3=011 f7=0011101 rd=12 rs1=17 rs2=24 -> instr=0x3b88b60b reg_write=0 illegal=0
[PASS] seq=crv_seq_9                      cyc=154 op=OPC_BRANCH f3=111 f7=1001011 rd=13 rs1=23 rs2=12 -> instr=0x96cbf6e3 reg_write=0 illegal=0
[PASS] seq=crv_seq_9                      cyc=155 op=OPC_BRANCH f3=100 f7=0010101 rd=8 rs1=20 rs2=26 -> instr=0x2baa4463 reg_write=0 illegal=0
[PASS] seq=crv_seq_9                      cyc=156 op=OPC_RESERVED f3=100 f7=1010011 rd=22 rs1=1 rs2=15 -> instr=0xa6f0cb7f reg_write=0 illegal=1
[PASS] seq=crv_seq_9                      cyc=157 op=OPC_LOAD   f3=011 f7=1111101 rd=6 rs1=6 rs2=0 -> instr=0xfa033303 reg_write=1 illegal=0
[PASS] seq=crv_seq_9                      cyc=158 op=OPC_JALR   f3=101 f7=1111010 rd=6 rs1=9 rs2=12 -> instr=0xf4c4d367 reg_write=1 illegal=0
[PASS] seq=crv_seq_9                      cyc=159 op=OPC_JAL    f3=000 f7=0010111 rd=20 rs1=11 rs2=24 -> instr=0x2f858a6f reg_write=1 illegal=0
[PASS] seq=crv_seq_9                      cyc=160 op=OPC_LUI    f3=110 f7=1000000 rd=18 rs1=25 rs2=6 -> instr=0x806ce937 reg_write=1 illegal=0
[PASS] seq=crv_seq_9                      cyc=161 op=OPC_LOAD   f3=011 f7=0100100 rd=31 rs1=18 rs2=27 -> instr=0x49b93f83 reg_write=1 illegal=0
[PASS] seq=crv_seq_9                      cyc=162 op=OPC_SYSTEM f3=001 f7=0111111 rd=29 rs1=30 rs2=3 -> instr=0x7e3f1ef3 reg_write=1 illegal=0
[PASS] seq=crv_seq_9                      cyc=163 op=OPC_CUSTOM0 f3=111 f7=1011010 rd=7 rs1=17 rs2=25 -> instr=0xb598f38b reg_write=0 illegal=0
[PASS] seq=crv_seq_9                      cyc=164 op=OPC_REG    f3=001 f7=0001101 rd=22 rs1=22 rs2=1 -> instr=0x1a1b1b33 reg_write=0 illegal=1
[PASS] seq=crv_seq_9                      cyc=165 op=OPC_LUI    f3=000 f7=1110000 rd=12 rs1=30 rs2=9 -> instr=0xe09f0637 reg_write=1 illegal=0
[PASS] seq=crv_seq_9                      cyc=166 op=OPC_AUIPC  f3=100 f7=1101001 rd=31 rs1=4 rs2=21 -> instr=0xd3524f97 reg_write=1 illegal=0
[PASS] seq=crv_seq_9                      cyc=167 op=OPC_RESERVED f3=111 f7=0101000 rd=5 rs1=23 rs2=26 -> instr=0x51abf2ff reg_write=0 illegal=1
[PASS] seq=crv_seq_9                      cyc=168 op=OPC_REG    f3=011 f7=0111111 rd=23 rs1=12 rs2=13 -> instr=0x7ed63bb3 reg_write=0 illegal=1
[PASS] seq=crv_seq_9                      cyc=169 op=OPC_BRANCH f3=100 f7=1101111 rd=25 rs1=19 rs2=30 -> instr=0xdfe9cce3 reg_write=0 illegal=0
[PASS] seq=crv_seq_9                      cyc=170 op=OPC_LUI    f3=010 f7=0010011 rd=12 rs1=3 rs2=8 -> instr=0x2681a637 reg_write=1 illegal=0
[PASS] seq=crv_seq_9                      cyc=171 op=OPC_BRANCH f3=000 f7=0000101 rd=5 rs1=11 rs2=1 -> instr=0x0a1582e3 reg_write=0 illegal=0
[PASS] seq=crv_seq_9                      cyc=172 op=OPC_LUI    f3=100 f7=0111110 rd=13 rs1=5 rs2=26 -> instr=0x7da2c6b7 reg_write=1 illegal=0
[PASS] seq=crv_seq_9                      cyc=173 op=OPC_JAL    f3=101 f7=1100001 rd=31 rs1=29 rs2=4 -> instr=0xc24edfef reg_write=1 illegal=0
[PASS] seq=crv_seq_9                      cyc=174 op=OPC_SYSTEM f3=000 f7=1011000 rd=4 rs1=24 rs2=29 -> instr=0xb1dc0273 reg_write=0 illegal=0
[PASS] seq=crv_seq_9                      cyc=175 op=OPC_LUI    f3=111 f7=1001111 rd=0 rs1=26 rs2=21 -> instr=0x9f5d7037 reg_write=1 illegal=0
[PASS] seq=crv_seq_9                      cyc=176 op=OPC_LUI    f3=010 f7=0110111 rd=4 rs1=15 rs2=9 -> instr=0x6e97a237 reg_write=1 illegal=0
[PASS] seq=crv_seq_9                      cyc=177 op=OPC_LUI    f3=101 f7=0111000 rd=25 rs1=14 rs2=27 -> instr=0x71b75cb7 reg_write=1 illegal=0
[PASS] seq=crv_seq_9                      cyc=178 op=OPC_AUIPC  f3=101 f7=0000000 rd=15 rs1=31 rs2=18 -> instr=0x012fd797 reg_write=1 illegal=0
[PASS] seq=crv_seq_9                      cyc=179 op=OPC_IMM    f3=000 f7=0111100 rd=18 rs1=16 rs2=10 -> instr=0x78a80913 reg_write=1 illegal=0
[PASS] seq=crv_seq_9                      cyc=180 op=OPC_JAL    f3=110 f7=1000110 rd=13 rs1=28 rs2=27 -> instr=0x8dbe66ef reg_write=1 illegal=0
[PASS] seq=crv_seq_9                      cyc=181 op=OPC_LOAD   f3=011 f7=1011010 rd=14 rs1=17 rs2=3 -> instr=0xb438b703 reg_write=1 illegal=0
[PASS] seq=crv_seq_9                      cyc=182 op=OPC_STORE  f3=100 f7=1110010 rd=27 rs1=18 rs2=25 -> instr=0xe5994da3 reg_write=0 illegal=0
[PASS] seq=crv_seq_9                      cyc=183 op=OPC_BRANCH f3=101 f7=0100011 rd=9 rs1=5 rs2=15 -> instr=0x46f2d4e3 reg_write=0 illegal=0
[PASS] seq=crv_seq_9                      cyc=184 op=OPC_BRANCH f3=111 f7=1111101 rd=14 rs1=5 rs2=14 -> instr=0xfae2f763 reg_write=0 illegal=0
[PASS] seq=crv_seq_9                      cyc=185 op=OPC_JALR   f3=110 f7=1101000 rd=29 rs1=6 rs2=15 -> instr=0xd0f36ee7 reg_write=1 illegal=0
[PASS] seq=crv_seq_9                      cyc=186 op=OPC_AUIPC  f3=000 f7=0000110 rd=21 rs1=22 rs2=13 -> instr=0x0cdb0a97 reg_write=1 illegal=0
[PASS] seq=crv_seq_9                      cyc=187 op=OPC_CUSTOM0 f3=010 f7=0111000 rd=0 rs1=7 rs2=14 -> instr=0x70e3a00b reg_write=0 illegal=0
[PASS] seq=crv_seq_9                      cyc=188 op=OPC_STORE  f3=110 f7=1010100 rd=2 rs1=31 rs2=3 -> instr=0xa83fe123 reg_write=0 illegal=0
[PASS] seq=crv_seq_9                      cyc=189 op=OPC_JALR   f3=001 f7=1010000 rd=5 rs1=6 rs2=4 -> instr=0xa04312e7 reg_write=1 illegal=0
[PASS] seq=crv_seq_9                      cyc=190 op=OPC_STORE  f3=110 f7=0000010 rd=12 rs1=22 rs2=13 -> instr=0x04db6623 reg_write=0 illegal=0
[PASS] seq=crv_seq_9                      cyc=191 op=OPC_JALR   f3=101 f7=0001100 rd=5 rs1=10 rs2=16 -> instr=0x190552e7 reg_write=1 illegal=0
[PASS] seq=crv_seq_9                      cyc=192 op=OPC_LOAD   f3=110 f7=1101001 rd=3 rs1=22 rs2=0 -> instr=0xd20b6183 reg_write=1 illegal=0
[PASS] seq=crv_seq_9                      cyc=193 op=OPC_REG    f3=000 f7=1110011 rd=31 rs1=22 rs2=27 -> instr=0xe7bb0fb3 reg_write=0 illegal=1
[PASS] seq=crv_seq_9                      cyc=194 op=OPC_BRANCH f3=101 f7=1010100 rd=25 rs1=0 rs2=11 -> instr=0xa8b05ce3 reg_write=0 illegal=0
[PASS] seq=crv_seq_9                      cyc=195 op=OPC_SYSTEM f3=011 f7=1111000 rd=22 rs1=14 rs2=18 -> instr=0xf1273b73 reg_write=1 illegal=0
[PASS] seq=crv_seq_9                      cyc=196 op=OPC_STORE  f3=111 f7=1100011 rd=17 rs1=26 rs2=11 -> instr=0xc6bd78a3 reg_write=0 illegal=0
[PASS] seq=crv_seq_9                      cyc=197 op=OPC_LOAD   f3=111 f7=0001001 rd=11 rs1=28 rs2=31 -> instr=0x13fe7583 reg_write=1 illegal=0
[PASS] seq=crv_seq_9                      cyc=198 op=OPC_STORE  f3=111 f7=1000110 rd=19 rs1=9 rs2=26 -> instr=0x8da4f9a3 reg_write=0 illegal=0
[PASS] seq=crv_seq_9                      cyc=199 op=OPC_JALR   f3=111 f7=1101101 rd=22 rs1=9 rs2=7 -> instr=0xda74fb67 reg_write=1 illegal=0
[PASS] seq=crv_seq_10                     cyc=0 op=OPC_REG    f3=110 f7=1010111 rd=31 rs1=28 rs2=1 -> instr=0xae1e6fb3 reg_write=0 illegal=1
[PASS] seq=crv_seq_10                     cyc=1 op=OPC_CUSTOM0 f3=010 f7=0110101 rd=9 rs1=1 rs2=16 -> instr=0x6b00a48b reg_write=0 illegal=0
[PASS] seq=crv_seq_10                     cyc=2 op=OPC_REG    f3=011 f7=1010010 rd=2 rs1=7 rs2=16 -> instr=0xa503b133 reg_write=0 illegal=1
[PASS] seq=crv_seq_10                     cyc=3 op=OPC_AUIPC  f3=111 f7=1110000 rd=13 rs1=3 rs2=31 -> instr=0xe1f1f697 reg_write=1 illegal=0
[PASS] seq=crv_seq_10                     cyc=4 op=OPC_LOAD   f3=101 f7=1010110 rd=29 rs1=22 rs2=1 -> instr=0xac1b5e83 reg_write=1 illegal=0
[PASS] seq=crv_seq_10                     cyc=5 op=OPC_REG    f3=111 f7=0101001 rd=3 rs1=1 rs2=28 -> instr=0x53c0f1b3 reg_write=0 illegal=1
[PASS] seq=crv_seq_10                     cyc=6 op=OPC_JALR   f3=001 f7=1110101 rd=16 rs1=4 rs2=4 -> instr=0xea421867 reg_write=1 illegal=0
[PASS] seq=crv_seq_10                     cyc=7 op=OPC_CUSTOM0 f3=011 f7=1001111 rd=10 rs1=20 rs2=30 -> instr=0x9fea350b reg_write=0 illegal=0
[PASS] seq=crv_seq_10                     cyc=8 op=OPC_LUI    f3=111 f7=1000001 rd=22 rs1=8 rs2=23 -> instr=0x83747b37 reg_write=1 illegal=0
[PASS] seq=crv_seq_10                     cyc=9 op=OPC_RESERVED f3=101 f7=0110001 rd=18 rs1=18 rs2=8 -> instr=0x6289597f reg_write=0 illegal=1
[PASS] seq=crv_seq_10                     cyc=10 op=OPC_BRANCH f3=011 f7=0010001 rd=22 rs1=29 rs2=13 -> instr=0x22debb63 reg_write=0 illegal=0
[PASS] seq=crv_seq_10                     cyc=11 op=OPC_REG    f3=111 f7=0110100 rd=20 rs1=13 rs2=0 -> instr=0x6806fa33 reg_write=0 illegal=1
[PASS] seq=crv_seq_10                     cyc=12 op=OPC_REG    f3=100 f7=1001111 rd=26 rs1=18 rs2=12 -> instr=0x9ec94d33 reg_write=0 illegal=1
[PASS] seq=crv_seq_10                     cyc=13 op=OPC_IMM    f3=010 f7=1010110 rd=17 rs1=26 rs2=12 -> instr=0xaccd2893 reg_write=1 illegal=0
[PASS] seq=crv_seq_10                     cyc=14 op=OPC_AUIPC  f3=010 f7=0000010 rd=4 rs1=7 rs2=26 -> instr=0x05a3a217 reg_write=1 illegal=0
[PASS] seq=crv_seq_10                     cyc=15 op=OPC_BRANCH f3=001 f7=0101011 rd=25 rs1=2 rs2=11 -> instr=0x56b11ce3 reg_write=0 illegal=0
[PASS] seq=crv_seq_10                     cyc=16 op=OPC_CUSTOM0 f3=000 f7=1111110 rd=11 rs1=22 rs2=5 -> instr=0xfc5b058b reg_write=0 illegal=0
[PASS] seq=crv_seq_10                     cyc=17 op=OPC_CUSTOM0 f3=001 f7=1011001 rd=4 rs1=25 rs2=7 -> instr=0xb27c920b reg_write=0 illegal=0
[PASS] seq=crv_seq_10                     cyc=18 op=OPC_REG    f3=110 f7=0001100 rd=16 rs1=2 rs2=24 -> instr=0x19816833 reg_write=0 illegal=1
[PASS] seq=crv_seq_10                     cyc=19 op=OPC_BRANCH f3=010 f7=0110110 rd=27 rs1=9 rs2=3 -> instr=0x6c34ade3 reg_write=0 illegal=0
[PASS] seq=crv_seq_10                     cyc=20 op=OPC_JALR   f3=100 f7=0111001 rd=16 rs1=17 rs2=11 -> instr=0x72b8c867 reg_write=1 illegal=0
[PASS] seq=crv_seq_10                     cyc=21 op=OPC_CUSTOM0 f3=010 f7=0000001 rd=16 rs1=22 rs2=26 -> instr=0x03ab280b reg_write=0 illegal=0
[PASS] seq=crv_seq_10                     cyc=22 op=OPC_JALR   f3=011 f7=1110101 rd=23 rs1=18 rs2=0 -> instr=0xea093be7 reg_write=1 illegal=0
[PASS] seq=crv_seq_10                     cyc=23 op=OPC_LUI    f3=001 f7=1100111 rd=17 rs1=8 rs2=27 -> instr=0xcfb418b7 reg_write=1 illegal=0
[PASS] seq=crv_seq_10                     cyc=24 op=OPC_JALR   f3=010 f7=0111111 rd=15 rs1=17 rs2=11 -> instr=0x7eb8a7e7 reg_write=1 illegal=0
[PASS] seq=crv_seq_10                     cyc=25 op=OPC_CUSTOM0 f3=111 f7=0111100 rd=7 rs1=19 rs2=16 -> instr=0x7909f38b reg_write=0 illegal=0
[PASS] seq=crv_seq_10                     cyc=26 op=OPC_REG    f3=010 f7=1001101 rd=29 rs1=29 rs2=11 -> instr=0x9abeaeb3 reg_write=0 illegal=1
[PASS] seq=crv_seq_10                     cyc=27 op=OPC_JALR   f3=100 f7=0110011 rd=25 rs1=28 rs2=7 -> instr=0x667e4ce7 reg_write=1 illegal=0
[PASS] seq=crv_seq_10                     cyc=28 op=OPC_SYSTEM f3=001 f7=1100011 rd=30 rs1=25 rs2=0 -> instr=0xc60c9f73 reg_write=1 illegal=0
[PASS] seq=crv_seq_10                     cyc=29 op=OPC_STORE  f3=101 f7=0110111 rd=28 rs1=21 rs2=19 -> instr=0x6f3ade23 reg_write=0 illegal=0
[PASS] seq=crv_seq_10                     cyc=30 op=OPC_REG    f3=110 f7=0001010 rd=15 rs1=13 rs2=0 -> instr=0x1406e7b3 reg_write=0 illegal=1
[PASS] seq=crv_seq_10                     cyc=31 op=OPC_SYSTEM f3=101 f7=1010010 rd=30 rs1=17 rs2=31 -> instr=0xa5f8df73 reg_write=1 illegal=0
[PASS] seq=crv_seq_10                     cyc=32 op=OPC_REG    f3=101 f7=0100010 rd=0 rs1=0 rs2=6 -> instr=0x44605033 reg_write=0 illegal=1
[PASS] seq=crv_seq_10                     cyc=33 op=OPC_SYSTEM f3=011 f7=1001101 rd=5 rs1=9 rs2=27 -> instr=0x9bb4b2f3 reg_write=1 illegal=0
[PASS] seq=crv_seq_10                     cyc=34 op=OPC_JAL    f3=011 f7=1100011 rd=23 rs1=3 rs2=16 -> instr=0xc701bbef reg_write=1 illegal=0
[PASS] seq=crv_seq_10                     cyc=35 op=OPC_IMM    f3=011 f7=0100100 rd=23 rs1=13 rs2=17 -> instr=0x4916bb93 reg_write=1 illegal=0
[PASS] seq=crv_seq_10                     cyc=36 op=OPC_BRANCH f3=100 f7=1100110 rd=21 rs1=20 rs2=26 -> instr=0xcdaa4ae3 reg_write=0 illegal=0
[PASS] seq=crv_seq_10                     cyc=37 op=OPC_CUSTOM0 f3=000 f7=0101111 rd=20 rs1=16 rs2=17 -> instr=0x5f180a0b reg_write=0 illegal=0
[PASS] seq=crv_seq_10                     cyc=38 op=OPC_JALR   f3=001 f7=0100111 rd=25 rs1=6 rs2=13 -> instr=0x4ed31ce7 reg_write=1 illegal=0
[PASS] seq=crv_seq_10                     cyc=39 op=OPC_CUSTOM0 f3=100 f7=0110010 rd=13 rs1=10 rs2=6 -> instr=0x6465468b reg_write=0 illegal=0
[PASS] seq=crv_seq_10                     cyc=40 op=OPC_RESERVED f3=011 f7=0100111 rd=19 rs1=9 rs2=6 -> instr=0x4e64b9ff reg_write=0 illegal=1
[PASS] seq=crv_seq_10                     cyc=41 op=OPC_STORE  f3=100 f7=1011001 rd=18 rs1=17 rs2=18 -> instr=0xb328c923 reg_write=0 illegal=0
[PASS] seq=crv_seq_10                     cyc=42 op=OPC_IMM    f3=111 f7=0011010 rd=28 rs1=20 rs2=7 -> instr=0x347a7e13 reg_write=1 illegal=0
[PASS] seq=crv_seq_10                     cyc=43 op=OPC_AUIPC  f3=000 f7=1110001 rd=15 rs1=18 rs2=2 -> instr=0xe2290797 reg_write=1 illegal=0
[PASS] seq=crv_seq_10                     cyc=44 op=OPC_IMM    f3=101 f7=0101111 rd=26 rs1=2 rs2=20 -> instr=0x5f415d13 reg_write=1 illegal=0
[PASS] seq=crv_seq_10                     cyc=45 op=OPC_LOAD   f3=001 f7=0101011 rd=7 rs1=31 rs2=16 -> instr=0x570f9383 reg_write=1 illegal=0
[PASS] seq=crv_seq_10                     cyc=46 op=OPC_STORE  f3=010 f7=0010101 rd=20 rs1=13 rs2=25 -> instr=0x2b96aa23 reg_write=0 illegal=0
[PASS] seq=crv_seq_10                     cyc=47 op=OPC_JAL    f3=011 f7=0111101 rd=13 rs1=13 rs2=30 -> instr=0x7be6b6ef reg_write=1 illegal=0
[PASS] seq=crv_seq_10                     cyc=48 op=OPC_JALR   f3=000 f7=0100000 rd=6 rs1=31 rs2=21 -> instr=0x415f8367 reg_write=1 illegal=0
[PASS] seq=crv_seq_10                     cyc=49 op=OPC_SYSTEM f3=000 f7=1111001 rd=29 rs1=4 rs2=24 -> instr=0xf3820ef3 reg_write=0 illegal=0
[PASS] seq=crv_seq_10                     cyc=50 op=OPC_LOAD   f3=000 f7=0000000 rd=17 rs1=26 rs2=2 -> instr=0x002d0883 reg_write=1 illegal=0
[PASS] seq=crv_seq_10                     cyc=51 op=OPC_SYSTEM f3=011 f7=1010101 rd=9 rs1=5 rs2=19 -> instr=0xab32b4f3 reg_write=1 illegal=0
[PASS] seq=crv_seq_10                     cyc=52 op=OPC_STORE  f3=010 f7=0000001 rd=19 rs1=14 rs2=10 -> instr=0x02a729a3 reg_write=0 illegal=0
[PASS] seq=crv_seq_10                     cyc=53 op=OPC_JAL    f3=110 f7=0001001 rd=18 rs1=24 rs2=19 -> instr=0x133c696f reg_write=1 illegal=0
[PASS] seq=crv_seq_10                     cyc=54 op=OPC_RESERVED f3=001 f7=1000001 rd=30 rs1=28 rs2=16 -> instr=0x830e1f7f reg_write=0 illegal=1
[PASS] seq=crv_seq_10                     cyc=55 op=OPC_IMM    f3=101 f7=0101100 rd=17 rs1=25 rs2=29 -> instr=0x59dcd893 reg_write=1 illegal=0
[PASS] seq=crv_seq_10                     cyc=56 op=OPC_JALR   f3=000 f7=1100100 rd=29 rs1=18 rs2=23 -> instr=0xc9790ee7 reg_write=1 illegal=0
[PASS] seq=crv_seq_10                     cyc=57 op=OPC_CUSTOM0 f3=011 f7=0000000 rd=7 rs1=11 rs2=10 -> instr=0x00a5b38b reg_write=0 illegal=0
[PASS] seq=crv_seq_10                     cyc=58 op=OPC_BRANCH f3=001 f7=0111011 rd=24 rs1=23 rs2=14 -> instr=0x76eb9c63 reg_write=0 illegal=0
[PASS] seq=crv_seq_10                     cyc=59 op=OPC_REG    f3=011 f7=0111001 rd=16 rs1=7 rs2=1 -> instr=0x7213b833 reg_write=0 illegal=1
[PASS] seq=crv_seq_10                     cyc=60 op=OPC_JAL    f3=110 f7=0001010 rd=3 rs1=27 rs2=17 -> instr=0x151de1ef reg_write=1 illegal=0
[PASS] seq=crv_seq_10                     cyc=61 op=OPC_JAL    f3=011 f7=0101100 rd=8 rs1=5 rs2=24 -> instr=0x5982b46f reg_write=1 illegal=0
[PASS] seq=crv_seq_10                     cyc=62 op=OPC_BRANCH f3=000 f7=1110000 rd=28 rs1=19 rs2=10 -> instr=0xe0a98e63 reg_write=0 illegal=0
[PASS] seq=crv_seq_10                     cyc=63 op=OPC_JALR   f3=101 f7=1111011 rd=26 rs1=22 rs2=7 -> instr=0xf67b5d67 reg_write=1 illegal=0
[PASS] seq=crv_seq_10                     cyc=64 op=OPC_REG    f3=101 f7=1111100 rd=15 rs1=5 rs2=21 -> instr=0xf952d7b3 reg_write=0 illegal=1
[PASS] seq=crv_seq_10                     cyc=65 op=OPC_SYSTEM f3=111 f7=1111011 rd=4 rs1=1 rs2=29 -> instr=0xf7d0f273 reg_write=1 illegal=0
[PASS] seq=crv_seq_10                     cyc=66 op=OPC_JAL    f3=111 f7=0101110 rd=29 rs1=19 rs2=26 -> instr=0x5da9feef reg_write=1 illegal=0
[PASS] seq=crv_seq_10                     cyc=67 op=OPC_STORE  f3=111 f7=1111011 rd=31 rs1=21 rs2=23 -> instr=0xf77affa3 reg_write=0 illegal=0
[PASS] seq=crv_seq_10                     cyc=68 op=OPC_BRANCH f3=110 f7=1100011 rd=3 rs1=24 rs2=21 -> instr=0xc75c61e3 reg_write=0 illegal=0
[PASS] seq=crv_seq_10                     cyc=69 op=OPC_STORE  f3=010 f7=0111010 rd=28 rs1=16 rs2=14 -> instr=0x74e82e23 reg_write=0 illegal=0
[PASS] seq=crv_seq_10                     cyc=70 op=OPC_REG    f3=010 f7=1101001 rd=9 rs1=18 rs2=5 -> instr=0xd25924b3 reg_write=0 illegal=1
[PASS] seq=crv_seq_10                     cyc=71 op=OPC_JALR   f3=010 f7=0010110 rd=4 rs1=17 rs2=31 -> instr=0x2df8a267 reg_write=1 illegal=0
[PASS] seq=crv_seq_10                     cyc=72 op=OPC_JALR   f3=101 f7=1110110 rd=18 rs1=30 rs2=2 -> instr=0xec2f5967 reg_write=1 illegal=0
[PASS] seq=crv_seq_10                     cyc=73 op=OPC_LUI    f3=011 f7=0111110 rd=28 rs1=3 rs2=5 -> instr=0x7c51be37 reg_write=1 illegal=0
[PASS] seq=crv_seq_10                     cyc=74 op=OPC_CUSTOM0 f3=001 f7=1110111 rd=2 rs1=6 rs2=6 -> instr=0xee63110b reg_write=0 illegal=0
[PASS] seq=crv_seq_10                     cyc=75 op=OPC_IMM    f3=010 f7=0111110 rd=4 rs1=28 rs2=11 -> instr=0x7cbe2213 reg_write=1 illegal=0
[PASS] seq=crv_seq_10                     cyc=76 op=OPC_REG    f3=110 f7=0011001 rd=18 rs1=12 rs2=7 -> instr=0x32766933 reg_write=0 illegal=1
[PASS] seq=crv_seq_10                     cyc=77 op=OPC_LUI    f3=000 f7=0100111 rd=6 rs1=6 rs2=2 -> instr=0x4e230337 reg_write=1 illegal=0
[PASS] seq=crv_seq_10                     cyc=78 op=OPC_STORE  f3=000 f7=1110001 rd=24 rs1=3 rs2=26 -> instr=0xe3a18c23 reg_write=0 illegal=0
[PASS] seq=crv_seq_10                     cyc=79 op=OPC_LOAD   f3=110 f7=0011111 rd=9 rs1=18 rs2=22 -> instr=0x3f696483 reg_write=1 illegal=0
[PASS] seq=crv_seq_10                     cyc=80 op=OPC_BRANCH f3=010 f7=1111011 rd=8 rs1=5 rs2=1 -> instr=0xf612a463 reg_write=0 illegal=0
[PASS] seq=crv_seq_10                     cyc=81 op=OPC_REG    f3=100 f7=0111111 rd=5 rs1=21 rs2=14 -> instr=0x7eeac2b3 reg_write=0 illegal=1
[PASS] seq=crv_seq_10                     cyc=82 op=OPC_STORE  f3=000 f7=1101000 rd=30 rs1=26 rs2=6 -> instr=0xd06d0f23 reg_write=0 illegal=0
[PASS] seq=crv_seq_10                     cyc=83 op=OPC_STORE  f3=111 f7=0011011 rd=27 rs1=15 rs2=13 -> instr=0x36d7fda3 reg_write=0 illegal=0
[PASS] seq=crv_seq_10                     cyc=84 op=OPC_LUI    f3=101 f7=0101110 rd=28 rs1=16 rs2=17 -> instr=0x5d185e37 reg_write=1 illegal=0
[PASS] seq=crv_seq_10                     cyc=85 op=OPC_REG    f3=110 f7=1010111 rd=10 rs1=0 rs2=6 -> instr=0xae606533 reg_write=0 illegal=1
[PASS] seq=crv_seq_10                     cyc=86 op=OPC_SYSTEM f3=110 f7=1111110 rd=10 rs1=7 rs2=14 -> instr=0xfce3e573 reg_write=1 illegal=0
[PASS] seq=crv_seq_10                     cyc=87 op=OPC_REG    f3=100 f7=1111111 rd=18 rs1=22 rs2=1 -> instr=0xfe1b4933 reg_write=0 illegal=1
[PASS] seq=crv_seq_10                     cyc=88 op=OPC_LOAD   f3=011 f7=0110100 rd=11 rs1=31 rs2=22 -> instr=0x696fb583 reg_write=1 illegal=0
[PASS] seq=crv_seq_10                     cyc=89 op=OPC_SYSTEM f3=101 f7=0010011 rd=27 rs1=31 rs2=12 -> instr=0x26cfddf3 reg_write=1 illegal=0
[PASS] seq=crv_seq_10                     cyc=90 op=OPC_SYSTEM f3=100 f7=1110001 rd=19 rs1=17 rs2=27 -> instr=0xe3b8c9f3 reg_write=1 illegal=0
[PASS] seq=crv_seq_10                     cyc=91 op=OPC_CUSTOM0 f3=001 f7=0100000 rd=28 rs1=23 rs2=4 -> instr=0x404b9e0b reg_write=0 illegal=0
[PASS] seq=crv_seq_10                     cyc=92 op=OPC_SYSTEM f3=011 f7=1011011 rd=23 rs1=9 rs2=14 -> instr=0xb6e4bbf3 reg_write=1 illegal=0
[PASS] seq=crv_seq_10                     cyc=93 op=OPC_AUIPC  f3=111 f7=0000100 rd=0 rs1=5 rs2=10 -> instr=0x08a2f017 reg_write=1 illegal=0
[PASS] seq=crv_seq_10                     cyc=94 op=OPC_AUIPC  f3=010 f7=1101110 rd=2 rs1=25 rs2=14 -> instr=0xdceca117 reg_write=1 illegal=0
[PASS] seq=crv_seq_10                     cyc=95 op=OPC_IMM    f3=010 f7=1110001 rd=18 rs1=13 rs2=29 -> instr=0xe3d6a913 reg_write=1 illegal=0
[PASS] seq=crv_seq_10                     cyc=96 op=OPC_RESERVED f3=011 f7=1011000 rd=13 rs1=24 rs2=20 -> instr=0xb14c36ff reg_write=0 illegal=1
[PASS] seq=crv_seq_10                     cyc=97 op=OPC_JALR   f3=100 f7=0100100 rd=0 rs1=31 rs2=17 -> instr=0x491fc067 reg_write=1 illegal=0
[PASS] seq=crv_seq_10                     cyc=98 op=OPC_AUIPC  f3=001 f7=0111101 rd=22 rs1=31 rs2=16 -> instr=0x7b0f9b17 reg_write=1 illegal=0
[PASS] seq=crv_seq_10                     cyc=99 op=OPC_JALR   f3=111 f7=0000100 rd=7 rs1=15 rs2=30 -> instr=0x09e7f3e7 reg_write=1 illegal=0
[PASS] seq=crv_seq_10                     cyc=100 op=OPC_BRANCH f3=000 f7=0000111 rd=4 rs1=30 rs2=27 -> instr=0x0fbf0263 reg_write=0 illegal=0
[PASS] seq=crv_seq_10                     cyc=101 op=OPC_IMM    f3=100 f7=0100000 rd=29 rs1=14 rs2=10 -> instr=0x40a74e93 reg_write=1 illegal=0
[PASS] seq=crv_seq_10                     cyc=102 op=OPC_CUSTOM0 f3=011 f7=1100010 rd=4 rs1=13 rs2=7 -> instr=0xc476b20b reg_write=0 illegal=0
[PASS] seq=crv_seq_10                     cyc=103 op=OPC_SYSTEM f3=000 f7=0001001 rd=13 rs1=19 rs2=18 -> instr=0x132986f3 reg_write=0 illegal=0
[PASS] seq=crv_seq_10                     cyc=104 op=OPC_JAL    f3=100 f7=1111011 rd=12 rs1=30 rs2=16 -> instr=0xf70f466f reg_write=1 illegal=0
[PASS] seq=crv_seq_10                     cyc=105 op=OPC_AUIPC  f3=010 f7=0011101 rd=1 rs1=29 rs2=31 -> instr=0x3bfea097 reg_write=1 illegal=0
[PASS] seq=crv_seq_10                     cyc=106 op=OPC_STORE  f3=101 f7=0011010 rd=21 rs1=18 rs2=31 -> instr=0x35f95aa3 reg_write=0 illegal=0
[PASS] seq=crv_seq_10                     cyc=107 op=OPC_LOAD   f3=000 f7=0101110 rd=25 rs1=19 rs2=8 -> instr=0x5c898c83 reg_write=1 illegal=0
[PASS] seq=crv_seq_10                     cyc=108 op=OPC_IMM    f3=010 f7=1101110 rd=7 rs1=13 rs2=6 -> instr=0xdc66a393 reg_write=1 illegal=0
[PASS] seq=crv_seq_10                     cyc=109 op=OPC_SYSTEM f3=000 f7=1000010 rd=31 rs1=3 rs2=16 -> instr=0x85018ff3 reg_write=0 illegal=0
[PASS] seq=crv_seq_10                     cyc=110 op=OPC_JALR   f3=101 f7=1110110 rd=30 rs1=20 rs2=3 -> instr=0xec3a5f67 reg_write=1 illegal=0
[PASS] seq=crv_seq_10                     cyc=111 op=OPC_RESERVED f3=010 f7=0001010 rd=30 rs1=10 rs2=22 -> instr=0x15652f7f reg_write=0 illegal=1
[PASS] seq=crv_seq_10                     cyc=112 op=OPC_LOAD   f3=100 f7=1101000 rd=0 rs1=7 rs2=10 -> instr=0xd0a3c003 reg_write=1 illegal=0
[PASS] seq=crv_seq_10                     cyc=113 op=OPC_JAL    f3=001 f7=1100110 rd=8 rs1=9 rs2=4 -> instr=0xcc44946f reg_write=1 illegal=0
[PASS] seq=crv_seq_10                     cyc=114 op=OPC_STORE  f3=011 f7=0111000 rd=22 rs1=9 rs2=5 -> instr=0x7054bb23 reg_write=0 illegal=0
[PASS] seq=crv_seq_10                     cyc=115 op=OPC_LOAD   f3=110 f7=1011001 rd=25 rs1=18 rs2=3 -> instr=0xb2396c83 reg_write=1 illegal=0
[PASS] seq=crv_seq_10                     cyc=116 op=OPC_IMM    f3=000 f7=0010101 rd=23 rs1=0 rs2=18 -> instr=0x2b200b93 reg_write=1 illegal=0
[PASS] seq=crv_seq_10                     cyc=117 op=OPC_IMM    f3=110 f7=0000110 rd=7 rs1=4 rs2=15 -> instr=0x0cf26393 reg_write=1 illegal=0
[PASS] seq=crv_seq_10                     cyc=118 op=OPC_STORE  f3=000 f7=1100010 rd=6 rs1=28 rs2=25 -> instr=0xc59e0323 reg_write=0 illegal=0
[PASS] seq=crv_seq_10                     cyc=119 op=OPC_JAL    f3=100 f7=1001101 rd=15 rs1=8 rs2=29 -> instr=0x9bd447ef reg_write=1 illegal=0
[PASS] seq=crv_seq_10                     cyc=120 op=OPC_JALR   f3=100 f7=0000101 rd=25 rs1=15 rs2=6 -> instr=0x0a67cce7 reg_write=1 illegal=0
[PASS] seq=crv_seq_10                     cyc=121 op=OPC_STORE  f3=011 f7=1011101 rd=8 rs1=13 rs2=20 -> instr=0xbb46b423 reg_write=0 illegal=0
[PASS] seq=crv_seq_10                     cyc=122 op=OPC_AUIPC  f3=100 f7=0000001 rd=11 rs1=3 rs2=31 -> instr=0x03f1c597 reg_write=1 illegal=0
[PASS] seq=crv_seq_10                     cyc=123 op=OPC_IMM    f3=110 f7=0111111 rd=30 rs1=6 rs2=13 -> instr=0x7ed36f13 reg_write=1 illegal=0
[PASS] seq=crv_seq_10                     cyc=124 op=OPC_RESERVED f3=010 f7=0101011 rd=16 rs1=11 rs2=2 -> instr=0x5625a87f reg_write=0 illegal=1
[PASS] seq=crv_seq_10                     cyc=125 op=OPC_JALR   f3=000 f7=1010001 rd=20 rs1=6 rs2=5 -> instr=0xa2530a67 reg_write=1 illegal=0
[PASS] seq=crv_seq_10                     cyc=126 op=OPC_LOAD   f3=011 f7=1100111 rd=5 rs1=23 rs2=24 -> instr=0xcf8bb283 reg_write=1 illegal=0
[PASS] seq=crv_seq_10                     cyc=127 op=OPC_REG    f3=010 f7=0011100 rd=26 rs1=30 rs2=28 -> instr=0x39cf2d33 reg_write=0 illegal=1
[PASS] seq=crv_seq_10                     cyc=128 op=OPC_REG    f3=101 f7=1000101 rd=29 rs1=26 rs2=25 -> instr=0x8b9d5eb3 reg_write=0 illegal=1
[PASS] seq=crv_seq_10                     cyc=129 op=OPC_REG    f3=010 f7=0110111 rd=29 rs1=9 rs2=24 -> instr=0x6f84aeb3 reg_write=0 illegal=1
[PASS] seq=crv_seq_10                     cyc=130 op=OPC_REG    f3=010 f7=1111010 rd=4 rs1=12 rs2=1 -> instr=0xf4162233 reg_write=0 illegal=1
[PASS] seq=crv_seq_10                     cyc=131 op=OPC_BRANCH f3=111 f7=0010000 rd=11 rs1=23 rs2=24 -> instr=0x218bf5e3 reg_write=0 illegal=0
[PASS] seq=crv_seq_10                     cyc=132 op=OPC_BRANCH f3=010 f7=1101111 rd=15 rs1=25 rs2=20 -> instr=0xdf4ca7e3 reg_write=0 illegal=0
[PASS] seq=crv_seq_10                     cyc=133 op=OPC_CUSTOM0 f3=100 f7=1101000 rd=20 rs1=27 rs2=18 -> instr=0xd12dca0b reg_write=0 illegal=0
[PASS] seq=crv_seq_10                     cyc=134 op=OPC_LOAD   f3=010 f7=1001101 rd=0 rs1=18 rs2=13 -> instr=0x9ad92003 reg_write=1 illegal=0
[PASS] seq=crv_seq_10                     cyc=135 op=OPC_IMM    f3=000 f7=1111011 rd=14 rs1=17 rs2=26 -> instr=0xf7a88713 reg_write=1 illegal=0
[PASS] seq=crv_seq_10                     cyc=136 op=OPC_JAL    f3=011 f7=1100011 rd=31 rs1=28 rs2=28 -> instr=0xc7ce3fef reg_write=1 illegal=0
[PASS] seq=crv_seq_10                     cyc=137 op=OPC_AUIPC  f3=000 f7=0010100 rd=22 rs1=4 rs2=17 -> instr=0x29120b17 reg_write=1 illegal=0
[PASS] seq=crv_seq_10                     cyc=138 op=OPC_JAL    f3=011 f7=1111001 rd=31 rs1=10 rs2=16 -> instr=0xf3053fef reg_write=1 illegal=0
[PASS] seq=crv_seq_10                     cyc=139 op=OPC_IMM    f3=000 f7=0001001 rd=29 rs1=17 rs2=10 -> instr=0x12a88e93 reg_write=1 illegal=0
[PASS] seq=crv_seq_10                     cyc=140 op=OPC_JALR   f3=001 f7=1100101 rd=15 rs1=1 rs2=10 -> instr=0xcaa097e7 reg_write=1 illegal=0
[PASS] seq=crv_seq_10                     cyc=141 op=OPC_STORE  f3=001 f7=0100101 rd=21 rs1=25 rs2=15 -> instr=0x4afc9aa3 reg_write=0 illegal=0
[PASS] seq=crv_seq_10                     cyc=142 op=OPC_REG    f3=110 f7=0000001 rd=5 rs1=16 rs2=2 -> instr=0x022862b3 reg_write=0 illegal=1
[PASS] seq=crv_seq_10                     cyc=143 op=OPC_REG    f3=100 f7=0011111 rd=5 rs1=29 rs2=14 -> instr=0x3eeec2b3 reg_write=0 illegal=1
[PASS] seq=crv_seq_10                     cyc=144 op=OPC_SYSTEM f3=111 f7=0001110 rd=14 rs1=17 rs2=0 -> instr=0x1c08f773 reg_write=1 illegal=0
[PASS] seq=crv_seq_10                     cyc=145 op=OPC_AUIPC  f3=111 f7=0101001 rd=29 rs1=15 rs2=15 -> instr=0x52f7fe97 reg_write=1 illegal=0
[PASS] seq=crv_seq_10                     cyc=146 op=OPC_CUSTOM0 f3=000 f7=0111001 rd=14 rs1=2 rs2=29 -> instr=0x73d1070b reg_write=0 illegal=0
[PASS] seq=crv_seq_10                     cyc=147 op=OPC_CUSTOM0 f3=000 f7=0001100 rd=26 rs1=15 rs2=8 -> instr=0x18878d0b reg_write=0 illegal=0
[PASS] seq=crv_seq_10                     cyc=148 op=OPC_STORE  f3=010 f7=0000001 rd=15 rs1=16 rs2=6 -> instr=0x026827a3 reg_write=0 illegal=0
[PASS] seq=crv_seq_10                     cyc=149 op=OPC_IMM    f3=010 f7=0101010 rd=25 rs1=28 rs2=16 -> instr=0x550e2c93 reg_write=1 illegal=0
[PASS] seq=crv_seq_10                     cyc=150 op=OPC_BRANCH f3=000 f7=1110111 rd=18 rs1=20 rs2=20 -> instr=0xef4a0963 reg_write=0 illegal=0
[PASS] seq=crv_seq_10                     cyc=151 op=OPC_JALR   f3=000 f7=1111111 rd=1 rs1=5 rs2=5 -> instr=0xfe5280e7 reg_write=1 illegal=0
[PASS] seq=crv_seq_10                     cyc=152 op=OPC_AUIPC  f3=111 f7=0111101 rd=9 rs1=6 rs2=19 -> instr=0x7b337497 reg_write=1 illegal=0
[PASS] seq=crv_seq_10                     cyc=153 op=OPC_CUSTOM0 f3=110 f7=0010011 rd=23 rs1=5 rs2=14 -> instr=0x26e2eb8b reg_write=0 illegal=0
[PASS] seq=crv_seq_10                     cyc=154 op=OPC_JALR   f3=011 f7=0011010 rd=22 rs1=4 rs2=7 -> instr=0x34723b67 reg_write=1 illegal=0
[PASS] seq=crv_seq_10                     cyc=155 op=OPC_CUSTOM0 f3=101 f7=0010001 rd=23 rs1=8 rs2=3 -> instr=0x22345b8b reg_write=0 illegal=0
[PASS] seq=crv_seq_10                     cyc=156 op=OPC_JALR   f3=000 f7=1101100 rd=21 rs1=10 rs2=18 -> instr=0xd9250ae7 reg_write=1 illegal=0
[PASS] seq=crv_seq_10                     cyc=157 op=OPC_STORE  f3=000 f7=0011010 rd=0 rs1=23 rs2=15 -> instr=0x34fb8023 reg_write=0 illegal=0
[PASS] seq=crv_seq_10                     cyc=158 op=OPC_BRANCH f3=001 f7=0101000 rd=23 rs1=29 rs2=8 -> instr=0x508e9be3 reg_write=0 illegal=0
[PASS] seq=crv_seq_10                     cyc=159 op=OPC_REG    f3=111 f7=1100100 rd=11 rs1=3 rs2=25 -> instr=0xc991f5b3 reg_write=0 illegal=1
[PASS] seq=crv_seq_10                     cyc=160 op=OPC_STORE  f3=100 f7=1011000 rd=16 rs1=9 rs2=22 -> instr=0xb164c823 reg_write=0 illegal=0
[PASS] seq=crv_seq_10                     cyc=161 op=OPC_CUSTOM0 f3=001 f7=1100100 rd=18 rs1=13 rs2=12 -> instr=0xc8c6990b reg_write=0 illegal=0
[PASS] seq=crv_seq_10                     cyc=162 op=OPC_REG    f3=101 f7=0011011 rd=16 rs1=23 rs2=9 -> instr=0x369bd833 reg_write=0 illegal=1
[PASS] seq=crv_seq_10                     cyc=163 op=OPC_JAL    f3=000 f7=0100011 rd=6 rs1=3 rs2=8 -> instr=0x4681836f reg_write=1 illegal=0
[PASS] seq=crv_seq_10                     cyc=164 op=OPC_STORE  f3=000 f7=1100110 rd=7 rs1=25 rs2=11 -> instr=0xccbc83a3 reg_write=0 illegal=0
[PASS] seq=crv_seq_10                     cyc=165 op=OPC_IMM    f3=111 f7=1110010 rd=25 rs1=20 rs2=11 -> instr=0xe4ba7c93 reg_write=1 illegal=0
[PASS] seq=crv_seq_10                     cyc=166 op=OPC_JALR   f3=111 f7=0101111 rd=14 rs1=4 rs2=22 -> instr=0x5f627767 reg_write=1 illegal=0
[PASS] seq=crv_seq_10                     cyc=167 op=OPC_AUIPC  f3=100 f7=1000101 rd=9 rs1=28 rs2=12 -> instr=0x8ace4497 reg_write=1 illegal=0
[PASS] seq=crv_seq_10                     cyc=168 op=OPC_LUI    f3=110 f7=1000010 rd=9 rs1=25 rs2=13 -> instr=0x84dce4b7 reg_write=1 illegal=0
[PASS] seq=crv_seq_10                     cyc=169 op=OPC_REG    f3=000 f7=0011100 rd=18 rs1=7 rs2=13 -> instr=0x38d38933 reg_write=0 illegal=1
[PASS] seq=crv_seq_10                     cyc=170 op=OPC_LUI    f3=100 f7=0101110 rd=4 rs1=10 rs2=15 -> instr=0x5cf54237 reg_write=1 illegal=0
[PASS] seq=crv_seq_10                     cyc=171 op=OPC_LUI    f3=111 f7=0001011 rd=1 rs1=22 rs2=5 -> instr=0x165b70b7 reg_write=1 illegal=0
[PASS] seq=crv_seq_10                     cyc=172 op=OPC_REG    f3=110 f7=0010010 rd=20 rs1=4 rs2=27 -> instr=0x25b26a33 reg_write=0 illegal=1
[PASS] seq=crv_seq_10                     cyc=173 op=OPC_LUI    f3=101 f7=0011001 rd=24 rs1=23 rs2=16 -> instr=0x330bdc37 reg_write=1 illegal=0
[PASS] seq=crv_seq_10                     cyc=174 op=OPC_REG    f3=010 f7=1100100 rd=30 rs1=20 rs2=16 -> instr=0xc90a2f33 reg_write=0 illegal=1
[PASS] seq=crv_seq_10                     cyc=175 op=OPC_LOAD   f3=110 f7=1000100 rd=29 rs1=3 rs2=9 -> instr=0x8891ee83 reg_write=1 illegal=0
[PASS] seq=crv_seq_10                     cyc=176 op=OPC_LUI    f3=010 f7=0000110 rd=15 rs1=15 rs2=5 -> instr=0x0c57a7b7 reg_write=1 illegal=0
[PASS] seq=crv_seq_10                     cyc=177 op=OPC_SYSTEM f3=101 f7=0110011 rd=17 rs1=22 rs2=10 -> instr=0x66ab58f3 reg_write=1 illegal=0
[PASS] seq=crv_seq_10                     cyc=178 op=OPC_STORE  f3=100 f7=0011100 rd=24 rs1=22 rs2=11 -> instr=0x38bb4c23 reg_write=0 illegal=0
[PASS] seq=crv_seq_10                     cyc=179 op=OPC_AUIPC  f3=011 f7=0000011 rd=24 rs1=0 rs2=16 -> instr=0x07003c17 reg_write=1 illegal=0
[PASS] seq=crv_seq_10                     cyc=180 op=OPC_JALR   f3=111 f7=0111000 rd=27 rs1=6 rs2=2 -> instr=0x70237de7 reg_write=1 illegal=0
[PASS] seq=crv_seq_10                     cyc=181 op=OPC_IMM    f3=111 f7=0100011 rd=30 rs1=24 rs2=24 -> instr=0x478c7f13 reg_write=1 illegal=0
[PASS] seq=crv_seq_10                     cyc=182 op=OPC_LOAD   f3=101 f7=1011100 rd=1 rs1=24 rs2=21 -> instr=0xb95c5083 reg_write=1 illegal=0
[PASS] seq=crv_seq_10                     cyc=183 op=OPC_AUIPC  f3=101 f7=1011001 rd=2 rs1=19 rs2=4 -> instr=0xb249d117 reg_write=1 illegal=0
[PASS] seq=crv_seq_10                     cyc=184 op=OPC_LOAD   f3=010 f7=1101000 rd=15 rs1=25 rs2=15 -> instr=0xd0fca783 reg_write=1 illegal=0
[PASS] seq=crv_seq_10                     cyc=185 op=OPC_AUIPC  f3=010 f7=0111101 rd=4 rs1=29 rs2=31 -> instr=0x7bfea217 reg_write=1 illegal=0
[PASS] seq=crv_seq_10                     cyc=186 op=OPC_LOAD   f3=101 f7=1101010 rd=13 rs1=17 rs2=24 -> instr=0xd588d683 reg_write=1 illegal=0
[PASS] seq=crv_seq_10                     cyc=187 op=OPC_RESERVED f3=001 f7=1011101 rd=6 rs1=24 rs2=0 -> instr=0xba0c137f reg_write=0 illegal=1
[PASS] seq=crv_seq_10                     cyc=188 op=OPC_REG    f3=111 f7=0000010 rd=27 rs1=23 rs2=13 -> instr=0x04dbfdb3 reg_write=0 illegal=1
[PASS] seq=crv_seq_10                     cyc=189 op=OPC_REG    f3=101 f7=1101001 rd=12 rs1=26 rs2=11 -> instr=0xd2bd5633 reg_write=0 illegal=1
[PASS] seq=crv_seq_10                     cyc=190 op=OPC_BRANCH f3=010 f7=0010110 rd=21 rs1=4 rs2=29 -> instr=0x2dd22ae3 reg_write=0 illegal=0
[PASS] seq=crv_seq_10                     cyc=191 op=OPC_JALR   f3=101 f7=0111010 rd=12 rs1=15 rs2=12 -> instr=0x74c7d667 reg_write=1 illegal=0
[PASS] seq=crv_seq_10                     cyc=192 op=OPC_BRANCH f3=011 f7=1011101 rd=15 rs1=1 rs2=8 -> instr=0xba80b7e3 reg_write=0 illegal=0
[PASS] seq=crv_seq_10                     cyc=193 op=OPC_LUI    f3=100 f7=1011010 rd=25 rs1=25 rs2=19 -> instr=0xb53cccb7 reg_write=1 illegal=0
[PASS] seq=crv_seq_10                     cyc=194 op=OPC_CUSTOM0 f3=101 f7=0000001 rd=15 rs1=30 rs2=6 -> instr=0x026f578b reg_write=0 illegal=0
[PASS] seq=crv_seq_10                     cyc=195 op=OPC_IMM    f3=001 f7=1001010 rd=28 rs1=1 rs2=19 -> instr=0x95309e13 reg_write=1 illegal=0
[PASS] seq=crv_seq_10                     cyc=196 op=OPC_REG    f3=101 f7=0011001 rd=6 rs1=8 rs2=31 -> instr=0x33f45333 reg_write=0 illegal=1
[PASS] seq=crv_seq_10                     cyc=197 op=OPC_SYSTEM f3=001 f7=0110000 rd=28 rs1=9 rs2=28 -> instr=0x61c49e73 reg_write=1 illegal=0
[PASS] seq=crv_seq_10                     cyc=198 op=OPC_CUSTOM0 f3=110 f7=0101000 rd=22 rs1=26 rs2=2 -> instr=0x502d6b0b reg_write=0 illegal=0
[PASS] seq=crv_seq_10                     cyc=199 op=OPC_JAL    f3=010 f7=1101101 rd=2 rs1=1 rs2=6 -> instr=0xda60a16f reg_write=1 illegal=0
[PASS] seq=crv_seq_11                     cyc=0 op=OPC_IMM    f3=101 f7=1000100 rd=3 rs1=16 rs2=30 -> instr=0x89e85193 reg_write=1 illegal=0
[PASS] seq=crv_seq_11                     cyc=1 op=OPC_JAL    f3=100 f7=1110001 rd=23 rs1=10 rs2=31 -> instr=0xe3f54bef reg_write=1 illegal=0
[PASS] seq=crv_seq_11                     cyc=2 op=OPC_REG    f3=000 f7=1110100 rd=6 rs1=18 rs2=27 -> instr=0xe9b90333 reg_write=0 illegal=1
[PASS] seq=crv_seq_11                     cyc=3 op=OPC_SYSTEM f3=101 f7=1000101 rd=11 rs1=3 rs2=5 -> instr=0x8a51d5f3 reg_write=1 illegal=0
[PASS] seq=crv_seq_11                     cyc=4 op=OPC_LOAD   f3=100 f7=0101100 rd=24 rs1=1 rs2=7 -> instr=0x5870cc03 reg_write=1 illegal=0
[PASS] seq=crv_seq_11                     cyc=5 op=OPC_STORE  f3=001 f7=1100101 rd=27 rs1=0 rs2=28 -> instr=0xcbc01da3 reg_write=0 illegal=0
[PASS] seq=crv_seq_11                     cyc=6 op=OPC_LOAD   f3=010 f7=0001001 rd=2 rs1=18 rs2=16 -> instr=0x13092103 reg_write=1 illegal=0
[PASS] seq=crv_seq_11                     cyc=7 op=OPC_LOAD   f3=010 f7=1110101 rd=7 rs1=0 rs2=6 -> instr=0xea602383 reg_write=1 illegal=0
[PASS] seq=crv_seq_11                     cyc=8 op=OPC_SYSTEM f3=110 f7=1001101 rd=12 rs1=14 rs2=18 -> instr=0x9b276673 reg_write=1 illegal=0
[PASS] seq=crv_seq_11                     cyc=9 op=OPC_REG    f3=010 f7=0100000 rd=28 rs1=23 rs2=29 -> instr=0x41dbae33 reg_write=1 illegal=0
[PASS] seq=crv_seq_11                     cyc=10 op=OPC_REG    f3=110 f7=1010001 rd=2 rs1=14 rs2=14 -> instr=0xa2e76133 reg_write=0 illegal=1
[PASS] seq=crv_seq_11                     cyc=11 op=OPC_STORE  f3=000 f7=0000101 rd=15 rs1=19 rs2=28 -> instr=0x0bc987a3 reg_write=0 illegal=0
[PASS] seq=crv_seq_11                     cyc=12 op=OPC_LUI    f3=000 f7=0001000 rd=25 rs1=24 rs2=13 -> instr=0x10dc0cb7 reg_write=1 illegal=0
[PASS] seq=crv_seq_11                     cyc=13 op=OPC_BRANCH f3=000 f7=0110000 rd=1 rs1=22 rs2=22 -> instr=0x616b00e3 reg_write=0 illegal=0
[PASS] seq=crv_seq_11                     cyc=14 op=OPC_REG    f3=011 f7=1000000 rd=1 rs1=16 rs2=10 -> instr=0x80a830b3 reg_write=0 illegal=1
[PASS] seq=crv_seq_11                     cyc=15 op=OPC_BRANCH f3=111 f7=0011101 rd=19 rs1=31 rs2=5 -> instr=0x3a5ff9e3 reg_write=0 illegal=0
[PASS] seq=crv_seq_11                     cyc=16 op=OPC_LOAD   f3=001 f7=0001011 rd=1 rs1=9 rs2=12 -> instr=0x16c49083 reg_write=1 illegal=0
[PASS] seq=crv_seq_11                     cyc=17 op=OPC_RESERVED f3=111 f7=0101110 rd=11 rs1=5 rs2=8 -> instr=0x5c82f5ff reg_write=0 illegal=1
[PASS] seq=crv_seq_11                     cyc=18 op=OPC_IMM    f3=111 f7=1110001 rd=29 rs1=23 rs2=2 -> instr=0xe22bfe93 reg_write=1 illegal=0
[PASS] seq=crv_seq_11                     cyc=19 op=OPC_IMM    f3=001 f7=0101000 rd=2 rs1=13 rs2=4 -> instr=0x50469113 reg_write=1 illegal=0
[PASS] seq=crv_seq_11                     cyc=20 op=OPC_LOAD   f3=001 f7=0011101 rd=11 rs1=3 rs2=9 -> instr=0x3a919583 reg_write=1 illegal=0
[PASS] seq=crv_seq_11                     cyc=21 op=OPC_REG    f3=001 f7=0101111 rd=25 rs1=12 rs2=4 -> instr=0x5e461cb3 reg_write=0 illegal=1
[PASS] seq=crv_seq_11                     cyc=22 op=OPC_JAL    f3=100 f7=1100111 rd=3 rs1=10 rs2=4 -> instr=0xce4541ef reg_write=1 illegal=0
[PASS] seq=crv_seq_11                     cyc=23 op=OPC_AUIPC  f3=010 f7=0001011 rd=21 rs1=30 rs2=13 -> instr=0x16df2a97 reg_write=1 illegal=0
[PASS] seq=crv_seq_11                     cyc=24 op=OPC_JALR   f3=111 f7=1011111 rd=6 rs1=7 rs2=11 -> instr=0xbeb3f367 reg_write=1 illegal=0
[PASS] seq=crv_seq_11                     cyc=25 op=OPC_IMM    f3=011 f7=1100010 rd=8 rs1=5 rs2=3 -> instr=0xc432b413 reg_write=1 illegal=0
[PASS] seq=crv_seq_11                     cyc=26 op=OPC_BRANCH f3=110 f7=1001110 rd=26 rs1=28 rs2=31 -> instr=0x9dfe6d63 reg_write=0 illegal=0
[PASS] seq=crv_seq_11                     cyc=27 op=OPC_JAL    f3=111 f7=0100000 rd=12 rs1=7 rs2=25 -> instr=0x4193f66f reg_write=1 illegal=0
[PASS] seq=crv_seq_11                     cyc=28 op=OPC_IMM    f3=101 f7=0100111 rd=19 rs1=19 rs2=27 -> instr=0x4fb9d993 reg_write=1 illegal=0
[PASS] seq=crv_seq_11                     cyc=29 op=OPC_REG    f3=100 f7=0101011 rd=30 rs1=27 rs2=20 -> instr=0x574dcf33 reg_write=0 illegal=1
[PASS] seq=crv_seq_11                     cyc=30 op=OPC_LOAD   f3=010 f7=1011110 rd=30 rs1=18 rs2=1 -> instr=0xbc192f03 reg_write=1 illegal=0
[PASS] seq=crv_seq_11                     cyc=31 op=OPC_AUIPC  f3=001 f7=0001101 rd=15 rs1=3 rs2=0 -> instr=0x1a019797 reg_write=1 illegal=0
[PASS] seq=crv_seq_11                     cyc=32 op=OPC_IMM    f3=111 f7=1001110 rd=15 rs1=1 rs2=14 -> instr=0x9ce0f793 reg_write=1 illegal=0
[PASS] seq=crv_seq_11                     cyc=33 op=OPC_STORE  f3=101 f7=0001100 rd=31 rs1=12 rs2=7 -> instr=0x18765fa3 reg_write=0 illegal=0
[PASS] seq=crv_seq_11                     cyc=34 op=OPC_AUIPC  f3=000 f7=1110010 rd=15 rs1=11 rs2=5 -> instr=0xe4558797 reg_write=1 illegal=0
[PASS] seq=crv_seq_11                     cyc=35 op=OPC_AUIPC  f3=001 f7=0010111 rd=11 rs1=20 rs2=7 -> instr=0x2e7a1597 reg_write=1 illegal=0
[PASS] seq=crv_seq_11                     cyc=36 op=OPC_SYSTEM f3=000 f7=0010000 rd=16 rs1=1 rs2=27 -> instr=0x21b08873 reg_write=0 illegal=0
[PASS] seq=crv_seq_11                     cyc=37 op=OPC_AUIPC  f3=000 f7=1011101 rd=2 rs1=1 rs2=11 -> instr=0xbab08117 reg_write=1 illegal=0
[PASS] seq=crv_seq_11                     cyc=38 op=OPC_BRANCH f3=011 f7=0000100 rd=25 rs1=22 rs2=20 -> instr=0x094b3ce3 reg_write=0 illegal=0
[PASS] seq=crv_seq_11                     cyc=39 op=OPC_SYSTEM f3=001 f7=0000100 rd=3 rs1=30 rs2=30 -> instr=0x09ef11f3 reg_write=1 illegal=0
[PASS] seq=crv_seq_11                     cyc=40 op=OPC_CUSTOM0 f3=110 f7=1100001 rd=28 rs1=27 rs2=4 -> instr=0xc24dee0b reg_write=0 illegal=0
[PASS] seq=crv_seq_11                     cyc=41 op=OPC_SYSTEM f3=110 f7=1000101 rd=14 rs1=31 rs2=26 -> instr=0x8bafe773 reg_write=1 illegal=0
[PASS] seq=crv_seq_11                     cyc=42 op=OPC_BRANCH f3=011 f7=0011111 rd=16 rs1=17 rs2=27 -> instr=0x3fb8b863 reg_write=0 illegal=0
[PASS] seq=crv_seq_11                     cyc=43 op=OPC_RESERVED f3=000 f7=1101001 rd=5 rs1=20 rs2=23 -> instr=0xd37a02ff reg_write=0 illegal=1
[PASS] seq=crv_seq_11                     cyc=44 op=OPC_IMM    f3=101 f7=1010001 rd=23 rs1=23 rs2=27 -> instr=0xa3bbdb93 reg_write=1 illegal=0
[PASS] seq=crv_seq_11                     cyc=45 op=OPC_JALR   f3=110 f7=0011001 rd=31 rs1=11 rs2=12 -> instr=0x32c5efe7 reg_write=1 illegal=0
[PASS] seq=crv_seq_11                     cyc=46 op=OPC_SYSTEM f3=010 f7=0011000 rd=3 rs1=15 rs2=20 -> instr=0x3147a1f3 reg_write=1 illegal=0
[PASS] seq=crv_seq_11                     cyc=47 op=OPC_LUI    f3=010 f7=1011101 rd=10 rs1=24 rs2=7 -> instr=0xba7c2537 reg_write=1 illegal=0
[PASS] seq=crv_seq_11                     cyc=48 op=OPC_IMM    f3=110 f7=0101011 rd=15 rs1=5 rs2=25 -> instr=0x5792e793 reg_write=1 illegal=0
[PASS] seq=crv_seq_11                     cyc=49 op=OPC_LUI    f3=010 f7=0101111 rd=10 rs1=13 rs2=14 -> instr=0x5ee6a537 reg_write=1 illegal=0
[PASS] seq=crv_seq_11                     cyc=50 op=OPC_JAL    f3=010 f7=1011011 rd=11 rs1=0 rs2=14 -> instr=0xb6e025ef reg_write=1 illegal=0
[PASS] seq=crv_seq_11                     cyc=51 op=OPC_CUSTOM0 f3=110 f7=0010101 rd=6 rs1=6 rs2=8 -> instr=0x2a83630b reg_write=0 illegal=0
[PASS] seq=crv_seq_11                     cyc=52 op=OPC_LUI    f3=101 f7=1010100 rd=25 rs1=29 rs2=29 -> instr=0xa9dedcb7 reg_write=1 illegal=0
[PASS] seq=crv_seq_11                     cyc=53 op=OPC_AUIPC  f3=000 f7=1001111 rd=19 rs1=31 rs2=7 -> instr=0x9e7f8997 reg_write=1 illegal=0
[PASS] seq=crv_seq_11                     cyc=54 op=OPC_CUSTOM0 f3=101 f7=1011111 rd=17 rs1=13 rs2=20 -> instr=0xbf46d88b reg_write=0 illegal=0
[PASS] seq=crv_seq_11                     cyc=55 op=OPC_AUIPC  f3=101 f7=0110011 rd=14 rs1=15 rs2=25 -> instr=0x6797d717 reg_write=1 illegal=0
[PASS] seq=crv_seq_11                     cyc=56 op=OPC_SYSTEM f3=111 f7=1000101 rd=14 rs1=0 rs2=11 -> instr=0x8ab07773 reg_write=1 illegal=0
[PASS] seq=crv_seq_11                     cyc=57 op=OPC_LOAD   f3=010 f7=0110010 rd=13 rs1=1 rs2=30 -> instr=0x65e0a683 reg_write=1 illegal=0
[PASS] seq=crv_seq_11                     cyc=58 op=OPC_IMM    f3=011 f7=0111100 rd=7 rs1=12 rs2=13 -> instr=0x78d63393 reg_write=1 illegal=0
[PASS] seq=crv_seq_11                     cyc=59 op=OPC_LUI    f3=110 f7=0111101 rd=10 rs1=16 rs2=2 -> instr=0x7a286537 reg_write=1 illegal=0
[PASS] seq=crv_seq_11                     cyc=60 op=OPC_SYSTEM f3=011 f7=0110101 rd=6 rs1=14 rs2=3 -> instr=0x6a373373 reg_write=1 illegal=0
[PASS] seq=crv_seq_11                     cyc=61 op=OPC_CUSTOM0 f3=010 f7=1101110 rd=22 rs1=3 rs2=10 -> instr=0xdca1ab0b reg_write=0 illegal=0
[PASS] seq=crv_seq_11                     cyc=62 op=OPC_LOAD   f3=101 f7=1110101 rd=24 rs1=24 rs2=10 -> instr=0xeaac5c03 reg_write=1 illegal=0
[PASS] seq=crv_seq_11                     cyc=63 op=OPC_JALR   f3=000 f7=0101101 rd=5 rs1=16 rs2=13 -> instr=0x5ad802e7 reg_write=1 illegal=0
[PASS] seq=crv_seq_11                     cyc=64 op=OPC_IMM    f3=101 f7=0011010 rd=31 rs1=9 rs2=10 -> instr=0x34a4df93 reg_write=1 illegal=0
[PASS] seq=crv_seq_11                     cyc=65 op=OPC_JALR   f3=110 f7=1001110 rd=6 rs1=1 rs2=27 -> instr=0x9db0e367 reg_write=1 illegal=0
[PASS] seq=crv_seq_11                     cyc=66 op=OPC_STORE  f3=011 f7=1111111 rd=9 rs1=30 rs2=7 -> instr=0xfe7f34a3 reg_write=0 illegal=0
[PASS] seq=crv_seq_11                     cyc=67 op=OPC_BRANCH f3=001 f7=1000111 rd=5 rs1=10 rs2=20 -> instr=0x8f4512e3 reg_write=0 illegal=0
[PASS] seq=crv_seq_11                     cyc=68 op=OPC_REG    f3=101 f7=1101110 rd=5 rs1=28 rs2=0 -> instr=0xdc0e52b3 reg_write=0 illegal=1
[PASS] seq=crv_seq_11                     cyc=69 op=OPC_AUIPC  f3=111 f7=1101000 rd=2 rs1=28 rs2=7 -> instr=0xd07e7117 reg_write=1 illegal=0
[PASS] seq=crv_seq_11                     cyc=70 op=OPC_BRANCH f3=100 f7=0101101 rd=7 rs1=26 rs2=24 -> instr=0x5b8d43e3 reg_write=0 illegal=0
[PASS] seq=crv_seq_11                     cyc=71 op=OPC_IMM    f3=000 f7=0010110 rd=9 rs1=14 rs2=30 -> instr=0x2de70493 reg_write=1 illegal=0
[PASS] seq=crv_seq_11                     cyc=72 op=OPC_JAL    f3=110 f7=0011010 rd=17 rs1=26 rs2=24 -> instr=0x358d68ef reg_write=1 illegal=0
[PASS] seq=crv_seq_11                     cyc=73 op=OPC_REG    f3=110 f7=1010111 rd=21 rs1=9 rs2=1 -> instr=0xae14eab3 reg_write=0 illegal=1
[PASS] seq=crv_seq_11                     cyc=74 op=OPC_BRANCH f3=111 f7=0010000 rd=8 rs1=26 rs2=13 -> instr=0x20dd7463 reg_write=0 illegal=0
[PASS] seq=crv_seq_11                     cyc=75 op=OPC_AUIPC  f3=000 f7=0111110 rd=8 rs1=14 rs2=20 -> instr=0x7d470417 reg_write=1 illegal=0
[PASS] seq=crv_seq_11                     cyc=76 op=OPC_BRANCH f3=101 f7=0010110 rd=12 rs1=22 rs2=15 -> instr=0x2cfb5663 reg_write=0 illegal=0
[PASS] seq=crv_seq_11                     cyc=77 op=OPC_SYSTEM f3=000 f7=0000101 rd=9 rs1=8 rs2=27 -> instr=0x0bb404f3 reg_write=0 illegal=0
[PASS] seq=crv_seq_11                     cyc=78 op=OPC_AUIPC  f3=110 f7=1111001 rd=10 rs1=29 rs2=3 -> instr=0xf23ee517 reg_write=1 illegal=0
[PASS] seq=crv_seq_11                     cyc=79 op=OPC_SYSTEM f3=100 f7=0001010 rd=20 rs1=25 rs2=15 -> instr=0x14fcca73 reg_write=1 illegal=0
[PASS] seq=crv_seq_11                     cyc=80 op=OPC_AUIPC  f3=101 f7=0111111 rd=0 rs1=31 rs2=0 -> instr=0x7e0fd017 reg_write=1 illegal=0
[PASS] seq=crv_seq_11                     cyc=81 op=OPC_STORE  f3=110 f7=1011000 rd=12 rs1=31 rs2=5 -> instr=0xb05fe623 reg_write=0 illegal=0
[PASS] seq=crv_seq_11                     cyc=82 op=OPC_IMM    f3=100 f7=0000010 rd=5 rs1=4 rs2=1 -> instr=0x04124293 reg_write=1 illegal=0
[PASS] seq=crv_seq_11                     cyc=83 op=OPC_AUIPC  f3=000 f7=0101001 rd=26 rs1=30 rs2=17 -> instr=0x531f0d17 reg_write=1 illegal=0
[PASS] seq=crv_seq_11                     cyc=84 op=OPC_RESERVED f3=011 f7=0100101 rd=11 rs1=20 rs2=26 -> instr=0x4baa35ff reg_write=0 illegal=1
[PASS] seq=crv_seq_11                     cyc=85 op=OPC_SYSTEM f3=110 f7=1000011 rd=22 rs1=13 rs2=16 -> instr=0x8706eb73 reg_write=1 illegal=0
[PASS] seq=crv_seq_11                     cyc=86 op=OPC_IMM    f3=111 f7=1101000 rd=18 rs1=30 rs2=26 -> instr=0xd1af7913 reg_write=1 illegal=0
[PASS] seq=crv_seq_11                     cyc=87 op=OPC_AUIPC  f3=100 f7=0010111 rd=30 rs1=18 rs2=16 -> instr=0x2f094f17 reg_write=1 illegal=0
[PASS] seq=crv_seq_11                     cyc=88 op=OPC_LOAD   f3=110 f7=0111000 rd=14 rs1=0 rs2=29 -> instr=0x71d06703 reg_write=1 illegal=0
[PASS] seq=crv_seq_11                     cyc=89 op=OPC_STORE  f3=100 f7=1010001 rd=11 rs1=19 rs2=12 -> instr=0xa2c9c5a3 reg_write=0 illegal=0
[PASS] seq=crv_seq_11                     cyc=90 op=OPC_LOAD   f3=101 f7=1110001 rd=30 rs1=20 rs2=13 -> instr=0xe2da5f03 reg_write=1 illegal=0
[PASS] seq=crv_seq_11                     cyc=91 op=OPC_SYSTEM f3=100 f7=0111100 rd=27 rs1=29 rs2=5 -> instr=0x785ecdf3 reg_write=1 illegal=0
[PASS] seq=crv_seq_11                     cyc=92 op=OPC_SYSTEM f3=011 f7=1101100 rd=24 rs1=3 rs2=3 -> instr=0xd831bc73 reg_write=1 illegal=0
[PASS] seq=crv_seq_11                     cyc=93 op=OPC_CUSTOM0 f3=001 f7=1101101 rd=13 rs1=15 rs2=25 -> instr=0xdb97968b reg_write=0 illegal=0
[PASS] seq=crv_seq_11                     cyc=94 op=OPC_JAL    f3=110 f7=0100111 rd=14 rs1=6 rs2=31 -> instr=0x4ff3676f reg_write=1 illegal=0
[PASS] seq=crv_seq_11                     cyc=95 op=OPC_REG    f3=000 f7=0001000 rd=27 rs1=6 rs2=25 -> instr=0x11930db3 reg_write=0 illegal=1
[PASS] seq=crv_seq_11                     cyc=96 op=OPC_REG    f3=001 f7=1101011 rd=28 rs1=14 rs2=23 -> instr=0xd7771e33 reg_write=0 illegal=1
[PASS] seq=crv_seq_11                     cyc=97 op=OPC_LOAD   f3=000 f7=0100000 rd=13 rs1=6 rs2=23 -> instr=0x41730683 reg_write=1 illegal=0
[PASS] seq=crv_seq_11                     cyc=98 op=OPC_LUI    f3=011 f7=0011000 rd=15 rs1=30 rs2=1 -> instr=0x301f37b7 reg_write=1 illegal=0
[PASS] seq=crv_seq_11                     cyc=99 op=OPC_BRANCH f3=101 f7=0100010 rd=17 rs1=8 rs2=29 -> instr=0x45d458e3 reg_write=0 illegal=0
[PASS] seq=crv_seq_11                     cyc=100 op=OPC_JAL    f3=100 f7=1111110 rd=30 rs1=3 rs2=29 -> instr=0xfdd1cf6f reg_write=1 illegal=0
[PASS] seq=crv_seq_11                     cyc=101 op=OPC_AUIPC  f3=100 f7=0101011 rd=29 rs1=18 rs2=9 -> instr=0x56994e97 reg_write=1 illegal=0
[PASS] seq=crv_seq_11                     cyc=102 op=OPC_LUI    f3=001 f7=1100010 rd=25 rs1=22 rs2=25 -> instr=0xc59b1cb7 reg_write=1 illegal=0
[PASS] seq=crv_seq_11                     cyc=103 op=OPC_LOAD   f3=011 f7=1001100 rd=0 rs1=9 rs2=30 -> instr=0x99e4b003 reg_write=1 illegal=0
[PASS] seq=crv_seq_11                     cyc=104 op=OPC_LUI    f3=110 f7=0011100 rd=26 rs1=21 rs2=27 -> instr=0x39baed37 reg_write=1 illegal=0
[PASS] seq=crv_seq_11                     cyc=105 op=OPC_CUSTOM0 f3=101 f7=1011100 rd=4 rs1=28 rs2=23 -> instr=0xb97e520b reg_write=0 illegal=0
[PASS] seq=crv_seq_11                     cyc=106 op=OPC_JAL    f3=100 f7=0101111 rd=10 rs1=11 rs2=6 -> instr=0x5e65c56f reg_write=1 illegal=0
[PASS] seq=crv_seq_11                     cyc=107 op=OPC_JALR   f3=010 f7=0000101 rd=31 rs1=29 rs2=21 -> instr=0x0b5eafe7 reg_write=1 illegal=0
[PASS] seq=crv_seq_11                     cyc=108 op=OPC_REG    f3=000 f7=0100100 rd=30 rs1=1 rs2=16 -> instr=0x49008f33 reg_write=0 illegal=1
[PASS] seq=crv_seq_11                     cyc=109 op=OPC_IMM    f3=100 f7=1010110 rd=7 rs1=23 rs2=21 -> instr=0xad5bc393 reg_write=1 illegal=0
[PASS] seq=crv_seq_11                     cyc=110 op=OPC_RESERVED f3=000 f7=1100101 rd=31 rs1=0 rs2=20 -> instr=0xcb400fff reg_write=0 illegal=1
[PASS] seq=crv_seq_11                     cyc=111 op=OPC_SYSTEM f3=100 f7=0000110 rd=27 rs1=30 rs2=0 -> instr=0x0c0f4df3 reg_write=1 illegal=0
[PASS] seq=crv_seq_11                     cyc=112 op=OPC_LUI    f3=000 f7=1001011 rd=15 rs1=24 rs2=23 -> instr=0x977c07b7 reg_write=1 illegal=0
[PASS] seq=crv_seq_11                     cyc=113 op=OPC_BRANCH f3=100 f7=0001010 rd=18 rs1=1 rs2=12 -> instr=0x14c0c963 reg_write=0 illegal=0
[PASS] seq=crv_seq_11                     cyc=114 op=OPC_JALR   f3=110 f7=1011000 rd=2 rs1=6 rs2=8 -> instr=0xb0836167 reg_write=1 illegal=0
[PASS] seq=crv_seq_11                     cyc=115 op=OPC_JAL    f3=001 f7=1100111 rd=27 rs1=31 rs2=23 -> instr=0xcf7f9def reg_write=1 illegal=0
[PASS] seq=crv_seq_11                     cyc=116 op=OPC_JALR   f3=001 f7=1000101 rd=6 rs1=16 rs2=4 -> instr=0x8a481367 reg_write=1 illegal=0
[PASS] seq=crv_seq_11                     cyc=117 op=OPC_IMM    f3=110 f7=1001101 rd=6 rs1=12 rs2=16 -> instr=0x9b066313 reg_write=1 illegal=0
[PASS] seq=crv_seq_11                     cyc=118 op=OPC_IMM    f3=101 f7=1011101 rd=3 rs1=7 rs2=7 -> instr=0xba73d193 reg_write=1 illegal=0
[PASS] seq=crv_seq_11                     cyc=119 op=OPC_REG    f3=010 f7=0000100 rd=26 rs1=2 rs2=29 -> instr=0x09d12d33 reg_write=0 illegal=1
[PASS] seq=crv_seq_11                     cyc=120 op=OPC_LOAD   f3=010 f7=1001111 rd=15 rs1=10 rs2=31 -> instr=0x9ff52783 reg_write=1 illegal=0
[PASS] seq=crv_seq_11                     cyc=121 op=OPC_REG    f3=010 f7=1100000 rd=24 rs1=2 rs2=19 -> instr=0xc1312c33 reg_write=0 illegal=1
[PASS] seq=crv_seq_11                     cyc=122 op=OPC_JALR   f3=001 f7=0001101 rd=29 rs1=31 rs2=21 -> instr=0x1b5f9ee7 reg_write=1 illegal=0
[PASS] seq=crv_seq_11                     cyc=123 op=OPC_REG    f3=011 f7=1010110 rd=6 rs1=15 rs2=18 -> instr=0xad27b333 reg_write=0 illegal=1
[PASS] seq=crv_seq_11                     cyc=124 op=OPC_IMM    f3=011 f7=1001010 rd=13 rs1=30 rs2=25 -> instr=0x959f3693 reg_write=1 illegal=0
[PASS] seq=crv_seq_11                     cyc=125 op=OPC_JALR   f3=000 f7=1110110 rd=0 rs1=30 rs2=20 -> instr=0xed4f0067 reg_write=1 illegal=0
[PASS] seq=crv_seq_11                     cyc=126 op=OPC_IMM    f3=110 f7=1011101 rd=7 rs1=9 rs2=22 -> instr=0xbb64e393 reg_write=1 illegal=0
[PASS] seq=crv_seq_11                     cyc=127 op=OPC_SYSTEM f3=001 f7=0000110 rd=9 rs1=18 rs2=6 -> instr=0x0c6914f3 reg_write=1 illegal=0
[PASS] seq=crv_seq_11                     cyc=128 op=OPC_LUI    f3=100 f7=1010111 rd=28 rs1=25 rs2=2 -> instr=0xae2cce37 reg_write=1 illegal=0
[PASS] seq=crv_seq_11                     cyc=129 op=OPC_AUIPC  f3=010 f7=1111110 rd=6 rs1=11 rs2=8 -> instr=0xfc85a317 reg_write=1 illegal=0
[PASS] seq=crv_seq_11                     cyc=130 op=OPC_CUSTOM0 f3=011 f7=0101011 rd=30 rs1=30 rs2=27 -> instr=0x57bf3f0b reg_write=0 illegal=0
[PASS] seq=crv_seq_11                     cyc=131 op=OPC_CUSTOM0 f3=110 f7=1000001 rd=29 rs1=1 rs2=8 -> instr=0x8280ee8b reg_write=0 illegal=0
[PASS] seq=crv_seq_11                     cyc=132 op=OPC_LOAD   f3=101 f7=1011010 rd=27 rs1=15 rs2=22 -> instr=0xb567dd83 reg_write=1 illegal=0
[PASS] seq=crv_seq_11                     cyc=133 op=OPC_JAL    f3=010 f7=1001000 rd=5 rs1=6 rs2=31 -> instr=0x91f322ef reg_write=1 illegal=0
[PASS] seq=crv_seq_11                     cyc=134 op=OPC_LUI    f3=110 f7=1001001 rd=26 rs1=21 rs2=22 -> instr=0x936aed37 reg_write=1 illegal=0
[PASS] seq=crv_seq_11                     cyc=135 op=OPC_STORE  f3=001 f7=0000100 rd=0 rs1=30 rs2=10 -> instr=0x08af1023 reg_write=0 illegal=0
[PASS] seq=crv_seq_11                     cyc=136 op=OPC_JAL    f3=110 f7=1110011 rd=7 rs1=28 rs2=6 -> instr=0xe66e63ef reg_write=1 illegal=0
[PASS] seq=crv_seq_11                     cyc=137 op=OPC_SYSTEM f3=001 f7=1110010 rd=3 rs1=27 rs2=3 -> instr=0xe43d91f3 reg_write=1 illegal=0
[PASS] seq=crv_seq_11                     cyc=138 op=OPC_RESERVED f3=000 f7=1010011 rd=31 rs1=23 rs2=19 -> instr=0xa73b8fff reg_write=0 illegal=1
[PASS] seq=crv_seq_11                     cyc=139 op=OPC_REG    f3=111 f7=1101011 rd=13 rs1=9 rs2=19 -> instr=0xd734f6b3 reg_write=0 illegal=1
[PASS] seq=crv_seq_11                     cyc=140 op=OPC_JALR   f3=111 f7=0100000 rd=7 rs1=10 rs2=23 -> instr=0x417573e7 reg_write=1 illegal=0
[PASS] seq=crv_seq_11                     cyc=141 op=OPC_SYSTEM f3=000 f7=0100110 rd=13 rs1=11 rs2=24 -> instr=0x4d8586f3 reg_write=0 illegal=0
[PASS] seq=crv_seq_11                     cyc=142 op=OPC_AUIPC  f3=111 f7=1010000 rd=15 rs1=16 rs2=18 -> instr=0xa1287797 reg_write=1 illegal=0
[PASS] seq=crv_seq_11                     cyc=143 op=OPC_BRANCH f3=110 f7=1000000 rd=26 rs1=5 rs2=17 -> instr=0x8112ed63 reg_write=0 illegal=0
[PASS] seq=crv_seq_11                     cyc=144 op=OPC_IMM    f3=001 f7=0000101 rd=0 rs1=28 rs2=22 -> instr=0x0b6e1013 reg_write=1 illegal=0
[PASS] seq=crv_seq_11                     cyc=145 op=OPC_LOAD   f3=100 f7=1101001 rd=17 rs1=6 rs2=0 -> instr=0xd2034883 reg_write=1 illegal=0
[PASS] seq=crv_seq_11                     cyc=146 op=OPC_SYSTEM f3=000 f7=1100001 rd=31 rs1=8 rs2=4 -> instr=0xc2440ff3 reg_write=0 illegal=0
[PASS] seq=crv_seq_11                     cyc=147 op=OPC_STORE  f3=000 f7=1001010 rd=16 rs1=28 rs2=6 -> instr=0x946e0823 reg_write=0 illegal=0
[PASS] seq=crv_seq_11                     cyc=148 op=OPC_REG    f3=001 f7=1010100 rd=31 rs1=0 rs2=13 -> instr=0xa8d01fb3 reg_write=0 illegal=1
[PASS] seq=crv_seq_11                     cyc=149 op=OPC_JALR   f3=010 f7=1000010 rd=13 rs1=14 rs2=14 -> instr=0x84e726e7 reg_write=1 illegal=0
[PASS] seq=crv_seq_11                     cyc=150 op=OPC_SYSTEM f3=010 f7=1000000 rd=11 rs1=26 rs2=30 -> instr=0x81ed25f3 reg_write=1 illegal=0
[PASS] seq=crv_seq_11                     cyc=151 op=OPC_LUI    f3=101 f7=0101000 rd=18 rs1=6 rs2=11 -> instr=0x50b35937 reg_write=1 illegal=0
[PASS] seq=crv_seq_11                     cyc=152 op=OPC_STORE  f3=000 f7=0001101 rd=29 rs1=17 rs2=30 -> instr=0x1be88ea3 reg_write=0 illegal=0
[PASS] seq=crv_seq_11                     cyc=153 op=OPC_RESERVED f3=001 f7=1000101 rd=26 rs1=23 rs2=1 -> instr=0x8a1b9d7f reg_write=0 illegal=1
[PASS] seq=crv_seq_11                     cyc=154 op=OPC_BRANCH f3=101 f7=1110010 rd=13 rs1=3 rs2=27 -> instr=0xe5b1d6e3 reg_write=0 illegal=0
[PASS] seq=crv_seq_11                     cyc=155 op=OPC_RESERVED f3=100 f7=1011011 rd=19 rs1=20 rs2=2 -> instr=0xb62a49ff reg_write=0 illegal=1
[PASS] seq=crv_seq_11                     cyc=156 op=OPC_BRANCH f3=010 f7=0011011 rd=1 rs1=10 rs2=23 -> instr=0x377520e3 reg_write=0 illegal=0
[PASS] seq=crv_seq_11                     cyc=157 op=OPC_STORE  f3=110 f7=1011110 rd=17 rs1=8 rs2=24 -> instr=0xbd8468a3 reg_write=0 illegal=0
[PASS] seq=crv_seq_11                     cyc=158 op=OPC_JALR   f3=000 f7=0110101 rd=16 rs1=7 rs2=30 -> instr=0x6be38867 reg_write=1 illegal=0
[PASS] seq=crv_seq_11                     cyc=159 op=OPC_LUI    f3=110 f7=0001111 rd=23 rs1=19 rs2=9 -> instr=0x1e99ebb7 reg_write=1 illegal=0
[PASS] seq=crv_seq_11                     cyc=160 op=OPC_LOAD   f3=101 f7=0110110 rd=5 rs1=16 rs2=1 -> instr=0x6c185283 reg_write=1 illegal=0
[PASS] seq=crv_seq_11                     cyc=161 op=OPC_IMM    f3=011 f7=0001010 rd=5 rs1=18 rs2=15 -> instr=0x14f93293 reg_write=1 illegal=0
[PASS] seq=crv_seq_11                     cyc=162 op=OPC_STORE  f3=001 f7=1100101 rd=0 rs1=18 rs2=28 -> instr=0xcbc91023 reg_write=0 illegal=0
[PASS] seq=crv_seq_11                     cyc=163 op=OPC_AUIPC  f3=010 f7=1011000 rd=11 rs1=17 rs2=6 -> instr=0xb068a597 reg_write=1 illegal=0
[PASS] seq=crv_seq_11                     cyc=164 op=OPC_JAL    f3=110 f7=1011011 rd=11 rs1=6 rs2=21 -> instr=0xb75365ef reg_write=1 illegal=0
[PASS] seq=crv_seq_11                     cyc=165 op=OPC_JALR   f3=010 f7=1111011 rd=17 rs1=7 rs2=9 -> instr=0xf693a8e7 reg_write=1 illegal=0
[PASS] seq=crv_seq_11                     cyc=166 op=OPC_STORE  f3=100 f7=0000111 rd=5 rs1=31 rs2=1 -> instr=0x0e1fc2a3 reg_write=0 illegal=0
[PASS] seq=crv_seq_11                     cyc=167 op=OPC_JALR   f3=010 f7=0100110 rd=4 rs1=8 rs2=21 -> instr=0x4d542267 reg_write=1 illegal=0
[PASS] seq=crv_seq_11                     cyc=168 op=OPC_CUSTOM0 f3=011 f7=0101001 rd=13 rs1=0 rs2=5 -> instr=0x5250368b reg_write=0 illegal=0
[PASS] seq=crv_seq_11                     cyc=169 op=OPC_BRANCH f3=100 f7=1011110 rd=6 rs1=1 rs2=26 -> instr=0xbda0c363 reg_write=0 illegal=0
[PASS] seq=crv_seq_11                     cyc=170 op=OPC_JAL    f3=110 f7=0111010 rd=22 rs1=0 rs2=8 -> instr=0x74806b6f reg_write=1 illegal=0
[PASS] seq=crv_seq_11                     cyc=171 op=OPC_JALR   f3=111 f7=1011001 rd=14 rs1=15 rs2=27 -> instr=0xb3b7f767 reg_write=1 illegal=0
[PASS] seq=crv_seq_11                     cyc=172 op=OPC_LOAD   f3=010 f7=0101001 rd=23 rs1=5 rs2=12 -> instr=0x52c2ab83 reg_write=1 illegal=0
[PASS] seq=crv_seq_11                     cyc=173 op=OPC_JAL    f3=001 f7=0100100 rd=19 rs1=26 rs2=22 -> instr=0x496d19ef reg_write=1 illegal=0
[PASS] seq=crv_seq_11                     cyc=174 op=OPC_REG    f3=001 f7=1110000 rd=15 rs1=18 rs2=9 -> instr=0xe09917b3 reg_write=0 illegal=1
[PASS] seq=crv_seq_11                     cyc=175 op=OPC_SYSTEM f3=101 f7=0111101 rd=3 rs1=5 rs2=28 -> instr=0x7bc2d1f3 reg_write=1 illegal=0
[PASS] seq=crv_seq_11                     cyc=176 op=OPC_LUI    f3=011 f7=0111000 rd=16 rs1=2 rs2=19 -> instr=0x71313837 reg_write=1 illegal=0
[PASS] seq=crv_seq_11                     cyc=177 op=OPC_AUIPC  f3=011 f7=0101011 rd=22 rs1=11 rs2=12 -> instr=0x56c5bb17 reg_write=1 illegal=0
[PASS] seq=crv_seq_11                     cyc=178 op=OPC_SYSTEM f3=100 f7=0001000 rd=11 rs1=31 rs2=7 -> instr=0x107fc5f3 reg_write=1 illegal=0
[PASS] seq=crv_seq_11                     cyc=179 op=OPC_SYSTEM f3=010 f7=1011011 rd=16 rs1=0 rs2=22 -> instr=0xb7602873 reg_write=1 illegal=0
[PASS] seq=crv_seq_11                     cyc=180 op=OPC_JALR   f3=110 f7=1100111 rd=20 rs1=8 rs2=14 -> instr=0xcee46a67 reg_write=1 illegal=0
[PASS] seq=crv_seq_11                     cyc=181 op=OPC_STORE  f3=000 f7=0100010 rd=18 rs1=10 rs2=4 -> instr=0x44450923 reg_write=0 illegal=0
[PASS] seq=crv_seq_11                     cyc=182 op=OPC_CUSTOM0 f3=101 f7=1000000 rd=9 rs1=19 rs2=22 -> instr=0x8169d48b reg_write=0 illegal=0
[PASS] seq=crv_seq_11                     cyc=183 op=OPC_SYSTEM f3=010 f7=0111001 rd=3 rs1=24 rs2=1 -> instr=0x721c21f3 reg_write=1 illegal=0
[PASS] seq=crv_seq_11                     cyc=184 op=OPC_CUSTOM0 f3=011 f7=1000101 rd=21 rs1=29 rs2=25 -> instr=0x8b9eba8b reg_write=0 illegal=0
[PASS] seq=crv_seq_11                     cyc=185 op=OPC_BRANCH f3=001 f7=0001011 rd=0 rs1=5 rs2=28 -> instr=0x17c29063 reg_write=0 illegal=0
[PASS] seq=crv_seq_11                     cyc=186 op=OPC_IMM    f3=110 f7=1010010 rd=23 rs1=23 rs2=18 -> instr=0xa52beb93 reg_write=1 illegal=0
[PASS] seq=crv_seq_11                     cyc=187 op=OPC_REG    f3=000 f7=1011001 rd=12 rs1=26 rs2=19 -> instr=0xb33d0633 reg_write=0 illegal=1
[PASS] seq=crv_seq_11                     cyc=188 op=OPC_SYSTEM f3=111 f7=1110010 rd=25 rs1=21 rs2=21 -> instr=0xe55afcf3 reg_write=1 illegal=0
[PASS] seq=crv_seq_11                     cyc=189 op=OPC_STORE  f3=100 f7=1000011 rd=11 rs1=1 rs2=30 -> instr=0x87e0c5a3 reg_write=0 illegal=0
[PASS] seq=crv_seq_11                     cyc=190 op=OPC_JAL    f3=110 f7=1010110 rd=4 rs1=2 rs2=2 -> instr=0xac21626f reg_write=1 illegal=0
[PASS] seq=crv_seq_11                     cyc=191 op=OPC_BRANCH f3=111 f7=0000010 rd=31 rs1=6 rs2=12 -> instr=0x04c37fe3 reg_write=0 illegal=0
[PASS] seq=crv_seq_11                     cyc=192 op=OPC_BRANCH f3=100 f7=0100100 rd=25 rs1=15 rs2=19 -> instr=0x4937cce3 reg_write=0 illegal=0
[PASS] seq=crv_seq_11                     cyc=193 op=OPC_IMM    f3=101 f7=1011101 rd=23 rs1=0 rs2=19 -> instr=0xbb305b93 reg_write=1 illegal=0
[PASS] seq=crv_seq_11                     cyc=194 op=OPC_AUIPC  f3=001 f7=0111010 rd=10 rs1=2 rs2=25 -> instr=0x75911517 reg_write=1 illegal=0
[PASS] seq=crv_seq_11                     cyc=195 op=OPC_RESERVED f3=110 f7=0101101 rd=1 rs1=25 rs2=18 -> instr=0x5b2ce0ff reg_write=0 illegal=1
[PASS] seq=crv_seq_11                     cyc=196 op=OPC_BRANCH f3=001 f7=1110101 rd=19 rs1=11 rs2=20 -> instr=0xeb4599e3 reg_write=0 illegal=0
[PASS] seq=crv_seq_11                     cyc=197 op=OPC_STORE  f3=100 f7=0101110 rd=22 rs1=26 rs2=10 -> instr=0x5cad4b23 reg_write=0 illegal=0
[PASS] seq=crv_seq_11                     cyc=198 op=OPC_STORE  f3=100 f7=1000000 rd=7 rs1=3 rs2=6 -> instr=0x8061c3a3 reg_write=0 illegal=0
[PASS] seq=crv_seq_11                     cyc=199 op=OPC_STORE  f3=111 f7=1001010 rd=23 rs1=11 rs2=26 -> instr=0x95a5fba3 reg_write=0 illegal=0
[PASS] seq=crv_seq_12                     cyc=0 op=OPC_IMM    f3=011 f7=1111001 rd=13 rs1=25 rs2=24 -> instr=0xf38cb693 reg_write=1 illegal=0
[PASS] seq=crv_seq_12                     cyc=1 op=OPC_STORE  f3=111 f7=0011100 rd=5 rs1=25 rs2=19 -> instr=0x393cf2a3 reg_write=0 illegal=0
[PASS] seq=crv_seq_12                     cyc=2 op=OPC_STORE  f3=001 f7=1000010 rd=1 rs1=27 rs2=10 -> instr=0x84ad90a3 reg_write=0 illegal=0
[PASS] seq=crv_seq_12                     cyc=3 op=OPC_LUI    f3=000 f7=0001001 rd=6 rs1=12 rs2=13 -> instr=0x12d60337 reg_write=1 illegal=0
[PASS] seq=crv_seq_12                     cyc=4 op=OPC_IMM    f3=010 f7=0010011 rd=14 rs1=25 rs2=6 -> instr=0x266ca713 reg_write=1 illegal=0
[PASS] seq=crv_seq_12                     cyc=5 op=OPC_JALR   f3=011 f7=1011011 rd=11 rs1=20 rs2=26 -> instr=0xb7aa35e7 reg_write=1 illegal=0
[PASS] seq=crv_seq_12                     cyc=6 op=OPC_LOAD   f3=100 f7=0011000 rd=0 rs1=24 rs2=25 -> instr=0x319c4003 reg_write=1 illegal=0
[PASS] seq=crv_seq_12                     cyc=7 op=OPC_REG    f3=101 f7=0111001 rd=19 rs1=28 rs2=10 -> instr=0x72ae59b3 reg_write=0 illegal=1
[PASS] seq=crv_seq_12                     cyc=8 op=OPC_LUI    f3=001 f7=1101100 rd=28 rs1=0 rs2=30 -> instr=0xd9e01e37 reg_write=1 illegal=0
[PASS] seq=crv_seq_12                     cyc=9 op=OPC_REG    f3=000 f7=0110010 rd=21 rs1=31 rs2=30 -> instr=0x65ef8ab3 reg_write=0 illegal=1
[PASS] seq=crv_seq_12                     cyc=10 op=OPC_REG    f3=101 f7=0011110 rd=22 rs1=28 rs2=30 -> instr=0x3dee5b33 reg_write=0 illegal=1
[PASS] seq=crv_seq_12                     cyc=11 op=OPC_SYSTEM f3=110 f7=0000101 rd=6 rs1=25 rs2=12 -> instr=0x0acce373 reg_write=1 illegal=0
[PASS] seq=crv_seq_12                     cyc=12 op=OPC_CUSTOM0 f3=111 f7=1000101 rd=31 rs1=20 rs2=10 -> instr=0x8aaa7f8b reg_write=0 illegal=0
[PASS] seq=crv_seq_12                     cyc=13 op=OPC_JALR   f3=101 f7=1101010 rd=31 rs1=1 rs2=31 -> instr=0xd5f0dfe7 reg_write=1 illegal=0
[PASS] seq=crv_seq_12                     cyc=14 op=OPC_LOAD   f3=111 f7=1000100 rd=4 rs1=3 rs2=14 -> instr=0x88e1f203 reg_write=1 illegal=0
[PASS] seq=crv_seq_12                     cyc=15 op=OPC_CUSTOM0 f3=101 f7=1100110 rd=6 rs1=10 rs2=6 -> instr=0xcc65530b reg_write=0 illegal=0
[PASS] seq=crv_seq_12                     cyc=16 op=OPC_SYSTEM f3=101 f7=1011101 rd=1 rs1=23 rs2=14 -> instr=0xbaebd0f3 reg_write=1 illegal=0
[PASS] seq=crv_seq_12                     cyc=17 op=OPC_BRANCH f3=101 f7=1000101 rd=31 rs1=3 rs2=20 -> instr=0x8b41dfe3 reg_write=0 illegal=0
[PASS] seq=crv_seq_12                     cyc=18 op=OPC_BRANCH f3=110 f7=1011100 rd=18 rs1=13 rs2=16 -> instr=0xb906e963 reg_write=0 illegal=0
[PASS] seq=crv_seq_12                     cyc=19 op=OPC_JAL    f3=100 f7=1111100 rd=12 rs1=25 rs2=1 -> instr=0xf81cc66f reg_write=1 illegal=0
[PASS] seq=crv_seq_12                     cyc=20 op=OPC_RESERVED f3=011 f7=1100100 rd=24 rs1=31 rs2=10 -> instr=0xc8afbc7f reg_write=0 illegal=1
[PASS] seq=crv_seq_12                     cyc=21 op=OPC_LOAD   f3=111 f7=1110101 rd=23 rs1=16 rs2=18 -> instr=0xeb287b83 reg_write=1 illegal=0
[PASS] seq=crv_seq_12                     cyc=22 op=OPC_IMM    f3=101 f7=0001011 rd=6 rs1=26 rs2=5 -> instr=0x165d5313 reg_write=1 illegal=0
[PASS] seq=crv_seq_12                     cyc=23 op=OPC_LUI    f3=111 f7=0000110 rd=26 rs1=13 rs2=20 -> instr=0x0d46fd37 reg_write=1 illegal=0
[PASS] seq=crv_seq_12                     cyc=24 op=OPC_LOAD   f3=101 f7=0111100 rd=9 rs1=16 rs2=17 -> instr=0x79185483 reg_write=1 illegal=0
[PASS] seq=crv_seq_12                     cyc=25 op=OPC_JAL    f3=001 f7=1000111 rd=5 rs1=29 rs2=6 -> instr=0x8e6e92ef reg_write=1 illegal=0
[PASS] seq=crv_seq_12                     cyc=26 op=OPC_LUI    f3=001 f7=1011101 rd=11 rs1=18 rs2=14 -> instr=0xbae915b7 reg_write=1 illegal=0
[PASS] seq=crv_seq_12                     cyc=27 op=OPC_REG    f3=011 f7=0101110 rd=5 rs1=0 rs2=19 -> instr=0x5d3032b3 reg_write=0 illegal=1
[PASS] seq=crv_seq_12                     cyc=28 op=OPC_IMM    f3=111 f7=0111101 rd=4 rs1=19 rs2=1 -> instr=0x7a19f213 reg_write=1 illegal=0
[PASS] seq=crv_seq_12                     cyc=29 op=OPC_JAL    f3=011 f7=0101001 rd=23 rs1=19 rs2=18 -> instr=0x5329bbef reg_write=1 illegal=0
[PASS] seq=crv_seq_12                     cyc=30 op=OPC_BRANCH f3=111 f7=1100011 rd=0 rs1=22 rs2=28 -> instr=0xc7cb7063 reg_write=0 illegal=0
[PASS] seq=crv_seq_12                     cyc=31 op=OPC_AUIPC  f3=101 f7=1110001 rd=26 rs1=17 rs2=28 -> instr=0xe3c8dd17 reg_write=1 illegal=0
[PASS] seq=crv_seq_12                     cyc=32 op=OPC_LUI    f3=000 f7=1010111 rd=14 rs1=23 rs2=16 -> instr=0xaf0b8737 reg_write=1 illegal=0
[PASS] seq=crv_seq_12                     cyc=33 op=OPC_IMM    f3=011 f7=0001010 rd=18 rs1=27 rs2=10 -> instr=0x14adb913 reg_write=1 illegal=0
[PASS] seq=crv_seq_12                     cyc=34 op=OPC_CUSTOM0 f3=101 f7=0110111 rd=29 rs1=18 rs2=6 -> instr=0x6e695e8b reg_write=0 illegal=0
[PASS] seq=crv_seq_12                     cyc=35 op=OPC_REG    f3=001 f7=0010000 rd=17 rs1=21 rs2=17 -> instr=0x211a98b3 reg_write=0 illegal=1
[PASS] seq=crv_seq_12                     cyc=36 op=OPC_IMM    f3=000 f7=1110100 rd=15 rs1=18 rs2=12 -> instr=0xe8c90793 reg_write=1 illegal=0
[PASS] seq=crv_seq_12                     cyc=37 op=OPC_LUI    f3=101 f7=1000000 rd=27 rs1=17 rs2=6 -> instr=0x8068ddb7 reg_write=1 illegal=0
[PASS] seq=crv_seq_12                     cyc=38 op=OPC_REG    f3=100 f7=1101111 rd=1 rs1=17 rs2=10 -> instr=0xdea8c0b3 reg_write=0 illegal=1
[PASS] seq=crv_seq_12                     cyc=39 op=OPC_JALR   f3=011 f7=1111000 rd=13 rs1=8 rs2=26 -> instr=0xf1a436e7 reg_write=1 illegal=0
[PASS] seq=crv_seq_12                     cyc=40 op=OPC_IMM    f3=010 f7=0001111 rd=30 rs1=14 rs2=5 -> instr=0x1e572f13 reg_write=1 illegal=0
[PASS] seq=crv_seq_12                     cyc=41 op=OPC_IMM    f3=001 f7=0000011 rd=17 rs1=18 rs2=0 -> instr=0x06091893 reg_write=1 illegal=0
[PASS] seq=crv_seq_12                     cyc=42 op=OPC_JAL    f3=111 f7=0111011 rd=23 rs1=10 rs2=31 -> instr=0x77f57bef reg_write=1 illegal=0
[PASS] seq=crv_seq_12                     cyc=43 op=OPC_BRANCH f3=100 f7=0111000 rd=12 rs1=7 rs2=24 -> instr=0x7183c663 reg_write=0 illegal=0
[PASS] seq=crv_seq_12                     cyc=44 op=OPC_SYSTEM f3=001 f7=1000011 rd=19 rs1=20 rs2=18 -> instr=0x872a19f3 reg_write=1 illegal=0
[PASS] seq=crv_seq_12                     cyc=45 op=OPC_BRANCH f3=001 f7=1110101 rd=7 rs1=18 rs2=12 -> instr=0xeac913e3 reg_write=0 illegal=0
[PASS] seq=crv_seq_12                     cyc=46 op=OPC_LUI    f3=101 f7=0100111 rd=6 rs1=28 rs2=17 -> instr=0x4f1e5337 reg_write=1 illegal=0
[PASS] seq=crv_seq_12                     cyc=47 op=OPC_JALR   f3=100 f7=0010101 rd=23 rs1=10 rs2=25 -> instr=0x2b954be7 reg_write=1 illegal=0
[PASS] seq=crv_seq_12                     cyc=48 op=OPC_CUSTOM0 f3=111 f7=1010100 rd=22 rs1=22 rs2=7 -> instr=0xa87b7b0b reg_write=0 illegal=0
[PASS] seq=crv_seq_12                     cyc=49 op=OPC_CUSTOM0 f3=110 f7=0011111 rd=25 rs1=4 rs2=3 -> instr=0x3e326c8b reg_write=0 illegal=0
[PASS] seq=crv_seq_12                     cyc=50 op=OPC_REG    f3=110 f7=1011011 rd=0 rs1=29 rs2=29 -> instr=0xb7dee033 reg_write=0 illegal=1
[PASS] seq=crv_seq_12                     cyc=51 op=OPC_JALR   f3=010 f7=1110011 rd=8 rs1=30 rs2=21 -> instr=0xe75f2467 reg_write=1 illegal=0
[PASS] seq=crv_seq_12                     cyc=52 op=OPC_BRANCH f3=101 f7=0001101 rd=8 rs1=24 rs2=3 -> instr=0x1a3c5463 reg_write=0 illegal=0
[PASS] seq=crv_seq_12                     cyc=53 op=OPC_REG    f3=011 f7=0100100 rd=12 rs1=0 rs2=31 -> instr=0x49f03633 reg_write=0 illegal=1
[PASS] seq=crv_seq_12                     cyc=54 op=OPC_LOAD   f3=101 f7=1010001 rd=0 rs1=11 rs2=4 -> instr=0xa245d003 reg_write=1 illegal=0
[PASS] seq=crv_seq_12                     cyc=55 op=OPC_STORE  f3=100 f7=1001001 rd=3 rs1=9 rs2=13 -> instr=0x92d4c1a3 reg_write=0 illegal=0
[PASS] seq=crv_seq_12                     cyc=56 op=OPC_AUIPC  f3=111 f7=0111100 rd=10 rs1=28 rs2=10 -> instr=0x78ae7517 reg_write=1 illegal=0
[PASS] seq=crv_seq_12                     cyc=57 op=OPC_BRANCH f3=100 f7=1010011 rd=21 rs1=22 rs2=23 -> instr=0xa77b4ae3 reg_write=0 illegal=0
[PASS] seq=crv_seq_12                     cyc=58 op=OPC_RESERVED f3=100 f7=0110000 rd=11 rs1=31 rs2=31 -> instr=0x61ffc5ff reg_write=0 illegal=1
[PASS] seq=crv_seq_12                     cyc=59 op=OPC_REG    f3=100 f7=0110101 rd=6 rs1=31 rs2=0 -> instr=0x6a0fc333 reg_write=0 illegal=1
[PASS] seq=crv_seq_12                     cyc=60 op=OPC_LOAD   f3=100 f7=0110000 rd=1 rs1=14 rs2=11 -> instr=0x60b74083 reg_write=1 illegal=0
[PASS] seq=crv_seq_12                     cyc=61 op=OPC_JALR   f3=001 f7=1001101 rd=4 rs1=7 rs2=3 -> instr=0x9a339267 reg_write=1 illegal=0
[PASS] seq=crv_seq_12                     cyc=62 op=OPC_REG    f3=000 f7=0111110 rd=15 rs1=25 rs2=2 -> instr=0x7c2c87b3 reg_write=0 illegal=1
[PASS] seq=crv_seq_12                     cyc=63 op=OPC_IMM    f3=101 f7=0001100 rd=16 rs1=25 rs2=19 -> instr=0x193cd813 reg_write=1 illegal=0
[PASS] seq=crv_seq_12                     cyc=64 op=OPC_CUSTOM0 f3=011 f7=1110010 rd=22 rs1=6 rs2=12 -> instr=0xe4c33b0b reg_write=0 illegal=0
[PASS] seq=crv_seq_12                     cyc=65 op=OPC_BRANCH f3=000 f7=1100010 rd=17 rs1=1 rs2=3 -> instr=0xc43088e3 reg_write=0 illegal=0
[PASS] seq=crv_seq_12                     cyc=66 op=OPC_RESERVED f3=100 f7=1110000 rd=17 rs1=16 rs2=7 -> instr=0xe07848ff reg_write=0 illegal=1
[PASS] seq=crv_seq_12                     cyc=67 op=OPC_SYSTEM f3=100 f7=0101000 rd=20 rs1=26 rs2=19 -> instr=0x513d4a73 reg_write=1 illegal=0
[PASS] seq=crv_seq_12                     cyc=68 op=OPC_IMM    f3=000 f7=0000010 rd=17 rs1=19 rs2=31 -> instr=0x05f98893 reg_write=1 illegal=0
[PASS] seq=crv_seq_12                     cyc=69 op=OPC_LUI    f3=001 f7=1111010 rd=5 rs1=29 rs2=28 -> instr=0xf5ce92b7 reg_write=1 illegal=0
[PASS] seq=crv_seq_12                     cyc=70 op=OPC_LOAD   f3=111 f7=0011111 rd=4 rs1=4 rs2=18 -> instr=0x3f227203 reg_write=1 illegal=0
[PASS] seq=crv_seq_12                     cyc=71 op=OPC_REG    f3=111 f7=1001001 rd=23 rs1=19 rs2=29 -> instr=0x93d9fbb3 reg_write=0 illegal=1
[PASS] seq=crv_seq_12                     cyc=72 op=OPC_JALR   f3=111 f7=0100001 rd=30 rs1=16 rs2=19 -> instr=0x43387f67 reg_write=1 illegal=0
[PASS] seq=crv_seq_12                     cyc=73 op=OPC_STORE  f3=101 f7=1100101 rd=2 rs1=10 rs2=15 -> instr=0xcaf55123 reg_write=0 illegal=0
[PASS] seq=crv_seq_12                     cyc=74 op=OPC_JAL    f3=100 f7=1110011 rd=7 rs1=16 rs2=11 -> instr=0xe6b843ef reg_write=1 illegal=0
[PASS] seq=crv_seq_12                     cyc=75 op=OPC_STORE  f3=001 f7=1011100 rd=7 rs1=30 rs2=11 -> instr=0xb8bf13a3 reg_write=0 illegal=0
[PASS] seq=crv_seq_12                     cyc=76 op=OPC_JALR   f3=101 f7=1101101 rd=8 rs1=25 rs2=8 -> instr=0xda8cd467 reg_write=1 illegal=0
[PASS] seq=crv_seq_12                     cyc=77 op=OPC_JAL    f3=100 f7=1010011 rd=26 rs1=1 rs2=18 -> instr=0xa720cd6f reg_write=1 illegal=0
[PASS] seq=crv_seq_12                     cyc=78 op=OPC_AUIPC  f3=101 f7=0001000 rd=20 rs1=26 rs2=13 -> instr=0x10dd5a17 reg_write=1 illegal=0
[PASS] seq=crv_seq_12                     cyc=79 op=OPC_AUIPC  f3=110 f7=0100010 rd=24 rs1=28 rs2=3 -> instr=0x443e6c17 reg_write=1 illegal=0
[PASS] seq=crv_seq_12                     cyc=80 op=OPC_REG    f3=011 f7=1100001 rd=4 rs1=25 rs2=4 -> instr=0xc24cb233 reg_write=0 illegal=1
[PASS] seq=crv_seq_12                     cyc=81 op=OPC_LUI    f3=011 f7=1011110 rd=12 rs1=5 rs2=7 -> instr=0xbc72b637 reg_write=1 illegal=0
[PASS] seq=crv_seq_12                     cyc=82 op=OPC_BRANCH f3=010 f7=1010101 rd=23 rs1=24 rs2=27 -> instr=0xabbc2be3 reg_write=0 illegal=0
[PASS] seq=crv_seq_12                     cyc=83 op=OPC_RESERVED f3=001 f7=0111010 rd=15 rs1=3 rs2=2 -> instr=0x742197ff reg_write=0 illegal=1
[PASS] seq=crv_seq_12                     cyc=84 op=OPC_SYSTEM f3=001 f7=1110001 rd=11 rs1=23 rs2=22 -> instr=0xe36b95f3 reg_write=1 illegal=0
[PASS] seq=crv_seq_12                     cyc=85 op=OPC_JALR   f3=010 f7=0110111 rd=11 rs1=17 rs2=17 -> instr=0x6f18a5e7 reg_write=1 illegal=0
[PASS] seq=crv_seq_12                     cyc=86 op=OPC_LUI    f3=001 f7=1111001 rd=27 rs1=9 rs2=10 -> instr=0xf2a49db7 reg_write=1 illegal=0
[PASS] seq=crv_seq_12                     cyc=87 op=OPC_LOAD   f3=011 f7=1000111 rd=4 rs1=17 rs2=16 -> instr=0x8f08b203 reg_write=1 illegal=0
[PASS] seq=crv_seq_12                     cyc=88 op=OPC_LOAD   f3=001 f7=1101011 rd=31 rs1=10 rs2=18 -> instr=0xd7251f83 reg_write=1 illegal=0
[PASS] seq=crv_seq_12                     cyc=89 op=OPC_JAL    f3=100 f7=0011011 rd=18 rs1=12 rs2=24 -> instr=0x3786496f reg_write=1 illegal=0
[PASS] seq=crv_seq_12                     cyc=90 op=OPC_LUI    f3=111 f7=0010111 rd=28 rs1=22 rs2=27 -> instr=0x2fbb7e37 reg_write=1 illegal=0
[PASS] seq=crv_seq_12                     cyc=91 op=OPC_JAL    f3=101 f7=0000000 rd=5 rs1=29 rs2=3 -> instr=0x003ed2ef reg_write=1 illegal=0
[PASS] seq=crv_seq_12                     cyc=92 op=OPC_IMM    f3=000 f7=1100011 rd=1 rs1=16 rs2=14 -> instr=0xc6e80093 reg_write=1 illegal=0
[PASS] seq=crv_seq_12                     cyc=93 op=OPC_REG    f3=101 f7=0100001 rd=16 rs1=0 rs2=19 -> instr=0x43305833 reg_write=0 illegal=1
[PASS] seq=crv_seq_12                     cyc=94 op=OPC_LUI    f3=011 f7=0110001 rd=25 rs1=18 rs2=22 -> instr=0x63693cb7 reg_write=1 illegal=0
[PASS] seq=crv_seq_12                     cyc=95 op=OPC_BRANCH f3=000 f7=1111100 rd=10 rs1=19 rs2=16 -> instr=0xf9098563 reg_write=0 illegal=0
[PASS] seq=crv_seq_12                     cyc=96 op=OPC_STORE  f3=001 f7=0010011 rd=13 rs1=18 rs2=16 -> instr=0x270916a3 reg_write=0 illegal=0
[PASS] seq=crv_seq_12                     cyc=97 op=OPC_REG    f3=110 f7=1110011 rd=11 rs1=26 rs2=28 -> instr=0xe7cd65b3 reg_write=0 illegal=1
[PASS] seq=crv_seq_12                     cyc=98 op=OPC_BRANCH f3=011 f7=1011111 rd=0 rs1=4 rs2=7 -> instr=0xbe723063 reg_write=0 illegal=0
[PASS] seq=crv_seq_12                     cyc=99 op=OPC_REG    f3=010 f7=0111100 rd=29 rs1=11 rs2=4 -> instr=0x7845aeb3 reg_write=0 illegal=1
[PASS] seq=crv_seq_12                     cyc=100 op=OPC_STORE  f3=000 f7=1000010 rd=30 rs1=2 rs2=0 -> instr=0x84010f23 reg_write=0 illegal=0
[PASS] seq=crv_seq_12                     cyc=101 op=OPC_AUIPC  f3=010 f7=1001001 rd=13 rs1=5 rs2=13 -> instr=0x92d2a697 reg_write=1 illegal=0
[PASS] seq=crv_seq_12                     cyc=102 op=OPC_STORE  f3=001 f7=1011100 rd=15 rs1=13 rs2=30 -> instr=0xb9e697a3 reg_write=0 illegal=0
[PASS] seq=crv_seq_12                     cyc=103 op=OPC_SYSTEM f3=111 f7=1000010 rd=3 rs1=26 rs2=20 -> instr=0x854d71f3 reg_write=1 illegal=0
[PASS] seq=crv_seq_12                     cyc=104 op=OPC_IMM    f3=101 f7=0000100 rd=11 rs1=2 rs2=14 -> instr=0x08e15593 reg_write=1 illegal=0
[PASS] seq=crv_seq_12                     cyc=105 op=OPC_SYSTEM f3=011 f7=0000000 rd=11 rs1=3 rs2=17 -> instr=0x0111b5f3 reg_write=1 illegal=0
[PASS] seq=crv_seq_12                     cyc=106 op=OPC_LUI    f3=101 f7=0111110 rd=30 rs1=1 rs2=7 -> instr=0x7c70df37 reg_write=1 illegal=0
[PASS] seq=crv_seq_12                     cyc=107 op=OPC_IMM    f3=100 f7=1011101 rd=16 rs1=20 rs2=12 -> instr=0xbaca4813 reg_write=1 illegal=0
[PASS] seq=crv_seq_12                     cyc=108 op=OPC_JALR   f3=011 f7=1111010 rd=10 rs1=27 rs2=11 -> instr=0xf4bdb567 reg_write=1 illegal=0
[PASS] seq=crv_seq_12                     cyc=109 op=OPC_CUSTOM0 f3=100 f7=0001001 rd=28 rs1=0 rs2=25 -> instr=0x13904e0b reg_write=0 illegal=0
[PASS] seq=crv_seq_12                     cyc=110 op=OPC_LOAD   f3=101 f7=1100111 rd=22 rs1=28 rs2=20 -> instr=0xcf4e5b03 reg_write=1 illegal=0
[PASS] seq=crv_seq_12                     cyc=111 op=OPC_IMM    f3=001 f7=0010110 rd=18 rs1=22 rs2=23 -> instr=0x2d7b1913 reg_write=1 illegal=0
[PASS] seq=crv_seq_12                     cyc=112 op=OPC_LUI    f3=110 f7=0010110 rd=20 rs1=29 rs2=4 -> instr=0x2c4eea37 reg_write=1 illegal=0
[PASS] seq=crv_seq_12                     cyc=113 op=OPC_BRANCH f3=000 f7=0000111 rd=0 rs1=25 rs2=8 -> instr=0x0e8c8063 reg_write=0 illegal=0
[PASS] seq=crv_seq_12                     cyc=114 op=OPC_JAL    f3=111 f7=0100010 rd=7 rs1=4 rs2=6 -> instr=0x446273ef reg_write=1 illegal=0
[PASS] seq=crv_seq_12                     cyc=115 op=OPC_IMM    f3=111 f7=0001101 rd=30 rs1=5 rs2=2 -> instr=0x1a22ff13 reg_write=1 illegal=0
[PASS] seq=crv_seq_12                     cyc=116 op=OPC_BRANCH f3=001 f7=0000011 rd=24 rs1=10 rs2=7 -> instr=0x06751c63 reg_write=0 illegal=0
[PASS] seq=crv_seq_12                     cyc=117 op=OPC_RESERVED f3=111 f7=1011110 rd=8 rs1=1 rs2=23 -> instr=0xbd70f47f reg_write=0 illegal=1
[PASS] seq=crv_seq_12                     cyc=118 op=OPC_JALR   f3=001 f7=1000011 rd=16 rs1=3 rs2=1 -> instr=0x86119867 reg_write=1 illegal=0
[PASS] seq=crv_seq_12                     cyc=119 op=OPC_BRANCH f3=001 f7=0010001 rd=27 rs1=8 rs2=3 -> instr=0x22341de3 reg_write=0 illegal=0
[PASS] seq=crv_seq_12                     cyc=120 op=OPC_CUSTOM0 f3=000 f7=1000011 rd=17 rs1=1 rs2=6 -> instr=0x8660888b reg_write=0 illegal=0
[PASS] seq=crv_seq_12                     cyc=121 op=OPC_SYSTEM f3=111 f7=0100000 rd=9 rs1=13 rs2=29 -> instr=0x41d6f4f3 reg_write=1 illegal=0
[PASS] seq=crv_seq_12                     cyc=122 op=OPC_LUI    f3=100 f7=1010001 rd=25 rs1=30 rs2=27 -> instr=0xa3bf4cb7 reg_write=1 illegal=0
[PASS] seq=crv_seq_12                     cyc=123 op=OPC_AUIPC  f3=101 f7=0110000 rd=8 rs1=20 rs2=3 -> instr=0x603a5417 reg_write=1 illegal=0
[PASS] seq=crv_seq_12                     cyc=124 op=OPC_CUSTOM0 f3=100 f7=0111101 rd=2 rs1=29 rs2=17 -> instr=0x7b1ec10b reg_write=0 illegal=0
[PASS] seq=crv_seq_12                     cyc=125 op=OPC_LUI    f3=000 f7=0000010 rd=6 rs1=1 rs2=23 -> instr=0x05708337 reg_write=1 illegal=0
[PASS] seq=crv_seq_12                     cyc=126 op=OPC_CUSTOM0 f3=101 f7=0011011 rd=28 rs1=22 rs2=5 -> instr=0x365b5e0b reg_write=0 illegal=0
[PASS] seq=crv_seq_12                     cyc=127 op=OPC_RESERVED f3=110 f7=1111000 rd=10 rs1=20 rs2=6 -> instr=0xf06a657f reg_write=0 illegal=1
[PASS] seq=crv_seq_12                     cyc=128 op=OPC_BRANCH f3=011 f7=1110100 rd=21 rs1=30 rs2=0 -> instr=0xe80f3ae3 reg_write=0 illegal=0
[PASS] seq=crv_seq_12                     cyc=129 op=OPC_LUI    f3=101 f7=0010100 rd=0 rs1=23 rs2=7 -> instr=0x287bd037 reg_write=1 illegal=0
[PASS] seq=crv_seq_12                     cyc=130 op=OPC_BRANCH f3=010 f7=1001110 rd=27 rs1=20 rs2=31 -> instr=0x9dfa2de3 reg_write=0 illegal=0
[PASS] seq=crv_seq_12                     cyc=131 op=OPC_REG    f3=000 f7=0100011 rd=0 rs1=0 rs2=17 -> instr=0x47100033 reg_write=0 illegal=1
[PASS] seq=crv_seq_12                     cyc=132 op=OPC_LUI    f3=101 f7=1100101 rd=6 rs1=0 rs2=4 -> instr=0xca405337 reg_write=1 illegal=0
[PASS] seq=crv_seq_12                     cyc=133 op=OPC_LUI    f3=011 f7=0000101 rd=29 rs1=21 rs2=29 -> instr=0x0bdabeb7 reg_write=1 illegal=0
[PASS] seq=crv_seq_12                     cyc=134 op=OPC_LUI    f3=111 f7=1111001 rd=9 rs1=3 rs2=22 -> instr=0xf361f4b7 reg_write=1 illegal=0
[PASS] seq=crv_seq_12                     cyc=135 op=OPC_LOAD   f3=001 f7=1000000 rd=1 rs1=23 rs2=20 -> instr=0x814b9083 reg_write=1 illegal=0
[PASS] seq=crv_seq_12                     cyc=136 op=OPC_SYSTEM f3=001 f7=1001001 rd=23 rs1=29 rs2=12 -> instr=0x92ce9bf3 reg_write=1 illegal=0
[PASS] seq=crv_seq_12                     cyc=137 op=OPC_REG    f3=010 f7=0110011 rd=20 rs1=3 rs2=19 -> instr=0x6731aa33 reg_write=0 illegal=1
[PASS] seq=crv_seq_12                     cyc=138 op=OPC_LUI    f3=100 f7=0111000 rd=11 rs1=1 rs2=30 -> instr=0x71e0c5b7 reg_write=1 illegal=0
[PASS] seq=crv_seq_12                     cyc=139 op=OPC_SYSTEM f3=101 f7=0111011 rd=1 rs1=3 rs2=6 -> instr=0x7661d0f3 reg_write=1 illegal=0
[PASS] seq=crv_seq_12                     cyc=140 op=OPC_LOAD   f3=101 f7=1101101 rd=29 rs1=13 rs2=17 -> instr=0xdb16de83 reg_write=1 illegal=0
[PASS] seq=crv_seq_12                     cyc=141 op=OPC_LOAD   f3=011 f7=0111111 rd=10 rs1=14 rs2=27 -> instr=0x7fb73503 reg_write=1 illegal=0
[PASS] seq=crv_seq_12                     cyc=142 op=OPC_CUSTOM0 f3=111 f7=0101100 rd=27 rs1=11 rs2=19 -> instr=0x5935fd8b reg_write=0 illegal=0
[PASS] seq=crv_seq_12                     cyc=143 op=OPC_CUSTOM0 f3=101 f7=1100100 rd=7 rs1=31 rs2=14 -> instr=0xc8efd38b reg_write=0 illegal=0
[PASS] seq=crv_seq_12                     cyc=144 op=OPC_AUIPC  f3=010 f7=0001011 rd=2 rs1=23 rs2=10 -> instr=0x16aba117 reg_write=1 illegal=0
[PASS] seq=crv_seq_12                     cyc=145 op=OPC_LOAD   f3=001 f7=0000011 rd=7 rs1=4 rs2=4 -> instr=0x06421383 reg_write=1 illegal=0
[PASS] seq=crv_seq_12                     cyc=146 op=OPC_STORE  f3=100 f7=1101010 rd=7 rs1=27 rs2=16 -> instr=0xd50dc3a3 reg_write=0 illegal=0
[PASS] seq=crv_seq_12                     cyc=147 op=OPC_SYSTEM f3=001 f7=0010001 rd=0 rs1=30 rs2=21 -> instr=0x235f1073 reg_write=1 illegal=0
[PASS] seq=crv_seq_12                     cyc=148 op=OPC_JAL    f3=010 f7=1101111 rd=21 rs1=2 rs2=6 -> instr=0xde612aef reg_write=1 illegal=0
[PASS] seq=crv_seq_12                     cyc=149 op=OPC_LUI    f3=101 f7=0000000 rd=1 rs1=12 rs2=17 -> instr=0x011650b7 reg_write=1 illegal=0
[PASS] seq=crv_seq_12                     cyc=150 op=OPC_REG    f3=011 f7=0001010 rd=15 rs1=13 rs2=4 -> instr=0x1446b7b3 reg_write=0 illegal=1
[PASS] seq=crv_seq_12                     cyc=151 op=OPC_SYSTEM f3=011 f7=0110100 rd=5 rs1=14 rs2=18 -> instr=0x692732f3 reg_write=1 illegal=0
[PASS] seq=crv_seq_12                     cyc=152 op=OPC_REG    f3=100 f7=1110100 rd=11 rs1=18 rs2=28 -> instr=0xe9c945b3 reg_write=0 illegal=1
[PASS] seq=crv_seq_12                     cyc=153 op=OPC_LOAD   f3=111 f7=1101010 rd=16 rs1=4 rs2=26 -> instr=0xd5a27803 reg_write=1 illegal=0
[PASS] seq=crv_seq_12                     cyc=154 op=OPC_JALR   f3=101 f7=0100100 rd=7 rs1=20 rs2=15 -> instr=0x48fa53e7 reg_write=1 illegal=0
[PASS] seq=crv_seq_12                     cyc=155 op=OPC_REG    f3=101 f7=0110110 rd=11 rs1=4 rs2=8 -> instr=0x6c8255b3 reg_write=0 illegal=1
[PASS] seq=crv_seq_12                     cyc=156 op=OPC_CUSTOM0 f3=010 f7=0000011 rd=7 rs1=6 rs2=23 -> instr=0x0773238b reg_write=0 illegal=0
[PASS] seq=crv_seq_12                     cyc=157 op=OPC_IMM    f3=011 f7=1101011 rd=31 rs1=12 rs2=13 -> instr=0xd6d63f93 reg_write=1 illegal=0
[PASS] seq=crv_seq_12                     cyc=158 op=OPC_CUSTOM0 f3=010 f7=0110000 rd=14 rs1=31 rs2=28 -> instr=0x61cfa70b reg_write=0 illegal=0
[PASS] seq=crv_seq_12                     cyc=159 op=OPC_BRANCH f3=101 f7=0111000 rd=9 rs1=8 rs2=22 -> instr=0x716454e3 reg_write=0 illegal=0
[PASS] seq=crv_seq_12                     cyc=160 op=OPC_JAL    f3=110 f7=1011101 rd=15 rs1=18 rs2=0 -> instr=0xba0967ef reg_write=1 illegal=0
[PASS] seq=crv_seq_12                     cyc=161 op=OPC_AUIPC  f3=101 f7=0001100 rd=11 rs1=0 rs2=31 -> instr=0x19f05597 reg_write=1 illegal=0
[PASS] seq=crv_seq_12                     cyc=162 op=OPC_CUSTOM0 f3=001 f7=1011101 rd=3 rs1=7 rs2=19 -> instr=0xbb33918b reg_write=0 illegal=0
[PASS] seq=crv_seq_12                     cyc=163 op=OPC_REG    f3=110 f7=0010110 rd=2 rs1=9 rs2=28 -> instr=0x2dc4e133 reg_write=0 illegal=1
[PASS] seq=crv_seq_12                     cyc=164 op=OPC_LOAD   f3=100 f7=0000011 rd=18 rs1=16 rs2=2 -> instr=0x06284903 reg_write=1 illegal=0
[PASS] seq=crv_seq_12                     cyc=165 op=OPC_SYSTEM f3=111 f7=1011111 rd=6 rs1=19 rs2=8 -> instr=0xbe89f373 reg_write=1 illegal=0
[PASS] seq=crv_seq_12                     cyc=166 op=OPC_CUSTOM0 f3=001 f7=0110010 rd=4 rs1=1 rs2=9 -> instr=0x6490920b reg_write=0 illegal=0
[PASS] seq=crv_seq_12                     cyc=167 op=OPC_REG    f3=011 f7=1110110 rd=28 rs1=28 rs2=27 -> instr=0xedbe3e33 reg_write=0 illegal=1
[PASS] seq=crv_seq_12                     cyc=168 op=OPC_BRANCH f3=101 f7=1100110 rd=10 rs1=11 rs2=30 -> instr=0xcde5d563 reg_write=0 illegal=0
[PASS] seq=crv_seq_12                     cyc=169 op=OPC_LUI    f3=111 f7=0110001 rd=30 rs1=31 rs2=20 -> instr=0x634fff37 reg_write=1 illegal=0
[PASS] seq=crv_seq_12                     cyc=170 op=OPC_STORE  f3=111 f7=0000001 rd=10 rs1=30 rs2=6 -> instr=0x026f7523 reg_write=0 illegal=0
[PASS] seq=crv_seq_12                     cyc=171 op=OPC_REG    f3=010 f7=0110101 rd=21 rs1=4 rs2=26 -> instr=0x6ba22ab3 reg_write=0 illegal=1
[PASS] seq=crv_seq_12                     cyc=172 op=OPC_REG    f3=111 f7=1110001 rd=28 rs1=19 rs2=24 -> instr=0xe389fe33 reg_write=0 illegal=1
[PASS] seq=crv_seq_12                     cyc=173 op=OPC_RESERVED f3=010 f7=0111001 rd=27 rs1=16 rs2=18 -> instr=0x73282dff reg_write=0 illegal=1
[PASS] seq=crv_seq_12                     cyc=174 op=OPC_REG    f3=011 f7=1011111 rd=27 rs1=19 rs2=19 -> instr=0xbf39bdb3 reg_write=0 illegal=1
[PASS] seq=crv_seq_12                     cyc=175 op=OPC_JAL    f3=110 f7=1000011 rd=2 rs1=18 rs2=14 -> instr=0x86e9616f reg_write=1 illegal=0
[PASS] seq=crv_seq_12                     cyc=176 op=OPC_AUIPC  f3=010 f7=1011101 rd=23 rs1=23 rs2=19 -> instr=0xbb3bab97 reg_write=1 illegal=0
[PASS] seq=crv_seq_12                     cyc=177 op=OPC_REG    f3=011 f7=0110111 rd=13 rs1=13 rs2=25 -> instr=0x6f96b6b3 reg_write=0 illegal=1
[PASS] seq=crv_seq_12                     cyc=178 op=OPC_RESERVED f3=101 f7=0011001 rd=28 rs1=16 rs2=12 -> instr=0x32c85e7f reg_write=0 illegal=1
[PASS] seq=crv_seq_12                     cyc=179 op=OPC_RESERVED f3=110 f7=0011000 rd=19 rs1=3 rs2=18 -> instr=0x3121e9ff reg_write=0 illegal=1
[PASS] seq=crv_seq_12                     cyc=180 op=OPC_CUSTOM0 f3=111 f7=0001001 rd=7 rs1=23 rs2=20 -> instr=0x134bf38b reg_write=0 illegal=0
[PASS] seq=crv_seq_12                     cyc=181 op=OPC_AUIPC  f3=110 f7=1001001 rd=8 rs1=22 rs2=30 -> instr=0x93eb6417 reg_write=1 illegal=0
[PASS] seq=crv_seq_12                     cyc=182 op=OPC_LUI    f3=101 f7=0101000 rd=22 rs1=26 rs2=20 -> instr=0x514d5b37 reg_write=1 illegal=0
[PASS] seq=crv_seq_12                     cyc=183 op=OPC_CUSTOM0 f3=000 f7=0101000 rd=24 rs1=16 rs2=16 -> instr=0x51080c0b reg_write=0 illegal=0
[PASS] seq=crv_seq_12                     cyc=184 op=OPC_JALR   f3=001 f7=1100100 rd=11 rs1=9 rs2=0 -> instr=0xc80495e7 reg_write=1 illegal=0
[PASS] seq=crv_seq_12                     cyc=185 op=OPC_CUSTOM0 f3=011 f7=1001000 rd=22 rs1=10 rs2=18 -> instr=0x91253b0b reg_write=0 illegal=0
[PASS] seq=crv_seq_12                     cyc=186 op=OPC_LUI    f3=100 f7=0011110 rd=31 rs1=3 rs2=2 -> instr=0x3c21cfb7 reg_write=1 illegal=0
[PASS] seq=crv_seq_12                     cyc=187 op=OPC_LOAD   f3=111 f7=1010101 rd=23 rs1=27 rs2=7 -> instr=0xaa7dfb83 reg_write=1 illegal=0
[PASS] seq=crv_seq_12                     cyc=188 op=OPC_REG    f3=110 f7=0011111 rd=18 rs1=1 rs2=25 -> instr=0x3f90e933 reg_write=0 illegal=1
[PASS] seq=crv_seq_12                     cyc=189 op=OPC_REG    f3=100 f7=1001110 rd=4 rs1=11 rs2=10 -> instr=0x9ca5c233 reg_write=0 illegal=1
[PASS] seq=crv_seq_12                     cyc=190 op=OPC_LOAD   f3=101 f7=0000010 rd=24 rs1=17 rs2=22 -> instr=0x0568dc03 reg_write=1 illegal=0
[PASS] seq=crv_seq_12                     cyc=191 op=OPC_RESERVED f3=011 f7=1000001 rd=0 rs1=9 rs2=14 -> instr=0x82e4b07f reg_write=0 illegal=1
[PASS] seq=crv_seq_12                     cyc=192 op=OPC_IMM    f3=000 f7=0111111 rd=21 rs1=19 rs2=12 -> instr=0x7ec98a93 reg_write=1 illegal=0
[PASS] seq=crv_seq_12                     cyc=193 op=OPC_STORE  f3=001 f7=1101011 rd=27 rs1=7 rs2=12 -> instr=0xd6c39da3 reg_write=0 illegal=0
[PASS] seq=crv_seq_12                     cyc=194 op=OPC_LUI    f3=011 f7=0100111 rd=10 rs1=17 rs2=4 -> instr=0x4e48b537 reg_write=1 illegal=0
[PASS] seq=crv_seq_12                     cyc=195 op=OPC_IMM    f3=101 f7=0011001 rd=9 rs1=5 rs2=16 -> instr=0x3302d493 reg_write=1 illegal=0
[PASS] seq=crv_seq_12                     cyc=196 op=OPC_LUI    f3=100 f7=0110101 rd=21 rs1=7 rs2=5 -> instr=0x6a53cab7 reg_write=1 illegal=0
[PASS] seq=crv_seq_12                     cyc=197 op=OPC_RESERVED f3=001 f7=1001010 rd=14 rs1=30 rs2=29 -> instr=0x95df177f reg_write=0 illegal=1
[PASS] seq=crv_seq_12                     cyc=198 op=OPC_AUIPC  f3=000 f7=1000011 rd=19 rs1=11 rs2=26 -> instr=0x87a58997 reg_write=1 illegal=0
[PASS] seq=crv_seq_12                     cyc=199 op=OPC_CUSTOM0 f3=101 f7=0001111 rd=19 rs1=15 rs2=12 -> instr=0x1ec7d98b reg_write=0 illegal=0
[PASS] seq=crv_seq_13                     cyc=0 op=OPC_JALR   f3=100 f7=1001010 rd=11 rs1=3 rs2=27 -> instr=0x95b1c5e7 reg_write=1 illegal=0
[PASS] seq=crv_seq_13                     cyc=1 op=OPC_RESERVED f3=011 f7=1010010 rd=26 rs1=20 rs2=3 -> instr=0xa43a3d7f reg_write=0 illegal=1
[PASS] seq=crv_seq_13                     cyc=2 op=OPC_REG    f3=101 f7=1100100 rd=8 rs1=0 rs2=9 -> instr=0xc8905433 reg_write=0 illegal=1
[PASS] seq=crv_seq_13                     cyc=3 op=OPC_REG    f3=111 f7=0000100 rd=23 rs1=13 rs2=17 -> instr=0x0916fbb3 reg_write=0 illegal=1
[PASS] seq=crv_seq_13                     cyc=4 op=OPC_REG    f3=100 f7=1000101 rd=29 rs1=20 rs2=30 -> instr=0x8bea4eb3 reg_write=0 illegal=1
[PASS] seq=crv_seq_13                     cyc=5 op=OPC_IMM    f3=001 f7=1101001 rd=6 rs1=15 rs2=9 -> instr=0xd2979313 reg_write=1 illegal=0
[PASS] seq=crv_seq_13                     cyc=6 op=OPC_JALR   f3=011 f7=0100001 rd=12 rs1=22 rs2=8 -> instr=0x428b3667 reg_write=1 illegal=0
[PASS] seq=crv_seq_13                     cyc=7 op=OPC_SYSTEM f3=110 f7=0011000 rd=7 rs1=20 rs2=2 -> instr=0x302a63f3 reg_write=1 illegal=0
[PASS] seq=crv_seq_13                     cyc=8 op=OPC_STORE  f3=001 f7=1001100 rd=10 rs1=0 rs2=6 -> instr=0x98601523 reg_write=0 illegal=0
[PASS] seq=crv_seq_13                     cyc=9 op=OPC_CUSTOM0 f3=000 f7=0010000 rd=13 rs1=18 rs2=18 -> instr=0x2129068b reg_write=0 illegal=0
[PASS] seq=crv_seq_13                     cyc=10 op=OPC_STORE  f3=001 f7=0110001 rd=29 rs1=26 rs2=0 -> instr=0x620d1ea3 reg_write=0 illegal=0
[PASS] seq=crv_seq_13                     cyc=11 op=OPC_AUIPC  f3=011 f7=1110011 rd=5 rs1=16 rs2=12 -> instr=0xe6c83297 reg_write=1 illegal=0
[PASS] seq=crv_seq_13                     cyc=12 op=OPC_JALR   f3=111 f7=0110010 rd=10 rs1=10 rs2=23 -> instr=0x65757567 reg_write=1 illegal=0
[PASS] seq=crv_seq_13                     cyc=13 op=OPC_STORE  f3=000 f7=1110111 rd=29 rs1=17 rs2=29 -> instr=0xefd88ea3 reg_write=0 illegal=0
[PASS] seq=crv_seq_13                     cyc=14 op=OPC_SYSTEM f3=011 f7=0001010 rd=12 rs1=14 rs2=24 -> instr=0x15873673 reg_write=1 illegal=0
[PASS] seq=crv_seq_13                     cyc=15 op=OPC_LUI    f3=111 f7=1101000 rd=15 rs1=26 rs2=20 -> instr=0xd14d77b7 reg_write=1 illegal=0
[PASS] seq=crv_seq_13                     cyc=16 op=OPC_JALR   f3=110 f7=0010011 rd=14 rs1=16 rs2=15 -> instr=0x26f86767 reg_write=1 illegal=0
[PASS] seq=crv_seq_13                     cyc=17 op=OPC_SYSTEM f3=101 f7=1100101 rd=2 rs1=3 rs2=26 -> instr=0xcba1d173 reg_write=1 illegal=0
[PASS] seq=crv_seq_13                     cyc=18 op=OPC_BRANCH f3=001 f7=0010101 rd=25 rs1=10 rs2=21 -> instr=0x2b551ce3 reg_write=0 illegal=0
[PASS] seq=crv_seq_13                     cyc=19 op=OPC_REG    f3=100 f7=1011110 rd=14 rs1=6 rs2=22 -> instr=0xbd634733 reg_write=0 illegal=1
[PASS] seq=crv_seq_13                     cyc=20 op=OPC_BRANCH f3=110 f7=0100100 rd=16 rs1=6 rs2=12 -> instr=0x48c36863 reg_write=0 illegal=0
[PASS] seq=crv_seq_13                     cyc=21 op=OPC_LOAD   f3=100 f7=1001011 rd=5 rs1=30 rs2=10 -> instr=0x96af4283 reg_write=1 illegal=0
[PASS] seq=crv_seq_13                     cyc=22 op=OPC_LUI    f3=000 f7=0010010 rd=9 rs1=12 rs2=22 -> instr=0x256604b7 reg_write=1 illegal=0
[PASS] seq=crv_seq_13                     cyc=23 op=OPC_LOAD   f3=000 f7=0001101 rd=28 rs1=14 rs2=17 -> instr=0x1b170e03 reg_write=1 illegal=0
[PASS] seq=crv_seq_13                     cyc=24 op=OPC_BRANCH f3=101 f7=1010001 rd=18 rs1=21 rs2=13 -> instr=0xa2dad963 reg_write=0 illegal=0
[PASS] seq=crv_seq_13                     cyc=25 op=OPC_STORE  f3=110 f7=1110011 rd=30 rs1=25 rs2=20 -> instr=0xe74cef23 reg_write=0 illegal=0
[PASS] seq=crv_seq_13                     cyc=26 op=OPC_JALR   f3=010 f7=1010111 rd=24 rs1=28 rs2=24 -> instr=0xaf8e2c67 reg_write=1 illegal=0
[PASS] seq=crv_seq_13                     cyc=27 op=OPC_IMM    f3=000 f7=1111000 rd=22 rs1=13 rs2=27 -> instr=0xf1b68b13 reg_write=1 illegal=0
[PASS] seq=crv_seq_13                     cyc=28 op=OPC_IMM    f3=000 f7=1000011 rd=28 rs1=11 rs2=16 -> instr=0x87058e13 reg_write=1 illegal=0
[PASS] seq=crv_seq_13                     cyc=29 op=OPC_LUI    f3=100 f7=1000000 rd=23 rs1=16 rs2=1 -> instr=0x80184bb7 reg_write=1 illegal=0
[PASS] seq=crv_seq_13                     cyc=30 op=OPC_REG    f3=111 f7=0000010 rd=12 rs1=2 rs2=22 -> instr=0x05617633 reg_write=0 illegal=1
[PASS] seq=crv_seq_13                     cyc=31 op=OPC_REG    f3=100 f7=0010100 rd=24 rs1=24 rs2=5 -> instr=0x285c4c33 reg_write=0 illegal=1
[PASS] seq=crv_seq_13                     cyc=32 op=OPC_BRANCH f3=001 f7=1000101 rd=14 rs1=14 rs2=26 -> instr=0x8ba71763 reg_write=0 illegal=0
[PASS] seq=crv_seq_13                     cyc=33 op=OPC_STORE  f3=110 f7=0011011 rd=6 rs1=9 rs2=30 -> instr=0x37e4e323 reg_write=0 illegal=0
[PASS] seq=crv_seq_13                     cyc=34 op=OPC_AUIPC  f3=000 f7=0011110 rd=30 rs1=17 rs2=28 -> instr=0x3dc88f17 reg_write=1 illegal=0
[PASS] seq=crv_seq_13                     cyc=35 op=OPC_IMM    f3=111 f7=0011001 rd=28 rs1=26 rs2=15 -> instr=0x32fd7e13 reg_write=1 illegal=0
[PASS] seq=crv_seq_13                     cyc=36 op=OPC_SYSTEM f3=100 f7=0110110 rd=18 rs1=1 rs2=10 -> instr=0x6ca0c973 reg_write=1 illegal=0
[PASS] seq=crv_seq_13                     cyc=37 op=OPC_REG    f3=011 f7=0001101 rd=31 rs1=1 rs2=27 -> instr=0x1bb0bfb3 reg_write=0 illegal=1
[PASS] seq=crv_seq_13                     cyc=38 op=OPC_IMM    f3=000 f7=1011010 rd=24 rs1=27 rs2=17 -> instr=0xb51d8c13 reg_write=1 illegal=0
[PASS] seq=crv_seq_13                     cyc=39 op=OPC_REG    f3=100 f7=0101000 rd=23 rs1=25 rs2=18 -> instr=0x512ccbb3 reg_write=0 illegal=1
[PASS] seq=crv_seq_13                     cyc=40 op=OPC_LOAD   f3=100 f7=1111110 rd=6 rs1=22 rs2=28 -> instr=0xfdcb4303 reg_write=1 illegal=0
[PASS] seq=crv_seq_13                     cyc=41 op=OPC_RESERVED f3=101 f7=1011111 rd=15 rs1=0 rs2=18 -> instr=0xbf2057ff reg_write=0 illegal=1
[PASS] seq=crv_seq_13                     cyc=42 op=OPC_SYSTEM f3=010 f7=0000101 rd=2 rs1=4 rs2=12 -> instr=0x0ac22173 reg_write=1 illegal=0
[PASS] seq=crv_seq_13                     cyc=43 op=OPC_LUI    f3=010 f7=1100101 rd=7 rs1=15 rs2=12 -> instr=0xcac7a3b7 reg_write=1 illegal=0
[PASS] seq=crv_seq_13                     cyc=44 op=OPC_IMM    f3=100 f7=0000001 rd=9 rs1=28 rs2=4 -> instr=0x024e4493 reg_write=1 illegal=0
[PASS] seq=crv_seq_13                     cyc=45 op=OPC_LUI    f3=001 f7=1011011 rd=31 rs1=17 rs2=25 -> instr=0xb7989fb7 reg_write=1 illegal=0
[PASS] seq=crv_seq_13                     cyc=46 op=OPC_SYSTEM f3=001 f7=1010010 rd=1 rs1=12 rs2=18 -> instr=0xa52610f3 reg_write=1 illegal=0
[PASS] seq=crv_seq_13                     cyc=47 op=OPC_LOAD   f3=111 f7=0001010 rd=25 rs1=5 rs2=2 -> instr=0x1422fc83 reg_write=1 illegal=0
[PASS] seq=crv_seq_13                     cyc=48 op=OPC_JAL    f3=101 f7=0010110 rd=30 rs1=19 rs2=27 -> instr=0x2db9df6f reg_write=1 illegal=0
[PASS] seq=crv_seq_13                     cyc=49 op=OPC_SYSTEM f3=001 f7=0110100 rd=26 rs1=5 rs2=8 -> instr=0x68829d73 reg_write=1 illegal=0
[PASS] seq=crv_seq_13                     cyc=50 op=OPC_JAL    f3=100 f7=0111010 rd=22 rs1=25 rs2=1 -> instr=0x741ccb6f reg_write=1 illegal=0
[PASS] seq=crv_seq_13                     cyc=51 op=OPC_LUI    f3=110 f7=0000111 rd=12 rs1=18 rs2=30 -> instr=0x0fe96637 reg_write=1 illegal=0
[PASS] seq=crv_seq_13                     cyc=52 op=OPC_SYSTEM f3=101 f7=0111000 rd=26 rs1=15 rs2=22 -> instr=0x7167dd73 reg_write=1 illegal=0
[PASS] seq=crv_seq_13                     cyc=53 op=OPC_AUIPC  f3=010 f7=0110111 rd=25 rs1=12 rs2=24 -> instr=0x6f862c97 reg_write=1 illegal=0
[PASS] seq=crv_seq_13                     cyc=54 op=OPC_IMM    f3=110 f7=0001111 rd=28 rs1=23 rs2=22 -> instr=0x1f6bee13 reg_write=1 illegal=0
[PASS] seq=crv_seq_13                     cyc=55 op=OPC_IMM    f3=010 f7=1101000 rd=23 rs1=19 rs2=16 -> instr=0xd109ab93 reg_write=1 illegal=0
[PASS] seq=crv_seq_13                     cyc=56 op=OPC_STORE  f3=010 f7=0100111 rd=1 rs1=5 rs2=8 -> instr=0x4e82a0a3 reg_write=0 illegal=0
[PASS] seq=crv_seq_13                     cyc=57 op=OPC_CUSTOM0 f3=001 f7=0110110 rd=15 rs1=4 rs2=31 -> instr=0x6df2178b reg_write=0 illegal=0
[PASS] seq=crv_seq_13                     cyc=58 op=OPC_LOAD   f3=010 f7=0010101 rd=12 rs1=20 rs2=18 -> instr=0x2b2a2603 reg_write=1 illegal=0
[PASS] seq=crv_seq_13                     cyc=59 op=OPC_REG    f3=011 f7=0100001 rd=25 rs1=13 rs2=29 -> instr=0x43d6bcb3 reg_write=0 illegal=1
[PASS] seq=crv_seq_13                     cyc=60 op=OPC_LUI    f3=001 f7=1101000 rd=24 rs1=16 rs2=31 -> instr=0xd1f81c37 reg_write=1 illegal=0
[PASS] seq=crv_seq_13                     cyc=61 op=OPC_SYSTEM f3=100 f7=0100010 rd=2 rs1=1 rs2=6 -> instr=0x4460c173 reg_write=1 illegal=0
[PASS] seq=crv_seq_13                     cyc=62 op=OPC_LOAD   f3=110 f7=0100100 rd=6 rs1=24 rs2=17 -> instr=0x491c6303 reg_write=1 illegal=0
[PASS] seq=crv_seq_13                     cyc=63 op=OPC_LUI    f3=111 f7=1110100 rd=12 rs1=15 rs2=24 -> instr=0xe987f637 reg_write=1 illegal=0
[PASS] seq=crv_seq_13                     cyc=64 op=OPC_REG    f3=100 f7=1100110 rd=2 rs1=29 rs2=3 -> instr=0xcc3ec133 reg_write=0 illegal=1
[PASS] seq=crv_seq_13                     cyc=65 op=OPC_CUSTOM0 f3=001 f7=0000010 rd=31 rs1=20 rs2=31 -> instr=0x05fa1f8b reg_write=0 illegal=0
[PASS] seq=crv_seq_13                     cyc=66 op=OPC_IMM    f3=101 f7=1101101 rd=16 rs1=28 rs2=27 -> instr=0xdbbe5813 reg_write=1 illegal=0
[PASS] seq=crv_seq_13                     cyc=67 op=OPC_IMM    f3=000 f7=0011100 rd=27 rs1=6 rs2=23 -> instr=0x39730d93 reg_write=1 illegal=0
[PASS] seq=crv_seq_13                     cyc=68 op=OPC_JALR   f3=101 f7=0100010 rd=27 rs1=24 rs2=19 -> instr=0x453c5de7 reg_write=1 illegal=0
[PASS] seq=crv_seq_13                     cyc=69 op=OPC_IMM    f3=000 f7=1011000 rd=13 rs1=3 rs2=12 -> instr=0xb0c18693 reg_write=1 illegal=0
[PASS] seq=crv_seq_13                     cyc=70 op=OPC_LOAD   f3=111 f7=1100010 rd=20 rs1=27 rs2=22 -> instr=0xc56dfa03 reg_write=1 illegal=0
[PASS] seq=crv_seq_13                     cyc=71 op=OPC_SYSTEM f3=111 f7=1010101 rd=9 rs1=29 rs2=30 -> instr=0xabeef4f3 reg_write=1 illegal=0
[PASS] seq=crv_seq_13                     cyc=72 op=OPC_LOAD   f3=100 f7=1111110 rd=2 rs1=28 rs2=21 -> instr=0xfd5e4103 reg_write=1 illegal=0
[PASS] seq=crv_seq_13                     cyc=73 op=OPC_STORE  f3=011 f7=1100011 rd=0 rs1=11 rs2=14 -> instr=0xc6e5b023 reg_write=0 illegal=0
[PASS] seq=crv_seq_13                     cyc=74 op=OPC_STORE  f3=100 f7=1101011 rd=17 rs1=16 rs2=17 -> instr=0xd71848a3 reg_write=0 illegal=0
[PASS] seq=crv_seq_13                     cyc=75 op=OPC_JAL    f3=100 f7=1000011 rd=20 rs1=7 rs2=25 -> instr=0x8793ca6f reg_write=1 illegal=0
[PASS] seq=crv_seq_13                     cyc=76 op=OPC_AUIPC  f3=101 f7=0001111 rd=23 rs1=9 rs2=31 -> instr=0x1ff4db97 reg_write=1 illegal=0
[PASS] seq=crv_seq_13                     cyc=77 op=OPC_RESERVED f3=100 f7=1111110 rd=13 rs1=24 rs2=13 -> instr=0xfcdc46ff reg_write=0 illegal=1
[PASS] seq=crv_seq_13                     cyc=78 op=OPC_LOAD   f3=000 f7=0011110 rd=31 rs1=21 rs2=27 -> instr=0x3dba8f83 reg_write=1 illegal=0
[PASS] seq=crv_seq_13                     cyc=79 op=OPC_RESERVED f3=100 f7=0100010 rd=15 rs1=24 rs2=13 -> instr=0x44dc47ff reg_write=0 illegal=1
[PASS] seq=crv_seq_13                     cyc=80 op=OPC_IMM    f3=101 f7=0010001 rd=19 rs1=31 rs2=30 -> instr=0x23efd993 reg_write=1 illegal=0
[PASS] seq=crv_seq_13                     cyc=81 op=OPC_JALR   f3=010 f7=1111101 rd=12 rs1=23 rs2=20 -> instr=0xfb4ba667 reg_write=1 illegal=0
[PASS] seq=crv_seq_13                     cyc=82 op=OPC_BRANCH f3=101 f7=0000100 rd=11 rs1=7 rs2=7 -> instr=0x0873d5e3 reg_write=0 illegal=0
[PASS] seq=crv_seq_13                     cyc=83 op=OPC_LUI    f3=001 f7=0011000 rd=12 rs1=13 rs2=2 -> instr=0x30269637 reg_write=1 illegal=0
[PASS] seq=crv_seq_13                     cyc=84 op=OPC_LOAD   f3=100 f7=1111000 rd=4 rs1=8 rs2=22 -> instr=0xf1644203 reg_write=1 illegal=0
[PASS] seq=crv_seq_13                     cyc=85 op=OPC_SYSTEM f3=100 f7=0001111 rd=26 rs1=31 rs2=4 -> instr=0x1e4fcd73 reg_write=1 illegal=0
[PASS] seq=crv_seq_13                     cyc=86 op=OPC_RESERVED f3=001 f7=1011110 rd=15 rs1=1 rs2=2 -> instr=0xbc2097ff reg_write=0 illegal=1
[PASS] seq=crv_seq_13                     cyc=87 op=OPC_REG    f3=000 f7=0110110 rd=7 rs1=30 rs2=15 -> instr=0x6cff03b3 reg_write=0 illegal=1
[PASS] seq=crv_seq_13                     cyc=88 op=OPC_RESERVED f3=010 f7=0011001 rd=10 rs1=16 rs2=1 -> instr=0x3218257f reg_write=0 illegal=1
[PASS] seq=crv_seq_13                     cyc=89 op=OPC_LUI    f3=001 f7=1010110 rd=10 rs1=14 rs2=17 -> instr=0xad171537 reg_write=1 illegal=0
[PASS] seq=crv_seq_13                     cyc=90 op=OPC_JAL    f3=010 f7=1000100 rd=19 rs1=9 rs2=4 -> instr=0x8844a9ef reg_write=1 illegal=0
[PASS] seq=crv_seq_13                     cyc=91 op=OPC_RESERVED f3=001 f7=0100010 rd=4 rs1=27 rs2=20 -> instr=0x454d927f reg_write=0 illegal=1
[PASS] seq=crv_seq_13                     cyc=92 op=OPC_LOAD   f3=110 f7=1000100 rd=25 rs1=29 rs2=19 -> instr=0x893eec83 reg_write=1 illegal=0
[PASS] seq=crv_seq_13                     cyc=93 op=OPC_RESERVED f3=100 f7=0000000 rd=26 rs1=14 rs2=3 -> instr=0x00374d7f reg_write=0 illegal=1
[PASS] seq=crv_seq_13                     cyc=94 op=OPC_AUIPC  f3=001 f7=0010000 rd=18 rs1=25 rs2=3 -> instr=0x203c9917 reg_write=1 illegal=0
[PASS] seq=crv_seq_13                     cyc=95 op=OPC_SYSTEM f3=100 f7=1100010 rd=7 rs1=2 rs2=22 -> instr=0xc56143f3 reg_write=1 illegal=0
[PASS] seq=crv_seq_13                     cyc=96 op=OPC_JAL    f3=001 f7=1000011 rd=1 rs1=30 rs2=8 -> instr=0x868f10ef reg_write=1 illegal=0
[PASS] seq=crv_seq_13                     cyc=97 op=OPC_JALR   f3=111 f7=1011000 rd=6 rs1=5 rs2=4 -> instr=0xb042f367 reg_write=1 illegal=0
[PASS] seq=crv_seq_13                     cyc=98 op=OPC_RESERVED f3=011 f7=0000000 rd=5 rs1=20 rs2=1 -> instr=0x001a32ff reg_write=0 illegal=1
[PASS] seq=crv_seq_13                     cyc=99 op=OPC_CUSTOM0 f3=100 f7=1110011 rd=10 rs1=5 rs2=27 -> instr=0xe7b2c50b reg_write=0 illegal=0
[PASS] seq=crv_seq_13                     cyc=100 op=OPC_LOAD   f3=110 f7=1011100 rd=24 rs1=29 rs2=20 -> instr=0xb94eec03 reg_write=1 illegal=0
[PASS] seq=crv_seq_13                     cyc=101 op=OPC_SYSTEM f3=101 f7=0000001 rd=2 rs1=0 rs2=30 -> instr=0x03e05173 reg_write=1 illegal=0
[PASS] seq=crv_seq_13                     cyc=102 op=OPC_IMM    f3=010 f7=1001001 rd=18 rs1=24 rs2=1 -> instr=0x921c2913 reg_write=1 illegal=0
[PASS] seq=crv_seq_13                     cyc=103 op=OPC_IMM    f3=100 f7=1110001 rd=7 rs1=20 rs2=7 -> instr=0xe27a4393 reg_write=1 illegal=0
[PASS] seq=crv_seq_13                     cyc=104 op=OPC_CUSTOM0 f3=100 f7=0110001 rd=3 rs1=31 rs2=3 -> instr=0x623fc18b reg_write=0 illegal=0
[PASS] seq=crv_seq_13                     cyc=105 op=OPC_STORE  f3=100 f7=1010110 rd=2 rs1=19 rs2=5 -> instr=0xac59c123 reg_write=0 illegal=0
[PASS] seq=crv_seq_13                     cyc=106 op=OPC_STORE  f3=011 f7=0001110 rd=19 rs1=13 rs2=12 -> instr=0x1cc6b9a3 reg_write=0 illegal=0
[PASS] seq=crv_seq_13                     cyc=107 op=OPC_JAL    f3=110 f7=0000100 rd=4 rs1=20 rs2=23 -> instr=0x097a626f reg_write=1 illegal=0
[PASS] seq=crv_seq_13                     cyc=108 op=OPC_LUI    f3=100 f7=1000010 rd=1 rs1=0 rs2=8 -> instr=0x848040b7 reg_write=1 illegal=0
[PASS] seq=crv_seq_13                     cyc=109 op=OPC_LOAD   f3=011 f7=0111100 rd=17 rs1=27 rs2=24 -> instr=0x798db883 reg_write=1 illegal=0
[PASS] seq=crv_seq_13                     cyc=110 op=OPC_RESERVED f3=000 f7=0111000 rd=22 rs1=22 rs2=11 -> instr=0x70bb0b7f reg_write=0 illegal=1
[PASS] seq=crv_seq_13                     cyc=111 op=OPC_SYSTEM f3=000 f7=1111011 rd=6 rs1=7 rs2=10 -> instr=0xf6a38373 reg_write=0 illegal=0
[PASS] seq=crv_seq_13                     cyc=112 op=OPC_SYSTEM f3=000 f7=1011001 rd=19 rs1=13 rs2=24 -> instr=0xb38689f3 reg_write=0 illegal=0
[PASS] seq=crv_seq_13                     cyc=113 op=OPC_IMM    f3=100 f7=0111011 rd=4 rs1=5 rs2=7 -> instr=0x7672c213 reg_write=1 illegal=0
[PASS] seq=crv_seq_13                     cyc=114 op=OPC_CUSTOM0 f3=010 f7=1011110 rd=8 rs1=21 rs2=14 -> instr=0xbceaa40b reg_write=0 illegal=0
[PASS] seq=crv_seq_13                     cyc=115 op=OPC_BRANCH f3=010 f7=0000111 rd=5 rs1=1 rs2=13 -> instr=0x0ed0a2e3 reg_write=0 illegal=0
[PASS] seq=crv_seq_13                     cyc=116 op=OPC_SYSTEM f3=001 f7=0001010 rd=3 rs1=28 rs2=19 -> instr=0x153e11f3 reg_write=1 illegal=0
[PASS] seq=crv_seq_13                     cyc=117 op=OPC_RESERVED f3=111 f7=1111000 rd=2 rs1=15 rs2=29 -> instr=0xf1d7f17f reg_write=0 illegal=1
[PASS] seq=crv_seq_13                     cyc=118 op=OPC_REG    f3=010 f7=1111100 rd=31 rs1=8 rs2=24 -> instr=0xf9842fb3 reg_write=0 illegal=1
[PASS] seq=crv_seq_13                     cyc=119 op=OPC_REG    f3=100 f7=1110101 rd=14 rs1=2 rs2=15 -> instr=0xeaf14733 reg_write=0 illegal=1
[PASS] seq=crv_seq_13                     cyc=120 op=OPC_REG    f3=100 f7=0101000 rd=7 rs1=31 rs2=6 -> instr=0x506fc3b3 reg_write=0 illegal=1
[PASS] seq=crv_seq_13                     cyc=121 op=OPC_LUI    f3=100 f7=0001001 rd=22 rs1=1 rs2=16 -> instr=0x1300cb37 reg_write=1 illegal=0
[PASS] seq=crv_seq_13                     cyc=122 op=OPC_JAL    f3=101 f7=1101011 rd=26 rs1=17 rs2=12 -> instr=0xd6c8dd6f reg_write=1 illegal=0
[PASS] seq=crv_seq_13                     cyc=123 op=OPC_JAL    f3=110 f7=1010101 rd=14 rs1=28 rs2=25 -> instr=0xab9e676f reg_write=1 illegal=0
[PASS] seq=crv_seq_13                     cyc=124 op=OPC_BRANCH f3=010 f7=0100100 rd=2 rs1=31 rs2=11 -> instr=0x48bfa163 reg_write=0 illegal=0
[PASS] seq=crv_seq_13                     cyc=125 op=OPC_STORE  f3=011 f7=0111000 rd=5 rs1=7 rs2=3 -> instr=0x7033b2a3 reg_write=0 illegal=0
[PASS] seq=crv_seq_13                     cyc=126 op=OPC_RESERVED f3=000 f7=0110111 rd=31 rs1=17 rs2=13 -> instr=0x6ed88fff reg_write=0 illegal=1
[PASS] seq=crv_seq_13                     cyc=127 op=OPC_JAL    f3=100 f7=1101011 rd=3 rs1=21 rs2=5 -> instr=0xd65ac1ef reg_write=1 illegal=0
[PASS] seq=crv_seq_13                     cyc=128 op=OPC_LUI    f3=100 f7=1000010 rd=4 rs1=17 rs2=17 -> instr=0x8518c237 reg_write=1 illegal=0
[PASS] seq=crv_seq_13                     cyc=129 op=OPC_RESERVED f3=001 f7=0100100 rd=1 rs1=8 rs2=1 -> instr=0x481410ff reg_write=0 illegal=1
[PASS] seq=crv_seq_13                     cyc=130 op=OPC_LOAD   f3=101 f7=1000101 rd=21 rs1=5 rs2=23 -> instr=0x8b72da83 reg_write=1 illegal=0
[PASS] seq=crv_seq_13                     cyc=131 op=OPC_CUSTOM0 f3=010 f7=0011111 rd=4 rs1=3 rs2=9 -> instr=0x3e91a20b reg_write=0 illegal=0
[PASS] seq=crv_seq_13                     cyc=132 op=OPC_CUSTOM0 f3=111 f7=1100000 rd=24 rs1=24 rs2=1 -> instr=0xc01c7c0b reg_write=0 illegal=0
[PASS] seq=crv_seq_13                     cyc=133 op=OPC_LOAD   f3=011 f7=1111001 rd=12 rs1=18 rs2=12 -> instr=0xf2c93603 reg_write=1 illegal=0
[PASS] seq=crv_seq_13                     cyc=134 op=OPC_JAL    f3=011 f7=0101100 rd=6 rs1=0 rs2=14 -> instr=0x58e0336f reg_write=1 illegal=0
[PASS] seq=crv_seq_13                     cyc=135 op=OPC_SYSTEM f3=001 f7=1001010 rd=25 rs1=20 rs2=19 -> instr=0x953a1cf3 reg_write=1 illegal=0
[PASS] seq=crv_seq_13                     cyc=136 op=OPC_REG    f3=100 f7=0010000 rd=26 rs1=23 rs2=25 -> instr=0x219bcd33 reg_write=0 illegal=1
[PASS] seq=crv_seq_13                     cyc=137 op=OPC_AUIPC  f3=010 f7=0101100 rd=30 rs1=19 rs2=7 -> instr=0x5879af17 reg_write=1 illegal=0
[PASS] seq=crv_seq_13                     cyc=138 op=OPC_LUI    f3=011 f7=0001010 rd=18 rs1=29 rs2=22 -> instr=0x156eb937 reg_write=1 illegal=0
[PASS] seq=crv_seq_13                     cyc=139 op=OPC_STORE  f3=011 f7=1100000 rd=9 rs1=27 rs2=27 -> instr=0xc1bdb4a3 reg_write=0 illegal=0
[PASS] seq=crv_seq_13                     cyc=140 op=OPC_REG    f3=111 f7=0101011 rd=22 rs1=17 rs2=30 -> instr=0x57e8fb33 reg_write=0 illegal=1
[PASS] seq=crv_seq_13                     cyc=141 op=OPC_REG    f3=000 f7=1001000 rd=14 rs1=30 rs2=2 -> instr=0x902f0733 reg_write=0 illegal=1
[PASS] seq=crv_seq_13                     cyc=142 op=OPC_CUSTOM0 f3=101 f7=0001100 rd=23 rs1=1 rs2=9 -> instr=0x1890db8b reg_write=0 illegal=0
[PASS] seq=crv_seq_13                     cyc=143 op=OPC_JAL    f3=110 f7=1000010 rd=10 rs1=12 rs2=9 -> instr=0x8496656f reg_write=1 illegal=0
[PASS] seq=crv_seq_13                     cyc=144 op=OPC_RESERVED f3=110 f7=0001110 rd=15 rs1=25 rs2=22 -> instr=0x1d6ce7ff reg_write=0 illegal=1
[PASS] seq=crv_seq_13                     cyc=145 op=OPC_CUSTOM0 f3=011 f7=0011010 rd=28 rs1=24 rs2=15 -> instr=0x34fc3e0b reg_write=0 illegal=0
[PASS] seq=crv_seq_13                     cyc=146 op=OPC_STORE  f3=111 f7=1111010 rd=4 rs1=2 rs2=7 -> instr=0xf4717223 reg_write=0 illegal=0
[PASS] seq=crv_seq_13                     cyc=147 op=OPC_RESERVED f3=001 f7=0011110 rd=14 rs1=24 rs2=15 -> instr=0x3cfc177f reg_write=0 illegal=1
[PASS] seq=crv_seq_13                     cyc=148 op=OPC_SYSTEM f3=101 f7=1101011 rd=17 rs1=26 rs2=11 -> instr=0xd6bd58f3 reg_write=1 illegal=0
[PASS] seq=crv_seq_13                     cyc=149 op=OPC_AUIPC  f3=111 f7=1000110 rd=20 rs1=5 rs2=5 -> instr=0x8c52fa17 reg_write=1 illegal=0
[PASS] seq=crv_seq_13                     cyc=150 op=OPC_RESERVED f3=110 f7=1111001 rd=10 rs1=29 rs2=11 -> instr=0xf2bee57f reg_write=0 illegal=1
[PASS] seq=crv_seq_13                     cyc=151 op=OPC_JALR   f3=101 f7=0110001 rd=16 rs1=0 rs2=30 -> instr=0x63e05867 reg_write=1 illegal=0
[PASS] seq=crv_seq_13                     cyc=152 op=OPC_CUSTOM0 f3=101 f7=1011100 rd=5 rs1=3 rs2=24 -> instr=0xb981d28b reg_write=0 illegal=0
[PASS] seq=crv_seq_13                     cyc=153 op=OPC_JALR   f3=110 f7=0110100 rd=20 rs1=0 rs2=28 -> instr=0x69c06a67 reg_write=1 illegal=0
[PASS] seq=crv_seq_13                     cyc=154 op=OPC_SYSTEM f3=010 f7=1100010 rd=9 rs1=21 rs2=24 -> instr=0xc58aa4f3 reg_write=1 illegal=0
[PASS] seq=crv_seq_13                     cyc=155 op=OPC_BRANCH f3=000 f7=1110011 rd=12 rs1=15 rs2=27 -> instr=0xe7b78663 reg_write=0 illegal=0
[PASS] seq=crv_seq_13                     cyc=156 op=OPC_BRANCH f3=100 f7=0001011 rd=12 rs1=11 rs2=7 -> instr=0x1675c663 reg_write=0 illegal=0
[PASS] seq=crv_seq_13                     cyc=157 op=OPC_RESERVED f3=110 f7=1001010 rd=28 rs1=9 rs2=10 -> instr=0x94a4ee7f reg_write=0 illegal=1
[PASS] seq=crv_seq_13                     cyc=158 op=OPC_AUIPC  f3=101 f7=1000101 rd=27 rs1=10 rs2=12 -> instr=0x8ac55d97 reg_write=1 illegal=0
[PASS] seq=crv_seq_13                     cyc=159 op=OPC_IMM    f3=110 f7=1010010 rd=18 rs1=20 rs2=21 -> instr=0xa55a6913 reg_write=1 illegal=0
[PASS] seq=crv_seq_13                     cyc=160 op=OPC_RESERVED f3=010 f7=0111100 rd=10 rs1=13 rs2=5 -> instr=0x7856a57f reg_write=0 illegal=1
[PASS] seq=crv_seq_13                     cyc=161 op=OPC_LUI    f3=001 f7=1101110 rd=9 rs1=9 rs2=13 -> instr=0xdcd494b7 reg_write=1 illegal=0
[PASS] seq=crv_seq_13                     cyc=162 op=OPC_STORE  f3=111 f7=0111010 rd=8 rs1=14 rs2=28 -> instr=0x75c77423 reg_write=0 illegal=0
[PASS] seq=crv_seq_13                     cyc=163 op=OPC_CUSTOM0 f3=111 f7=0011000 rd=9 rs1=31 rs2=5 -> instr=0x305ff48b reg_write=0 illegal=0
[PASS] seq=crv_seq_13                     cyc=164 op=OPC_IMM    f3=001 f7=1101010 rd=8 rs1=4 rs2=29 -> instr=0xd5d21413 reg_write=1 illegal=0
[PASS] seq=crv_seq_13                     cyc=165 op=OPC_BRANCH f3=101 f7=0110010 rd=3 rs1=5 rs2=15 -> instr=0x64f2d1e3 reg_write=0 illegal=0
[PASS] seq=crv_seq_13                     cyc=166 op=OPC_SYSTEM f3=010 f7=1001000 rd=1 rs1=3 rs2=22 -> instr=0x9161a0f3 reg_write=1 illegal=0
[PASS] seq=crv_seq_13                     cyc=167 op=OPC_LUI    f3=101 f7=0101001 rd=25 rs1=23 rs2=4 -> instr=0x524bdcb7 reg_write=1 illegal=0
[PASS] seq=crv_seq_13                     cyc=168 op=OPC_SYSTEM f3=101 f7=1001001 rd=15 rs1=9 rs2=11 -> instr=0x92b4d7f3 reg_write=1 illegal=0
[PASS] seq=crv_seq_13                     cyc=169 op=OPC_LOAD   f3=101 f7=1101010 rd=18 rs1=16 rs2=15 -> instr=0xd4f85903 reg_write=1 illegal=0
[PASS] seq=crv_seq_13                     cyc=170 op=OPC_LUI    f3=001 f7=1001011 rd=25 rs1=1 rs2=11 -> instr=0x96b09cb7 reg_write=1 illegal=0
[PASS] seq=crv_seq_13                     cyc=171 op=OPC_BRANCH f3=010 f7=1010110 rd=26 rs1=28 rs2=26 -> instr=0xadae2d63 reg_write=0 illegal=0
[PASS] seq=crv_seq_13                     cyc=172 op=OPC_IMM    f3=100 f7=1100111 rd=31 rs1=8 rs2=13 -> instr=0xced44f93 reg_write=1 illegal=0
[PASS] seq=crv_seq_13                     cyc=173 op=OPC_CUSTOM0 f3=110 f7=1001001 rd=16 rs1=9 rs2=18 -> instr=0x9324e80b reg_write=0 illegal=0
[PASS] seq=crv_seq_13                     cyc=174 op=OPC_STORE  f3=110 f7=0101011 rd=30 rs1=13 rs2=16 -> instr=0x5706ef23 reg_write=0 illegal=0
[PASS] seq=crv_seq_13                     cyc=175 op=OPC_SYSTEM f3=010 f7=0111001 rd=8 rs1=24 rs2=22 -> instr=0x736c2473 reg_write=1 illegal=0
[PASS] seq=crv_seq_13                     cyc=176 op=OPC_STORE  f3=001 f7=1110010 rd=6 rs1=4 rs2=14 -> instr=0xe4e21323 reg_write=0 illegal=0
[PASS] seq=crv_seq_13                     cyc=177 op=OPC_REG    f3=110 f7=0001010 rd=23 rs1=5 rs2=24 -> instr=0x1582ebb3 reg_write=0 illegal=1
[PASS] seq=crv_seq_13                     cyc=178 op=OPC_LOAD   f3=001 f7=1111100 rd=17 rs1=22 rs2=7 -> instr=0xf87b1883 reg_write=1 illegal=0
[PASS] seq=crv_seq_13                     cyc=179 op=OPC_CUSTOM0 f3=001 f7=0111010 rd=3 rs1=29 rs2=9 -> instr=0x749e918b reg_write=0 illegal=0
[PASS] seq=crv_seq_13                     cyc=180 op=OPC_IMM    f3=110 f7=1011001 rd=7 rs1=25 rs2=21 -> instr=0xb35ce393 reg_write=1 illegal=0
[PASS] seq=crv_seq_13                     cyc=181 op=OPC_LOAD   f3=010 f7=1101010 rd=4 rs1=0 rs2=31 -> instr=0xd5f02203 reg_write=1 illegal=0
[PASS] seq=crv_seq_13                     cyc=182 op=OPC_AUIPC  f3=100 f7=0110101 rd=28 rs1=14 rs2=7 -> instr=0x6a774e17 reg_write=1 illegal=0
[PASS] seq=crv_seq_13                     cyc=183 op=OPC_CUSTOM0 f3=100 f7=1110001 rd=24 rs1=28 rs2=28 -> instr=0xe3ce4c0b reg_write=0 illegal=0
[PASS] seq=crv_seq_13                     cyc=184 op=OPC_LUI    f3=100 f7=0110011 rd=11 rs1=7 rs2=12 -> instr=0x66c3c5b7 reg_write=1 illegal=0
[PASS] seq=crv_seq_13                     cyc=185 op=OPC_JAL    f3=010 f7=0110111 rd=19 rs1=8 rs2=25 -> instr=0x6f9429ef reg_write=1 illegal=0
[PASS] seq=crv_seq_13                     cyc=186 op=OPC_REG    f3=111 f7=0001001 rd=11 rs1=18 rs2=3 -> instr=0x123975b3 reg_write=0 illegal=1
[PASS] seq=crv_seq_13                     cyc=187 op=OPC_JALR   f3=111 f7=0100100 rd=8 rs1=23 rs2=7 -> instr=0x487bf467 reg_write=1 illegal=0
[PASS] seq=crv_seq_13                     cyc=188 op=OPC_CUSTOM0 f3=100 f7=1011000 rd=21 rs1=13 rs2=21 -> instr=0xb156ca8b reg_write=0 illegal=0
[PASS] seq=crv_seq_13                     cyc=189 op=OPC_AUIPC  f3=000 f7=1000001 rd=20 rs1=31 rs2=24 -> instr=0x838f8a17 reg_write=1 illegal=0
[PASS] seq=crv_seq_13                     cyc=190 op=OPC_REG    f3=101 f7=1000101 rd=8 rs1=6 rs2=26 -> instr=0x8ba35433 reg_write=0 illegal=1
[PASS] seq=crv_seq_13                     cyc=191 op=OPC_JAL    f3=010 f7=0101001 rd=16 rs1=20 rs2=23 -> instr=0x537a286f reg_write=1 illegal=0
[PASS] seq=crv_seq_13                     cyc=192 op=OPC_AUIPC  f3=011 f7=0010000 rd=5 rs1=5 rs2=13 -> instr=0x20d2b297 reg_write=1 illegal=0
[PASS] seq=crv_seq_13                     cyc=193 op=OPC_JALR   f3=011 f7=0011101 rd=22 rs1=24 rs2=22 -> instr=0x3b6c3b67 reg_write=1 illegal=0
[PASS] seq=crv_seq_13                     cyc=194 op=OPC_STORE  f3=001 f7=0001011 rd=12 rs1=9 rs2=20 -> instr=0x17449623 reg_write=0 illegal=0
[PASS] seq=crv_seq_13                     cyc=195 op=OPC_STORE  f3=000 f7=1100110 rd=15 rs1=18 rs2=14 -> instr=0xcce907a3 reg_write=0 illegal=0
[PASS] seq=crv_seq_13                     cyc=196 op=OPC_LUI    f3=001 f7=0000101 rd=5 rs1=1 rs2=7 -> instr=0x0a7092b7 reg_write=1 illegal=0
[PASS] seq=crv_seq_13                     cyc=197 op=OPC_BRANCH f3=100 f7=1101110 rd=24 rs1=3 rs2=29 -> instr=0xddd1cc63 reg_write=0 illegal=0
[PASS] seq=crv_seq_13                     cyc=198 op=OPC_BRANCH f3=001 f7=1110001 rd=24 rs1=2 rs2=18 -> instr=0xe3211c63 reg_write=0 illegal=0
[PASS] seq=crv_seq_13                     cyc=199 op=OPC_LOAD   f3=010 f7=1111011 rd=10 rs1=19 rs2=10 -> instr=0xf6a9a503 reg_write=1 illegal=0
[PASS] seq=crv_seq_14                     cyc=0 op=OPC_BRANCH f3=110 f7=0010000 rd=27 rs1=29 rs2=7 -> instr=0x207eede3 reg_write=0 illegal=0
[PASS] seq=crv_seq_14                     cyc=1 op=OPC_SYSTEM f3=110 f7=1111111 rd=9 rs1=12 rs2=28 -> instr=0xffc664f3 reg_write=1 illegal=0
[PASS] seq=crv_seq_14                     cyc=2 op=OPC_JALR   f3=010 f7=1111000 rd=23 rs1=13 rs2=17 -> instr=0xf116abe7 reg_write=1 illegal=0
[PASS] seq=crv_seq_14                     cyc=3 op=OPC_JAL    f3=111 f7=0111001 rd=23 rs1=5 rs2=13 -> instr=0x72d2fbef reg_write=1 illegal=0
[PASS] seq=crv_seq_14                     cyc=4 op=OPC_RESERVED f3=110 f7=0000001 rd=29 rs1=22 rs2=8 -> instr=0x028b6eff reg_write=0 illegal=1
[PASS] seq=crv_seq_14                     cyc=5 op=OPC_JAL    f3=011 f7=1110111 rd=31 rs1=1 rs2=28 -> instr=0xefc0bfef reg_write=1 illegal=0
[PASS] seq=crv_seq_14                     cyc=6 op=OPC_SYSTEM f3=011 f7=0010100 rd=21 rs1=30 rs2=25 -> instr=0x299f3af3 reg_write=1 illegal=0
[PASS] seq=crv_seq_14                     cyc=7 op=OPC_IMM    f3=101 f7=0001100 rd=11 rs1=15 rs2=10 -> instr=0x18a7d593 reg_write=1 illegal=0
[PASS] seq=crv_seq_14                     cyc=8 op=OPC_LOAD   f3=011 f7=1100011 rd=17 rs1=27 rs2=23 -> instr=0xc77db883 reg_write=1 illegal=0
[PASS] seq=crv_seq_14                     cyc=9 op=OPC_JAL    f3=000 f7=1000001 rd=6 rs1=8 rs2=28 -> instr=0x83c4036f reg_write=1 illegal=0
[PASS] seq=crv_seq_14                     cyc=10 op=OPC_CUSTOM0 f3=001 f7=0110010 rd=10 rs1=28 rs2=23 -> instr=0x657e150b reg_write=0 illegal=0
[PASS] seq=crv_seq_14                     cyc=11 op=OPC_BRANCH f3=001 f7=1001011 rd=8 rs1=3 rs2=22 -> instr=0x97619463 reg_write=0 illegal=0
[PASS] seq=crv_seq_14                     cyc=12 op=OPC_BRANCH f3=001 f7=0011000 rd=24 rs1=30 rs2=4 -> instr=0x304f1c63 reg_write=0 illegal=0
[PASS] seq=crv_seq_14                     cyc=13 op=OPC_STORE  f3=011 f7=0000111 rd=5 rs1=7 rs2=17 -> instr=0x0f13b2a3 reg_write=0 illegal=0
[PASS] seq=crv_seq_14                     cyc=14 op=OPC_BRANCH f3=111 f7=1110011 rd=16 rs1=3 rs2=18 -> instr=0xe721f863 reg_write=0 illegal=0
[PASS] seq=crv_seq_14                     cyc=15 op=OPC_LUI    f3=111 f7=0101001 rd=10 rs1=7 rs2=24 -> instr=0x5383f537 reg_write=1 illegal=0
[PASS] seq=crv_seq_14                     cyc=16 op=OPC_CUSTOM0 f3=101 f7=1001101 rd=21 rs1=0 rs2=14 -> instr=0x9ae05a8b reg_write=0 illegal=0
[PASS] seq=crv_seq_14                     cyc=17 op=OPC_JALR   f3=011 f7=1111111 rd=27 rs1=4 rs2=6 -> instr=0xfe623de7 reg_write=1 illegal=0
[PASS] seq=crv_seq_14                     cyc=18 op=OPC_SYSTEM f3=111 f7=0110101 rd=7 rs1=8 rs2=14 -> instr=0x6ae473f3 reg_write=1 illegal=0
[PASS] seq=crv_seq_14                     cyc=19 op=OPC_REG    f3=101 f7=0100010 rd=1 rs1=31 rs2=12 -> instr=0x44cfd0b3 reg_write=0 illegal=1
[PASS] seq=crv_seq_14                     cyc=20 op=OPC_RESERVED f3=000 f7=0010111 rd=23 rs1=14 rs2=5 -> instr=0x2e570bff reg_write=0 illegal=1
[PASS] seq=crv_seq_14                     cyc=21 op=OPC_CUSTOM0 f3=010 f7=0010110 rd=10 rs1=23 rs2=19 -> instr=0x2d3ba50b reg_write=0 illegal=0
[PASS] seq=crv_seq_14                     cyc=22 op=OPC_BRANCH f3=010 f7=0011101 rd=21 rs1=26 rs2=11 -> instr=0x3abd2ae3 reg_write=0 illegal=0
[PASS] seq=crv_seq_14                     cyc=23 op=OPC_BRANCH f3=100 f7=0101001 rd=25 rs1=15 rs2=1 -> instr=0x5217cce3 reg_write=0 illegal=0
[PASS] seq=crv_seq_14                     cyc=24 op=OPC_JAL    f3=110 f7=1110011 rd=6 rs1=5 rs2=5 -> instr=0xe652e36f reg_write=1 illegal=0
[PASS] seq=crv_seq_14                     cyc=25 op=OPC_JAL    f3=000 f7=1001100 rd=7 rs1=6 rs2=6 -> instr=0x986303ef reg_write=1 illegal=0
[PASS] seq=crv_seq_14                     cyc=26 op=OPC_BRANCH f3=101 f7=1111000 rd=29 rs1=10 rs2=7 -> instr=0xf0755ee3 reg_write=0 illegal=0
[PASS] seq=crv_seq_14                     cyc=27 op=OPC_STORE  f3=110 f7=0101010 rd=24 rs1=6 rs2=12 -> instr=0x54c36c23 reg_write=0 illegal=0
[PASS] seq=crv_seq_14                     cyc=28 op=OPC_SYSTEM f3=000 f7=0001001 rd=29 rs1=28 rs2=24 -> instr=0x138e0ef3 reg_write=0 illegal=0
[PASS] seq=crv_seq_14                     cyc=29 op=OPC_REG    f3=110 f7=0111000 rd=18 rs1=29 rs2=8 -> instr=0x708ee933 reg_write=0 illegal=1
[PASS] seq=crv_seq_14                     cyc=30 op=OPC_BRANCH f3=110 f7=1110101 rd=30 rs1=14 rs2=28 -> instr=0xebc76f63 reg_write=0 illegal=0
[PASS] seq=crv_seq_14                     cyc=31 op=OPC_JALR   f3=110 f7=1111111 rd=15 rs1=18 rs2=19 -> instr=0xff3967e7 reg_write=1 illegal=0
[PASS] seq=crv_seq_14                     cyc=32 op=OPC_BRANCH f3=100 f7=0111100 rd=10 rs1=20 rs2=17 -> instr=0x791a4563 reg_write=0 illegal=0
[PASS] seq=crv_seq_14                     cyc=33 op=OPC_LUI    f3=111 f7=0001010 rd=18 rs1=28 rs2=29 -> instr=0x15de7937 reg_write=1 illegal=0
[PASS] seq=crv_seq_14                     cyc=34 op=OPC_REG    f3=111 f7=0101111 rd=10 rs1=24 rs2=21 -> instr=0x5f5c7533 reg_write=0 illegal=1
[PASS] seq=crv_seq_14                     cyc=35 op=OPC_JAL    f3=001 f7=1001001 rd=8 rs1=31 rs2=3 -> instr=0x923f946f reg_write=1 illegal=0
[PASS] seq=crv_seq_14                     cyc=36 op=OPC_IMM    f3=101 f7=0011111 rd=12 rs1=2 rs2=19 -> instr=0x3f315613 reg_write=1 illegal=0
[PASS] seq=crv_seq_14                     cyc=37 op=OPC_IMM    f3=111 f7=1010110 rd=4 rs1=17 rs2=25 -> instr=0xad98f213 reg_write=1 illegal=0
[PASS] seq=crv_seq_14                     cyc=38 op=OPC_IMM    f3=111 f7=1000101 rd=22 rs1=2 rs2=18 -> instr=0x8b217b13 reg_write=1 illegal=0
[PASS] seq=crv_seq_14                     cyc=39 op=OPC_BRANCH f3=101 f7=0010001 rd=25 rs1=3 rs2=1 -> instr=0x2211dce3 reg_write=0 illegal=0
[PASS] seq=crv_seq_14                     cyc=40 op=OPC_SYSTEM f3=111 f7=0000111 rd=10 rs1=12 rs2=2 -> instr=0x0e267573 reg_write=1 illegal=0
[PASS] seq=crv_seq_14                     cyc=41 op=OPC_CUSTOM0 f3=100 f7=1111001 rd=24 rs1=18 rs2=17 -> instr=0xf3194c0b reg_write=0 illegal=0
[PASS] seq=crv_seq_14                     cyc=42 op=OPC_LUI    f3=101 f7=0001010 rd=18 rs1=0 rs2=2 -> instr=0x14205937 reg_write=1 illegal=0
[PASS] seq=crv_seq_14                     cyc=43 op=OPC_AUIPC  f3=001 f7=1110111 rd=19 rs1=15 rs2=8 -> instr=0xee879997 reg_write=1 illegal=0
[PASS] seq=crv_seq_14                     cyc=44 op=OPC_IMM    f3=111 f7=1011111 rd=9 rs1=13 rs2=22 -> instr=0xbf66f493 reg_write=1 illegal=0
[PASS] seq=crv_seq_14                     cyc=45 op=OPC_RESERVED f3=010 f7=0110010 rd=24 rs1=8 rs2=4 -> instr=0x64442c7f reg_write=0 illegal=1
[PASS] seq=crv_seq_14                     cyc=46 op=OPC_LUI    f3=100 f7=0100111 rd=6 rs1=10 rs2=15 -> instr=0x4ef54337 reg_write=1 illegal=0
[PASS] seq=crv_seq_14                     cyc=47 op=OPC_CUSTOM0 f3=000 f7=1010100 rd=22 rs1=14 rs2=23 -> instr=0xa9770b0b reg_write=0 illegal=0
[PASS] seq=crv_seq_14                     cyc=48 op=OPC_AUIPC  f3=010 f7=0110100 rd=24 rs1=16 rs2=1 -> instr=0x68182c17 reg_write=1 illegal=0
[PASS] seq=crv_seq_14                     cyc=49 op=OPC_JALR   f3=101 f7=1000110 rd=13 rs1=19 rs2=29 -> instr=0x8dd9d6e7 reg_write=1 illegal=0
[PASS] seq=crv_seq_14                     cyc=50 op=OPC_JAL    f3=110 f7=0010101 rd=24 rs1=5 rs2=17 -> instr=0x2b12ec6f reg_write=1 illegal=0
[PASS] seq=crv_seq_14                     cyc=51 op=OPC_IMM    f3=001 f7=0111001 rd=17 rs1=14 rs2=18 -> instr=0x73271893 reg_write=1 illegal=0
[PASS] seq=crv_seq_14                     cyc=52 op=OPC_IMM    f3=000 f7=1000001 rd=4 rs1=9 rs2=28 -> instr=0x83c48213 reg_write=1 illegal=0
[PASS] seq=crv_seq_14                     cyc=53 op=OPC_RESERVED f3=010 f7=0010010 rd=25 rs1=9 rs2=14 -> instr=0x24e4acff reg_write=0 illegal=1
[PASS] seq=crv_seq_14                     cyc=54 op=OPC_STORE  f3=011 f7=0100000 rd=17 rs1=6 rs2=9 -> instr=0x409338a3 reg_write=0 illegal=0
[PASS] seq=crv_seq_14                     cyc=55 op=OPC_CUSTOM0 f3=101 f7=0011110 rd=30 rs1=15 rs2=9 -> instr=0x3c97df0b reg_write=0 illegal=0
[PASS] seq=crv_seq_14                     cyc=56 op=OPC_CUSTOM0 f3=111 f7=1001100 rd=12 rs1=12 rs2=6 -> instr=0x9866760b reg_write=0 illegal=0
[PASS] seq=crv_seq_14                     cyc=57 op=OPC_REG    f3=010 f7=1110101 rd=12 rs1=11 rs2=24 -> instr=0xeb85a633 reg_write=0 illegal=1
[PASS] seq=crv_seq_14                     cyc=58 op=OPC_AUIPC  f3=100 f7=1111000 rd=27 rs1=9 rs2=28 -> instr=0xf1c4cd97 reg_write=1 illegal=0
[PASS] seq=crv_seq_14                     cyc=59 op=OPC_REG    f3=100 f7=1110100 rd=15 rs1=28 rs2=1 -> instr=0xe81e47b3 reg_write=0 illegal=1
[PASS] seq=crv_seq_14                     cyc=60 op=OPC_JALR   f3=110 f7=1111011 rd=9 rs1=22 rs2=24 -> instr=0xf78b64e7 reg_write=1 illegal=0
[PASS] seq=crv_seq_14                     cyc=61 op=OPC_SYSTEM f3=110 f7=0100000 rd=13 rs1=3 rs2=16 -> instr=0x4101e6f3 reg_write=1 illegal=0
[PASS] seq=crv_seq_14                     cyc=62 op=OPC_CUSTOM0 f3=001 f7=0100110 rd=30 rs1=8 rs2=18 -> instr=0x4d241f0b reg_write=0 illegal=0
[PASS] seq=crv_seq_14                     cyc=63 op=OPC_STORE  f3=100 f7=0110110 rd=25 rs1=7 rs2=24 -> instr=0x6d83cca3 reg_write=0 illegal=0
[PASS] seq=crv_seq_14                     cyc=64 op=OPC_JAL    f3=001 f7=1001101 rd=17 rs1=6 rs2=22 -> instr=0x9b6318ef reg_write=1 illegal=0
[PASS] seq=crv_seq_14                     cyc=65 op=OPC_JALR   f3=111 f7=0100010 rd=10 rs1=23 rs2=4 -> instr=0x444bf567 reg_write=1 illegal=0
[PASS] seq=crv_seq_14                     cyc=66 op=OPC_LUI    f3=000 f7=0010011 rd=10 rs1=9 rs2=30 -> instr=0x27e48537 reg_write=1 illegal=0
[PASS] seq=crv_seq_14                     cyc=67 op=OPC_LUI    f3=100 f7=0101111 rd=30 rs1=15 rs2=7 -> instr=0x5e77cf37 reg_write=1 illegal=0
[PASS] seq=crv_seq_14                     cyc=68 op=OPC_BRANCH f3=000 f7=0011111 rd=8 rs1=2 rs2=11 -> instr=0x3eb10463 reg_write=0 illegal=0
[PASS] seq=crv_seq_14                     cyc=69 op=OPC_BRANCH f3=101 f7=1101001 rd=30 rs1=17 rs2=23 -> instr=0xd378df63 reg_write=0 illegal=0
[PASS] seq=crv_seq_14                     cyc=70 op=OPC_AUIPC  f3=101 f7=0110011 rd=20 rs1=7 rs2=11 -> instr=0x66b3da17 reg_write=1 illegal=0
[PASS] seq=crv_seq_14                     cyc=71 op=OPC_SYSTEM f3=000 f7=0011011 rd=9 rs1=21 rs2=18 -> instr=0x372a84f3 reg_write=0 illegal=0
[PASS] seq=crv_seq_14                     cyc=72 op=OPC_REG    f3=111 f7=0101000 rd=21 rs1=27 rs2=12 -> instr=0x50cdfab3 reg_write=0 illegal=1
[PASS] seq=crv_seq_14                     cyc=73 op=OPC_STORE  f3=001 f7=0011001 rd=16 rs1=5 rs2=13 -> instr=0x32d29823 reg_write=0 illegal=0
[PASS] seq=crv_seq_14                     cyc=74 op=OPC_JAL    f3=100 f7=0001100 rd=29 rs1=26 rs2=12 -> instr=0x18cd4eef reg_write=1 illegal=0
[PASS] seq=crv_seq_14                     cyc=75 op=OPC_SYSTEM f3=100 f7=0111100 rd=0 rs1=4 rs2=31 -> instr=0x79f24073 reg_write=1 illegal=0
[PASS] seq=crv_seq_14                     cyc=76 op=OPC_STORE  f3=001 f7=0010110 rd=22 rs1=31 rs2=21 -> instr=0x2d5f9b23 reg_write=0 illegal=0
[PASS] seq=crv_seq_14                     cyc=77 op=OPC_JAL    f3=000 f7=1111110 rd=22 rs1=18 rs2=12 -> instr=0xfcc90b6f reg_write=1 illegal=0
[PASS] seq=crv_seq_14                     cyc=78 op=OPC_CUSTOM0 f3=110 f7=0110011 rd=14 rs1=17 rs2=22 -> instr=0x6768e70b reg_write=0 illegal=0
[PASS] seq=crv_seq_14                     cyc=79 op=OPC_SYSTEM f3=101 f7=1000100 rd=16 rs1=29 rs2=20 -> instr=0x894ed873 reg_write=1 illegal=0
[PASS] seq=crv_seq_14                     cyc=80 op=OPC_LUI    f3=000 f7=1111101 rd=21 rs1=14 rs2=27 -> instr=0xfbb70ab7 reg_write=1 illegal=0
[PASS] seq=crv_seq_14                     cyc=81 op=OPC_JALR   f3=110 f7=1001001 rd=12 rs1=22 rs2=29 -> instr=0x93db6667 reg_write=1 illegal=0
[PASS] seq=crv_seq_14                     cyc=82 op=OPC_BRANCH f3=001 f7=0010000 rd=16 rs1=26 rs2=14 -> instr=0x20ed1863 reg_write=0 illegal=0
[PASS] seq=crv_seq_14                     cyc=83 op=OPC_SYSTEM f3=001 f7=0111010 rd=25 rs1=4 rs2=29 -> instr=0x75d21cf3 reg_write=1 illegal=0
[PASS] seq=crv_seq_14                     cyc=84 op=OPC_RESERVED f3=000 f7=0100001 rd=20 rs1=14 rs2=6 -> instr=0x42670a7f reg_write=0 illegal=1
[PASS] seq=crv_seq_14                     cyc=85 op=OPC_JAL    f3=001 f7=0010101 rd=20 rs1=6 rs2=22 -> instr=0x2b631a6f reg_write=1 illegal=0
[PASS] seq=crv_seq_14                     cyc=86 op=OPC_LUI    f3=110 f7=0010000 rd=14 rs1=7 rs2=20 -> instr=0x2143e737 reg_write=1 illegal=0
[PASS] seq=crv_seq_14                     cyc=87 op=OPC_REG    f3=000 f7=0010100 rd=27 rs1=14 rs2=9 -> instr=0x28970db3 reg_write=0 illegal=1
[PASS] seq=crv_seq_14                     cyc=88 op=OPC_LUI    f3=000 f7=0000010 rd=26 rs1=11 rs2=24 -> instr=0x05858d37 reg_write=1 illegal=0
[PASS] seq=crv_seq_14                     cyc=89 op=OPC_REG    f3=001 f7=1101100 rd=10 rs1=3 rs2=31 -> instr=0xd9f19533 reg_write=0 illegal=1
[PASS] seq=crv_seq_14                     cyc=90 op=OPC_JAL    f3=110 f7=1110010 rd=2 rs1=19 rs2=1 -> instr=0xe419e16f reg_write=1 illegal=0
[PASS] seq=crv_seq_14                     cyc=91 op=OPC_LUI    f3=001 f7=0100110 rd=26 rs1=31 rs2=19 -> instr=0x4d3f9d37 reg_write=1 illegal=0
[PASS] seq=crv_seq_14                     cyc=92 op=OPC_SYSTEM f3=110 f7=1001011 rd=30 rs1=1 rs2=10 -> instr=0x96a0ef73 reg_write=1 illegal=0
[PASS] seq=crv_seq_14                     cyc=93 op=OPC_SYSTEM f3=101 f7=1000000 rd=1 rs1=3 rs2=3 -> instr=0x8031d0f3 reg_write=1 illegal=0
[PASS] seq=crv_seq_14                     cyc=94 op=OPC_AUIPC  f3=111 f7=1101010 rd=29 rs1=13 rs2=22 -> instr=0xd566fe97 reg_write=1 illegal=0
[PASS] seq=crv_seq_14                     cyc=95 op=OPC_LOAD   f3=111 f7=0011010 rd=23 rs1=29 rs2=26 -> instr=0x35aefb83 reg_write=1 illegal=0
[PASS] seq=crv_seq_14                     cyc=96 op=OPC_CUSTOM0 f3=011 f7=0100011 rd=19 rs1=8 rs2=16 -> instr=0x4704398b reg_write=0 illegal=0
[PASS] seq=crv_seq_14                     cyc=97 op=OPC_JALR   f3=001 f7=1010100 rd=24 rs1=8 rs2=24 -> instr=0xa9841c67 reg_write=1 illegal=0
[PASS] seq=crv_seq_14                     cyc=98 op=OPC_RESERVED f3=001 f7=0111010 rd=22 rs1=28 rs2=22 -> instr=0x756e1b7f reg_write=0 illegal=1
[PASS] seq=crv_seq_14                     cyc=99 op=OPC_SYSTEM f3=000 f7=1111110 rd=28 rs1=24 rs2=9 -> instr=0xfc9c0e73 reg_write=0 illegal=0
[PASS] seq=crv_seq_14                     cyc=100 op=OPC_SYSTEM f3=101 f7=1111010 rd=4 rs1=20 rs2=12 -> instr=0xf4ca5273 reg_write=1 illegal=0
[PASS] seq=crv_seq_14                     cyc=101 op=OPC_LOAD   f3=100 f7=1010100 rd=7 rs1=0 rs2=16 -> instr=0xa9004383 reg_write=1 illegal=0
[PASS] seq=crv_seq_14                     cyc=102 op=OPC_LUI    f3=000 f7=0000111 rd=28 rs1=21 rs2=27 -> instr=0x0fba8e37 reg_write=1 illegal=0
[PASS] seq=crv_seq_14                     cyc=103 op=OPC_JALR   f3=000 f7=1000001 rd=16 rs1=19 rs2=12 -> instr=0x82c98867 reg_write=1 illegal=0
[PASS] seq=crv_seq_14                     cyc=104 op=OPC_SYSTEM f3=010 f7=0011011 rd=1 rs1=5 rs2=14 -> instr=0x36e2a0f3 reg_write=1 illegal=0
[PASS] seq=crv_seq_14                     cyc=105 op=OPC_AUIPC  f3=110 f7=1101111 rd=26 rs1=29 rs2=28 -> instr=0xdfceed17 reg_write=1 illegal=0
[PASS] seq=crv_seq_14                     cyc=106 op=OPC_JAL    f3=010 f7=0101100 rd=4 rs1=6 rs2=3 -> instr=0x5833226f reg_write=1 illegal=0
[PASS] seq=crv_seq_14                     cyc=107 op=OPC_SYSTEM f3=111 f7=1011010 rd=16 rs1=4 rs2=31 -> instr=0xb5f27873 reg_write=1 illegal=0
[PASS] seq=crv_seq_14                     cyc=108 op=OPC_CUSTOM0 f3=111 f7=1011100 rd=19 rs1=16 rs2=10 -> instr=0xb8a8798b reg_write=0 illegal=0
[PASS] seq=crv_seq_14                     cyc=109 op=OPC_AUIPC  f3=101 f7=0111000 rd=5 rs1=16 rs2=29 -> instr=0x71d85297 reg_write=1 illegal=0
[PASS] seq=crv_seq_14                     cyc=110 op=OPC_LOAD   f3=100 f7=0111000 rd=21 rs1=11 rs2=1 -> instr=0x7015ca83 reg_write=1 illegal=0
[PASS] seq=crv_seq_14                     cyc=111 op=OPC_JAL    f3=111 f7=0001010 rd=0 rs1=30 rs2=17 -> instr=0x151f706f reg_write=1 illegal=0
[PASS] seq=crv_seq_14                     cyc=112 op=OPC_BRANCH f3=010 f7=0111001 rd=10 rs1=21 rs2=2 -> instr=0x722aa563 reg_write=0 illegal=0
[PASS] seq=crv_seq_14                     cyc=113 op=OPC_BRANCH f3=101 f7=0011011 rd=9 rs1=7 rs2=24 -> instr=0x3783d4e3 reg_write=0 illegal=0
[PASS] seq=crv_seq_14                     cyc=114 op=OPC_SYSTEM f3=010 f7=1000011 rd=2 rs1=5 rs2=23 -> instr=0x8772a173 reg_write=1 illegal=0
[PASS] seq=crv_seq_14                     cyc=115 op=OPC_REG    f3=001 f7=1000000 rd=18 rs1=13 rs2=23 -> instr=0x81769933 reg_write=0 illegal=1
[PASS] seq=crv_seq_14                     cyc=116 op=OPC_REG    f3=111 f7=0011101 rd=31 rs1=6 rs2=4 -> instr=0x3a437fb3 reg_write=0 illegal=1
[PASS] seq=crv_seq_14                     cyc=117 op=OPC_AUIPC  f3=111 f7=0001110 rd=24 rs1=14 rs2=9 -> instr=0x1c977c17 reg_write=1 illegal=0
[PASS] seq=crv_seq_14                     cyc=118 op=OPC_JALR   f3=011 f7=0011010 rd=3 rs1=10 rs2=10 -> instr=0x34a531e7 reg_write=1 illegal=0
[PASS] seq=crv_seq_14                     cyc=119 op=OPC_JALR   f3=100 f7=1101111 rd=30 rs1=25 rs2=24 -> instr=0xdf8ccf67 reg_write=1 illegal=0
[PASS] seq=crv_seq_14                     cyc=120 op=OPC_AUIPC  f3=011 f7=1011000 rd=4 rs1=22 rs2=16 -> instr=0xb10b3217 reg_write=1 illegal=0
[PASS] seq=crv_seq_14                     cyc=121 op=OPC_LUI    f3=010 f7=0000110 rd=6 rs1=3 rs2=7 -> instr=0x0c71a337 reg_write=1 illegal=0
[PASS] seq=crv_seq_14                     cyc=122 op=OPC_REG    f3=100 f7=0011011 rd=4 rs1=1 rs2=12 -> instr=0x36c0c233 reg_write=0 illegal=1
[PASS] seq=crv_seq_14                     cyc=123 op=OPC_LOAD   f3=010 f7=1010110 rd=17 rs1=21 rs2=8 -> instr=0xac8aa883 reg_write=1 illegal=0
[PASS] seq=crv_seq_14                     cyc=124 op=OPC_RESERVED f3=011 f7=0110000 rd=3 rs1=20 rs2=7 -> instr=0x607a31ff reg_write=0 illegal=1
[PASS] seq=crv_seq_14                     cyc=125 op=OPC_REG    f3=000 f7=0010101 rd=0 rs1=29 rs2=22 -> instr=0x2b6e8033 reg_write=0 illegal=1
[PASS] seq=crv_seq_14                     cyc=126 op=OPC_IMM    f3=010 f7=1100001 rd=30 rs1=17 rs2=23 -> instr=0xc378af13 reg_write=1 illegal=0
[PASS] seq=crv_seq_14                     cyc=127 op=OPC_SYSTEM f3=100 f7=0000001 rd=13 rs1=17 rs2=22 -> instr=0x0368c6f3 reg_write=1 illegal=0
[PASS] seq=crv_seq_14                     cyc=128 op=OPC_JALR   f3=111 f7=1011100 rd=26 rs1=16 rs2=17 -> instr=0xb9187d67 reg_write=1 illegal=0
[PASS] seq=crv_seq_14                     cyc=129 op=OPC_SYSTEM f3=110 f7=0000100 rd=18 rs1=12 rs2=25 -> instr=0x09966973 reg_write=1 illegal=0
[PASS] seq=crv_seq_14                     cyc=130 op=OPC_JAL    f3=101 f7=1110001 rd=27 rs1=0 rs2=11 -> instr=0xe2b05def reg_write=1 illegal=0
[PASS] seq=crv_seq_14                     cyc=131 op=OPC_REG    f3=001 f7=0101010 rd=16 rs1=15 rs2=26 -> instr=0x55a79833 reg_write=0 illegal=1
[PASS] seq=crv_seq_14                     cyc=132 op=OPC_LOAD   f3=011 f7=0000011 rd=17 rs1=2 rs2=14 -> instr=0x06e13883 reg_write=1 illegal=0
[PASS] seq=crv_seq_14                     cyc=133 op=OPC_JALR   f3=100 f7=0111101 rd=29 rs1=23 rs2=15 -> instr=0x7afbcee7 reg_write=1 illegal=0
[PASS] seq=crv_seq_14                     cyc=134 op=OPC_REG    f3=110 f7=1000110 rd=2 rs1=26 rs2=6 -> instr=0x8c6d6133 reg_write=0 illegal=1
[PASS] seq=crv_seq_14                     cyc=135 op=OPC_BRANCH f3=000 f7=0110110 rd=24 rs1=0 rs2=1 -> instr=0x6c100c63 reg_write=0 illegal=0
[PASS] seq=crv_seq_14                     cyc=136 op=OPC_BRANCH f3=110 f7=1101010 rd=23 rs1=4 rs2=9 -> instr=0xd4926be3 reg_write=0 illegal=0
[PASS] seq=crv_seq_14                     cyc=137 op=OPC_REG    f3=100 f7=1000111 rd=30 rs1=9 rs2=27 -> instr=0x8fb4cf33 reg_write=0 illegal=1
[PASS] seq=crv_seq_14                     cyc=138 op=OPC_JALR   f3=001 f7=1101010 rd=4 rs1=31 rs2=0 -> instr=0xd40f9267 reg_write=1 illegal=0
[PASS] seq=crv_seq_14                     cyc=139 op=OPC_BRANCH f3=000 f7=1101111 rd=25 rs1=8 rs2=3 -> instr=0xde340ce3 reg_write=0 illegal=0
[PASS] seq=crv_seq_14                     cyc=140 op=OPC_JALR   f3=110 f7=1010110 rd=14 rs1=26 rs2=22 -> instr=0xad6d6767 reg_write=1 illegal=0
[PASS] seq=crv_seq_14                     cyc=141 op=OPC_CUSTOM0 f3=100 f7=1010010 rd=13 rs1=1 rs2=14 -> instr=0xa4e0c68b reg_write=0 illegal=0
[PASS] seq=crv_seq_14                     cyc=142 op=OPC_STORE  f3=000 f7=0010010 rd=22 rs1=4 rs2=5 -> instr=0x24520b23 reg_write=0 illegal=0
[PASS] seq=crv_seq_14                     cyc=143 op=OPC_JAL    f3=000 f7=1111111 rd=27 rs1=3 rs2=24 -> instr=0xff818def reg_write=1 illegal=0
[PASS] seq=crv_seq_14                     cyc=144 op=OPC_JAL    f3=010 f7=0101010 rd=21 rs1=20 rs2=18 -> instr=0x552a2aef reg_write=1 illegal=0
[PASS] seq=crv_seq_14                     cyc=145 op=OPC_JALR   f3=100 f7=0100010 rd=30 rs1=14 rs2=15 -> instr=0x44f74f67 reg_write=1 illegal=0
[PASS] seq=crv_seq_14                     cyc=146 op=OPC_JALR   f3=000 f7=1101011 rd=13 rs1=3 rs2=26 -> instr=0xd7a186e7 reg_write=1 illegal=0
[PASS] seq=crv_seq_14                     cyc=147 op=OPC_BRANCH f3=111 f7=1001001 rd=4 rs1=21 rs2=18 -> instr=0x932af263 reg_write=0 illegal=0
[PASS] seq=crv_seq_14                     cyc=148 op=OPC_JALR   f3=001 f7=0001111 rd=12 rs1=10 rs2=8 -> instr=0x1e851667 reg_write=1 illegal=0
[PASS] seq=crv_seq_14                     cyc=149 op=OPC_LOAD   f3=101 f7=0110111 rd=23 rs1=29 rs2=9 -> instr=0x6e9edb83 reg_write=1 illegal=0
[PASS] seq=crv_seq_14                     cyc=150 op=OPC_CUSTOM0 f3=000 f7=0100101 rd=31 rs1=28 rs2=3 -> instr=0x4a3e0f8b reg_write=0 illegal=0
[PASS] seq=crv_seq_14                     cyc=151 op=OPC_JAL    f3=011 f7=0101010 rd=24 rs1=4 rs2=20 -> instr=0x55423c6f reg_write=1 illegal=0
[PASS] seq=crv_seq_14                     cyc=152 op=OPC_CUSTOM0 f3=110 f7=0100011 rd=10 rs1=30 rs2=7 -> instr=0x467f650b reg_write=0 illegal=0
[PASS] seq=crv_seq_14                     cyc=153 op=OPC_IMM    f3=001 f7=1010001 rd=1 rs1=9 rs2=28 -> instr=0xa3c49093 reg_write=1 illegal=0
[PASS] seq=crv_seq_14                     cyc=154 op=OPC_CUSTOM0 f3=001 f7=1010110 rd=25 rs1=31 rs2=19 -> instr=0xad3f9c8b reg_write=0 illegal=0
[PASS] seq=crv_seq_14                     cyc=155 op=OPC_SYSTEM f3=000 f7=1001111 rd=27 rs1=30 rs2=29 -> instr=0x9fdf0df3 reg_write=0 illegal=0
[PASS] seq=crv_seq_14                     cyc=156 op=OPC_AUIPC  f3=110 f7=0101001 rd=13 rs1=17 rs2=16 -> instr=0x5308e697 reg_write=1 illegal=0
[PASS] seq=crv_seq_14                     cyc=157 op=OPC_SYSTEM f3=110 f7=0111110 rd=28 rs1=27 rs2=23 -> instr=0x7d7dee73 reg_write=1 illegal=0
[PASS] seq=crv_seq_14                     cyc=158 op=OPC_BRANCH f3=011 f7=0101000 rd=15 rs1=19 rs2=7 -> instr=0x5079b7e3 reg_write=0 illegal=0
[PASS] seq=crv_seq_14                     cyc=159 op=OPC_JAL    f3=001 f7=1010001 rd=13 rs1=29 rs2=24 -> instr=0xa38e96ef reg_write=1 illegal=0
[PASS] seq=crv_seq_14                     cyc=160 op=OPC_SYSTEM f3=101 f7=0111101 rd=17 rs1=16 rs2=28 -> instr=0x7bc858f3 reg_write=1 illegal=0
[PASS] seq=crv_seq_14                     cyc=161 op=OPC_AUIPC  f3=101 f7=1000111 rd=8 rs1=30 rs2=0 -> instr=0x8e0f5417 reg_write=1 illegal=0
[PASS] seq=crv_seq_14                     cyc=162 op=OPC_LOAD   f3=001 f7=1010000 rd=17 rs1=21 rs2=26 -> instr=0xa1aa9883 reg_write=1 illegal=0
[PASS] seq=crv_seq_14                     cyc=163 op=OPC_LUI    f3=111 f7=1110011 rd=4 rs1=27 rs2=16 -> instr=0xe70df237 reg_write=1 illegal=0
[PASS] seq=crv_seq_14                     cyc=164 op=OPC_REG    f3=100 f7=1110111 rd=9 rs1=12 rs2=3 -> instr=0xee3644b3 reg_write=0 illegal=1
[PASS] seq=crv_seq_14                     cyc=165 op=OPC_BRANCH f3=000 f7=0111000 rd=30 rs1=27 rs2=20 -> instr=0x714d8f63 reg_write=0 illegal=0
[PASS] seq=crv_seq_14                     cyc=166 op=OPC_IMM    f3=000 f7=0110011 rd=23 rs1=0 rs2=21 -> instr=0x67500b93 reg_write=1 illegal=0
[PASS] seq=crv_seq_14                     cyc=167 op=OPC_REG    f3=101 f7=0010001 rd=2 rs1=1 rs2=21 -> instr=0x2350d133 reg_write=0 illegal=1
[PASS] seq=crv_seq_14                     cyc=168 op=OPC_SYSTEM f3=100 f7=0110111 rd=9 rs1=18 rs2=16 -> instr=0x6f0944f3 reg_write=1 illegal=0
[PASS] seq=crv_seq_14                     cyc=169 op=OPC_SYSTEM f3=100 f7=0010011 rd=9 rs1=10 rs2=30 -> instr=0x27e544f3 reg_write=1 illegal=0
[PASS] seq=crv_seq_14                     cyc=170 op=OPC_LUI    f3=111 f7=1100110 rd=14 rs1=27 rs2=8 -> instr=0xcc8df737 reg_write=1 illegal=0
[PASS] seq=crv_seq_14                     cyc=171 op=OPC_IMM    f3=010 f7=1110100 rd=16 rs1=4 rs2=4 -> instr=0xe8422813 reg_write=1 illegal=0
[PASS] seq=crv_seq_14                     cyc=172 op=OPC_JAL    f3=100 f7=1001011 rd=10 rs1=28 rs2=30 -> instr=0x97ee456f reg_write=1 illegal=0
[PASS] seq=crv_seq_14                     cyc=173 op=OPC_BRANCH f3=100 f7=0101111 rd=0 rs1=26 rs2=26 -> instr=0x5fad4063 reg_write=0 illegal=0
[PASS] seq=crv_seq_14                     cyc=174 op=OPC_RESERVED f3=111 f7=0000001 rd=18 rs1=4 rs2=19 -> instr=0x0332797f reg_write=0 illegal=1
[PASS] seq=crv_seq_14                     cyc=175 op=OPC_LUI    f3=001 f7=0111101 rd=30 rs1=29 rs2=30 -> instr=0x7bee9f37 reg_write=1 illegal=0
[PASS] seq=crv_seq_14                     cyc=176 op=OPC_BRANCH f3=111 f7=1111011 rd=27 rs1=15 rs2=1 -> instr=0xf617fde3 reg_write=0 illegal=0
[PASS] seq=crv_seq_14                     cyc=177 op=OPC_AUIPC  f3=101 f7=0010001 rd=20 rs1=19 rs2=13 -> instr=0x22d9da17 reg_write=1 illegal=0
[PASS] seq=crv_seq_14                     cyc=178 op=OPC_JAL    f3=001 f7=0011110 rd=31 rs1=14 rs2=10 -> instr=0x3ca71fef reg_write=1 illegal=0
[PASS] seq=crv_seq_14                     cyc=179 op=OPC_CUSTOM0 f3=111 f7=0101010 rd=22 rs1=25 rs2=22 -> instr=0x556cfb0b reg_write=0 illegal=0
[PASS] seq=crv_seq_14                     cyc=180 op=OPC_CUSTOM0 f3=101 f7=1111110 rd=30 rs1=21 rs2=6 -> instr=0xfc6adf0b reg_write=0 illegal=0
[PASS] seq=crv_seq_14                     cyc=181 op=OPC_JAL    f3=110 f7=1100111 rd=13 rs1=18 rs2=21 -> instr=0xcf5966ef reg_write=1 illegal=0
[PASS] seq=crv_seq_14                     cyc=182 op=OPC_JAL    f3=011 f7=1101000 rd=8 rs1=3 rs2=13 -> instr=0xd0d1b46f reg_write=1 illegal=0
[PASS] seq=crv_seq_14                     cyc=183 op=OPC_JAL    f3=000 f7=1001000 rd=8 rs1=17 rs2=23 -> instr=0x9178846f reg_write=1 illegal=0
[PASS] seq=crv_seq_14                     cyc=184 op=OPC_STORE  f3=001 f7=0111011 rd=9 rs1=13 rs2=21 -> instr=0x775694a3 reg_write=0 illegal=0
[PASS] seq=crv_seq_14                     cyc=185 op=OPC_LOAD   f3=010 f7=1001100 rd=24 rs1=26 rs2=23 -> instr=0x997d2c03 reg_write=1 illegal=0
[PASS] seq=crv_seq_14                     cyc=186 op=OPC_IMM    f3=111 f7=0000011 rd=21 rs1=10 rs2=2 -> instr=0x06257a93 reg_write=1 illegal=0
[PASS] seq=crv_seq_14                     cyc=187 op=OPC_JALR   f3=001 f7=1101011 rd=29 rs1=21 rs2=7 -> instr=0xd67a9ee7 reg_write=1 illegal=0
[PASS] seq=crv_seq_14                     cyc=188 op=OPC_STORE  f3=110 f7=1100111 rd=20 rs1=16 rs2=30 -> instr=0xcfe86a23 reg_write=0 illegal=0
[PASS] seq=crv_seq_14                     cyc=189 op=OPC_JALR   f3=111 f7=0101101 rd=10 rs1=24 rs2=18 -> instr=0x5b2c7567 reg_write=1 illegal=0
[PASS] seq=crv_seq_14                     cyc=190 op=OPC_REG    f3=010 f7=1001111 rd=19 rs1=25 rs2=25 -> instr=0x9f9ca9b3 reg_write=0 illegal=1
[PASS] seq=crv_seq_14                     cyc=191 op=OPC_CUSTOM0 f3=101 f7=1100101 rd=7 rs1=14 rs2=29 -> instr=0xcbd7538b reg_write=0 illegal=0
[PASS] seq=crv_seq_14                     cyc=192 op=OPC_BRANCH f3=000 f7=0110111 rd=30 rs1=0 rs2=21 -> instr=0x6f500f63 reg_write=0 illegal=0
[PASS] seq=crv_seq_14                     cyc=193 op=OPC_BRANCH f3=010 f7=0111111 rd=29 rs1=25 rs2=3 -> instr=0x7e3caee3 reg_write=0 illegal=0
[PASS] seq=crv_seq_14                     cyc=194 op=OPC_SYSTEM f3=001 f7=1100010 rd=21 rs1=23 rs2=20 -> instr=0xc54b9af3 reg_write=1 illegal=0
[PASS] seq=crv_seq_14                     cyc=195 op=OPC_AUIPC  f3=110 f7=0110110 rd=2 rs1=25 rs2=23 -> instr=0x6d7ce117 reg_write=1 illegal=0
[PASS] seq=crv_seq_14                     cyc=196 op=OPC_LUI    f3=000 f7=0100001 rd=5 rs1=14 rs2=28 -> instr=0x43c702b7 reg_write=1 illegal=0
[PASS] seq=crv_seq_14                     cyc=197 op=OPC_JAL    f3=111 f7=0001001 rd=6 rs1=31 rs2=20 -> instr=0x134ff36f reg_write=1 illegal=0
[PASS] seq=crv_seq_14                     cyc=198 op=OPC_CUSTOM0 f3=001 f7=0110010 rd=7 rs1=17 rs2=2 -> instr=0x6428938b reg_write=0 illegal=0
[PASS] seq=crv_seq_14                     cyc=199 op=OPC_JALR   f3=111 f7=1111000 rd=15 rs1=30 rs2=26 -> instr=0xf1af77e7 reg_write=1 illegal=0

============ DECODE_CONTROL UNIT TB SUMMARY ============
 SEQUENCES=23  TOTAL_CYCLES=3063  PASS=3063  FAIL=0
 FUNCTIONAL COVERAGE = 100.00 %
 RESULT: ALL CHECKS PASSED
===========================================================

$finish called from file "tb_decode_control.sv", line 900.
$finish at simulation time             30651000

---------------------------------------------------------------------------
VCS Coverage Metrics: during simulation line, cond, FSM, branch, tgl was monitored
---------------------------------------------------------------------------

 Coverage status: End of All Coverages ...

           V C S   S i m u l a t i o n   R e p o r t 
Time: 30651000 ps
CPU Time:      0.170 seconds;       Data structure size:   0.0Mb
Thu Jul 30 10:51:22 2026
[SCL] 07/30/2026 10:51:22 PID:20879 Client:cvr-vlsi63.cvr.ac.in checkin (null) 

