 VCS Coverage Metrics Release U-2023.03_Full64 Copyright (c) 1991-2023 by Synopsys Inc.
[PASS] seq=idle_no_load                 cyc=0 op=HK_NO_LOAD     rs1=0 rs2=0 mem_read=0 ex_rd=0 -> stall=0
[PASS] seq=hazard_rs1_only              cyc=0 op=HK_RS1_ONLY    rs1=10 rs2=20 mem_read=1 ex_rd=10 -> stall=1
[PASS] seq=hazard_rs2_only              cyc=0 op=HK_RS2_ONLY    rs1=20 rs2=10 mem_read=1 ex_rd=10 -> stall=1
[PASS] seq=hazard_both                  cyc=0 op=HK_BOTH        rs1=10 rs2=10 mem_read=1 ex_rd=10 -> stall=1
[PASS] seq=no_match                     cyc=0 op=HK_NO_MATCH    rs1=20 rs2=21 mem_read=1 ex_rd=10 -> stall=0
[PASS] seq=x0_excluded_zero_srcs        cyc=0 op=HK_X0_EXCLUDED rs1=0 rs2=0 mem_read=1 ex_rd=0 -> stall=0
[PASS] seq=x0_excluded_nonzero_srcs     cyc=0 op=HK_X0_EXCLUDED rs1=5 rs2=7 mem_read=1 ex_rd=0 -> stall=0
[PASS] seq=no_load_boundary             cyc=0 op=HK_NO_LOAD     rs1=15 rs2=15 mem_read=0 ex_rd=15 -> stall=0
[PASS] seq=stress_repeated_hazard       cyc=0 op=HK_RS1_ONLY    rs1=3 rs2=4 mem_read=1 ex_rd=3 -> stall=1
[PASS] seq=stress_repeated_hazard       cyc=1 op=HK_RS1_ONLY    rs1=3 rs2=4 mem_read=1 ex_rd=3 -> stall=1
[PASS] seq=stress_repeated_hazard       cyc=2 op=HK_RS1_ONLY    rs1=3 rs2=4 mem_read=1 ex_rd=3 -> stall=1
[PASS] seq=stress_repeated_hazard       cyc=3 op=HK_RS1_ONLY    rs1=3 rs2=4 mem_read=1 ex_rd=3 -> stall=1
[PASS] seq=stress_repeated_hazard       cyc=4 op=HK_RS1_ONLY    rs1=3 rs2=4 mem_read=1 ex_rd=3 -> stall=1
[PASS] seq=stress_repeated_hazard       cyc=5 op=HK_RS1_ONLY    rs1=3 rs2=4 mem_read=1 ex_rd=3 -> stall=1
[PASS] seq=stress_repeated_hazard       cyc=6 op=HK_RS1_ONLY    rs1=3 rs2=4 mem_read=1 ex_rd=3 -> stall=1
[PASS] seq=stress_repeated_hazard       cyc=7 op=HK_RS1_ONLY    rs1=3 rs2=4 mem_read=1 ex_rd=3 -> stall=1
[PASS] seq=stress_repeated_hazard       cyc=8 op=HK_RS1_ONLY    rs1=3 rs2=4 mem_read=1 ex_rd=3 -> stall=1
[PASS] seq=stress_repeated_hazard       cyc=9 op=HK_RS1_ONLY    rs1=3 rs2=4 mem_read=1 ex_rd=3 -> stall=1
[PASS] seq=stress_alternating_toggle    cyc=0 op=HK_RS1_ONLY    rs1=8 rs2=9 mem_read=1 ex_rd=8 -> stall=1
[PASS] seq=stress_alternating_toggle    cyc=1 op=HK_NO_MATCH    rs1=8 rs2=9 mem_read=1 ex_rd=11 -> stall=0
[PASS] seq=stress_alternating_toggle    cyc=2 op=HK_RS1_ONLY    rs1=8 rs2=9 mem_read=1 ex_rd=8 -> stall=1
[PASS] seq=stress_alternating_toggle    cyc=3 op=HK_NO_MATCH    rs1=8 rs2=9 mem_read=1 ex_rd=11 -> stall=0
[PASS] seq=stress_alternating_toggle    cyc=4 op=HK_RS1_ONLY    rs1=8 rs2=9 mem_read=1 ex_rd=8 -> stall=1
[PASS] seq=stress_alternating_toggle    cyc=5 op=HK_NO_MATCH    rs1=8 rs2=9 mem_read=1 ex_rd=11 -> stall=0
[PASS] seq=stress_alternating_toggle    cyc=6 op=HK_RS1_ONLY    rs1=8 rs2=9 mem_read=1 ex_rd=8 -> stall=1
[PASS] seq=stress_alternating_toggle    cyc=7 op=HK_NO_MATCH    rs1=8 rs2=9 mem_read=1 ex_rd=11 -> stall=0
[PASS] seq=exh_reg_sweep_0              cyc=0 op=HK_X0_EXCLUDED rs1=0 rs2=0 mem_read=1 ex_rd=0 -> stall=0
[PASS] seq=exh_reg_sweep_1              cyc=0 op=HK_BOTH        rs1=1 rs2=1 mem_read=1 ex_rd=1 -> stall=1
[PASS] seq=exh_reg_sweep_2              cyc=0 op=HK_BOTH        rs1=2 rs2=2 mem_read=1 ex_rd=2 -> stall=1
[PASS] seq=exh_reg_sweep_3              cyc=0 op=HK_BOTH        rs1=3 rs2=3 mem_read=1 ex_rd=3 -> stall=1
[PASS] seq=exh_reg_sweep_4              cyc=0 op=HK_BOTH        rs1=4 rs2=4 mem_read=1 ex_rd=4 -> stall=1
[PASS] seq=exh_reg_sweep_5              cyc=0 op=HK_BOTH        rs1=5 rs2=5 mem_read=1 ex_rd=5 -> stall=1
[PASS] seq=exh_reg_sweep_6              cyc=0 op=HK_BOTH        rs1=6 rs2=6 mem_read=1 ex_rd=6 -> stall=1
[PASS] seq=exh_reg_sweep_7              cyc=0 op=HK_BOTH        rs1=7 rs2=7 mem_read=1 ex_rd=7 -> stall=1
[PASS] seq=exh_reg_sweep_8              cyc=0 op=HK_BOTH        rs1=8 rs2=8 mem_read=1 ex_rd=8 -> stall=1
[PASS] seq=exh_reg_sweep_9              cyc=0 op=HK_BOTH        rs1=9 rs2=9 mem_read=1 ex_rd=9 -> stall=1
[PASS] seq=exh_reg_sweep_10             cyc=0 op=HK_BOTH        rs1=10 rs2=10 mem_read=1 ex_rd=10 -> stall=1
[PASS] seq=exh_reg_sweep_11             cyc=0 op=HK_BOTH        rs1=11 rs2=11 mem_read=1 ex_rd=11 -> stall=1
[PASS] seq=exh_reg_sweep_12             cyc=0 op=HK_BOTH        rs1=12 rs2=12 mem_read=1 ex_rd=12 -> stall=1
[PASS] seq=exh_reg_sweep_13             cyc=0 op=HK_BOTH        rs1=13 rs2=13 mem_read=1 ex_rd=13 -> stall=1
[PASS] seq=exh_reg_sweep_14             cyc=0 op=HK_BOTH        rs1=14 rs2=14 mem_read=1 ex_rd=14 -> stall=1
[PASS] seq=exh_reg_sweep_15             cyc=0 op=HK_BOTH        rs1=15 rs2=15 mem_read=1 ex_rd=15 -> stall=1
[PASS] seq=exh_reg_sweep_16             cyc=0 op=HK_BOTH        rs1=16 rs2=16 mem_read=1 ex_rd=16 -> stall=1
[PASS] seq=exh_reg_sweep_17             cyc=0 op=HK_BOTH        rs1=17 rs2=17 mem_read=1 ex_rd=17 -> stall=1
[PASS] seq=exh_reg_sweep_18             cyc=0 op=HK_BOTH        rs1=18 rs2=18 mem_read=1 ex_rd=18 -> stall=1
[PASS] seq=exh_reg_sweep_19             cyc=0 op=HK_BOTH        rs1=19 rs2=19 mem_read=1 ex_rd=19 -> stall=1
[PASS] seq=exh_reg_sweep_20             cyc=0 op=HK_BOTH        rs1=20 rs2=20 mem_read=1 ex_rd=20 -> stall=1
[PASS] seq=exh_reg_sweep_21             cyc=0 op=HK_BOTH        rs1=21 rs2=21 mem_read=1 ex_rd=21 -> stall=1
[PASS] seq=exh_reg_sweep_22             cyc=0 op=HK_BOTH        rs1=22 rs2=22 mem_read=1 ex_rd=22 -> stall=1
[PASS] seq=exh_reg_sweep_23             cyc=0 op=HK_BOTH        rs1=23 rs2=23 mem_read=1 ex_rd=23 -> stall=1
[PASS] seq=exh_reg_sweep_24             cyc=0 op=HK_BOTH        rs1=24 rs2=24 mem_read=1 ex_rd=24 -> stall=1
[PASS] seq=exh_reg_sweep_25             cyc=0 op=HK_BOTH        rs1=25 rs2=25 mem_read=1 ex_rd=25 -> stall=1
[PASS] seq=exh_reg_sweep_26             cyc=0 op=HK_BOTH        rs1=26 rs2=26 mem_read=1 ex_rd=26 -> stall=1
[PASS] seq=exh_reg_sweep_27             cyc=0 op=HK_BOTH        rs1=27 rs2=27 mem_read=1 ex_rd=27 -> stall=1
[PASS] seq=exh_reg_sweep_28             cyc=0 op=HK_BOTH        rs1=28 rs2=28 mem_read=1 ex_rd=28 -> stall=1
[PASS] seq=exh_reg_sweep_29             cyc=0 op=HK_BOTH        rs1=29 rs2=29 mem_read=1 ex_rd=29 -> stall=1
[PASS] seq=exh_reg_sweep_30             cyc=0 op=HK_BOTH        rs1=30 rs2=30 mem_read=1 ex_rd=30 -> stall=1
[PASS] seq=exh_reg_sweep_31             cyc=0 op=HK_BOTH        rs1=31 rs2=31 mem_read=1 ex_rd=31 -> stall=1
[PASS] seq=crv_seq_0                    cyc=0 op=HK_RS1_ONLY    rs1=1 rs2=13 mem_read=1 ex_rd=1 -> stall=1
[PASS] seq=crv_seq_0                    cyc=1 op=HK_RS2_ONLY    rs1=2 rs2=12 mem_read=1 ex_rd=12 -> stall=1
[PASS] seq=crv_seq_0                    cyc=2 op=HK_NO_LOAD     rs1=1 rs2=25 mem_read=0 ex_rd=13 -> stall=0
[PASS] seq=crv_seq_0                    cyc=3 op=HK_RANDOM      rs1=14 rs2=17 mem_read=0 ex_rd=26 -> stall=0
[PASS] seq=crv_seq_0                    cyc=4 op=HK_RANDOM      rs1=18 rs2=19 mem_read=0 ex_rd=24 -> stall=0
[PASS] seq=crv_seq_0                    cyc=5 op=HK_NO_MATCH    rs1=27 rs2=29 mem_read=1 ex_rd=31 -> stall=0
[PASS] seq=crv_seq_0                    cyc=6 op=HK_RS2_ONLY    rs1=7 rs2=16 mem_read=1 ex_rd=16 -> stall=1
[PASS] seq=crv_seq_0                    cyc=7 op=HK_RS1_ONLY    rs1=27 rs2=24 mem_read=1 ex_rd=27 -> stall=1
[PASS] seq=crv_seq_0                    cyc=8 op=HK_RS2_ONLY    rs1=13 rs2=3 mem_read=1 ex_rd=3 -> stall=1
[PASS] seq=crv_seq_0                    cyc=9 op=HK_NO_LOAD     rs1=24 rs2=9 mem_read=0 ex_rd=1 -> stall=0
[PASS] seq=crv_seq_0                    cyc=10 op=HK_NO_LOAD     rs1=24 rs2=26 mem_read=0 ex_rd=22 -> stall=0
[PASS] seq=crv_seq_0                    cyc=11 op=HK_RS1_ONLY    rs1=3 rs2=2 mem_read=1 ex_rd=3 -> stall=1
[PASS] seq=crv_seq_0                    cyc=12 op=HK_RS1_ONLY    rs1=12 rs2=30 mem_read=1 ex_rd=12 -> stall=1
[PASS] seq=crv_seq_0                    cyc=13 op=HK_NO_MATCH    rs1=19 rs2=11 mem_read=1 ex_rd=4 -> stall=0
[PASS] seq=crv_seq_0                    cyc=14 op=HK_NO_LOAD     rs1=12 rs2=2 mem_read=0 ex_rd=23 -> stall=0
[PASS] seq=crv_seq_0                    cyc=15 op=HK_RANDOM      rs1=26 rs2=21 mem_read=1 ex_rd=16 -> stall=0
[PASS] seq=crv_seq_0                    cyc=16 op=HK_RANDOM      rs1=14 rs2=21 mem_read=1 ex_rd=22 -> stall=0
[PASS] seq=crv_seq_0                    cyc=17 op=HK_RS1_ONLY    rs1=8 rs2=27 mem_read=1 ex_rd=8 -> stall=1
[PASS] seq=crv_seq_0                    cyc=18 op=HK_RS1_ONLY    rs1=25 rs2=15 mem_read=1 ex_rd=25 -> stall=1
[PASS] seq=crv_seq_0                    cyc=19 op=HK_RS2_ONLY    rs1=15 rs2=31 mem_read=1 ex_rd=31 -> stall=1
[PASS] seq=crv_seq_0                    cyc=20 op=HK_RS2_ONLY    rs1=2 rs2=22 mem_read=1 ex_rd=22 -> stall=1
[PASS] seq=crv_seq_0                    cyc=21 op=HK_X0_EXCLUDED rs1=2 rs2=31 mem_read=1 ex_rd=0 -> stall=0
[PASS] seq=crv_seq_0                    cyc=22 op=HK_NO_MATCH    rs1=23 rs2=24 mem_read=1 ex_rd=2 -> stall=0
[PASS] seq=crv_seq_0                    cyc=23 op=HK_NO_LOAD     rs1=1 rs2=4 mem_read=0 ex_rd=12 -> stall=0
[PASS] seq=crv_seq_0                    cyc=24 op=HK_RANDOM      rs1=15 rs2=28 mem_read=0 ex_rd=9 -> stall=0
[PASS] seq=crv_seq_0                    cyc=25 op=HK_BOTH        rs1=6 rs2=6 mem_read=1 ex_rd=6 -> stall=1
[PASS] seq=crv_seq_0                    cyc=26 op=HK_RS2_ONLY    rs1=15 rs2=12 mem_read=1 ex_rd=12 -> stall=1
[PASS] seq=crv_seq_0                    cyc=27 op=HK_BOTH        rs1=13 rs2=13 mem_read=1 ex_rd=13 -> stall=1
[PASS] seq=crv_seq_0                    cyc=28 op=HK_BOTH        rs1=25 rs2=25 mem_read=1 ex_rd=25 -> stall=1
[PASS] seq=crv_seq_0                    cyc=29 op=HK_RS2_ONLY    rs1=27 rs2=19 mem_read=1 ex_rd=19 -> stall=1
[PASS] seq=crv_seq_0                    cyc=30 op=HK_BOTH        rs1=6 rs2=6 mem_read=1 ex_rd=6 -> stall=1
[PASS] seq=crv_seq_0                    cyc=31 op=HK_RS1_ONLY    rs1=14 rs2=4 mem_read=1 ex_rd=14 -> stall=1
[PASS] seq=crv_seq_0                    cyc=32 op=HK_X0_EXCLUDED rs1=27 rs2=30 mem_read=1 ex_rd=0 -> stall=0
[PASS] seq=crv_seq_0                    cyc=33 op=HK_RS1_ONLY    rs1=9 rs2=19 mem_read=1 ex_rd=9 -> stall=1
[PASS] seq=crv_seq_0                    cyc=34 op=HK_RS1_ONLY    rs1=1 rs2=2 mem_read=1 ex_rd=1 -> stall=1
[PASS] seq=crv_seq_0                    cyc=35 op=HK_RS1_ONLY    rs1=6 rs2=24 mem_read=1 ex_rd=6 -> stall=1
[PASS] seq=crv_seq_0                    cyc=36 op=HK_RS2_ONLY    rs1=13 rs2=4 mem_read=1 ex_rd=4 -> stall=1
[PASS] seq=crv_seq_0                    cyc=37 op=HK_NO_LOAD     rs1=19 rs2=23 mem_read=0 ex_rd=7 -> stall=0
[PASS] seq=crv_seq_0                    cyc=38 op=HK_BOTH        rs1=31 rs2=31 mem_read=1 ex_rd=31 -> stall=1
[PASS] seq=crv_seq_0                    cyc=39 op=HK_RS1_ONLY    rs1=10 rs2=12 mem_read=1 ex_rd=10 -> stall=1
[PASS] seq=crv_seq_0                    cyc=40 op=HK_NO_LOAD     rs1=28 rs2=1 mem_read=0 ex_rd=9 -> stall=0
[PASS] seq=crv_seq_0                    cyc=41 op=HK_RS2_ONLY    rs1=24 rs2=17 mem_read=1 ex_rd=17 -> stall=1
[PASS] seq=crv_seq_0                    cyc=42 op=HK_BOTH        rs1=24 rs2=24 mem_read=1 ex_rd=24 -> stall=1
[PASS] seq=crv_seq_0                    cyc=43 op=HK_NO_LOAD     rs1=29 rs2=8 mem_read=0 ex_rd=26 -> stall=0
[PASS] seq=crv_seq_0                    cyc=44 op=HK_RANDOM      rs1=4 rs2=17 mem_read=1 ex_rd=22 -> stall=0
[PASS] seq=crv_seq_0                    cyc=45 op=HK_RANDOM      rs1=4 rs2=4 mem_read=1 ex_rd=30 -> stall=0
[PASS] seq=crv_seq_0                    cyc=46 op=HK_RANDOM      rs1=16 rs2=4 mem_read=0 ex_rd=29 -> stall=0
[PASS] seq=crv_seq_0                    cyc=47 op=HK_RS2_ONLY    rs1=13 rs2=29 mem_read=1 ex_rd=29 -> stall=1
[PASS] seq=crv_seq_0                    cyc=48 op=HK_RS1_ONLY    rs1=15 rs2=14 mem_read=1 ex_rd=15 -> stall=1
[PASS] seq=crv_seq_0                    cyc=49 op=HK_RS1_ONLY    rs1=17 rs2=12 mem_read=1 ex_rd=17 -> stall=1
[PASS] seq=crv_seq_0                    cyc=50 op=HK_RS2_ONLY    rs1=8 rs2=17 mem_read=1 ex_rd=17 -> stall=1
[PASS] seq=crv_seq_0                    cyc=51 op=HK_RANDOM      rs1=28 rs2=15 mem_read=1 ex_rd=3 -> stall=0
[PASS] seq=crv_seq_0                    cyc=52 op=HK_NO_MATCH    rs1=12 rs2=5 mem_read=1 ex_rd=2 -> stall=0
[PASS] seq=crv_seq_0                    cyc=53 op=HK_RS2_ONLY    rs1=8 rs2=31 mem_read=1 ex_rd=31 -> stall=1
[PASS] seq=crv_seq_0                    cyc=54 op=HK_RS1_ONLY    rs1=24 rs2=12 mem_read=1 ex_rd=24 -> stall=1
[PASS] seq=crv_seq_0                    cyc=55 op=HK_RANDOM      rs1=24 rs2=21 mem_read=0 ex_rd=6 -> stall=0
[PASS] seq=crv_seq_0                    cyc=56 op=HK_X0_EXCLUDED rs1=21 rs2=23 mem_read=1 ex_rd=0 -> stall=0
[PASS] seq=crv_seq_0                    cyc=57 op=HK_NO_LOAD     rs1=1 rs2=12 mem_read=0 ex_rd=29 -> stall=0
[PASS] seq=crv_seq_0                    cyc=58 op=HK_NO_MATCH    rs1=9 rs2=8 mem_read=1 ex_rd=15 -> stall=0
[PASS] seq=crv_seq_0                    cyc=59 op=HK_RANDOM      rs1=1 rs2=28 mem_read=1 ex_rd=16 -> stall=0
[PASS] seq=crv_seq_0                    cyc=60 op=HK_RS1_ONLY    rs1=6 rs2=10 mem_read=1 ex_rd=6 -> stall=1
[PASS] seq=crv_seq_0                    cyc=61 op=HK_RS1_ONLY    rs1=24 rs2=10 mem_read=1 ex_rd=24 -> stall=1
[PASS] seq=crv_seq_0                    cyc=62 op=HK_RANDOM      rs1=18 rs2=8 mem_read=0 ex_rd=3 -> stall=0
[PASS] seq=crv_seq_0                    cyc=63 op=HK_NO_LOAD     rs1=12 rs2=15 mem_read=0 ex_rd=5 -> stall=0
[PASS] seq=crv_seq_0                    cyc=64 op=HK_NO_MATCH    rs1=0 rs2=4 mem_read=1 ex_rd=2 -> stall=0
[PASS] seq=crv_seq_0                    cyc=65 op=HK_RANDOM      rs1=21 rs2=27 mem_read=0 ex_rd=5 -> stall=0
[PASS] seq=crv_seq_0                    cyc=66 op=HK_NO_LOAD     rs1=11 rs2=13 mem_read=0 ex_rd=26 -> stall=0
[PASS] seq=crv_seq_0                    cyc=67 op=HK_RANDOM      rs1=23 rs2=27 mem_read=0 ex_rd=28 -> stall=0
[PASS] seq=crv_seq_0                    cyc=68 op=HK_RS1_ONLY    rs1=4 rs2=17 mem_read=1 ex_rd=4 -> stall=1
[PASS] seq=crv_seq_0                    cyc=69 op=HK_RS1_ONLY    rs1=3 rs2=31 mem_read=1 ex_rd=3 -> stall=1
[PASS] seq=crv_seq_0                    cyc=70 op=HK_BOTH        rs1=3 rs2=3 mem_read=1 ex_rd=3 -> stall=1
[PASS] seq=crv_seq_0                    cyc=71 op=HK_NO_LOAD     rs1=4 rs2=12 mem_read=0 ex_rd=10 -> stall=0
[PASS] seq=crv_seq_0                    cyc=72 op=HK_RANDOM      rs1=8 rs2=6 mem_read=0 ex_rd=9 -> stall=0
[PASS] seq=crv_seq_0                    cyc=73 op=HK_RS1_ONLY    rs1=12 rs2=14 mem_read=1 ex_rd=12 -> stall=1
[PASS] seq=crv_seq_0                    cyc=74 op=HK_BOTH        rs1=28 rs2=28 mem_read=1 ex_rd=28 -> stall=1
[PASS] seq=crv_seq_0                    cyc=75 op=HK_RANDOM      rs1=12 rs2=3 mem_read=1 ex_rd=11 -> stall=0
[PASS] seq=crv_seq_0                    cyc=76 op=HK_BOTH        rs1=8 rs2=8 mem_read=1 ex_rd=8 -> stall=1
[PASS] seq=crv_seq_0                    cyc=77 op=HK_X0_EXCLUDED rs1=17 rs2=11 mem_read=1 ex_rd=0 -> stall=0
[PASS] seq=crv_seq_0                    cyc=78 op=HK_RS1_ONLY    rs1=21 rs2=25 mem_read=1 ex_rd=21 -> stall=1
[PASS] seq=crv_seq_0                    cyc=79 op=HK_X0_EXCLUDED rs1=16 rs2=27 mem_read=1 ex_rd=0 -> stall=0
[PASS] seq=crv_seq_0                    cyc=80 op=HK_X0_EXCLUDED rs1=29 rs2=20 mem_read=1 ex_rd=0 -> stall=0
[PASS] seq=crv_seq_0                    cyc=81 op=HK_RANDOM      rs1=24 rs2=16 mem_read=1 ex_rd=26 -> stall=0
[PASS] seq=crv_seq_0                    cyc=82 op=HK_RANDOM      rs1=8 rs2=2 mem_read=1 ex_rd=25 -> stall=0
[PASS] seq=crv_seq_0                    cyc=83 op=HK_RANDOM      rs1=2 rs2=0 mem_read=0 ex_rd=31 -> stall=0
[PASS] seq=crv_seq_0                    cyc=84 op=HK_RS1_ONLY    rs1=1 rs2=6 mem_read=1 ex_rd=1 -> stall=1
[PASS] seq=crv_seq_0                    cyc=85 op=HK_NO_LOAD     rs1=1 rs2=6 mem_read=0 ex_rd=23 -> stall=0
[PASS] seq=crv_seq_0                    cyc=86 op=HK_NO_LOAD     rs1=30 rs2=17 mem_read=0 ex_rd=11 -> stall=0
[PASS] seq=crv_seq_0                    cyc=87 op=HK_X0_EXCLUDED rs1=23 rs2=12 mem_read=1 ex_rd=0 -> stall=0
[PASS] seq=crv_seq_0                    cyc=88 op=HK_RS2_ONLY    rs1=20 rs2=11 mem_read=1 ex_rd=11 -> stall=1
[PASS] seq=crv_seq_0                    cyc=89 op=HK_BOTH        rs1=10 rs2=10 mem_read=1 ex_rd=10 -> stall=1
[PASS] seq=crv_seq_0                    cyc=90 op=HK_RS2_ONLY    rs1=29 rs2=15 mem_read=1 ex_rd=15 -> stall=1
[PASS] seq=crv_seq_0                    cyc=91 op=HK_RANDOM      rs1=15 rs2=9 mem_read=1 ex_rd=2 -> stall=0
[PASS] seq=crv_seq_0                    cyc=92 op=HK_X0_EXCLUDED rs1=19 rs2=24 mem_read=1 ex_rd=0 -> stall=0
[PASS] seq=crv_seq_0                    cyc=93 op=HK_BOTH        rs1=31 rs2=31 mem_read=1 ex_rd=31 -> stall=1
[PASS] seq=crv_seq_0                    cyc=94 op=HK_RANDOM      rs1=24 rs2=8 mem_read=1 ex_rd=15 -> stall=0
[PASS] seq=crv_seq_0                    cyc=95 op=HK_RS1_ONLY    rs1=1 rs2=20 mem_read=1 ex_rd=1 -> stall=1
[PASS] seq=crv_seq_0                    cyc=96 op=HK_RS1_ONLY    rs1=27 rs2=26 mem_read=1 ex_rd=27 -> stall=1
[PASS] seq=crv_seq_0                    cyc=97 op=HK_X0_EXCLUDED rs1=23 rs2=29 mem_read=1 ex_rd=0 -> stall=0
[PASS] seq=crv_seq_0                    cyc=98 op=HK_NO_LOAD     rs1=17 rs2=1 mem_read=0 ex_rd=15 -> stall=0
[PASS] seq=crv_seq_0                    cyc=99 op=HK_RANDOM      rs1=22 rs2=26 mem_read=1 ex_rd=14 -> stall=0
[PASS] seq=crv_seq_0                    cyc=100 op=HK_RS1_ONLY    rs1=19 rs2=22 mem_read=1 ex_rd=19 -> stall=1
[PASS] seq=crv_seq_0                    cyc=101 op=HK_BOTH        rs1=14 rs2=14 mem_read=1 ex_rd=14 -> stall=1
[PASS] seq=crv_seq_0                    cyc=102 op=HK_RS1_ONLY    rs1=27 rs2=1 mem_read=1 ex_rd=27 -> stall=1
[PASS] seq=crv_seq_0                    cyc=103 op=HK_X0_EXCLUDED rs1=6 rs2=1 mem_read=1 ex_rd=0 -> stall=0
[PASS] seq=crv_seq_0                    cyc=104 op=HK_BOTH        rs1=30 rs2=30 mem_read=1 ex_rd=30 -> stall=1
[PASS] seq=crv_seq_0                    cyc=105 op=HK_RS1_ONLY    rs1=12 rs2=0 mem_read=1 ex_rd=12 -> stall=1
[PASS] seq=crv_seq_0                    cyc=106 op=HK_BOTH        rs1=10 rs2=10 mem_read=1 ex_rd=10 -> stall=1
[PASS] seq=crv_seq_0                    cyc=107 op=HK_X0_EXCLUDED rs1=26 rs2=23 mem_read=1 ex_rd=0 -> stall=0
[PASS] seq=crv_seq_0                    cyc=108 op=HK_X0_EXCLUDED rs1=2 rs2=27 mem_read=1 ex_rd=0 -> stall=0
[PASS] seq=crv_seq_0                    cyc=109 op=HK_RS2_ONLY    rs1=26 rs2=14 mem_read=1 ex_rd=14 -> stall=1
[PASS] seq=crv_seq_0                    cyc=110 op=HK_RS2_ONLY    rs1=27 rs2=7 mem_read=1 ex_rd=7 -> stall=1
[PASS] seq=crv_seq_0                    cyc=111 op=HK_RANDOM      rs1=28 rs2=24 mem_read=1 ex_rd=11 -> stall=0
[PASS] seq=crv_seq_0                    cyc=112 op=HK_RS2_ONLY    rs1=21 rs2=28 mem_read=1 ex_rd=28 -> stall=1
[PASS] seq=crv_seq_0                    cyc=113 op=HK_RS1_ONLY    rs1=12 rs2=18 mem_read=1 ex_rd=12 -> stall=1
[PASS] seq=crv_seq_0                    cyc=114 op=HK_RS2_ONLY    rs1=10 rs2=21 mem_read=1 ex_rd=21 -> stall=1
[PASS] seq=crv_seq_0                    cyc=115 op=HK_NO_MATCH    rs1=29 rs2=2 mem_read=1 ex_rd=8 -> stall=0
[PASS] seq=crv_seq_0                    cyc=116 op=HK_RANDOM      rs1=19 rs2=30 mem_read=0 ex_rd=14 -> stall=0
[PASS] seq=crv_seq_0                    cyc=117 op=HK_NO_LOAD     rs1=7 rs2=24 mem_read=0 ex_rd=9 -> stall=0
[PASS] seq=crv_seq_0                    cyc=118 op=HK_RANDOM      rs1=12 rs2=21 mem_read=1 ex_rd=8 -> stall=0
[PASS] seq=crv_seq_0                    cyc=119 op=HK_RS1_ONLY    rs1=19 rs2=25 mem_read=1 ex_rd=19 -> stall=1
[PASS] seq=crv_seq_0                    cyc=120 op=HK_NO_LOAD     rs1=15 rs2=5 mem_read=0 ex_rd=26 -> stall=0
[PASS] seq=crv_seq_0                    cyc=121 op=HK_BOTH        rs1=2 rs2=2 mem_read=1 ex_rd=2 -> stall=1
[PASS] seq=crv_seq_0                    cyc=122 op=HK_RS1_ONLY    rs1=17 rs2=6 mem_read=1 ex_rd=17 -> stall=1
[PASS] seq=crv_seq_0                    cyc=123 op=HK_RS2_ONLY    rs1=28 rs2=16 mem_read=1 ex_rd=16 -> stall=1
[PASS] seq=crv_seq_0                    cyc=124 op=HK_RS1_ONLY    rs1=30 rs2=18 mem_read=1 ex_rd=30 -> stall=1
[PASS] seq=crv_seq_0                    cyc=125 op=HK_BOTH        rs1=25 rs2=25 mem_read=1 ex_rd=25 -> stall=1
[PASS] seq=crv_seq_0                    cyc=126 op=HK_RS2_ONLY    rs1=21 rs2=13 mem_read=1 ex_rd=13 -> stall=1
[PASS] seq=crv_seq_0                    cyc=127 op=HK_NO_LOAD     rs1=5 rs2=15 mem_read=0 ex_rd=22 -> stall=0
[PASS] seq=crv_seq_0                    cyc=128 op=HK_BOTH        rs1=24 rs2=24 mem_read=1 ex_rd=24 -> stall=1
[PASS] seq=crv_seq_0                    cyc=129 op=HK_NO_MATCH    rs1=8 rs2=12 mem_read=1 ex_rd=1 -> stall=0
[PASS] seq=crv_seq_0                    cyc=130 op=HK_X0_EXCLUDED rs1=25 rs2=24 mem_read=1 ex_rd=0 -> stall=0
[PASS] seq=crv_seq_0                    cyc=131 op=HK_BOTH        rs1=18 rs2=18 mem_read=1 ex_rd=18 -> stall=1
[PASS] seq=crv_seq_0                    cyc=132 op=HK_RANDOM      rs1=24 rs2=5 mem_read=1 ex_rd=27 -> stall=0
[PASS] seq=crv_seq_0                    cyc=133 op=HK_RS1_ONLY    rs1=29 rs2=19 mem_read=1 ex_rd=29 -> stall=1
[PASS] seq=crv_seq_0                    cyc=134 op=HK_RANDOM      rs1=8 rs2=7 mem_read=0 ex_rd=25 -> stall=0
[PASS] seq=crv_seq_0                    cyc=135 op=HK_X0_EXCLUDED rs1=22 rs2=30 mem_read=1 ex_rd=0 -> stall=0
[PASS] seq=crv_seq_0                    cyc=136 op=HK_X0_EXCLUDED rs1=23 rs2=15 mem_read=1 ex_rd=0 -> stall=0
[PASS] seq=crv_seq_0                    cyc=137 op=HK_RS1_ONLY    rs1=20 rs2=24 mem_read=1 ex_rd=20 -> stall=1
[PASS] seq=crv_seq_0                    cyc=138 op=HK_RANDOM      rs1=7 rs2=7 mem_read=0 ex_rd=17 -> stall=0
[PASS] seq=crv_seq_0                    cyc=139 op=HK_RANDOM      rs1=28 rs2=2 mem_read=1 ex_rd=13 -> stall=0
[PASS] seq=crv_seq_0                    cyc=140 op=HK_NO_MATCH    rs1=6 rs2=24 mem_read=1 ex_rd=25 -> stall=0
[PASS] seq=crv_seq_0                    cyc=141 op=HK_RANDOM      rs1=11 rs2=13 mem_read=1 ex_rd=25 -> stall=0
[PASS] seq=crv_seq_0                    cyc=142 op=HK_BOTH        rs1=1 rs2=1 mem_read=1 ex_rd=1 -> stall=1
[PASS] seq=crv_seq_0                    cyc=143 op=HK_RS1_ONLY    rs1=12 rs2=25 mem_read=1 ex_rd=12 -> stall=1
[PASS] seq=crv_seq_0                    cyc=144 op=HK_X0_EXCLUDED rs1=16 rs2=24 mem_read=1 ex_rd=0 -> stall=0
[PASS] seq=crv_seq_0                    cyc=145 op=HK_RANDOM      rs1=2 rs2=11 mem_read=1 ex_rd=25 -> stall=0
[PASS] seq=crv_seq_0                    cyc=146 op=HK_RANDOM      rs1=1 rs2=10 mem_read=1 ex_rd=13 -> stall=0
[PASS] seq=crv_seq_0                    cyc=147 op=HK_RS1_ONLY    rs1=25 rs2=26 mem_read=1 ex_rd=25 -> stall=1
[PASS] seq=crv_seq_0                    cyc=148 op=HK_X0_EXCLUDED rs1=12 rs2=30 mem_read=1 ex_rd=0 -> stall=0
[PASS] seq=crv_seq_0                    cyc=149 op=HK_NO_LOAD     rs1=28 rs2=0 mem_read=0 ex_rd=27 -> stall=0
[PASS] seq=crv_seq_0                    cyc=150 op=HK_RANDOM      rs1=5 rs2=5 mem_read=1 ex_rd=13 -> stall=0
[PASS] seq=crv_seq_0                    cyc=151 op=HK_RS1_ONLY    rs1=19 rs2=5 mem_read=1 ex_rd=19 -> stall=1
[PASS] seq=crv_seq_0                    cyc=152 op=HK_RS2_ONLY    rs1=27 rs2=21 mem_read=1 ex_rd=21 -> stall=1
[PASS] seq=crv_seq_0                    cyc=153 op=HK_RS1_ONLY    rs1=22 rs2=8 mem_read=1 ex_rd=22 -> stall=1
[PASS] seq=crv_seq_0                    cyc=154 op=HK_NO_MATCH    rs1=31 rs2=4 mem_read=1 ex_rd=29 -> stall=0
[PASS] seq=crv_seq_0                    cyc=155 op=HK_NO_LOAD     rs1=6 rs2=14 mem_read=0 ex_rd=30 -> stall=0
[PASS] seq=crv_seq_0                    cyc=156 op=HK_RS2_ONLY    rs1=27 rs2=9 mem_read=1 ex_rd=9 -> stall=1
[PASS] seq=crv_seq_0                    cyc=157 op=HK_RANDOM      rs1=31 rs2=10 mem_read=0 ex_rd=18 -> stall=0
[PASS] seq=crv_seq_0                    cyc=158 op=HK_RS2_ONLY    rs1=27 rs2=17 mem_read=1 ex_rd=17 -> stall=1
[PASS] seq=crv_seq_0                    cyc=159 op=HK_RS1_ONLY    rs1=3 rs2=17 mem_read=1 ex_rd=3 -> stall=1
[PASS] seq=crv_seq_0                    cyc=160 op=HK_NO_MATCH    rs1=29 rs2=0 mem_read=1 ex_rd=1 -> stall=0
[PASS] seq=crv_seq_0                    cyc=161 op=HK_RANDOM      rs1=18 rs2=21 mem_read=0 ex_rd=0 -> stall=0
[PASS] seq=crv_seq_0                    cyc=162 op=HK_NO_LOAD     rs1=15 rs2=10 mem_read=0 ex_rd=1 -> stall=0
[PASS] seq=crv_seq_0                    cyc=163 op=HK_X0_EXCLUDED rs1=14 rs2=18 mem_read=1 ex_rd=0 -> stall=0
[PASS] seq=crv_seq_0                    cyc=164 op=HK_NO_MATCH    rs1=29 rs2=3 mem_read=1 ex_rd=4 -> stall=0
[PASS] seq=crv_seq_0                    cyc=165 op=HK_BOTH        rs1=6 rs2=6 mem_read=1 ex_rd=6 -> stall=1
[PASS] seq=crv_seq_0                    cyc=166 op=HK_RS2_ONLY    rs1=13 rs2=27 mem_read=1 ex_rd=27 -> stall=1
[PASS] seq=crv_seq_0                    cyc=167 op=HK_RANDOM      rs1=31 rs2=21 mem_read=1 ex_rd=24 -> stall=0
[PASS] seq=crv_seq_0                    cyc=168 op=HK_RS1_ONLY    rs1=25 rs2=20 mem_read=1 ex_rd=25 -> stall=1
[PASS] seq=crv_seq_0                    cyc=169 op=HK_NO_LOAD     rs1=29 rs2=6 mem_read=0 ex_rd=31 -> stall=0
[PASS] seq=crv_seq_0                    cyc=170 op=HK_RANDOM      rs1=4 rs2=3 mem_read=0 ex_rd=10 -> stall=0
[PASS] seq=crv_seq_0                    cyc=171 op=HK_RANDOM      rs1=24 rs2=12 mem_read=0 ex_rd=18 -> stall=0
[PASS] seq=crv_seq_0                    cyc=172 op=HK_X0_EXCLUDED rs1=12 rs2=28 mem_read=1 ex_rd=0 -> stall=0
[PASS] seq=crv_seq_0                    cyc=173 op=HK_BOTH        rs1=14 rs2=14 mem_read=1 ex_rd=14 -> stall=1
[PASS] seq=crv_seq_0                    cyc=174 op=HK_RANDOM      rs1=28 rs2=23 mem_read=1 ex_rd=13 -> stall=0
[PASS] seq=crv_seq_0                    cyc=175 op=HK_RANDOM      rs1=14 rs2=4 mem_read=0 ex_rd=13 -> stall=0
[PASS] seq=crv_seq_0                    cyc=176 op=HK_X0_EXCLUDED rs1=30 rs2=5 mem_read=1 ex_rd=0 -> stall=0
[PASS] seq=crv_seq_0                    cyc=177 op=HK_NO_LOAD     rs1=8 rs2=19 mem_read=0 ex_rd=4 -> stall=0
[PASS] seq=crv_seq_0                    cyc=178 op=HK_NO_LOAD     rs1=24 rs2=18 mem_read=0 ex_rd=27 -> stall=0
[PASS] seq=crv_seq_0                    cyc=179 op=HK_RS2_ONLY    rs1=3 rs2=15 mem_read=1 ex_rd=15 -> stall=1
[PASS] seq=crv_seq_0                    cyc=180 op=HK_NO_LOAD     rs1=25 rs2=28 mem_read=0 ex_rd=21 -> stall=0
[PASS] seq=crv_seq_0                    cyc=181 op=HK_RANDOM      rs1=15 rs2=27 mem_read=1 ex_rd=0 -> stall=0
[PASS] seq=crv_seq_0                    cyc=182 op=HK_RS1_ONLY    rs1=21 rs2=9 mem_read=1 ex_rd=21 -> stall=1
[PASS] seq=crv_seq_0                    cyc=183 op=HK_X0_EXCLUDED rs1=22 rs2=28 mem_read=1 ex_rd=0 -> stall=0
[PASS] seq=crv_seq_0                    cyc=184 op=HK_RANDOM      rs1=5 rs2=28 mem_read=0 ex_rd=0 -> stall=0
[PASS] seq=crv_seq_0                    cyc=185 op=HK_X0_EXCLUDED rs1=17 rs2=10 mem_read=1 ex_rd=0 -> stall=0
[PASS] seq=crv_seq_0                    cyc=186 op=HK_RANDOM      rs1=14 rs2=17 mem_read=1 ex_rd=31 -> stall=0
[PASS] seq=crv_seq_0                    cyc=187 op=HK_NO_MATCH    rs1=24 rs2=6 mem_read=1 ex_rd=16 -> stall=0
[PASS] seq=crv_seq_0                    cyc=188 op=HK_RS1_ONLY    rs1=28 rs2=23 mem_read=1 ex_rd=28 -> stall=1
[PASS] seq=crv_seq_0                    cyc=189 op=HK_RS2_ONLY    rs1=17 rs2=22 mem_read=1 ex_rd=22 -> stall=1
[PASS] seq=crv_seq_0                    cyc=190 op=HK_X0_EXCLUDED rs1=18 rs2=19 mem_read=1 ex_rd=0 -> stall=0
[PASS] seq=crv_seq_0                    cyc=191 op=HK_X0_EXCLUDED rs1=22 rs2=3 mem_read=1 ex_rd=0 -> stall=0
[PASS] seq=crv_seq_0                    cyc=192 op=HK_BOTH        rs1=19 rs2=19 mem_read=1 ex_rd=19 -> stall=1
[PASS] seq=crv_seq_0                    cyc=193 op=HK_RANDOM      rs1=14 rs2=25 mem_read=0 ex_rd=13 -> stall=0
[PASS] seq=crv_seq_0                    cyc=194 op=HK_BOTH        rs1=22 rs2=22 mem_read=1 ex_rd=22 -> stall=1
[PASS] seq=crv_seq_0                    cyc=195 op=HK_RANDOM      rs1=21 rs2=19 mem_read=1 ex_rd=1 -> stall=0
[PASS] seq=crv_seq_0                    cyc=196 op=HK_RS1_ONLY    rs1=29 rs2=0 mem_read=1 ex_rd=29 -> stall=1
[PASS] seq=crv_seq_0                    cyc=197 op=HK_RS2_ONLY    rs1=12 rs2=9 mem_read=1 ex_rd=9 -> stall=1
[PASS] seq=crv_seq_0                    cyc=198 op=HK_NO_LOAD     rs1=10 rs2=29 mem_read=0 ex_rd=22 -> stall=0
[PASS] seq=crv_seq_0                    cyc=199 op=HK_RANDOM      rs1=1 rs2=1 mem_read=1 ex_rd=16 -> stall=0
[PASS] seq=crv_seq_1                    cyc=0 op=HK_RS1_ONLY    rs1=25 rs2=7 mem_read=1 ex_rd=25 -> stall=1
[PASS] seq=crv_seq_1                    cyc=1 op=HK_RANDOM      rs1=9 rs2=1 mem_read=1 ex_rd=0 -> stall=0
[PASS] seq=crv_seq_1                    cyc=2 op=HK_NO_LOAD     rs1=16 rs2=26 mem_read=0 ex_rd=10 -> stall=0
[PASS] seq=crv_seq_1                    cyc=3 op=HK_NO_MATCH    rs1=6 rs2=29 mem_read=1 ex_rd=17 -> stall=0
[PASS] seq=crv_seq_1                    cyc=4 op=HK_RANDOM      rs1=8 rs2=1 mem_read=1 ex_rd=3 -> stall=0
[PASS] seq=crv_seq_1                    cyc=5 op=HK_RS2_ONLY    rs1=2 rs2=18 mem_read=1 ex_rd=18 -> stall=1
[PASS] seq=crv_seq_1                    cyc=6 op=HK_RS1_ONLY    rs1=22 rs2=13 mem_read=1 ex_rd=22 -> stall=1
[PASS] seq=crv_seq_1                    cyc=7 op=HK_NO_MATCH    rs1=27 rs2=4 mem_read=1 ex_rd=12 -> stall=0
[PASS] seq=crv_seq_1                    cyc=8 op=HK_RS1_ONLY    rs1=26 rs2=2 mem_read=1 ex_rd=26 -> stall=1
[PASS] seq=crv_seq_1                    cyc=9 op=HK_NO_MATCH    rs1=20 rs2=6 mem_read=1 ex_rd=17 -> stall=0
[PASS] seq=crv_seq_1                    cyc=10 op=HK_RS1_ONLY    rs1=25 rs2=18 mem_read=1 ex_rd=25 -> stall=1
[PASS] seq=crv_seq_1                    cyc=11 op=HK_RANDOM      rs1=17 rs2=4 mem_read=0 ex_rd=18 -> stall=0
[PASS] seq=crv_seq_1                    cyc=12 op=HK_RS1_ONLY    rs1=5 rs2=21 mem_read=1 ex_rd=5 -> stall=1
[PASS] seq=crv_seq_1                    cyc=13 op=HK_NO_MATCH    rs1=26 rs2=4 mem_read=1 ex_rd=13 -> stall=0
[PASS] seq=crv_seq_1                    cyc=14 op=HK_RS2_ONLY    rs1=20 rs2=16 mem_read=1 ex_rd=16 -> stall=1
[PASS] seq=crv_seq_1                    cyc=15 op=HK_NO_MATCH    rs1=19 rs2=14 mem_read=1 ex_rd=23 -> stall=0
[PASS] seq=crv_seq_1                    cyc=16 op=HK_RS2_ONLY    rs1=26 rs2=21 mem_read=1 ex_rd=21 -> stall=1
[PASS] seq=crv_seq_1                    cyc=17 op=HK_RANDOM      rs1=8 rs2=6 mem_read=0 ex_rd=21 -> stall=0
[PASS] seq=crv_seq_1                    cyc=18 op=HK_RANDOM      rs1=4 rs2=28 mem_read=1 ex_rd=11 -> stall=0
[PASS] seq=crv_seq_1                    cyc=19 op=HK_RS2_ONLY    rs1=10 rs2=12 mem_read=1 ex_rd=12 -> stall=1
[PASS] seq=crv_seq_1                    cyc=20 op=HK_RANDOM      rs1=29 rs2=1 mem_read=0 ex_rd=25 -> stall=0
[PASS] seq=crv_seq_1                    cyc=21 op=HK_NO_MATCH    rs1=23 rs2=0 mem_read=1 ex_rd=15 -> stall=0
[PASS] seq=crv_seq_1                    cyc=22 op=HK_X0_EXCLUDED rs1=29 rs2=5 mem_read=1 ex_rd=0 -> stall=0
[PASS] seq=crv_seq_1                    cyc=23 op=HK_BOTH        rs1=5 rs2=5 mem_read=1 ex_rd=5 -> stall=1
[PASS] seq=crv_seq_1                    cyc=24 op=HK_NO_MATCH    rs1=10 rs2=8 mem_read=1 ex_rd=9 -> stall=0
[PASS] seq=crv_seq_1                    cyc=25 op=HK_RANDOM      rs1=24 rs2=26 mem_read=1 ex_rd=24 -> stall=1
[PASS] seq=crv_seq_1                    cyc=26 op=HK_RS2_ONLY    rs1=6 rs2=4 mem_read=1 ex_rd=4 -> stall=1
[PASS] seq=crv_seq_1                    cyc=27 op=HK_RANDOM      rs1=4 rs2=14 mem_read=0 ex_rd=9 -> stall=0
[PASS] seq=crv_seq_1                    cyc=28 op=HK_RANDOM      rs1=10 rs2=13 mem_read=0 ex_rd=9 -> stall=0
[PASS] seq=crv_seq_1                    cyc=29 op=HK_RANDOM      rs1=24 rs2=25 mem_read=0 ex_rd=13 -> stall=0
[PASS] seq=crv_seq_1                    cyc=30 op=HK_RANDOM      rs1=15 rs2=24 mem_read=0 ex_rd=19 -> stall=0
[PASS] seq=crv_seq_1                    cyc=31 op=HK_RANDOM      rs1=1 rs2=7 mem_read=0 ex_rd=0 -> stall=0
[PASS] seq=crv_seq_1                    cyc=32 op=HK_RANDOM      rs1=28 rs2=15 mem_read=1 ex_rd=26 -> stall=0
[PASS] seq=crv_seq_1                    cyc=33 op=HK_RS1_ONLY    rs1=8 rs2=16 mem_read=1 ex_rd=8 -> stall=1
[PASS] seq=crv_seq_1                    cyc=34 op=HK_RS1_ONLY    rs1=29 rs2=1 mem_read=1 ex_rd=29 -> stall=1
[PASS] seq=crv_seq_1                    cyc=35 op=HK_X0_EXCLUDED rs1=15 rs2=3 mem_read=1 ex_rd=0 -> stall=0
[PASS] seq=crv_seq_1                    cyc=36 op=HK_RS2_ONLY    rs1=18 rs2=9 mem_read=1 ex_rd=9 -> stall=1
[PASS] seq=crv_seq_1                    cyc=37 op=HK_NO_LOAD     rs1=25 rs2=6 mem_read=0 ex_rd=3 -> stall=0
[PASS] seq=crv_seq_1                    cyc=38 op=HK_RANDOM      rs1=31 rs2=25 mem_read=0 ex_rd=13 -> stall=0
[PASS] seq=crv_seq_1                    cyc=39 op=HK_RS1_ONLY    rs1=4 rs2=18 mem_read=1 ex_rd=4 -> stall=1
[PASS] seq=crv_seq_1                    cyc=40 op=HK_BOTH        rs1=18 rs2=18 mem_read=1 ex_rd=18 -> stall=1
[PASS] seq=crv_seq_1                    cyc=41 op=HK_RS1_ONLY    rs1=5 rs2=14 mem_read=1 ex_rd=5 -> stall=1
[PASS] seq=crv_seq_1                    cyc=42 op=HK_BOTH        rs1=16 rs2=16 mem_read=1 ex_rd=16 -> stall=1
[PASS] seq=crv_seq_1                    cyc=43 op=HK_RANDOM      rs1=8 rs2=14 mem_read=0 ex_rd=12 -> stall=0
[PASS] seq=crv_seq_1                    cyc=44 op=HK_NO_MATCH    rs1=23 rs2=17 mem_read=1 ex_rd=31 -> stall=0
[PASS] seq=crv_seq_1                    cyc=45 op=HK_RS1_ONLY    rs1=21 rs2=29 mem_read=1 ex_rd=21 -> stall=1
[PASS] seq=crv_seq_1                    cyc=46 op=HK_BOTH        rs1=19 rs2=19 mem_read=1 ex_rd=19 -> stall=1
[PASS] seq=crv_seq_1                    cyc=47 op=HK_RANDOM      rs1=13 rs2=20 mem_read=1 ex_rd=15 -> stall=0
[PASS] seq=crv_seq_1                    cyc=48 op=HK_RANDOM      rs1=25 rs2=12 mem_read=0 ex_rd=21 -> stall=0
[PASS] seq=crv_seq_1                    cyc=49 op=HK_NO_MATCH    rs1=15 rs2=0 mem_read=1 ex_rd=1 -> stall=0
[PASS] seq=crv_seq_1                    cyc=50 op=HK_RANDOM      rs1=18 rs2=7 mem_read=0 ex_rd=16 -> stall=0
[PASS] seq=crv_seq_1                    cyc=51 op=HK_RS1_ONLY    rs1=19 rs2=2 mem_read=1 ex_rd=19 -> stall=1
[PASS] seq=crv_seq_1                    cyc=52 op=HK_RS2_ONLY    rs1=19 rs2=14 mem_read=1 ex_rd=14 -> stall=1
[PASS] seq=crv_seq_1                    cyc=53 op=HK_RS1_ONLY    rs1=27 rs2=21 mem_read=1 ex_rd=27 -> stall=1
[PASS] seq=crv_seq_1                    cyc=54 op=HK_RANDOM      rs1=6 rs2=29 mem_read=0 ex_rd=16 -> stall=0
[PASS] seq=crv_seq_1                    cyc=55 op=HK_BOTH        rs1=23 rs2=23 mem_read=1 ex_rd=23 -> stall=1
[PASS] seq=crv_seq_1                    cyc=56 op=HK_RANDOM      rs1=18 rs2=18 mem_read=1 ex_rd=22 -> stall=0
[PASS] seq=crv_seq_1                    cyc=57 op=HK_RS1_ONLY    rs1=14 rs2=30 mem_read=1 ex_rd=14 -> stall=1
[PASS] seq=crv_seq_1                    cyc=58 op=HK_RANDOM      rs1=21 rs2=20 mem_read=1 ex_rd=26 -> stall=0
[PASS] seq=crv_seq_1                    cyc=59 op=HK_NO_MATCH    rs1=8 rs2=0 mem_read=1 ex_rd=6 -> stall=0
[PASS] seq=crv_seq_1                    cyc=60 op=HK_RANDOM      rs1=8 rs2=15 mem_read=1 ex_rd=31 -> stall=0
[PASS] seq=crv_seq_1                    cyc=61 op=HK_RS1_ONLY    rs1=30 rs2=3 mem_read=1 ex_rd=30 -> stall=1
[PASS] seq=crv_seq_1                    cyc=62 op=HK_BOTH        rs1=3 rs2=3 mem_read=1 ex_rd=3 -> stall=1
[PASS] seq=crv_seq_1                    cyc=63 op=HK_RANDOM      rs1=24 rs2=29 mem_read=0 ex_rd=30 -> stall=0
[PASS] seq=crv_seq_1                    cyc=64 op=HK_NO_LOAD     rs1=13 rs2=1 mem_read=0 ex_rd=21 -> stall=0
[PASS] seq=crv_seq_1                    cyc=65 op=HK_RS1_ONLY    rs1=29 rs2=18 mem_read=1 ex_rd=29 -> stall=1
[PASS] seq=crv_seq_1                    cyc=66 op=HK_X0_EXCLUDED rs1=8 rs2=10 mem_read=1 ex_rd=0 -> stall=0
[PASS] seq=crv_seq_1                    cyc=67 op=HK_RANDOM      rs1=17 rs2=6 mem_read=0 ex_rd=10 -> stall=0
[PASS] seq=crv_seq_1                    cyc=68 op=HK_BOTH        rs1=14 rs2=14 mem_read=1 ex_rd=14 -> stall=1
[PASS] seq=crv_seq_1                    cyc=69 op=HK_NO_MATCH    rs1=29 rs2=17 mem_read=1 ex_rd=26 -> stall=0
[PASS] seq=crv_seq_1                    cyc=70 op=HK_BOTH        rs1=17 rs2=17 mem_read=1 ex_rd=17 -> stall=1
[PASS] seq=crv_seq_1                    cyc=71 op=HK_RS1_ONLY    rs1=22 rs2=5 mem_read=1 ex_rd=22 -> stall=1
[PASS] seq=crv_seq_1                    cyc=72 op=HK_RS1_ONLY    rs1=10 rs2=0 mem_read=1 ex_rd=10 -> stall=1
[PASS] seq=crv_seq_1                    cyc=73 op=HK_NO_LOAD     rs1=14 rs2=8 mem_read=0 ex_rd=23 -> stall=0
[PASS] seq=crv_seq_1                    cyc=74 op=HK_NO_MATCH    rs1=31 rs2=28 mem_read=1 ex_rd=24 -> stall=0
[PASS] seq=crv_seq_1                    cyc=75 op=HK_NO_LOAD     rs1=0 rs2=8 mem_read=0 ex_rd=0 -> stall=0
[PASS] seq=crv_seq_1                    cyc=76 op=HK_RS2_ONLY    rs1=18 rs2=12 mem_read=1 ex_rd=12 -> stall=1
[PASS] seq=crv_seq_1                    cyc=77 op=HK_X0_EXCLUDED rs1=21 rs2=28 mem_read=1 ex_rd=0 -> stall=0
[PASS] seq=crv_seq_1                    cyc=78 op=HK_RS1_ONLY    rs1=17 rs2=24 mem_read=1 ex_rd=17 -> stall=1
[PASS] seq=crv_seq_1                    cyc=79 op=HK_NO_LOAD     rs1=4 rs2=14 mem_read=0 ex_rd=30 -> stall=0
[PASS] seq=crv_seq_1                    cyc=80 op=HK_RS1_ONLY    rs1=16 rs2=17 mem_read=1 ex_rd=16 -> stall=1
[PASS] seq=crv_seq_1                    cyc=81 op=HK_RS2_ONLY    rs1=27 rs2=25 mem_read=1 ex_rd=25 -> stall=1
[PASS] seq=crv_seq_1                    cyc=82 op=HK_NO_LOAD     rs1=4 rs2=21 mem_read=0 ex_rd=8 -> stall=0
[PASS] seq=crv_seq_1                    cyc=83 op=HK_X0_EXCLUDED rs1=28 rs2=12 mem_read=1 ex_rd=0 -> stall=0
[PASS] seq=crv_seq_1                    cyc=84 op=HK_NO_MATCH    rs1=6 rs2=17 mem_read=1 ex_rd=14 -> stall=0
[PASS] seq=crv_seq_1                    cyc=85 op=HK_NO_LOAD     rs1=19 rs2=6 mem_read=0 ex_rd=3 -> stall=0
[PASS] seq=crv_seq_1                    cyc=86 op=HK_RS1_ONLY    rs1=12 rs2=9 mem_read=1 ex_rd=12 -> stall=1
[PASS] seq=crv_seq_1                    cyc=87 op=HK_X0_EXCLUDED rs1=14 rs2=5 mem_read=1 ex_rd=0 -> stall=0
[PASS] seq=crv_seq_1                    cyc=88 op=HK_RS1_ONLY    rs1=19 rs2=27 mem_read=1 ex_rd=19 -> stall=1
[PASS] seq=crv_seq_1                    cyc=89 op=HK_BOTH        rs1=23 rs2=23 mem_read=1 ex_rd=23 -> stall=1
[PASS] seq=crv_seq_1                    cyc=90 op=HK_RS1_ONLY    rs1=30 rs2=26 mem_read=1 ex_rd=30 -> stall=1
[PASS] seq=crv_seq_1                    cyc=91 op=HK_X0_EXCLUDED rs1=11 rs2=27 mem_read=1 ex_rd=0 -> stall=0
[PASS] seq=crv_seq_1                    cyc=92 op=HK_RS1_ONLY    rs1=7 rs2=25 mem_read=1 ex_rd=7 -> stall=1
[PASS] seq=crv_seq_1                    cyc=93 op=HK_RS2_ONLY    rs1=1 rs2=30 mem_read=1 ex_rd=30 -> stall=1
[PASS] seq=crv_seq_1                    cyc=94 op=HK_RS1_ONLY    rs1=31 rs2=4 mem_read=1 ex_rd=31 -> stall=1
[PASS] seq=crv_seq_1                    cyc=95 op=HK_BOTH        rs1=15 rs2=15 mem_read=1 ex_rd=15 -> stall=1
[PASS] seq=crv_seq_1                    cyc=96 op=HK_RANDOM      rs1=25 rs2=18 mem_read=0 ex_rd=10 -> stall=0
[PASS] seq=crv_seq_1                    cyc=97 op=HK_NO_MATCH    rs1=3 rs2=13 mem_read=1 ex_rd=19 -> stall=0
[PASS] seq=crv_seq_1                    cyc=98 op=HK_NO_MATCH    rs1=28 rs2=1 mem_read=1 ex_rd=11 -> stall=0
[PASS] seq=crv_seq_1                    cyc=99 op=HK_RANDOM      rs1=2 rs2=29 mem_read=1 ex_rd=9 -> stall=0
[PASS] seq=crv_seq_1                    cyc=100 op=HK_RS1_ONLY    rs1=14 rs2=20 mem_read=1 ex_rd=14 -> stall=1
[PASS] seq=crv_seq_1                    cyc=101 op=HK_X0_EXCLUDED rs1=19 rs2=18 mem_read=1 ex_rd=0 -> stall=0
[PASS] seq=crv_seq_1                    cyc=102 op=HK_BOTH        rs1=26 rs2=26 mem_read=1 ex_rd=26 -> stall=1
[PASS] seq=crv_seq_1                    cyc=103 op=HK_BOTH        rs1=1 rs2=1 mem_read=1 ex_rd=1 -> stall=1
[PASS] seq=crv_seq_1                    cyc=104 op=HK_RS2_ONLY    rs1=18 rs2=26 mem_read=1 ex_rd=26 -> stall=1
[PASS] seq=crv_seq_1                    cyc=105 op=HK_NO_LOAD     rs1=5 rs2=9 mem_read=0 ex_rd=4 -> stall=0
[PASS] seq=crv_seq_1                    cyc=106 op=HK_BOTH        rs1=19 rs2=19 mem_read=1 ex_rd=19 -> stall=1
[PASS] seq=crv_seq_1                    cyc=107 op=HK_NO_LOAD     rs1=30 rs2=4 mem_read=0 ex_rd=3 -> stall=0
[PASS] seq=crv_seq_1                    cyc=108 op=HK_RS1_ONLY    rs1=6 rs2=22 mem_read=1 ex_rd=6 -> stall=1
[PASS] seq=crv_seq_1                    cyc=109 op=HK_RANDOM      rs1=26 rs2=21 mem_read=0 ex_rd=6 -> stall=0
[PASS] seq=crv_seq_1                    cyc=110 op=HK_RS2_ONLY    rs1=24 rs2=6 mem_read=1 ex_rd=6 -> stall=1
[PASS] seq=crv_seq_1                    cyc=111 op=HK_RS2_ONLY    rs1=4 rs2=31 mem_read=1 ex_rd=31 -> stall=1
[PASS] seq=crv_seq_1                    cyc=112 op=HK_RS2_ONLY    rs1=18 rs2=4 mem_read=1 ex_rd=4 -> stall=1
[PASS] seq=crv_seq_1                    cyc=113 op=HK_RS1_ONLY    rs1=15 rs2=5 mem_read=1 ex_rd=15 -> stall=1
[PASS] seq=crv_seq_1                    cyc=114 op=HK_NO_LOAD     rs1=2 rs2=15 mem_read=0 ex_rd=1 -> stall=0
[PASS] seq=crv_seq_1                    cyc=115 op=HK_RS2_ONLY    rs1=28 rs2=27 mem_read=1 ex_rd=27 -> stall=1
[PASS] seq=crv_seq_1                    cyc=116 op=HK_NO_MATCH    rs1=5 rs2=12 mem_read=1 ex_rd=6 -> stall=0
[PASS] seq=crv_seq_1                    cyc=117 op=HK_RS2_ONLY    rs1=22 rs2=3 mem_read=1 ex_rd=3 -> stall=1
[PASS] seq=crv_seq_1                    cyc=118 op=HK_RANDOM      rs1=1 rs2=17 mem_read=0 ex_rd=1 -> stall=0
[PASS] seq=crv_seq_1                    cyc=119 op=HK_NO_MATCH    rs1=17 rs2=4 mem_read=1 ex_rd=19 -> stall=0
[PASS] seq=crv_seq_1                    cyc=120 op=HK_RS1_ONLY    rs1=6 rs2=7 mem_read=1 ex_rd=6 -> stall=1
[PASS] seq=crv_seq_1                    cyc=121 op=HK_RANDOM      rs1=14 rs2=9 mem_read=1 ex_rd=14 -> stall=1
[PASS] seq=crv_seq_1                    cyc=122 op=HK_BOTH        rs1=28 rs2=28 mem_read=1 ex_rd=28 -> stall=1
[PASS] seq=crv_seq_1                    cyc=123 op=HK_RANDOM      rs1=28 rs2=12 mem_read=0 ex_rd=18 -> stall=0
[PASS] seq=crv_seq_1                    cyc=124 op=HK_BOTH        rs1=5 rs2=5 mem_read=1 ex_rd=5 -> stall=1
[PASS] seq=crv_seq_1                    cyc=125 op=HK_NO_MATCH    rs1=5 rs2=8 mem_read=1 ex_rd=3 -> stall=0
[PASS] seq=crv_seq_1                    cyc=126 op=HK_NO_LOAD     rs1=3 rs2=13 mem_read=0 ex_rd=28 -> stall=0
[PASS] seq=crv_seq_1                    cyc=127 op=HK_RANDOM      rs1=8 rs2=19 mem_read=0 ex_rd=27 -> stall=0
[PASS] seq=crv_seq_1                    cyc=128 op=HK_RS2_ONLY    rs1=28 rs2=6 mem_read=1 ex_rd=6 -> stall=1
[PASS] seq=crv_seq_1                    cyc=129 op=HK_NO_LOAD     rs1=3 rs2=19 mem_read=0 ex_rd=24 -> stall=0
[PASS] seq=crv_seq_1                    cyc=130 op=HK_RANDOM      rs1=1 rs2=6 mem_read=0 ex_rd=12 -> stall=0
[PASS] seq=crv_seq_1                    cyc=131 op=HK_RS2_ONLY    rs1=17 rs2=6 mem_read=1 ex_rd=6 -> stall=1
[PASS] seq=crv_seq_1                    cyc=132 op=HK_X0_EXCLUDED rs1=11 rs2=13 mem_read=1 ex_rd=0 -> stall=0
[PASS] seq=crv_seq_1                    cyc=133 op=HK_RANDOM      rs1=3 rs2=21 mem_read=0 ex_rd=23 -> stall=0
[PASS] seq=crv_seq_1                    cyc=134 op=HK_NO_MATCH    rs1=31 rs2=21 mem_read=1 ex_rd=22 -> stall=0
[PASS] seq=crv_seq_1                    cyc=135 op=HK_X0_EXCLUDED rs1=20 rs2=31 mem_read=1 ex_rd=0 -> stall=0
[PASS] seq=crv_seq_1                    cyc=136 op=HK_NO_LOAD     rs1=27 rs2=16 mem_read=0 ex_rd=7 -> stall=0
[PASS] seq=crv_seq_1                    cyc=137 op=HK_RS1_ONLY    rs1=1 rs2=0 mem_read=1 ex_rd=1 -> stall=1
[PASS] seq=crv_seq_1                    cyc=138 op=HK_X0_EXCLUDED rs1=24 rs2=22 mem_read=1 ex_rd=0 -> stall=0
[PASS] seq=crv_seq_1                    cyc=139 op=HK_NO_MATCH    rs1=3 rs2=5 mem_read=1 ex_rd=28 -> stall=0
[PASS] seq=crv_seq_1                    cyc=140 op=HK_RANDOM      rs1=6 rs2=8 mem_read=1 ex_rd=7 -> stall=0
[PASS] seq=crv_seq_1                    cyc=141 op=HK_BOTH        rs1=28 rs2=28 mem_read=1 ex_rd=28 -> stall=1
[PASS] seq=crv_seq_1                    cyc=142 op=HK_RS2_ONLY    rs1=11 rs2=29 mem_read=1 ex_rd=29 -> stall=1
[PASS] seq=crv_seq_1                    cyc=143 op=HK_X0_EXCLUDED rs1=19 rs2=20 mem_read=1 ex_rd=0 -> stall=0
[PASS] seq=crv_seq_1                    cyc=144 op=HK_BOTH        rs1=14 rs2=14 mem_read=1 ex_rd=14 -> stall=1
[PASS] seq=crv_seq_1                    cyc=145 op=HK_RS1_ONLY    rs1=31 rs2=24 mem_read=1 ex_rd=31 -> stall=1
[PASS] seq=crv_seq_1                    cyc=146 op=HK_RANDOM      rs1=1 rs2=22 mem_read=0 ex_rd=26 -> stall=0
[PASS] seq=crv_seq_1                    cyc=147 op=HK_RANDOM      rs1=29 rs2=28 mem_read=1 ex_rd=27 -> stall=0
[PASS] seq=crv_seq_1                    cyc=148 op=HK_RANDOM      rs1=5 rs2=25 mem_read=0 ex_rd=8 -> stall=0
[PASS] seq=crv_seq_1                    cyc=149 op=HK_BOTH        rs1=16 rs2=16 mem_read=1 ex_rd=16 -> stall=1
[PASS] seq=crv_seq_1                    cyc=150 op=HK_NO_MATCH    rs1=4 rs2=11 mem_read=1 ex_rd=12 -> stall=0
[PASS] seq=crv_seq_1                    cyc=151 op=HK_BOTH        rs1=12 rs2=12 mem_read=1 ex_rd=12 -> stall=1
[PASS] seq=crv_seq_1                    cyc=152 op=HK_NO_LOAD     rs1=30 rs2=0 mem_read=0 ex_rd=27 -> stall=0
[PASS] seq=crv_seq_1                    cyc=153 op=HK_BOTH        rs1=10 rs2=10 mem_read=1 ex_rd=10 -> stall=1
[PASS] seq=crv_seq_1                    cyc=154 op=HK_RS1_ONLY    rs1=27 rs2=26 mem_read=1 ex_rd=27 -> stall=1
[PASS] seq=crv_seq_1                    cyc=155 op=HK_X0_EXCLUDED rs1=19 rs2=17 mem_read=1 ex_rd=0 -> stall=0
[PASS] seq=crv_seq_1                    cyc=156 op=HK_BOTH        rs1=25 rs2=25 mem_read=1 ex_rd=25 -> stall=1
[PASS] seq=crv_seq_1                    cyc=157 op=HK_BOTH        rs1=26 rs2=26 mem_read=1 ex_rd=26 -> stall=1
[PASS] seq=crv_seq_1                    cyc=158 op=HK_RS1_ONLY    rs1=9 rs2=14 mem_read=1 ex_rd=9 -> stall=1
[PASS] seq=crv_seq_1                    cyc=159 op=HK_RANDOM      rs1=8 rs2=13 mem_read=0 ex_rd=13 -> stall=0
[PASS] seq=crv_seq_1                    cyc=160 op=HK_RS2_ONLY    rs1=23 rs2=14 mem_read=1 ex_rd=14 -> stall=1
[PASS] seq=crv_seq_1                    cyc=161 op=HK_RS2_ONLY    rs1=21 rs2=2 mem_read=1 ex_rd=2 -> stall=1
[PASS] seq=crv_seq_1                    cyc=162 op=HK_RANDOM      rs1=16 rs2=27 mem_read=1 ex_rd=1 -> stall=0
[PASS] seq=crv_seq_1                    cyc=163 op=HK_RS2_ONLY    rs1=30 rs2=1 mem_read=1 ex_rd=1 -> stall=1
[PASS] seq=crv_seq_1                    cyc=164 op=HK_NO_LOAD     rs1=0 rs2=10 mem_read=0 ex_rd=15 -> stall=0
[PASS] seq=crv_seq_1                    cyc=165 op=HK_RANDOM      rs1=15 rs2=2 mem_read=0 ex_rd=8 -> stall=0
[PASS] seq=crv_seq_1                    cyc=166 op=HK_RS1_ONLY    rs1=11 rs2=31 mem_read=1 ex_rd=11 -> stall=1
[PASS] seq=crv_seq_1                    cyc=167 op=HK_RS2_ONLY    rs1=21 rs2=15 mem_read=1 ex_rd=15 -> stall=1
[PASS] seq=crv_seq_1                    cyc=168 op=HK_RS1_ONLY    rs1=22 rs2=11 mem_read=1 ex_rd=22 -> stall=1
[PASS] seq=crv_seq_1                    cyc=169 op=HK_RANDOM      rs1=25 rs2=2 mem_read=1 ex_rd=18 -> stall=0
[PASS] seq=crv_seq_1                    cyc=170 op=HK_RANDOM      rs1=27 rs2=8 mem_read=0 ex_rd=26 -> stall=0
[PASS] seq=crv_seq_1                    cyc=171 op=HK_RS2_ONLY    rs1=18 rs2=21 mem_read=1 ex_rd=21 -> stall=1
[PASS] seq=crv_seq_1                    cyc=172 op=HK_BOTH        rs1=7 rs2=7 mem_read=1 ex_rd=7 -> stall=1
[PASS] seq=crv_seq_1                    cyc=173 op=HK_RS1_ONLY    rs1=19 rs2=12 mem_read=1 ex_rd=19 -> stall=1
[PASS] seq=crv_seq_1                    cyc=174 op=HK_NO_LOAD     rs1=18 rs2=2 mem_read=0 ex_rd=29 -> stall=0
[PASS] seq=crv_seq_1                    cyc=175 op=HK_NO_MATCH    rs1=11 rs2=6 mem_read=1 ex_rd=2 -> stall=0
[PASS] seq=crv_seq_1                    cyc=176 op=HK_RANDOM      rs1=10 rs2=0 mem_read=1 ex_rd=23 -> stall=0
[PASS] seq=crv_seq_1                    cyc=177 op=HK_RANDOM      rs1=2 rs2=2 mem_read=1 ex_rd=31 -> stall=0
[PASS] seq=crv_seq_1                    cyc=178 op=HK_NO_LOAD     rs1=3 rs2=8 mem_read=0 ex_rd=31 -> stall=0
[PASS] seq=crv_seq_1                    cyc=179 op=HK_RS2_ONLY    rs1=11 rs2=13 mem_read=1 ex_rd=13 -> stall=1
[PASS] seq=crv_seq_1                    cyc=180 op=HK_BOTH        rs1=9 rs2=9 mem_read=1 ex_rd=9 -> stall=1
[PASS] seq=crv_seq_1                    cyc=181 op=HK_RS1_ONLY    rs1=27 rs2=25 mem_read=1 ex_rd=27 -> stall=1
[PASS] seq=crv_seq_1                    cyc=182 op=HK_X0_EXCLUDED rs1=15 rs2=23 mem_read=1 ex_rd=0 -> stall=0
[PASS] seq=crv_seq_1                    cyc=183 op=HK_RANDOM      rs1=4 rs2=12 mem_read=0 ex_rd=18 -> stall=0
[PASS] seq=crv_seq_1                    cyc=184 op=HK_NO_LOAD     rs1=10 rs2=16 mem_read=0 ex_rd=12 -> stall=0
[PASS] seq=crv_seq_1                    cyc=185 op=HK_NO_LOAD     rs1=26 rs2=14 mem_read=0 ex_rd=28 -> stall=0
[PASS] seq=crv_seq_1                    cyc=186 op=HK_BOTH        rs1=10 rs2=10 mem_read=1 ex_rd=10 -> stall=1
[PASS] seq=crv_seq_1                    cyc=187 op=HK_BOTH        rs1=23 rs2=23 mem_read=1 ex_rd=23 -> stall=1
[PASS] seq=crv_seq_1                    cyc=188 op=HK_RS1_ONLY    rs1=19 rs2=10 mem_read=1 ex_rd=19 -> stall=1
[PASS] seq=crv_seq_1                    cyc=189 op=HK_RANDOM      rs1=6 rs2=22 mem_read=0 ex_rd=21 -> stall=0
[PASS] seq=crv_seq_1                    cyc=190 op=HK_RANDOM      rs1=21 rs2=6 mem_read=0 ex_rd=2 -> stall=0
[PASS] seq=crv_seq_1                    cyc=191 op=HK_NO_LOAD     rs1=5 rs2=5 mem_read=0 ex_rd=12 -> stall=0
[PASS] seq=crv_seq_1                    cyc=192 op=HK_BOTH        rs1=27 rs2=27 mem_read=1 ex_rd=27 -> stall=1
[PASS] seq=crv_seq_1                    cyc=193 op=HK_BOTH        rs1=30 rs2=30 mem_read=1 ex_rd=30 -> stall=1
[PASS] seq=crv_seq_1                    cyc=194 op=HK_RANDOM      rs1=7 rs2=13 mem_read=0 ex_rd=23 -> stall=0
[PASS] seq=crv_seq_1                    cyc=195 op=HK_NO_LOAD     rs1=14 rs2=21 mem_read=0 ex_rd=12 -> stall=0
[PASS] seq=crv_seq_1                    cyc=196 op=HK_RS2_ONLY    rs1=13 rs2=8 mem_read=1 ex_rd=8 -> stall=1
[PASS] seq=crv_seq_1                    cyc=197 op=HK_RS1_ONLY    rs1=21 rs2=23 mem_read=1 ex_rd=21 -> stall=1
[PASS] seq=crv_seq_1                    cyc=198 op=HK_NO_MATCH    rs1=15 rs2=23 mem_read=1 ex_rd=31 -> stall=0
[PASS] seq=crv_seq_1                    cyc=199 op=HK_RANDOM      rs1=5 rs2=23 mem_read=1 ex_rd=9 -> stall=0
[PASS] seq=crv_seq_2                    cyc=0 op=HK_RS2_ONLY    rs1=15 rs2=12 mem_read=1 ex_rd=12 -> stall=1
[PASS] seq=crv_seq_2                    cyc=1 op=HK_RS1_ONLY    rs1=17 rs2=6 mem_read=1 ex_rd=17 -> stall=1
[PASS] seq=crv_seq_2                    cyc=2 op=HK_RANDOM      rs1=3 rs2=3 mem_read=1 ex_rd=8 -> stall=0
[PASS] seq=crv_seq_2                    cyc=3 op=HK_NO_LOAD     rs1=21 rs2=29 mem_read=0 ex_rd=9 -> stall=0
[PASS] seq=crv_seq_2                    cyc=4 op=HK_RS2_ONLY    rs1=14 rs2=2 mem_read=1 ex_rd=2 -> stall=1
[PASS] seq=crv_seq_2                    cyc=5 op=HK_RS1_ONLY    rs1=20 rs2=6 mem_read=1 ex_rd=20 -> stall=1
[PASS] seq=crv_seq_2                    cyc=6 op=HK_RS2_ONLY    rs1=1 rs2=13 mem_read=1 ex_rd=13 -> stall=1
[PASS] seq=crv_seq_2                    cyc=7 op=HK_BOTH        rs1=25 rs2=25 mem_read=1 ex_rd=25 -> stall=1
[PASS] seq=crv_seq_2                    cyc=8 op=HK_RS1_ONLY    rs1=1 rs2=9 mem_read=1 ex_rd=1 -> stall=1
[PASS] seq=crv_seq_2                    cyc=9 op=HK_RANDOM      rs1=21 rs2=0 mem_read=1 ex_rd=21 -> stall=1
[PASS] seq=crv_seq_2                    cyc=10 op=HK_RANDOM      rs1=29 rs2=18 mem_read=1 ex_rd=7 -> stall=0
[PASS] seq=crv_seq_2                    cyc=11 op=HK_RS1_ONLY    rs1=8 rs2=31 mem_read=1 ex_rd=8 -> stall=1
[PASS] seq=crv_seq_2                    cyc=12 op=HK_RANDOM      rs1=8 rs2=22 mem_read=0 ex_rd=0 -> stall=0
[PASS] seq=crv_seq_2                    cyc=13 op=HK_RS1_ONLY    rs1=23 rs2=19 mem_read=1 ex_rd=23 -> stall=1
[PASS] seq=crv_seq_2                    cyc=14 op=HK_RS1_ONLY    rs1=14 rs2=16 mem_read=1 ex_rd=14 -> stall=1
[PASS] seq=crv_seq_2                    cyc=15 op=HK_X0_EXCLUDED rs1=16 rs2=28 mem_read=1 ex_rd=0 -> stall=0
[PASS] seq=crv_seq_2                    cyc=16 op=HK_NO_LOAD     rs1=28 rs2=9 mem_read=0 ex_rd=4 -> stall=0
[PASS] seq=crv_seq_2                    cyc=17 op=HK_RS2_ONLY    rs1=7 rs2=21 mem_read=1 ex_rd=21 -> stall=1
[PASS] seq=crv_seq_2                    cyc=18 op=HK_BOTH        rs1=30 rs2=30 mem_read=1 ex_rd=30 -> stall=1
[PASS] seq=crv_seq_2                    cyc=19 op=HK_NO_LOAD     rs1=9 rs2=16 mem_read=0 ex_rd=19 -> stall=0
[PASS] seq=crv_seq_2                    cyc=20 op=HK_BOTH        rs1=22 rs2=22 mem_read=1 ex_rd=22 -> stall=1
[PASS] seq=crv_seq_2                    cyc=21 op=HK_RANDOM      rs1=12 rs2=20 mem_read=1 ex_rd=6 -> stall=0
[PASS] seq=crv_seq_2                    cyc=22 op=HK_RS2_ONLY    rs1=28 rs2=21 mem_read=1 ex_rd=21 -> stall=1
[PASS] seq=crv_seq_2                    cyc=23 op=HK_RANDOM      rs1=20 rs2=11 mem_read=1 ex_rd=13 -> stall=0
[PASS] seq=crv_seq_2                    cyc=24 op=HK_NO_LOAD     rs1=18 rs2=29 mem_read=0 ex_rd=28 -> stall=0
[PASS] seq=crv_seq_2                    cyc=25 op=HK_RS2_ONLY    rs1=5 rs2=16 mem_read=1 ex_rd=16 -> stall=1
[PASS] seq=crv_seq_2                    cyc=26 op=HK_NO_MATCH    rs1=19 rs2=2 mem_read=1 ex_rd=7 -> stall=0
[PASS] seq=crv_seq_2                    cyc=27 op=HK_NO_LOAD     rs1=28 rs2=17 mem_read=0 ex_rd=30 -> stall=0
[PASS] seq=crv_seq_2                    cyc=28 op=HK_RS1_ONLY    rs1=25 rs2=1 mem_read=1 ex_rd=25 -> stall=1
[PASS] seq=crv_seq_2                    cyc=29 op=HK_NO_MATCH    rs1=22 rs2=28 mem_read=1 ex_rd=10 -> stall=0
[PASS] seq=crv_seq_2                    cyc=30 op=HK_RS2_ONLY    rs1=2 rs2=11 mem_read=1 ex_rd=11 -> stall=1
[PASS] seq=crv_seq_2                    cyc=31 op=HK_X0_EXCLUDED rs1=19 rs2=6 mem_read=1 ex_rd=0 -> stall=0
[PASS] seq=crv_seq_2                    cyc=32 op=HK_RANDOM      rs1=23 rs2=2 mem_read=1 ex_rd=2 -> stall=1
[PASS] seq=crv_seq_2                    cyc=33 op=HK_NO_MATCH    rs1=1 rs2=5 mem_read=1 ex_rd=2 -> stall=0
[PASS] seq=crv_seq_2                    cyc=34 op=HK_RS2_ONLY    rs1=22 rs2=4 mem_read=1 ex_rd=4 -> stall=1
[PASS] seq=crv_seq_2                    cyc=35 op=HK_RANDOM      rs1=3 rs2=10 mem_read=0 ex_rd=4 -> stall=0
[PASS] seq=crv_seq_2                    cyc=36 op=HK_NO_LOAD     rs1=0 rs2=9 mem_read=0 ex_rd=13 -> stall=0
[PASS] seq=crv_seq_2                    cyc=37 op=HK_RANDOM      rs1=6 rs2=7 mem_read=1 ex_rd=5 -> stall=0
[PASS] seq=crv_seq_2                    cyc=38 op=HK_RS2_ONLY    rs1=10 rs2=20 mem_read=1 ex_rd=20 -> stall=1
[PASS] seq=crv_seq_2                    cyc=39 op=HK_RS1_ONLY    rs1=27 rs2=15 mem_read=1 ex_rd=27 -> stall=1
[PASS] seq=crv_seq_2                    cyc=40 op=HK_RANDOM      rs1=11 rs2=4 mem_read=1 ex_rd=26 -> stall=0
[PASS] seq=crv_seq_2                    cyc=41 op=HK_NO_LOAD     rs1=4 rs2=9 mem_read=0 ex_rd=6 -> stall=0
[PASS] seq=crv_seq_2                    cyc=42 op=HK_RANDOM      rs1=13 rs2=18 mem_read=0 ex_rd=26 -> stall=0
[PASS] seq=crv_seq_2                    cyc=43 op=HK_NO_LOAD     rs1=26 rs2=31 mem_read=0 ex_rd=15 -> stall=0
[PASS] seq=crv_seq_2                    cyc=44 op=HK_BOTH        rs1=4 rs2=4 mem_read=1 ex_rd=4 -> stall=1
[PASS] seq=crv_seq_2                    cyc=45 op=HK_NO_LOAD     rs1=2 rs2=9 mem_read=0 ex_rd=13 -> stall=0
[PASS] seq=crv_seq_2                    cyc=46 op=HK_RS1_ONLY    rs1=23 rs2=26 mem_read=1 ex_rd=23 -> stall=1
[PASS] seq=crv_seq_2                    cyc=47 op=HK_RS2_ONLY    rs1=31 rs2=15 mem_read=1 ex_rd=15 -> stall=1
[PASS] seq=crv_seq_2                    cyc=48 op=HK_RANDOM      rs1=11 rs2=8 mem_read=0 ex_rd=9 -> stall=0
[PASS] seq=crv_seq_2                    cyc=49 op=HK_RS2_ONLY    rs1=20 rs2=16 mem_read=1 ex_rd=16 -> stall=1
[PASS] seq=crv_seq_2                    cyc=50 op=HK_BOTH        rs1=26 rs2=26 mem_read=1 ex_rd=26 -> stall=1
[PASS] seq=crv_seq_2                    cyc=51 op=HK_RS2_ONLY    rs1=27 rs2=22 mem_read=1 ex_rd=22 -> stall=1
[PASS] seq=crv_seq_2                    cyc=52 op=HK_NO_LOAD     rs1=28 rs2=10 mem_read=0 ex_rd=20 -> stall=0
[PASS] seq=crv_seq_2                    cyc=53 op=HK_NO_LOAD     rs1=15 rs2=9 mem_read=0 ex_rd=19 -> stall=0
[PASS] seq=crv_seq_2                    cyc=54 op=HK_BOTH        rs1=18 rs2=18 mem_read=1 ex_rd=18 -> stall=1
[PASS] seq=crv_seq_2                    cyc=55 op=HK_RS1_ONLY    rs1=1 rs2=21 mem_read=1 ex_rd=1 -> stall=1
[PASS] seq=crv_seq_2                    cyc=56 op=HK_RANDOM      rs1=10 rs2=17 mem_read=0 ex_rd=4 -> stall=0
[PASS] seq=crv_seq_2                    cyc=57 op=HK_RS2_ONLY    rs1=27 rs2=31 mem_read=1 ex_rd=31 -> stall=1
[PASS] seq=crv_seq_2                    cyc=58 op=HK_RS1_ONLY    rs1=24 rs2=31 mem_read=1 ex_rd=24 -> stall=1
[PASS] seq=crv_seq_2                    cyc=59 op=HK_RS2_ONLY    rs1=21 rs2=20 mem_read=1 ex_rd=20 -> stall=1
[PASS] seq=crv_seq_2                    cyc=60 op=HK_RANDOM      rs1=8 rs2=11 mem_read=1 ex_rd=11 -> stall=1
[PASS] seq=crv_seq_2                    cyc=61 op=HK_RS1_ONLY    rs1=3 rs2=25 mem_read=1 ex_rd=3 -> stall=1
[PASS] seq=crv_seq_2                    cyc=62 op=HK_X0_EXCLUDED rs1=19 rs2=16 mem_read=1 ex_rd=0 -> stall=0
[PASS] seq=crv_seq_2                    cyc=63 op=HK_RS1_ONLY    rs1=29 rs2=13 mem_read=1 ex_rd=29 -> stall=1
[PASS] seq=crv_seq_2                    cyc=64 op=HK_X0_EXCLUDED rs1=11 rs2=28 mem_read=1 ex_rd=0 -> stall=0
[PASS] seq=crv_seq_2                    cyc=65 op=HK_BOTH        rs1=17 rs2=17 mem_read=1 ex_rd=17 -> stall=1
[PASS] seq=crv_seq_2                    cyc=66 op=HK_RS2_ONLY    rs1=7 rs2=30 mem_read=1 ex_rd=30 -> stall=1
[PASS] seq=crv_seq_2                    cyc=67 op=HK_RS1_ONLY    rs1=8 rs2=11 mem_read=1 ex_rd=8 -> stall=1
[PASS] seq=crv_seq_2                    cyc=68 op=HK_X0_EXCLUDED rs1=11 rs2=25 mem_read=1 ex_rd=0 -> stall=0
[PASS] seq=crv_seq_2                    cyc=69 op=HK_BOTH        rs1=25 rs2=25 mem_read=1 ex_rd=25 -> stall=1
[PASS] seq=crv_seq_2                    cyc=70 op=HK_RS1_ONLY    rs1=27 rs2=3 mem_read=1 ex_rd=27 -> stall=1
[PASS] seq=crv_seq_2                    cyc=71 op=HK_RANDOM      rs1=5 rs2=29 mem_read=1 ex_rd=30 -> stall=0
[PASS] seq=crv_seq_2                    cyc=72 op=HK_BOTH        rs1=11 rs2=11 mem_read=1 ex_rd=11 -> stall=1
[PASS] seq=crv_seq_2                    cyc=73 op=HK_RS1_ONLY    rs1=22 rs2=23 mem_read=1 ex_rd=22 -> stall=1
[PASS] seq=crv_seq_2                    cyc=74 op=HK_BOTH        rs1=4 rs2=4 mem_read=1 ex_rd=4 -> stall=1
[PASS] seq=crv_seq_2                    cyc=75 op=HK_X0_EXCLUDED rs1=23 rs2=6 mem_read=1 ex_rd=0 -> stall=0
[PASS] seq=crv_seq_2                    cyc=76 op=HK_RANDOM      rs1=31 rs2=30 mem_read=0 ex_rd=4 -> stall=0
[PASS] seq=crv_seq_2                    cyc=77 op=HK_RS1_ONLY    rs1=10 rs2=1 mem_read=1 ex_rd=10 -> stall=1
[PASS] seq=crv_seq_2                    cyc=78 op=HK_RS1_ONLY    rs1=5 rs2=9 mem_read=1 ex_rd=5 -> stall=1
[PASS] seq=crv_seq_2                    cyc=79 op=HK_NO_LOAD     rs1=15 rs2=3 mem_read=0 ex_rd=14 -> stall=0
[PASS] seq=crv_seq_2                    cyc=80 op=HK_X0_EXCLUDED rs1=19 rs2=6 mem_read=1 ex_rd=0 -> stall=0
[PASS] seq=crv_seq_2                    cyc=81 op=HK_RS1_ONLY    rs1=30 rs2=27 mem_read=1 ex_rd=30 -> stall=1
[PASS] seq=crv_seq_2                    cyc=82 op=HK_RS1_ONLY    rs1=1 rs2=8 mem_read=1 ex_rd=1 -> stall=1
[PASS] seq=crv_seq_2                    cyc=83 op=HK_NO_LOAD     rs1=25 rs2=19 mem_read=0 ex_rd=5 -> stall=0
[PASS] seq=crv_seq_2                    cyc=84 op=HK_X0_EXCLUDED rs1=3 rs2=25 mem_read=1 ex_rd=0 -> stall=0
[PASS] seq=crv_seq_2                    cyc=85 op=HK_BOTH        rs1=26 rs2=26 mem_read=1 ex_rd=26 -> stall=1
[PASS] seq=crv_seq_2                    cyc=86 op=HK_NO_LOAD     rs1=8 rs2=9 mem_read=0 ex_rd=6 -> stall=0
[PASS] seq=crv_seq_2                    cyc=87 op=HK_BOTH        rs1=27 rs2=27 mem_read=1 ex_rd=27 -> stall=1
[PASS] seq=crv_seq_2                    cyc=88 op=HK_RANDOM      rs1=30 rs2=19 mem_read=1 ex_rd=13 -> stall=0
[PASS] seq=crv_seq_2                    cyc=89 op=HK_BOTH        rs1=8 rs2=8 mem_read=1 ex_rd=8 -> stall=1
[PASS] seq=crv_seq_2                    cyc=90 op=HK_BOTH        rs1=25 rs2=25 mem_read=1 ex_rd=25 -> stall=1
[PASS] seq=crv_seq_2                    cyc=91 op=HK_RS1_ONLY    rs1=8 rs2=30 mem_read=1 ex_rd=8 -> stall=1
[PASS] seq=crv_seq_2                    cyc=92 op=HK_RS1_ONLY    rs1=22 rs2=13 mem_read=1 ex_rd=22 -> stall=1
[PASS] seq=crv_seq_2                    cyc=93 op=HK_NO_LOAD     rs1=2 rs2=2 mem_read=0 ex_rd=28 -> stall=0
[PASS] seq=crv_seq_2                    cyc=94 op=HK_RANDOM      rs1=30 rs2=30 mem_read=1 ex_rd=2 -> stall=0
[PASS] seq=crv_seq_2                    cyc=95 op=HK_BOTH        rs1=31 rs2=31 mem_read=1 ex_rd=31 -> stall=1
[PASS] seq=crv_seq_2                    cyc=96 op=HK_BOTH        rs1=18 rs2=18 mem_read=1 ex_rd=18 -> stall=1
[PASS] seq=crv_seq_2                    cyc=97 op=HK_RS2_ONLY    rs1=6 rs2=24 mem_read=1 ex_rd=24 -> stall=1
[PASS] seq=crv_seq_2                    cyc=98 op=HK_NO_MATCH    rs1=12 rs2=15 mem_read=1 ex_rd=7 -> stall=0
[PASS] seq=crv_seq_2                    cyc=99 op=HK_RS2_ONLY    rs1=13 rs2=17 mem_read=1 ex_rd=17 -> stall=1
[PASS] seq=crv_seq_2                    cyc=100 op=HK_NO_MATCH    rs1=0 rs2=0 mem_read=1 ex_rd=8 -> stall=0
[PASS] seq=crv_seq_2                    cyc=101 op=HK_RANDOM      rs1=12 rs2=20 mem_read=0 ex_rd=16 -> stall=0
[PASS] seq=crv_seq_2                    cyc=102 op=HK_RANDOM      rs1=15 rs2=8 mem_read=0 ex_rd=0 -> stall=0
[PASS] seq=crv_seq_2                    cyc=103 op=HK_X0_EXCLUDED rs1=11 rs2=10 mem_read=1 ex_rd=0 -> stall=0
[PASS] seq=crv_seq_2                    cyc=104 op=HK_NO_LOAD     rs1=27 rs2=17 mem_read=0 ex_rd=6 -> stall=0
[PASS] seq=crv_seq_2                    cyc=105 op=HK_RANDOM      rs1=11 rs2=27 mem_read=1 ex_rd=27 -> stall=1
[PASS] seq=crv_seq_2                    cyc=106 op=HK_X0_EXCLUDED rs1=30 rs2=0 mem_read=1 ex_rd=0 -> stall=0
[PASS] seq=crv_seq_2                    cyc=107 op=HK_NO_MATCH    rs1=27 rs2=9 mem_read=1 ex_rd=17 -> stall=0
[PASS] seq=crv_seq_2                    cyc=108 op=HK_BOTH        rs1=13 rs2=13 mem_read=1 ex_rd=13 -> stall=1
[PASS] seq=crv_seq_2                    cyc=109 op=HK_RANDOM      rs1=25 rs2=8 mem_read=0 ex_rd=30 -> stall=0
[PASS] seq=crv_seq_2                    cyc=110 op=HK_RS2_ONLY    rs1=29 rs2=30 mem_read=1 ex_rd=30 -> stall=1
[PASS] seq=crv_seq_2                    cyc=111 op=HK_RANDOM      rs1=6 rs2=29 mem_read=0 ex_rd=7 -> stall=0
[PASS] seq=crv_seq_2                    cyc=112 op=HK_RANDOM      rs1=16 rs2=14 mem_read=1 ex_rd=26 -> stall=0
[PASS] seq=crv_seq_2                    cyc=113 op=HK_X0_EXCLUDED rs1=11 rs2=18 mem_read=1 ex_rd=0 -> stall=0
[PASS] seq=crv_seq_2                    cyc=114 op=HK_BOTH        rs1=22 rs2=22 mem_read=1 ex_rd=22 -> stall=1
[PASS] seq=crv_seq_2                    cyc=115 op=HK_RANDOM      rs1=24 rs2=25 mem_read=1 ex_rd=28 -> stall=0
[PASS] seq=crv_seq_2                    cyc=116 op=HK_RS2_ONLY    rs1=11 rs2=24 mem_read=1 ex_rd=24 -> stall=1
[PASS] seq=crv_seq_2                    cyc=117 op=HK_RANDOM      rs1=26 rs2=30 mem_read=1 ex_rd=11 -> stall=0
[PASS] seq=crv_seq_2                    cyc=118 op=HK_RS2_ONLY    rs1=4 rs2=9 mem_read=1 ex_rd=9 -> stall=1
[PASS] seq=crv_seq_2                    cyc=119 op=HK_NO_MATCH    rs1=14 rs2=5 mem_read=1 ex_rd=18 -> stall=0
[PASS] seq=crv_seq_2                    cyc=120 op=HK_NO_LOAD     rs1=21 rs2=15 mem_read=0 ex_rd=11 -> stall=0
[PASS] seq=crv_seq_2                    cyc=121 op=HK_X0_EXCLUDED rs1=25 rs2=11 mem_read=1 ex_rd=0 -> stall=0
[PASS] seq=crv_seq_2                    cyc=122 op=HK_RS1_ONLY    rs1=8 rs2=7 mem_read=1 ex_rd=8 -> stall=1
[PASS] seq=crv_seq_2                    cyc=123 op=HK_RANDOM      rs1=27 rs2=19 mem_read=0 ex_rd=16 -> stall=0
[PASS] seq=crv_seq_2                    cyc=124 op=HK_RS2_ONLY    rs1=12 rs2=1 mem_read=1 ex_rd=1 -> stall=1
[PASS] seq=crv_seq_2                    cyc=125 op=HK_BOTH        rs1=25 rs2=25 mem_read=1 ex_rd=25 -> stall=1
[PASS] seq=crv_seq_2                    cyc=126 op=HK_NO_LOAD     rs1=20 rs2=27 mem_read=0 ex_rd=7 -> stall=0
[PASS] seq=crv_seq_2                    cyc=127 op=HK_NO_MATCH    rs1=29 rs2=20 mem_read=1 ex_rd=31 -> stall=0
[PASS] seq=crv_seq_2                    cyc=128 op=HK_RS2_ONLY    rs1=19 rs2=17 mem_read=1 ex_rd=17 -> stall=1
[PASS] seq=crv_seq_2                    cyc=129 op=HK_NO_LOAD     rs1=3 rs2=25 mem_read=0 ex_rd=28 -> stall=0
[PASS] seq=crv_seq_2                    cyc=130 op=HK_RANDOM      rs1=17 rs2=29 mem_read=1 ex_rd=1 -> stall=0
[PASS] seq=crv_seq_2                    cyc=131 op=HK_RANDOM      rs1=9 rs2=1 mem_read=1 ex_rd=20 -> stall=0
[PASS] seq=crv_seq_2                    cyc=132 op=HK_BOTH        rs1=17 rs2=17 mem_read=1 ex_rd=17 -> stall=1
[PASS] seq=crv_seq_2                    cyc=133 op=HK_RS1_ONLY    rs1=1 rs2=24 mem_read=1 ex_rd=1 -> stall=1
[PASS] seq=crv_seq_2                    cyc=134 op=HK_RS2_ONLY    rs1=13 rs2=31 mem_read=1 ex_rd=31 -> stall=1
[PASS] seq=crv_seq_2                    cyc=135 op=HK_NO_LOAD     rs1=29 rs2=14 mem_read=0 ex_rd=22 -> stall=0
[PASS] seq=crv_seq_2                    cyc=136 op=HK_RS1_ONLY    rs1=26 rs2=12 mem_read=1 ex_rd=26 -> stall=1
[PASS] seq=crv_seq_2                    cyc=137 op=HK_NO_MATCH    rs1=7 rs2=12 mem_read=1 ex_rd=31 -> stall=0
[PASS] seq=crv_seq_2                    cyc=138 op=HK_RS1_ONLY    rs1=16 rs2=17 mem_read=1 ex_rd=16 -> stall=1
[PASS] seq=crv_seq_2                    cyc=139 op=HK_NO_LOAD     rs1=2 rs2=30 mem_read=0 ex_rd=9 -> stall=0
[PASS] seq=crv_seq_2                    cyc=140 op=HK_NO_LOAD     rs1=3 rs2=25 mem_read=0 ex_rd=1 -> stall=0
[PASS] seq=crv_seq_2                    cyc=141 op=HK_BOTH        rs1=24 rs2=24 mem_read=1 ex_rd=24 -> stall=1
[PASS] seq=crv_seq_2                    cyc=142 op=HK_NO_LOAD     rs1=17 rs2=8 mem_read=0 ex_rd=16 -> stall=0
[PASS] seq=crv_seq_2                    cyc=143 op=HK_BOTH        rs1=31 rs2=31 mem_read=1 ex_rd=31 -> stall=1
[PASS] seq=crv_seq_2                    cyc=144 op=HK_RANDOM      rs1=21 rs2=15 mem_read=0 ex_rd=19 -> stall=0
[PASS] seq=crv_seq_2                    cyc=145 op=HK_RS2_ONLY    rs1=7 rs2=23 mem_read=1 ex_rd=23 -> stall=1
[PASS] seq=crv_seq_2                    cyc=146 op=HK_RS2_ONLY    rs1=8 rs2=20 mem_read=1 ex_rd=20 -> stall=1
[PASS] seq=crv_seq_2                    cyc=147 op=HK_RS1_ONLY    rs1=13 rs2=11 mem_read=1 ex_rd=13 -> stall=1
[PASS] seq=crv_seq_2                    cyc=148 op=HK_RANDOM      rs1=19 rs2=18 mem_read=1 ex_rd=18 -> stall=1
[PASS] seq=crv_seq_2                    cyc=149 op=HK_RANDOM      rs1=2 rs2=6 mem_read=1 ex_rd=25 -> stall=0
[PASS] seq=crv_seq_2                    cyc=150 op=HK_BOTH        rs1=10 rs2=10 mem_read=1 ex_rd=10 -> stall=1
[PASS] seq=crv_seq_2                    cyc=151 op=HK_NO_MATCH    rs1=12 rs2=7 mem_read=1 ex_rd=29 -> stall=0
[PASS] seq=crv_seq_2                    cyc=152 op=HK_RANDOM      rs1=12 rs2=28 mem_read=0 ex_rd=11 -> stall=0
[PASS] seq=crv_seq_2                    cyc=153 op=HK_RS2_ONLY    rs1=8 rs2=28 mem_read=1 ex_rd=28 -> stall=1
[PASS] seq=crv_seq_2                    cyc=154 op=HK_RS1_ONLY    rs1=5 rs2=14 mem_read=1 ex_rd=5 -> stall=1
[PASS] seq=crv_seq_2                    cyc=155 op=HK_X0_EXCLUDED rs1=5 rs2=14 mem_read=1 ex_rd=0 -> stall=0
[PASS] seq=crv_seq_2                    cyc=156 op=HK_NO_LOAD     rs1=4 rs2=13 mem_read=0 ex_rd=7 -> stall=0
[PASS] seq=crv_seq_2                    cyc=157 op=HK_NO_MATCH    rs1=30 rs2=10 mem_read=1 ex_rd=28 -> stall=0
[PASS] seq=crv_seq_2                    cyc=158 op=HK_X0_EXCLUDED rs1=12 rs2=25 mem_read=1 ex_rd=0 -> stall=0
[PASS] seq=crv_seq_2                    cyc=159 op=HK_RS2_ONLY    rs1=13 rs2=2 mem_read=1 ex_rd=2 -> stall=1
[PASS] seq=crv_seq_2                    cyc=160 op=HK_BOTH        rs1=26 rs2=26 mem_read=1 ex_rd=26 -> stall=1
[PASS] seq=crv_seq_2                    cyc=161 op=HK_RS2_ONLY    rs1=1 rs2=28 mem_read=1 ex_rd=28 -> stall=1
[PASS] seq=crv_seq_2                    cyc=162 op=HK_NO_MATCH    rs1=18 rs2=4 mem_read=1 ex_rd=16 -> stall=0
[PASS] seq=crv_seq_2                    cyc=163 op=HK_NO_LOAD     rs1=8 rs2=3 mem_read=0 ex_rd=15 -> stall=0
[PASS] seq=crv_seq_2                    cyc=164 op=HK_RANDOM      rs1=11 rs2=22 mem_read=1 ex_rd=17 -> stall=0
[PASS] seq=crv_seq_2                    cyc=165 op=HK_RANDOM      rs1=29 rs2=27 mem_read=1 ex_rd=22 -> stall=0
[PASS] seq=crv_seq_2                    cyc=166 op=HK_BOTH        rs1=28 rs2=28 mem_read=1 ex_rd=28 -> stall=1
[PASS] seq=crv_seq_2                    cyc=167 op=HK_X0_EXCLUDED rs1=25 rs2=11 mem_read=1 ex_rd=0 -> stall=0
[PASS] seq=crv_seq_2                    cyc=168 op=HK_RANDOM      rs1=15 rs2=11 mem_read=1 ex_rd=11 -> stall=1
[PASS] seq=crv_seq_2                    cyc=169 op=HK_X0_EXCLUDED rs1=13 rs2=0 mem_read=1 ex_rd=0 -> stall=0
[PASS] seq=crv_seq_2                    cyc=170 op=HK_X0_EXCLUDED rs1=25 rs2=15 mem_read=1 ex_rd=0 -> stall=0
[PASS] seq=crv_seq_2                    cyc=171 op=HK_BOTH        rs1=22 rs2=22 mem_read=1 ex_rd=22 -> stall=1
[PASS] seq=crv_seq_2                    cyc=172 op=HK_RS2_ONLY    rs1=1 rs2=31 mem_read=1 ex_rd=31 -> stall=1
[PASS] seq=crv_seq_2                    cyc=173 op=HK_RANDOM      rs1=16 rs2=3 mem_read=0 ex_rd=5 -> stall=0
[PASS] seq=crv_seq_2                    cyc=174 op=HK_RS2_ONLY    rs1=12 rs2=25 mem_read=1 ex_rd=25 -> stall=1
[PASS] seq=crv_seq_2                    cyc=175 op=HK_RS1_ONLY    rs1=30 rs2=16 mem_read=1 ex_rd=30 -> stall=1
[PASS] seq=crv_seq_2                    cyc=176 op=HK_RS1_ONLY    rs1=10 rs2=12 mem_read=1 ex_rd=10 -> stall=1
[PASS] seq=crv_seq_2                    cyc=177 op=HK_RS2_ONLY    rs1=2 rs2=24 mem_read=1 ex_rd=24 -> stall=1
[PASS] seq=crv_seq_2                    cyc=178 op=HK_RS1_ONLY    rs1=3 rs2=14 mem_read=1 ex_rd=3 -> stall=1
[PASS] seq=crv_seq_2                    cyc=179 op=HK_X0_EXCLUDED rs1=19 rs2=19 mem_read=1 ex_rd=0 -> stall=0
[PASS] seq=crv_seq_2                    cyc=180 op=HK_NO_LOAD     rs1=20 rs2=12 mem_read=0 ex_rd=27 -> stall=0
[PASS] seq=crv_seq_2                    cyc=181 op=HK_RS1_ONLY    rs1=12 rs2=22 mem_read=1 ex_rd=12 -> stall=1
[PASS] seq=crv_seq_2                    cyc=182 op=HK_RS1_ONLY    rs1=20 rs2=16 mem_read=1 ex_rd=20 -> stall=1
[PASS] seq=crv_seq_2                    cyc=183 op=HK_NO_MATCH    rs1=19 rs2=7 mem_read=1 ex_rd=28 -> stall=0
[PASS] seq=crv_seq_2                    cyc=184 op=HK_NO_MATCH    rs1=29 rs2=15 mem_read=1 ex_rd=28 -> stall=0
[PASS] seq=crv_seq_2                    cyc=185 op=HK_NO_MATCH    rs1=8 rs2=27 mem_read=1 ex_rd=17 -> stall=0
[PASS] seq=crv_seq_2                    cyc=186 op=HK_RANDOM      rs1=3 rs2=8 mem_read=1 ex_rd=6 -> stall=0
[PASS] seq=crv_seq_2                    cyc=187 op=HK_BOTH        rs1=10 rs2=10 mem_read=1 ex_rd=10 -> stall=1
[PASS] seq=crv_seq_2                    cyc=188 op=HK_BOTH        rs1=9 rs2=9 mem_read=1 ex_rd=9 -> stall=1
[PASS] seq=crv_seq_2                    cyc=189 op=HK_RS1_ONLY    rs1=13 rs2=9 mem_read=1 ex_rd=13 -> stall=1
[PASS] seq=crv_seq_2                    cyc=190 op=HK_RS1_ONLY    rs1=14 rs2=26 mem_read=1 ex_rd=14 -> stall=1
[PASS] seq=crv_seq_2                    cyc=191 op=HK_RS2_ONLY    rs1=14 rs2=6 mem_read=1 ex_rd=6 -> stall=1
[PASS] seq=crv_seq_2                    cyc=192 op=HK_BOTH        rs1=5 rs2=5 mem_read=1 ex_rd=5 -> stall=1
[PASS] seq=crv_seq_2                    cyc=193 op=HK_RS1_ONLY    rs1=13 rs2=23 mem_read=1 ex_rd=13 -> stall=1
[PASS] seq=crv_seq_2                    cyc=194 op=HK_NO_LOAD     rs1=9 rs2=20 mem_read=0 ex_rd=27 -> stall=0
[PASS] seq=crv_seq_2                    cyc=195 op=HK_BOTH        rs1=12 rs2=12 mem_read=1 ex_rd=12 -> stall=1
[PASS] seq=crv_seq_2                    cyc=196 op=HK_NO_LOAD     rs1=1 rs2=30 mem_read=0 ex_rd=15 -> stall=0
[PASS] seq=crv_seq_2                    cyc=197 op=HK_RS1_ONLY    rs1=15 rs2=16 mem_read=1 ex_rd=15 -> stall=1
[PASS] seq=crv_seq_2                    cyc=198 op=HK_BOTH        rs1=16 rs2=16 mem_read=1 ex_rd=16 -> stall=1
[PASS] seq=crv_seq_2                    cyc=199 op=HK_RANDOM      rs1=28 rs2=14 mem_read=1 ex_rd=20 -> stall=0
[PASS] seq=crv_seq_3                    cyc=0 op=HK_RANDOM      rs1=7 rs2=26 mem_read=0 ex_rd=29 -> stall=0
[PASS] seq=crv_seq_3                    cyc=1 op=HK_X0_EXCLUDED rs1=0 rs2=25 mem_read=1 ex_rd=0 -> stall=0
[PASS] seq=crv_seq_3                    cyc=2 op=HK_RS2_ONLY    rs1=30 rs2=18 mem_read=1 ex_rd=18 -> stall=1
[PASS] seq=crv_seq_3                    cyc=3 op=HK_NO_MATCH    rs1=27 rs2=30 mem_read=1 ex_rd=19 -> stall=0
[PASS] seq=crv_seq_3                    cyc=4 op=HK_RS2_ONLY    rs1=26 rs2=22 mem_read=1 ex_rd=22 -> stall=1
[PASS] seq=crv_seq_3                    cyc=5 op=HK_RANDOM      rs1=31 rs2=27 mem_read=0 ex_rd=28 -> stall=0
[PASS] seq=crv_seq_3                    cyc=6 op=HK_NO_LOAD     rs1=6 rs2=29 mem_read=0 ex_rd=15 -> stall=0
[PASS] seq=crv_seq_3                    cyc=7 op=HK_X0_EXCLUDED rs1=15 rs2=4 mem_read=1 ex_rd=0 -> stall=0
[PASS] seq=crv_seq_3                    cyc=8 op=HK_RANDOM      rs1=9 rs2=14 mem_read=0 ex_rd=31 -> stall=0
[PASS] seq=crv_seq_3                    cyc=9 op=HK_RANDOM      rs1=9 rs2=29 mem_read=1 ex_rd=18 -> stall=0
[PASS] seq=crv_seq_3                    cyc=10 op=HK_NO_MATCH    rs1=25 rs2=9 mem_read=1 ex_rd=29 -> stall=0
[PASS] seq=crv_seq_3                    cyc=11 op=HK_RS1_ONLY    rs1=27 rs2=11 mem_read=1 ex_rd=27 -> stall=1
[PASS] seq=crv_seq_3                    cyc=12 op=HK_RS1_ONLY    rs1=9 rs2=4 mem_read=1 ex_rd=9 -> stall=1
[PASS] seq=crv_seq_3                    cyc=13 op=HK_X0_EXCLUDED rs1=1 rs2=28 mem_read=1 ex_rd=0 -> stall=0
[PASS] seq=crv_seq_3                    cyc=14 op=HK_RS1_ONLY    rs1=7 rs2=28 mem_read=1 ex_rd=7 -> stall=1
[PASS] seq=crv_seq_3                    cyc=15 op=HK_NO_MATCH    rs1=31 rs2=16 mem_read=1 ex_rd=6 -> stall=0
[PASS] seq=crv_seq_3                    cyc=16 op=HK_RS1_ONLY    rs1=27 rs2=20 mem_read=1 ex_rd=27 -> stall=1
[PASS] seq=crv_seq_3                    cyc=17 op=HK_NO_MATCH    rs1=22 rs2=20 mem_read=1 ex_rd=11 -> stall=0
[PASS] seq=crv_seq_3                    cyc=18 op=HK_NO_MATCH    rs1=23 rs2=5 mem_read=1 ex_rd=27 -> stall=0
[PASS] seq=crv_seq_3                    cyc=19 op=HK_BOTH        rs1=14 rs2=14 mem_read=1 ex_rd=14 -> stall=1
[PASS] seq=crv_seq_3                    cyc=20 op=HK_RANDOM      rs1=12 rs2=24 mem_read=1 ex_rd=30 -> stall=0
[PASS] seq=crv_seq_3                    cyc=21 op=HK_RS1_ONLY    rs1=16 rs2=24 mem_read=1 ex_rd=16 -> stall=1
[PASS] seq=crv_seq_3                    cyc=22 op=HK_RS1_ONLY    rs1=4 rs2=0 mem_read=1 ex_rd=4 -> stall=1
[PASS] seq=crv_seq_3                    cyc=23 op=HK_BOTH        rs1=12 rs2=12 mem_read=1 ex_rd=12 -> stall=1
[PASS] seq=crv_seq_3                    cyc=24 op=HK_RS1_ONLY    rs1=18 rs2=12 mem_read=1 ex_rd=18 -> stall=1
[PASS] seq=crv_seq_3                    cyc=25 op=HK_NO_MATCH    rs1=16 rs2=22 mem_read=1 ex_rd=4 -> stall=0
[PASS] seq=crv_seq_3                    cyc=26 op=HK_NO_LOAD     rs1=2 rs2=27 mem_read=0 ex_rd=12 -> stall=0
[PASS] seq=crv_seq_3                    cyc=27 op=HK_RS2_ONLY    rs1=31 rs2=24 mem_read=1 ex_rd=24 -> stall=1
[PASS] seq=crv_seq_3                    cyc=28 op=HK_RANDOM      rs1=26 rs2=0 mem_read=0 ex_rd=5 -> stall=0
[PASS] seq=crv_seq_3                    cyc=29 op=HK_X0_EXCLUDED rs1=3 rs2=31 mem_read=1 ex_rd=0 -> stall=0
[PASS] seq=crv_seq_3                    cyc=30 op=HK_RS1_ONLY    rs1=2 rs2=10 mem_read=1 ex_rd=2 -> stall=1
[PASS] seq=crv_seq_3                    cyc=31 op=HK_RS1_ONLY    rs1=27 rs2=26 mem_read=1 ex_rd=27 -> stall=1
[PASS] seq=crv_seq_3                    cyc=32 op=HK_BOTH        rs1=27 rs2=27 mem_read=1 ex_rd=27 -> stall=1
[PASS] seq=crv_seq_3                    cyc=33 op=HK_RS2_ONLY    rs1=18 rs2=16 mem_read=1 ex_rd=16 -> stall=1
[PASS] seq=crv_seq_3                    cyc=34 op=HK_NO_LOAD     rs1=14 rs2=19 mem_read=0 ex_rd=20 -> stall=0
[PASS] seq=crv_seq_3                    cyc=35 op=HK_NO_MATCH    rs1=3 rs2=0 mem_read=1 ex_rd=9 -> stall=0
[PASS] seq=crv_seq_3                    cyc=36 op=HK_RS1_ONLY    rs1=6 rs2=2 mem_read=1 ex_rd=6 -> stall=1
[PASS] seq=crv_seq_3                    cyc=37 op=HK_RS2_ONLY    rs1=27 rs2=4 mem_read=1 ex_rd=4 -> stall=1
[PASS] seq=crv_seq_3                    cyc=38 op=HK_RS2_ONLY    rs1=21 rs2=16 mem_read=1 ex_rd=16 -> stall=1
[PASS] seq=crv_seq_3                    cyc=39 op=HK_RANDOM      rs1=27 rs2=12 mem_read=0 ex_rd=8 -> stall=0
[PASS] seq=crv_seq_3                    cyc=40 op=HK_NO_MATCH    rs1=18 rs2=14 mem_read=1 ex_rd=1 -> stall=0
[PASS] seq=crv_seq_3                    cyc=41 op=HK_RANDOM      rs1=3 rs2=24 mem_read=0 ex_rd=8 -> stall=0
[PASS] seq=crv_seq_3                    cyc=42 op=HK_RS1_ONLY    rs1=17 rs2=31 mem_read=1 ex_rd=17 -> stall=1
[PASS] seq=crv_seq_3                    cyc=43 op=HK_RS1_ONLY    rs1=21 rs2=27 mem_read=1 ex_rd=21 -> stall=1
[PASS] seq=crv_seq_3                    cyc=44 op=HK_NO_LOAD     rs1=17 rs2=13 mem_read=0 ex_rd=20 -> stall=0
[PASS] seq=crv_seq_3                    cyc=45 op=HK_RS1_ONLY    rs1=14 rs2=29 mem_read=1 ex_rd=14 -> stall=1
[PASS] seq=crv_seq_3                    cyc=46 op=HK_X0_EXCLUDED rs1=11 rs2=10 mem_read=1 ex_rd=0 -> stall=0
[PASS] seq=crv_seq_3                    cyc=47 op=HK_RS1_ONLY    rs1=3 rs2=26 mem_read=1 ex_rd=3 -> stall=1
[PASS] seq=crv_seq_3                    cyc=48 op=HK_RS1_ONLY    rs1=20 rs2=25 mem_read=1 ex_rd=20 -> stall=1
[PASS] seq=crv_seq_3                    cyc=49 op=HK_RS1_ONLY    rs1=19 rs2=30 mem_read=1 ex_rd=19 -> stall=1
[PASS] seq=crv_seq_3                    cyc=50 op=HK_BOTH        rs1=26 rs2=26 mem_read=1 ex_rd=26 -> stall=1
[PASS] seq=crv_seq_3                    cyc=51 op=HK_RANDOM      rs1=19 rs2=15 mem_read=0 ex_rd=27 -> stall=0
[PASS] seq=crv_seq_3                    cyc=52 op=HK_BOTH        rs1=16 rs2=16 mem_read=1 ex_rd=16 -> stall=1
[PASS] seq=crv_seq_3                    cyc=53 op=HK_RANDOM      rs1=22 rs2=26 mem_read=0 ex_rd=12 -> stall=0
[PASS] seq=crv_seq_3                    cyc=54 op=HK_RS2_ONLY    rs1=14 rs2=4 mem_read=1 ex_rd=4 -> stall=1
[PASS] seq=crv_seq_3                    cyc=55 op=HK_RS2_ONLY    rs1=19 rs2=14 mem_read=1 ex_rd=14 -> stall=1
[PASS] seq=crv_seq_3                    cyc=56 op=HK_RANDOM      rs1=3 rs2=19 mem_read=0 ex_rd=17 -> stall=0
[PASS] seq=crv_seq_3                    cyc=57 op=HK_RS2_ONLY    rs1=19 rs2=17 mem_read=1 ex_rd=17 -> stall=1
[PASS] seq=crv_seq_3                    cyc=58 op=HK_RANDOM      rs1=11 rs2=12 mem_read=1 ex_rd=25 -> stall=0
[PASS] seq=crv_seq_3                    cyc=59 op=HK_RANDOM      rs1=0 rs2=22 mem_read=0 ex_rd=8 -> stall=0
[PASS] seq=crv_seq_3                    cyc=60 op=HK_NO_MATCH    rs1=18 rs2=4 mem_read=1 ex_rd=2 -> stall=0
[PASS] seq=crv_seq_3                    cyc=61 op=HK_RANDOM      rs1=7 rs2=29 mem_read=0 ex_rd=15 -> stall=0
[PASS] seq=crv_seq_3                    cyc=62 op=HK_NO_MATCH    rs1=13 rs2=21 mem_read=1 ex_rd=25 -> stall=0
[PASS] seq=crv_seq_3                    cyc=63 op=HK_NO_LOAD     rs1=5 rs2=2 mem_read=0 ex_rd=9 -> stall=0
[PASS] seq=crv_seq_3                    cyc=64 op=HK_RANDOM      rs1=10 rs2=4 mem_read=1 ex_rd=5 -> stall=0
[PASS] seq=crv_seq_3                    cyc=65 op=HK_RS1_ONLY    rs1=22 rs2=28 mem_read=1 ex_rd=22 -> stall=1
[PASS] seq=crv_seq_3                    cyc=66 op=HK_X0_EXCLUDED rs1=20 rs2=9 mem_read=1 ex_rd=0 -> stall=0
[PASS] seq=crv_seq_3                    cyc=67 op=HK_RS1_ONLY    rs1=16 rs2=10 mem_read=1 ex_rd=16 -> stall=1
[PASS] seq=crv_seq_3                    cyc=68 op=HK_RANDOM      rs1=24 rs2=14 mem_read=0 ex_rd=11 -> stall=0
[PASS] seq=crv_seq_3                    cyc=69 op=HK_BOTH        rs1=19 rs2=19 mem_read=1 ex_rd=19 -> stall=1
[PASS] seq=crv_seq_3                    cyc=70 op=HK_RANDOM      rs1=8 rs2=26 mem_read=1 ex_rd=23 -> stall=0
[PASS] seq=crv_seq_3                    cyc=71 op=HK_X0_EXCLUDED rs1=30 rs2=5 mem_read=1 ex_rd=0 -> stall=0
[PASS] seq=crv_seq_3                    cyc=72 op=HK_NO_LOAD     rs1=16 rs2=26 mem_read=0 ex_rd=31 -> stall=0
[PASS] seq=crv_seq_3                    cyc=73 op=HK_RS2_ONLY    rs1=25 rs2=12 mem_read=1 ex_rd=12 -> stall=1
[PASS] seq=crv_seq_3                    cyc=74 op=HK_RS1_ONLY    rs1=11 rs2=2 mem_read=1 ex_rd=11 -> stall=1
[PASS] seq=crv_seq_3                    cyc=75 op=HK_NO_MATCH    rs1=31 rs2=5 mem_read=1 ex_rd=8 -> stall=0
[PASS] seq=crv_seq_3                    cyc=76 op=HK_NO_MATCH    rs1=1 rs2=28 mem_read=1 ex_rd=21 -> stall=0
[PASS] seq=crv_seq_3                    cyc=77 op=HK_BOTH        rs1=7 rs2=7 mem_read=1 ex_rd=7 -> stall=1
[PASS] seq=crv_seq_3                    cyc=78 op=HK_NO_MATCH    rs1=7 rs2=13 mem_read=1 ex_rd=17 -> stall=0
[PASS] seq=crv_seq_3                    cyc=79 op=HK_BOTH        rs1=25 rs2=25 mem_read=1 ex_rd=25 -> stall=1
[PASS] seq=crv_seq_3                    cyc=80 op=HK_NO_MATCH    rs1=9 rs2=11 mem_read=1 ex_rd=7 -> stall=0
[PASS] seq=crv_seq_3                    cyc=81 op=HK_RANDOM      rs1=20 rs2=31 mem_read=0 ex_rd=23 -> stall=0
[PASS] seq=crv_seq_3                    cyc=82 op=HK_NO_LOAD     rs1=25 rs2=16 mem_read=0 ex_rd=10 -> stall=0
[PASS] seq=crv_seq_3                    cyc=83 op=HK_BOTH        rs1=16 rs2=16 mem_read=1 ex_rd=16 -> stall=1
[PASS] seq=crv_seq_3                    cyc=84 op=HK_BOTH        rs1=18 rs2=18 mem_read=1 ex_rd=18 -> stall=1
[PASS] seq=crv_seq_3                    cyc=85 op=HK_NO_MATCH    rs1=2 rs2=31 mem_read=1 ex_rd=28 -> stall=0
[PASS] seq=crv_seq_3                    cyc=86 op=HK_NO_LOAD     rs1=4 rs2=4 mem_read=0 ex_rd=29 -> stall=0
[PASS] seq=crv_seq_3                    cyc=87 op=HK_RANDOM      rs1=14 rs2=8 mem_read=1 ex_rd=14 -> stall=1
[PASS] seq=crv_seq_3                    cyc=88 op=HK_NO_MATCH    rs1=22 rs2=15 mem_read=1 ex_rd=14 -> stall=0
[PASS] seq=crv_seq_3                    cyc=89 op=HK_X0_EXCLUDED rs1=28 rs2=24 mem_read=1 ex_rd=0 -> stall=0
[PASS] seq=crv_seq_3                    cyc=90 op=HK_BOTH        rs1=2 rs2=2 mem_read=1 ex_rd=2 -> stall=1
[PASS] seq=crv_seq_3                    cyc=91 op=HK_X0_EXCLUDED rs1=4 rs2=31 mem_read=1 ex_rd=0 -> stall=0
[PASS] seq=crv_seq_3                    cyc=92 op=HK_RS2_ONLY    rs1=25 rs2=1 mem_read=1 ex_rd=1 -> stall=1
[PASS] seq=crv_seq_3                    cyc=93 op=HK_RS1_ONLY    rs1=23 rs2=24 mem_read=1 ex_rd=23 -> stall=1
[PASS] seq=crv_seq_3                    cyc=94 op=HK_RS2_ONLY    rs1=28 rs2=14 mem_read=1 ex_rd=14 -> stall=1
[PASS] seq=crv_seq_3                    cyc=95 op=HK_RS2_ONLY    rs1=23 rs2=27 mem_read=1 ex_rd=27 -> stall=1
[PASS] seq=crv_seq_3                    cyc=96 op=HK_RANDOM      rs1=24 rs2=9 mem_read=0 ex_rd=9 -> stall=0
[PASS] seq=crv_seq_3                    cyc=97 op=HK_RS1_ONLY    rs1=26 rs2=8 mem_read=1 ex_rd=26 -> stall=1
[PASS] seq=crv_seq_3                    cyc=98 op=HK_RANDOM      rs1=7 rs2=30 mem_read=1 ex_rd=1 -> stall=0
[PASS] seq=crv_seq_3                    cyc=99 op=HK_RS1_ONLY    rs1=12 rs2=30 mem_read=1 ex_rd=12 -> stall=1
[PASS] seq=crv_seq_3                    cyc=100 op=HK_RS1_ONLY    rs1=7 rs2=1 mem_read=1 ex_rd=7 -> stall=1
[PASS] seq=crv_seq_3                    cyc=101 op=HK_RS1_ONLY    rs1=12 rs2=2 mem_read=1 ex_rd=12 -> stall=1
[PASS] seq=crv_seq_3                    cyc=102 op=HK_RS2_ONLY    rs1=9 rs2=1 mem_read=1 ex_rd=1 -> stall=1
[PASS] seq=crv_seq_3                    cyc=103 op=HK_X0_EXCLUDED rs1=14 rs2=27 mem_read=1 ex_rd=0 -> stall=0
[PASS] seq=crv_seq_3                    cyc=104 op=HK_NO_LOAD     rs1=2 rs2=14 mem_read=0 ex_rd=15 -> stall=0
[PASS] seq=crv_seq_3                    cyc=105 op=HK_RS1_ONLY    rs1=2 rs2=6 mem_read=1 ex_rd=2 -> stall=1
[PASS] seq=crv_seq_3                    cyc=106 op=HK_RANDOM      rs1=10 rs2=28 mem_read=0 ex_rd=23 -> stall=0
[PASS] seq=crv_seq_3                    cyc=107 op=HK_RS2_ONLY    rs1=8 rs2=24 mem_read=1 ex_rd=24 -> stall=1
[PASS] seq=crv_seq_3                    cyc=108 op=HK_RS2_ONLY    rs1=20 rs2=28 mem_read=1 ex_rd=28 -> stall=1
[PASS] seq=crv_seq_3                    cyc=109 op=HK_BOTH        rs1=7 rs2=7 mem_read=1 ex_rd=7 -> stall=1
[PASS] seq=crv_seq_3                    cyc=110 op=HK_NO_MATCH    rs1=13 rs2=13 mem_read=1 ex_rd=17 -> stall=0
[PASS] seq=crv_seq_3                    cyc=111 op=HK_RANDOM      rs1=7 rs2=29 mem_read=1 ex_rd=8 -> stall=0
[PASS] seq=crv_seq_3                    cyc=112 op=HK_RS2_ONLY    rs1=20 rs2=6 mem_read=1 ex_rd=6 -> stall=1
[PASS] seq=crv_seq_3                    cyc=113 op=HK_RS1_ONLY    rs1=14 rs2=0 mem_read=1 ex_rd=14 -> stall=1
[PASS] seq=crv_seq_3                    cyc=114 op=HK_NO_MATCH    rs1=20 rs2=17 mem_read=1 ex_rd=13 -> stall=0
[PASS] seq=crv_seq_3                    cyc=115 op=HK_NO_LOAD     rs1=2 rs2=26 mem_read=0 ex_rd=16 -> stall=0
[PASS] seq=crv_seq_3                    cyc=116 op=HK_RS1_ONLY    rs1=31 rs2=21 mem_read=1 ex_rd=31 -> stall=1
[PASS] seq=crv_seq_3                    cyc=117 op=HK_RANDOM      rs1=2 rs2=7 mem_read=0 ex_rd=28 -> stall=0
[PASS] seq=crv_seq_3                    cyc=118 op=HK_RANDOM      rs1=31 rs2=7 mem_read=1 ex_rd=0 -> stall=0
[PASS] seq=crv_seq_3                    cyc=119 op=HK_RANDOM      rs1=14 rs2=15 mem_read=1 ex_rd=21 -> stall=0
[PASS] seq=crv_seq_3                    cyc=120 op=HK_NO_MATCH    rs1=21 rs2=22 mem_read=1 ex_rd=5 -> stall=0
[PASS] seq=crv_seq_3                    cyc=121 op=HK_X0_EXCLUDED rs1=25 rs2=17 mem_read=1 ex_rd=0 -> stall=0
[PASS] seq=crv_seq_3                    cyc=122 op=HK_RS1_ONLY    rs1=7 rs2=14 mem_read=1 ex_rd=7 -> stall=1
[PASS] seq=crv_seq_3                    cyc=123 op=HK_BOTH        rs1=16 rs2=16 mem_read=1 ex_rd=16 -> stall=1
[PASS] seq=crv_seq_3                    cyc=124 op=HK_RS1_ONLY    rs1=29 rs2=15 mem_read=1 ex_rd=29 -> stall=1
[PASS] seq=crv_seq_3                    cyc=125 op=HK_BOTH        rs1=5 rs2=5 mem_read=1 ex_rd=5 -> stall=1
[PASS] seq=crv_seq_3                    cyc=126 op=HK_BOTH        rs1=14 rs2=14 mem_read=1 ex_rd=14 -> stall=1
[PASS] seq=crv_seq_3                    cyc=127 op=HK_NO_MATCH    rs1=25 rs2=29 mem_read=1 ex_rd=10 -> stall=0
[PASS] seq=crv_seq_3                    cyc=128 op=HK_RS1_ONLY    rs1=10 rs2=3 mem_read=1 ex_rd=10 -> stall=1
[PASS] seq=crv_seq_3                    cyc=129 op=HK_NO_LOAD     rs1=10 rs2=13 mem_read=0 ex_rd=31 -> stall=0
[PASS] seq=crv_seq_3                    cyc=130 op=HK_NO_LOAD     rs1=17 rs2=26 mem_read=0 ex_rd=8 -> stall=0
[PASS] seq=crv_seq_3                    cyc=131 op=HK_X0_EXCLUDED rs1=8 rs2=11 mem_read=1 ex_rd=0 -> stall=0
[PASS] seq=crv_seq_3                    cyc=132 op=HK_X0_EXCLUDED rs1=5 rs2=3 mem_read=1 ex_rd=0 -> stall=0
[PASS] seq=crv_seq_3                    cyc=133 op=HK_RS1_ONLY    rs1=8 rs2=14 mem_read=1 ex_rd=8 -> stall=1
[PASS] seq=crv_seq_3                    cyc=134 op=HK_BOTH        rs1=22 rs2=22 mem_read=1 ex_rd=22 -> stall=1
[PASS] seq=crv_seq_3                    cyc=135 op=HK_BOTH        rs1=22 rs2=22 mem_read=1 ex_rd=22 -> stall=1
[PASS] seq=crv_seq_3                    cyc=136 op=HK_RANDOM      rs1=24 rs2=10 mem_read=0 ex_rd=31 -> stall=0
[PASS] seq=crv_seq_3                    cyc=137 op=HK_NO_LOAD     rs1=24 rs2=22 mem_read=0 ex_rd=30 -> stall=0
[PASS] seq=crv_seq_3                    cyc=138 op=HK_NO_LOAD     rs1=30 rs2=18 mem_read=0 ex_rd=17 -> stall=0
[PASS] seq=crv_seq_3                    cyc=139 op=HK_BOTH        rs1=8 rs2=8 mem_read=1 ex_rd=8 -> stall=1
[PASS] seq=crv_seq_3                    cyc=140 op=HK_NO_MATCH    rs1=2 rs2=20 mem_read=1 ex_rd=28 -> stall=0
[PASS] seq=crv_seq_3                    cyc=141 op=HK_NO_LOAD     rs1=23 rs2=18 mem_read=0 ex_rd=23 -> stall=0
[PASS] seq=crv_seq_3                    cyc=142 op=HK_NO_LOAD     rs1=12 rs2=22 mem_read=0 ex_rd=27 -> stall=0
[PASS] seq=crv_seq_3                    cyc=143 op=HK_NO_MATCH    rs1=11 rs2=2 mem_read=1 ex_rd=1 -> stall=0
[PASS] seq=crv_seq_3                    cyc=144 op=HK_RANDOM      rs1=19 rs2=24 mem_read=0 ex_rd=19 -> stall=0
[PASS] seq=crv_seq_3                    cyc=145 op=HK_NO_MATCH    rs1=30 rs2=14 mem_read=1 ex_rd=5 -> stall=0
[PASS] seq=crv_seq_3                    cyc=146 op=HK_RS2_ONLY    rs1=9 rs2=7 mem_read=1 ex_rd=7 -> stall=1
[PASS] seq=crv_seq_3                    cyc=147 op=HK_RS2_ONLY    rs1=0 rs2=11 mem_read=1 ex_rd=11 -> stall=1
[PASS] seq=crv_seq_3                    cyc=148 op=HK_RS1_ONLY    rs1=27 rs2=31 mem_read=1 ex_rd=27 -> stall=1
[PASS] seq=crv_seq_3                    cyc=149 op=HK_RS1_ONLY    rs1=2 rs2=16 mem_read=1 ex_rd=2 -> stall=1
[PASS] seq=crv_seq_3                    cyc=150 op=HK_RS2_ONLY    rs1=29 rs2=28 mem_read=1 ex_rd=28 -> stall=1
[PASS] seq=crv_seq_3                    cyc=151 op=HK_RS2_ONLY    rs1=13 rs2=24 mem_read=1 ex_rd=24 -> stall=1
[PASS] seq=crv_seq_3                    cyc=152 op=HK_RS2_ONLY    rs1=6 rs2=25 mem_read=1 ex_rd=25 -> stall=1
[PASS] seq=crv_seq_3                    cyc=153 op=HK_RS2_ONLY    rs1=16 rs2=14 mem_read=1 ex_rd=14 -> stall=1
[PASS] seq=crv_seq_3                    cyc=154 op=HK_X0_EXCLUDED rs1=3 rs2=12 mem_read=1 ex_rd=0 -> stall=0
[PASS] seq=crv_seq_3                    cyc=155 op=HK_BOTH        rs1=11 rs2=11 mem_read=1 ex_rd=11 -> stall=1
[PASS] seq=crv_seq_3                    cyc=156 op=HK_RS1_ONLY    rs1=15 rs2=4 mem_read=1 ex_rd=15 -> stall=1
[PASS] seq=crv_seq_3                    cyc=157 op=HK_RS1_ONLY    rs1=14 rs2=4 mem_read=1 ex_rd=14 -> stall=1
[PASS] seq=crv_seq_3                    cyc=158 op=HK_RS1_ONLY    rs1=14 rs2=24 mem_read=1 ex_rd=14 -> stall=1
[PASS] seq=crv_seq_3                    cyc=159 op=HK_RANDOM      rs1=12 rs2=6 mem_read=1 ex_rd=24 -> stall=0
[PASS] seq=crv_seq_3                    cyc=160 op=HK_RS1_ONLY    rs1=21 rs2=1 mem_read=1 ex_rd=21 -> stall=1
[PASS] seq=crv_seq_3                    cyc=161 op=HK_NO_LOAD     rs1=26 rs2=18 mem_read=0 ex_rd=27 -> stall=0
[PASS] seq=crv_seq_3                    cyc=162 op=HK_RS2_ONLY    rs1=4 rs2=26 mem_read=1 ex_rd=26 -> stall=1
[PASS] seq=crv_seq_3                    cyc=163 op=HK_RS2_ONLY    rs1=31 rs2=23 mem_read=1 ex_rd=23 -> stall=1
[PASS] seq=crv_seq_3                    cyc=164 op=HK_RS1_ONLY    rs1=13 rs2=27 mem_read=1 ex_rd=13 -> stall=1
[PASS] seq=crv_seq_3                    cyc=165 op=HK_NO_LOAD     rs1=27 rs2=27 mem_read=0 ex_rd=9 -> stall=0
[PASS] seq=crv_seq_3                    cyc=166 op=HK_RS1_ONLY    rs1=17 rs2=13 mem_read=1 ex_rd=17 -> stall=1
[PASS] seq=crv_seq_3                    cyc=167 op=HK_RS2_ONLY    rs1=4 rs2=6 mem_read=1 ex_rd=6 -> stall=1
[PASS] seq=crv_seq_3                    cyc=168 op=HK_RANDOM      rs1=17 rs2=15 mem_read=1 ex_rd=31 -> stall=0
[PASS] seq=crv_seq_3                    cyc=169 op=HK_RANDOM      rs1=4 rs2=15 mem_read=1 ex_rd=26 -> stall=0
[PASS] seq=crv_seq_3                    cyc=170 op=HK_RANDOM      rs1=7 rs2=24 mem_read=0 ex_rd=1 -> stall=0
[PASS] seq=crv_seq_3                    cyc=171 op=HK_X0_EXCLUDED rs1=17 rs2=14 mem_read=1 ex_rd=0 -> stall=0
[PASS] seq=crv_seq_3                    cyc=172 op=HK_RS2_ONLY    rs1=2 rs2=31 mem_read=1 ex_rd=31 -> stall=1
[PASS] seq=crv_seq_3                    cyc=173 op=HK_RANDOM      rs1=14 rs2=5 mem_read=1 ex_rd=2 -> stall=0
[PASS] seq=crv_seq_3                    cyc=174 op=HK_RS2_ONLY    rs1=29 rs2=21 mem_read=1 ex_rd=21 -> stall=1
[PASS] seq=crv_seq_3                    cyc=175 op=HK_RANDOM      rs1=18 rs2=21 mem_read=1 ex_rd=4 -> stall=0
[PASS] seq=crv_seq_3                    cyc=176 op=HK_RS2_ONLY    rs1=21 rs2=7 mem_read=1 ex_rd=7 -> stall=1
[PASS] seq=crv_seq_3                    cyc=177 op=HK_NO_LOAD     rs1=20 rs2=23 mem_read=0 ex_rd=25 -> stall=0
[PASS] seq=crv_seq_3                    cyc=178 op=HK_RS2_ONLY    rs1=17 rs2=20 mem_read=1 ex_rd=20 -> stall=1
[PASS] seq=crv_seq_3                    cyc=179 op=HK_RS2_ONLY    rs1=8 rs2=12 mem_read=1 ex_rd=12 -> stall=1
[PASS] seq=crv_seq_3                    cyc=180 op=HK_RS1_ONLY    rs1=7 rs2=22 mem_read=1 ex_rd=7 -> stall=1
[PASS] seq=crv_seq_3                    cyc=181 op=HK_RS2_ONLY    rs1=25 rs2=23 mem_read=1 ex_rd=23 -> stall=1
[PASS] seq=crv_seq_3                    cyc=182 op=HK_RS1_ONLY    rs1=23 rs2=2 mem_read=1 ex_rd=23 -> stall=1
[PASS] seq=crv_seq_3                    cyc=183 op=HK_BOTH        rs1=23 rs2=23 mem_read=1 ex_rd=23 -> stall=1
[PASS] seq=crv_seq_3                    cyc=184 op=HK_X0_EXCLUDED rs1=28 rs2=6 mem_read=1 ex_rd=0 -> stall=0
[PASS] seq=crv_seq_3                    cyc=185 op=HK_RS1_ONLY    rs1=30 rs2=7 mem_read=1 ex_rd=30 -> stall=1
[PASS] seq=crv_seq_3                    cyc=186 op=HK_BOTH        rs1=19 rs2=19 mem_read=1 ex_rd=19 -> stall=1
[PASS] seq=crv_seq_3                    cyc=187 op=HK_RS1_ONLY    rs1=12 rs2=13 mem_read=1 ex_rd=12 -> stall=1
[PASS] seq=crv_seq_3                    cyc=188 op=HK_RS2_ONLY    rs1=13 rs2=21 mem_read=1 ex_rd=21 -> stall=1
[PASS] seq=crv_seq_3                    cyc=189 op=HK_NO_LOAD     rs1=22 rs2=20 mem_read=0 ex_rd=25 -> stall=0
[PASS] seq=crv_seq_3                    cyc=190 op=HK_RS1_ONLY    rs1=28 rs2=10 mem_read=1 ex_rd=28 -> stall=1
[PASS] seq=crv_seq_3                    cyc=191 op=HK_RS1_ONLY    rs1=5 rs2=8 mem_read=1 ex_rd=5 -> stall=1
[PASS] seq=crv_seq_3                    cyc=192 op=HK_RS2_ONLY    rs1=23 rs2=7 mem_read=1 ex_rd=7 -> stall=1
[PASS] seq=crv_seq_3                    cyc=193 op=HK_X0_EXCLUDED rs1=9 rs2=25 mem_read=1 ex_rd=0 -> stall=0
[PASS] seq=crv_seq_3                    cyc=194 op=HK_RANDOM      rs1=28 rs2=28 mem_read=1 ex_rd=17 -> stall=0
[PASS] seq=crv_seq_3                    cyc=195 op=HK_RANDOM      rs1=5 rs2=13 mem_read=1 ex_rd=0 -> stall=0
[PASS] seq=crv_seq_3                    cyc=196 op=HK_RS1_ONLY    rs1=5 rs2=30 mem_read=1 ex_rd=5 -> stall=1
[PASS] seq=crv_seq_3                    cyc=197 op=HK_RANDOM      rs1=10 rs2=13 mem_read=1 ex_rd=27 -> stall=0
[PASS] seq=crv_seq_3                    cyc=198 op=HK_NO_LOAD     rs1=29 rs2=13 mem_read=0 ex_rd=27 -> stall=0
[PASS] seq=crv_seq_3                    cyc=199 op=HK_X0_EXCLUDED rs1=6 rs2=27 mem_read=1 ex_rd=0 -> stall=0
[PASS] seq=crv_seq_4                    cyc=0 op=HK_RANDOM      rs1=28 rs2=10 mem_read=0 ex_rd=11 -> stall=0
[PASS] seq=crv_seq_4                    cyc=1 op=HK_RS2_ONLY    rs1=0 rs2=4 mem_read=1 ex_rd=4 -> stall=1
[PASS] seq=crv_seq_4                    cyc=2 op=HK_NO_LOAD     rs1=28 rs2=8 mem_read=0 ex_rd=3 -> stall=0
[PASS] seq=crv_seq_4                    cyc=3 op=HK_RS2_ONLY    rs1=27 rs2=16 mem_read=1 ex_rd=16 -> stall=1
[PASS] seq=crv_seq_4                    cyc=4 op=HK_BOTH        rs1=20 rs2=20 mem_read=1 ex_rd=20 -> stall=1
[PASS] seq=crv_seq_4                    cyc=5 op=HK_RS1_ONLY    rs1=8 rs2=19 mem_read=1 ex_rd=8 -> stall=1
[PASS] seq=crv_seq_4                    cyc=6 op=HK_RS1_ONLY    rs1=27 rs2=17 mem_read=1 ex_rd=27 -> stall=1
[PASS] seq=crv_seq_4                    cyc=7 op=HK_X0_EXCLUDED rs1=29 rs2=1 mem_read=1 ex_rd=0 -> stall=0
[PASS] seq=crv_seq_4                    cyc=8 op=HK_RANDOM      rs1=27 rs2=30 mem_read=0 ex_rd=15 -> stall=0
[PASS] seq=crv_seq_4                    cyc=9 op=HK_X0_EXCLUDED rs1=16 rs2=30 mem_read=1 ex_rd=0 -> stall=0
[PASS] seq=crv_seq_4                    cyc=10 op=HK_NO_LOAD     rs1=14 rs2=11 mem_read=0 ex_rd=15 -> stall=0
[PASS] seq=crv_seq_4                    cyc=11 op=HK_NO_MATCH    rs1=22 rs2=24 mem_read=1 ex_rd=29 -> stall=0
[PASS] seq=crv_seq_4                    cyc=12 op=HK_RS1_ONLY    rs1=2 rs2=1 mem_read=1 ex_rd=2 -> stall=1
[PASS] seq=crv_seq_4                    cyc=13 op=HK_RANDOM      rs1=4 rs2=18 mem_read=1 ex_rd=11 -> stall=0
[PASS] seq=crv_seq_4                    cyc=14 op=HK_RS1_ONLY    rs1=23 rs2=27 mem_read=1 ex_rd=23 -> stall=1
[PASS] seq=crv_seq_4                    cyc=15 op=HK_NO_LOAD     rs1=14 rs2=12 mem_read=0 ex_rd=31 -> stall=0
[PASS] seq=crv_seq_4                    cyc=16 op=HK_RS1_ONLY    rs1=19 rs2=6 mem_read=1 ex_rd=19 -> stall=1
[PASS] seq=crv_seq_4                    cyc=17 op=HK_X0_EXCLUDED rs1=18 rs2=7 mem_read=1 ex_rd=0 -> stall=0
[PASS] seq=crv_seq_4                    cyc=18 op=HK_RS1_ONLY    rs1=16 rs2=14 mem_read=1 ex_rd=16 -> stall=1
[PASS] seq=crv_seq_4                    cyc=19 op=HK_RANDOM      rs1=16 rs2=6 mem_read=0 ex_rd=30 -> stall=0
[PASS] seq=crv_seq_4                    cyc=20 op=HK_RANDOM      rs1=29 rs2=12 mem_read=0 ex_rd=24 -> stall=0
[PASS] seq=crv_seq_4                    cyc=21 op=HK_BOTH        rs1=13 rs2=13 mem_read=1 ex_rd=13 -> stall=1
[PASS] seq=crv_seq_4                    cyc=22 op=HK_BOTH        rs1=6 rs2=6 mem_read=1 ex_rd=6 -> stall=1
[PASS] seq=crv_seq_4                    cyc=23 op=HK_RANDOM      rs1=10 rs2=18 mem_read=0 ex_rd=5 -> stall=0
[PASS] seq=crv_seq_4                    cyc=24 op=HK_BOTH        rs1=27 rs2=27 mem_read=1 ex_rd=27 -> stall=1
[PASS] seq=crv_seq_4                    cyc=25 op=HK_NO_MATCH    rs1=23 rs2=12 mem_read=1 ex_rd=9 -> stall=0
[PASS] seq=crv_seq_4                    cyc=26 op=HK_RS1_ONLY    rs1=18 rs2=4 mem_read=1 ex_rd=18 -> stall=1
[PASS] seq=crv_seq_4                    cyc=27 op=HK_RANDOM      rs1=14 rs2=5 mem_read=1 ex_rd=0 -> stall=0
[PASS] seq=crv_seq_4                    cyc=28 op=HK_RS2_ONLY    rs1=31 rs2=19 mem_read=1 ex_rd=19 -> stall=1
[PASS] seq=crv_seq_4                    cyc=29 op=HK_RANDOM      rs1=19 rs2=0 mem_read=0 ex_rd=24 -> stall=0
[PASS] seq=crv_seq_4                    cyc=30 op=HK_NO_LOAD     rs1=11 rs2=0 mem_read=0 ex_rd=1 -> stall=0
[PASS] seq=crv_seq_4                    cyc=31 op=HK_RS1_ONLY    rs1=4 rs2=20 mem_read=1 ex_rd=4 -> stall=1
[PASS] seq=crv_seq_4                    cyc=32 op=HK_NO_LOAD     rs1=8 rs2=3 mem_read=0 ex_rd=13 -> stall=0
[PASS] seq=crv_seq_4                    cyc=33 op=HK_BOTH        rs1=12 rs2=12 mem_read=1 ex_rd=12 -> stall=1
[PASS] seq=crv_seq_4                    cyc=34 op=HK_RS2_ONLY    rs1=16 rs2=17 mem_read=1 ex_rd=17 -> stall=1
[PASS] seq=crv_seq_4                    cyc=35 op=HK_RS2_ONLY    rs1=1 rs2=5 mem_read=1 ex_rd=5 -> stall=1
[PASS] seq=crv_seq_4                    cyc=36 op=HK_RS1_ONLY    rs1=18 rs2=4 mem_read=1 ex_rd=18 -> stall=1
[PASS] seq=crv_seq_4                    cyc=37 op=HK_NO_LOAD     rs1=12 rs2=21 mem_read=0 ex_rd=17 -> stall=0
[PASS] seq=crv_seq_4                    cyc=38 op=HK_NO_MATCH    rs1=16 rs2=3 mem_read=1 ex_rd=7 -> stall=0
[PASS] seq=crv_seq_4                    cyc=39 op=HK_NO_LOAD     rs1=8 rs2=3 mem_read=0 ex_rd=16 -> stall=0
[PASS] seq=crv_seq_4                    cyc=40 op=HK_RS1_ONLY    rs1=2 rs2=27 mem_read=1 ex_rd=2 -> stall=1
[PASS] seq=crv_seq_4                    cyc=41 op=HK_RANDOM      rs1=6 rs2=17 mem_read=0 ex_rd=27 -> stall=0
[PASS] seq=crv_seq_4                    cyc=42 op=HK_RANDOM      rs1=25 rs2=16 mem_read=1 ex_rd=0 -> stall=0
[PASS] seq=crv_seq_4                    cyc=43 op=HK_NO_LOAD     rs1=3 rs2=10 mem_read=0 ex_rd=5 -> stall=0
[PASS] seq=crv_seq_4                    cyc=44 op=HK_BOTH        rs1=25 rs2=25 mem_read=1 ex_rd=25 -> stall=1
[PASS] seq=crv_seq_4                    cyc=45 op=HK_RS2_ONLY    rs1=28 rs2=11 mem_read=1 ex_rd=11 -> stall=1
[PASS] seq=crv_seq_4                    cyc=46 op=HK_RS1_ONLY    rs1=16 rs2=31 mem_read=1 ex_rd=16 -> stall=1
[PASS] seq=crv_seq_4                    cyc=47 op=HK_RANDOM      rs1=29 rs2=12 mem_read=0 ex_rd=22 -> stall=0
[PASS] seq=crv_seq_4                    cyc=48 op=HK_RS2_ONLY    rs1=29 rs2=17 mem_read=1 ex_rd=17 -> stall=1
[PASS] seq=crv_seq_4                    cyc=49 op=HK_RS2_ONLY    rs1=22 rs2=14 mem_read=1 ex_rd=14 -> stall=1
[PASS] seq=crv_seq_4                    cyc=50 op=HK_BOTH        rs1=4 rs2=4 mem_read=1 ex_rd=4 -> stall=1
[PASS] seq=crv_seq_4                    cyc=51 op=HK_RANDOM      rs1=17 rs2=23 mem_read=0 ex_rd=13 -> stall=0
[PASS] seq=crv_seq_4                    cyc=52 op=HK_BOTH        rs1=4 rs2=4 mem_read=1 ex_rd=4 -> stall=1
[PASS] seq=crv_seq_4                    cyc=53 op=HK_X0_EXCLUDED rs1=21 rs2=3 mem_read=1 ex_rd=0 -> stall=0
[PASS] seq=crv_seq_4                    cyc=54 op=HK_RS2_ONLY    rs1=4 rs2=8 mem_read=1 ex_rd=8 -> stall=1
[PASS] seq=crv_seq_4                    cyc=55 op=HK_BOTH        rs1=11 rs2=11 mem_read=1 ex_rd=11 -> stall=1
[PASS] seq=crv_seq_4                    cyc=56 op=HK_RS1_ONLY    rs1=16 rs2=8 mem_read=1 ex_rd=16 -> stall=1
[PASS] seq=crv_seq_4                    cyc=57 op=HK_RS1_ONLY    rs1=18 rs2=3 mem_read=1 ex_rd=18 -> stall=1
[PASS] seq=crv_seq_4                    cyc=58 op=HK_RS2_ONLY    rs1=9 rs2=11 mem_read=1 ex_rd=11 -> stall=1
[PASS] seq=crv_seq_4                    cyc=59 op=HK_X0_EXCLUDED rs1=14 rs2=0 mem_read=1 ex_rd=0 -> stall=0
[PASS] seq=crv_seq_4                    cyc=60 op=HK_RANDOM      rs1=25 rs2=31 mem_read=1 ex_rd=27 -> stall=0
[PASS] seq=crv_seq_4                    cyc=61 op=HK_RS2_ONLY    rs1=17 rs2=21 mem_read=1 ex_rd=21 -> stall=1
[PASS] seq=crv_seq_4                    cyc=62 op=HK_NO_MATCH    rs1=1 rs2=23 mem_read=1 ex_rd=2 -> stall=0
[PASS] seq=crv_seq_4                    cyc=63 op=HK_NO_MATCH    rs1=31 rs2=6 mem_read=1 ex_rd=13 -> stall=0
[PASS] seq=crv_seq_4                    cyc=64 op=HK_RANDOM      rs1=24 rs2=7 mem_read=0 ex_rd=26 -> stall=0
[PASS] seq=crv_seq_4                    cyc=65 op=HK_RS1_ONLY    rs1=24 rs2=21 mem_read=1 ex_rd=24 -> stall=1
[PASS] seq=crv_seq_4                    cyc=66 op=HK_BOTH        rs1=23 rs2=23 mem_read=1 ex_rd=23 -> stall=1
[PASS] seq=crv_seq_4                    cyc=67 op=HK_X0_EXCLUDED rs1=12 rs2=7 mem_read=1 ex_rd=0 -> stall=0
[PASS] seq=crv_seq_4                    cyc=68 op=HK_RANDOM      rs1=10 rs2=7 mem_read=0 ex_rd=15 -> stall=0
[PASS] seq=crv_seq_4                    cyc=69 op=HK_NO_MATCH    rs1=25 rs2=6 mem_read=1 ex_rd=14 -> stall=0
[PASS] seq=crv_seq_4                    cyc=70 op=HK_RS2_ONLY    rs1=18 rs2=16 mem_read=1 ex_rd=16 -> stall=1
[PASS] seq=crv_seq_4                    cyc=71 op=HK_RANDOM      rs1=23 rs2=10 mem_read=1 ex_rd=22 -> stall=0
[PASS] seq=crv_seq_4                    cyc=72 op=HK_NO_LOAD     rs1=25 rs2=0 mem_read=0 ex_rd=11 -> stall=0
[PASS] seq=crv_seq_4                    cyc=73 op=HK_RS1_ONLY    rs1=29 rs2=2 mem_read=1 ex_rd=29 -> stall=1
[PASS] seq=crv_seq_4                    cyc=74 op=HK_RANDOM      rs1=3 rs2=30 mem_read=0 ex_rd=9 -> stall=0
[PASS] seq=crv_seq_4                    cyc=75 op=HK_RANDOM      rs1=31 rs2=21 mem_read=0 ex_rd=27 -> stall=0
[PASS] seq=crv_seq_4                    cyc=76 op=HK_NO_LOAD     rs1=2 rs2=15 mem_read=0 ex_rd=19 -> stall=0
[PASS] seq=crv_seq_4                    cyc=77 op=HK_NO_MATCH    rs1=9 rs2=7 mem_read=1 ex_rd=11 -> stall=0
[PASS] seq=crv_seq_4                    cyc=78 op=HK_RANDOM      rs1=28 rs2=2 mem_read=0 ex_rd=30 -> stall=0
[PASS] seq=crv_seq_4                    cyc=79 op=HK_RS2_ONLY    rs1=12 rs2=21 mem_read=1 ex_rd=21 -> stall=1
[PASS] seq=crv_seq_4                    cyc=80 op=HK_RS2_ONLY    rs1=11 rs2=31 mem_read=1 ex_rd=31 -> stall=1
[PASS] seq=crv_seq_4                    cyc=81 op=HK_RS2_ONLY    rs1=22 rs2=3 mem_read=1 ex_rd=3 -> stall=1
[PASS] seq=crv_seq_4                    cyc=82 op=HK_RS1_ONLY    rs1=13 rs2=12 mem_read=1 ex_rd=13 -> stall=1
[PASS] seq=crv_seq_4                    cyc=83 op=HK_BOTH        rs1=11 rs2=11 mem_read=1 ex_rd=11 -> stall=1
[PASS] seq=crv_seq_4                    cyc=84 op=HK_X0_EXCLUDED rs1=28 rs2=5 mem_read=1 ex_rd=0 -> stall=0
[PASS] seq=crv_seq_4                    cyc=85 op=HK_RANDOM      rs1=23 rs2=20 mem_read=1 ex_rd=28 -> stall=0
[PASS] seq=crv_seq_4                    cyc=86 op=HK_NO_MATCH    rs1=17 rs2=19 mem_read=1 ex_rd=25 -> stall=0
[PASS] seq=crv_seq_4                    cyc=87 op=HK_NO_MATCH    rs1=18 rs2=2 mem_read=1 ex_rd=4 -> stall=0
[PASS] seq=crv_seq_4                    cyc=88 op=HK_BOTH        rs1=30 rs2=30 mem_read=1 ex_rd=30 -> stall=1
[PASS] seq=crv_seq_4                    cyc=89 op=HK_BOTH        rs1=1 rs2=1 mem_read=1 ex_rd=1 -> stall=1
[PASS] seq=crv_seq_4                    cyc=90 op=HK_NO_LOAD     rs1=27 rs2=8 mem_read=0 ex_rd=31 -> stall=0
[PASS] seq=crv_seq_4                    cyc=91 op=HK_NO_MATCH    rs1=15 rs2=17 mem_read=1 ex_rd=3 -> stall=0
[PASS] seq=crv_seq_4                    cyc=92 op=HK_RS2_ONLY    rs1=13 rs2=10 mem_read=1 ex_rd=10 -> stall=1
[PASS] seq=crv_seq_4                    cyc=93 op=HK_RS2_ONLY    rs1=6 rs2=16 mem_read=1 ex_rd=16 -> stall=1
[PASS] seq=crv_seq_4                    cyc=94 op=HK_NO_LOAD     rs1=18 rs2=31 mem_read=0 ex_rd=2 -> stall=0
[PASS] seq=crv_seq_4                    cyc=95 op=HK_RS1_ONLY    rs1=12 rs2=2 mem_read=1 ex_rd=12 -> stall=1
[PASS] seq=crv_seq_4                    cyc=96 op=HK_NO_LOAD     rs1=24 rs2=9 mem_read=0 ex_rd=0 -> stall=0
[PASS] seq=crv_seq_4                    cyc=97 op=HK_NO_MATCH    rs1=20 rs2=20 mem_read=1 ex_rd=3 -> stall=0
[PASS] seq=crv_seq_4                    cyc=98 op=HK_RANDOM      rs1=19 rs2=4 mem_read=0 ex_rd=21 -> stall=0
[PASS] seq=crv_seq_4                    cyc=99 op=HK_NO_LOAD     rs1=29 rs2=14 mem_read=0 ex_rd=7 -> stall=0
[PASS] seq=crv_seq_4                    cyc=100 op=HK_RS2_ONLY    rs1=31 rs2=22 mem_read=1 ex_rd=22 -> stall=1
[PASS] seq=crv_seq_4                    cyc=101 op=HK_RS2_ONLY    rs1=6 rs2=16 mem_read=1 ex_rd=16 -> stall=1
[PASS] seq=crv_seq_4                    cyc=102 op=HK_BOTH        rs1=26 rs2=26 mem_read=1 ex_rd=26 -> stall=1
[PASS] seq=crv_seq_4                    cyc=103 op=HK_BOTH        rs1=13 rs2=13 mem_read=1 ex_rd=13 -> stall=1
[PASS] seq=crv_seq_4                    cyc=104 op=HK_RS1_ONLY    rs1=3 rs2=27 mem_read=1 ex_rd=3 -> stall=1
[PASS] seq=crv_seq_4                    cyc=105 op=HK_NO_MATCH    rs1=14 rs2=18 mem_read=1 ex_rd=30 -> stall=0
[PASS] seq=crv_seq_4                    cyc=106 op=HK_NO_LOAD     rs1=19 rs2=26 mem_read=0 ex_rd=15 -> stall=0
[PASS] seq=crv_seq_4                    cyc=107 op=HK_NO_MATCH    rs1=18 rs2=2 mem_read=1 ex_rd=31 -> stall=0
[PASS] seq=crv_seq_4                    cyc=108 op=HK_NO_LOAD     rs1=13 rs2=14 mem_read=0 ex_rd=26 -> stall=0
[PASS] seq=crv_seq_4                    cyc=109 op=HK_RS2_ONLY    rs1=28 rs2=2 mem_read=1 ex_rd=2 -> stall=1
[PASS] seq=crv_seq_4                    cyc=110 op=HK_BOTH        rs1=14 rs2=14 mem_read=1 ex_rd=14 -> stall=1
[PASS] seq=crv_seq_4                    cyc=111 op=HK_BOTH        rs1=27 rs2=27 mem_read=1 ex_rd=27 -> stall=1
[PASS] seq=crv_seq_4                    cyc=112 op=HK_NO_MATCH    rs1=23 rs2=8 mem_read=1 ex_rd=25 -> stall=0
[PASS] seq=crv_seq_4                    cyc=113 op=HK_X0_EXCLUDED rs1=26 rs2=0 mem_read=1 ex_rd=0 -> stall=0
[PASS] seq=crv_seq_4                    cyc=114 op=HK_RANDOM      rs1=15 rs2=28 mem_read=0 ex_rd=18 -> stall=0
[PASS] seq=crv_seq_4                    cyc=115 op=HK_NO_MATCH    rs1=9 rs2=17 mem_read=1 ex_rd=4 -> stall=0
[PASS] seq=crv_seq_4                    cyc=116 op=HK_RANDOM      rs1=23 rs2=21 mem_read=0 ex_rd=9 -> stall=0
[PASS] seq=crv_seq_4                    cyc=117 op=HK_NO_LOAD     rs1=5 rs2=9 mem_read=0 ex_rd=19 -> stall=0
[PASS] seq=crv_seq_4                    cyc=118 op=HK_BOTH        rs1=4 rs2=4 mem_read=1 ex_rd=4 -> stall=1
[PASS] seq=crv_seq_4                    cyc=119 op=HK_RS1_ONLY    rs1=26 rs2=2 mem_read=1 ex_rd=26 -> stall=1
[PASS] seq=crv_seq_4                    cyc=120 op=HK_X0_EXCLUDED rs1=24 rs2=2 mem_read=1 ex_rd=0 -> stall=0
[PASS] seq=crv_seq_4                    cyc=121 op=HK_RS2_ONLY    rs1=10 rs2=11 mem_read=1 ex_rd=11 -> stall=1
[PASS] seq=crv_seq_4                    cyc=122 op=HK_BOTH        rs1=15 rs2=15 mem_read=1 ex_rd=15 -> stall=1
[PASS] seq=crv_seq_4                    cyc=123 op=HK_NO_MATCH    rs1=6 rs2=8 mem_read=1 ex_rd=23 -> stall=0
[PASS] seq=crv_seq_4                    cyc=124 op=HK_RS2_ONLY    rs1=4 rs2=15 mem_read=1 ex_rd=15 -> stall=1
[PASS] seq=crv_seq_4                    cyc=125 op=HK_RANDOM      rs1=7 rs2=4 mem_read=1 ex_rd=30 -> stall=0
[PASS] seq=crv_seq_4                    cyc=126 op=HK_NO_MATCH    rs1=5 rs2=29 mem_read=1 ex_rd=19 -> stall=0
[PASS] seq=crv_seq_4                    cyc=127 op=HK_X0_EXCLUDED rs1=3 rs2=1 mem_read=1 ex_rd=0 -> stall=0
[PASS] seq=crv_seq_4                    cyc=128 op=HK_NO_LOAD     rs1=21 rs2=23 mem_read=0 ex_rd=18 -> stall=0
[PASS] seq=crv_seq_4                    cyc=129 op=HK_RANDOM      rs1=12 rs2=9 mem_read=1 ex_rd=24 -> stall=0
[PASS] seq=crv_seq_4                    cyc=130 op=HK_X0_EXCLUDED rs1=16 rs2=11 mem_read=1 ex_rd=0 -> stall=0
[PASS] seq=crv_seq_4                    cyc=131 op=HK_NO_LOAD     rs1=11 rs2=8 mem_read=0 ex_rd=2 -> stall=0
[PASS] seq=crv_seq_4                    cyc=132 op=HK_BOTH        rs1=19 rs2=19 mem_read=1 ex_rd=19 -> stall=1
[PASS] seq=crv_seq_4                    cyc=133 op=HK_NO_MATCH    rs1=14 rs2=2 mem_read=1 ex_rd=15 -> stall=0
[PASS] seq=crv_seq_4                    cyc=134 op=HK_RS1_ONLY    rs1=13 rs2=23 mem_read=1 ex_rd=13 -> stall=1
[PASS] seq=crv_seq_4                    cyc=135 op=HK_RANDOM      rs1=25 rs2=9 mem_read=1 ex_rd=0 -> stall=0
[PASS] seq=crv_seq_4                    cyc=136 op=HK_RANDOM      rs1=10 rs2=25 mem_read=1 ex_rd=18 -> stall=0
[PASS] seq=crv_seq_4                    cyc=137 op=HK_RS1_ONLY    rs1=30 rs2=24 mem_read=1 ex_rd=30 -> stall=1
[PASS] seq=crv_seq_4                    cyc=138 op=HK_RS2_ONLY    rs1=14 rs2=23 mem_read=1 ex_rd=23 -> stall=1
[PASS] seq=crv_seq_4                    cyc=139 op=HK_NO_MATCH    rs1=4 rs2=29 mem_read=1 ex_rd=23 -> stall=0
[PASS] seq=crv_seq_4                    cyc=140 op=HK_BOTH        rs1=17 rs2=17 mem_read=1 ex_rd=17 -> stall=1
[PASS] seq=crv_seq_4                    cyc=141 op=HK_RANDOM      rs1=3 rs2=3 mem_read=1 ex_rd=29 -> stall=0
[PASS] seq=crv_seq_4                    cyc=142 op=HK_RANDOM      rs1=13 rs2=20 mem_read=1 ex_rd=21 -> stall=0
[PASS] seq=crv_seq_4                    cyc=143 op=HK_RANDOM      rs1=6 rs2=10 mem_read=1 ex_rd=13 -> stall=0
[PASS] seq=crv_seq_4                    cyc=144 op=HK_RS1_ONLY    rs1=18 rs2=28 mem_read=1 ex_rd=18 -> stall=1
[PASS] seq=crv_seq_4                    cyc=145 op=HK_NO_LOAD     rs1=13 rs2=23 mem_read=0 ex_rd=28 -> stall=0
[PASS] seq=crv_seq_4                    cyc=146 op=HK_RS1_ONLY    rs1=8 rs2=13 mem_read=1 ex_rd=8 -> stall=1
[PASS] seq=crv_seq_4                    cyc=147 op=HK_RS2_ONLY    rs1=6 rs2=13 mem_read=1 ex_rd=13 -> stall=1
[PASS] seq=crv_seq_4                    cyc=148 op=HK_BOTH        rs1=20 rs2=20 mem_read=1 ex_rd=20 -> stall=1
[PASS] seq=crv_seq_4                    cyc=149 op=HK_NO_MATCH    rs1=10 rs2=2 mem_read=1 ex_rd=8 -> stall=0
[PASS] seq=crv_seq_4                    cyc=150 op=HK_RANDOM      rs1=10 rs2=12 mem_read=1 ex_rd=27 -> stall=0
[PASS] seq=crv_seq_4                    cyc=151 op=HK_RANDOM      rs1=0 rs2=18 mem_read=1 ex_rd=11 -> stall=0
[PASS] seq=crv_seq_4                    cyc=152 op=HK_RS1_ONLY    rs1=27 rs2=7 mem_read=1 ex_rd=27 -> stall=1
[PASS] seq=crv_seq_4                    cyc=153 op=HK_BOTH        rs1=21 rs2=21 mem_read=1 ex_rd=21 -> stall=1
[PASS] seq=crv_seq_4                    cyc=154 op=HK_NO_LOAD     rs1=10 rs2=10 mem_read=0 ex_rd=7 -> stall=0
[PASS] seq=crv_seq_4                    cyc=155 op=HK_NO_MATCH    rs1=3 rs2=15 mem_read=1 ex_rd=5 -> stall=0
[PASS] seq=crv_seq_4                    cyc=156 op=HK_RS1_ONLY    rs1=12 rs2=23 mem_read=1 ex_rd=12 -> stall=1
[PASS] seq=crv_seq_4                    cyc=157 op=HK_NO_LOAD     rs1=0 rs2=20 mem_read=0 ex_rd=23 -> stall=0
[PASS] seq=crv_seq_4                    cyc=158 op=HK_RS1_ONLY    rs1=26 rs2=24 mem_read=1 ex_rd=26 -> stall=1
[PASS] seq=crv_seq_4                    cyc=159 op=HK_X0_EXCLUDED rs1=14 rs2=11 mem_read=1 ex_rd=0 -> stall=0
[PASS] seq=crv_seq_4                    cyc=160 op=HK_BOTH        rs1=9 rs2=9 mem_read=1 ex_rd=9 -> stall=1
[PASS] seq=crv_seq_4                    cyc=161 op=HK_X0_EXCLUDED rs1=5 rs2=31 mem_read=1 ex_rd=0 -> stall=0
[PASS] seq=crv_seq_4                    cyc=162 op=HK_X0_EXCLUDED rs1=22 rs2=15 mem_read=1 ex_rd=0 -> stall=0
[PASS] seq=crv_seq_4                    cyc=163 op=HK_NO_LOAD     rs1=24 rs2=12 mem_read=0 ex_rd=12 -> stall=0
[PASS] seq=crv_seq_4                    cyc=164 op=HK_RANDOM      rs1=29 rs2=24 mem_read=1 ex_rd=8 -> stall=0
[PASS] seq=crv_seq_4                    cyc=165 op=HK_X0_EXCLUDED rs1=20 rs2=29 mem_read=1 ex_rd=0 -> stall=0
[PASS] seq=crv_seq_4                    cyc=166 op=HK_X0_EXCLUDED rs1=19 rs2=19 mem_read=1 ex_rd=0 -> stall=0
[PASS] seq=crv_seq_4                    cyc=167 op=HK_RS1_ONLY    rs1=22 rs2=17 mem_read=1 ex_rd=22 -> stall=1
[PASS] seq=crv_seq_4                    cyc=168 op=HK_BOTH        rs1=24 rs2=24 mem_read=1 ex_rd=24 -> stall=1
[PASS] seq=crv_seq_4                    cyc=169 op=HK_RS1_ONLY    rs1=3 rs2=27 mem_read=1 ex_rd=3 -> stall=1
[PASS] seq=crv_seq_4                    cyc=170 op=HK_RS1_ONLY    rs1=28 rs2=13 mem_read=1 ex_rd=28 -> stall=1
[PASS] seq=crv_seq_4                    cyc=171 op=HK_BOTH        rs1=15 rs2=15 mem_read=1 ex_rd=15 -> stall=1
[PASS] seq=crv_seq_4                    cyc=172 op=HK_NO_LOAD     rs1=12 rs2=21 mem_read=0 ex_rd=18 -> stall=0
[PASS] seq=crv_seq_4                    cyc=173 op=HK_NO_MATCH    rs1=20 rs2=5 mem_read=1 ex_rd=18 -> stall=0
[PASS] seq=crv_seq_4                    cyc=174 op=HK_NO_MATCH    rs1=19 rs2=19 mem_read=1 ex_rd=3 -> stall=0
[PASS] seq=crv_seq_4                    cyc=175 op=HK_RS1_ONLY    rs1=27 rs2=14 mem_read=1 ex_rd=27 -> stall=1
[PASS] seq=crv_seq_4                    cyc=176 op=HK_RS2_ONLY    rs1=7 rs2=27 mem_read=1 ex_rd=27 -> stall=1
[PASS] seq=crv_seq_4                    cyc=177 op=HK_X0_EXCLUDED rs1=5 rs2=7 mem_read=1 ex_rd=0 -> stall=0
[PASS] seq=crv_seq_4                    cyc=178 op=HK_RS1_ONLY    rs1=31 rs2=17 mem_read=1 ex_rd=31 -> stall=1
[PASS] seq=crv_seq_4                    cyc=179 op=HK_RS2_ONLY    rs1=20 rs2=28 mem_read=1 ex_rd=28 -> stall=1
[PASS] seq=crv_seq_4                    cyc=180 op=HK_RS1_ONLY    rs1=16 rs2=2 mem_read=1 ex_rd=16 -> stall=1
[PASS] seq=crv_seq_4                    cyc=181 op=HK_BOTH        rs1=17 rs2=17 mem_read=1 ex_rd=17 -> stall=1
[PASS] seq=crv_seq_4                    cyc=182 op=HK_BOTH        rs1=16 rs2=16 mem_read=1 ex_rd=16 -> stall=1
[PASS] seq=crv_seq_4                    cyc=183 op=HK_BOTH        rs1=8 rs2=8 mem_read=1 ex_rd=8 -> stall=1
[PASS] seq=crv_seq_4                    cyc=184 op=HK_RS2_ONLY    rs1=6 rs2=16 mem_read=1 ex_rd=16 -> stall=1
[PASS] seq=crv_seq_4                    cyc=185 op=HK_RANDOM      rs1=12 rs2=5 mem_read=0 ex_rd=30 -> stall=0
[PASS] seq=crv_seq_4                    cyc=186 op=HK_RS2_ONLY    rs1=2 rs2=31 mem_read=1 ex_rd=31 -> stall=1
[PASS] seq=crv_seq_4                    cyc=187 op=HK_RANDOM      rs1=23 rs2=8 mem_read=0 ex_rd=11 -> stall=0
[PASS] seq=crv_seq_4                    cyc=188 op=HK_BOTH        rs1=30 rs2=30 mem_read=1 ex_rd=30 -> stall=1
[PASS] seq=crv_seq_4                    cyc=189 op=HK_RS1_ONLY    rs1=19 rs2=0 mem_read=1 ex_rd=19 -> stall=1
[PASS] seq=crv_seq_4                    cyc=190 op=HK_BOTH        rs1=3 rs2=3 mem_read=1 ex_rd=3 -> stall=1
[PASS] seq=crv_seq_4                    cyc=191 op=HK_RANDOM      rs1=20 rs2=8 mem_read=0 ex_rd=0 -> stall=0
[PASS] seq=crv_seq_4                    cyc=192 op=HK_RANDOM      rs1=22 rs2=16 mem_read=1 ex_rd=3 -> stall=0
[PASS] seq=crv_seq_4                    cyc=193 op=HK_BOTH        rs1=3 rs2=3 mem_read=1 ex_rd=3 -> stall=1
[PASS] seq=crv_seq_4                    cyc=194 op=HK_RS1_ONLY    rs1=9 rs2=3 mem_read=1 ex_rd=9 -> stall=1
[PASS] seq=crv_seq_4                    cyc=195 op=HK_NO_MATCH    rs1=1 rs2=25 mem_read=1 ex_rd=29 -> stall=0
[PASS] seq=crv_seq_4                    cyc=196 op=HK_NO_MATCH    rs1=7 rs2=21 mem_read=1 ex_rd=26 -> stall=0
[PASS] seq=crv_seq_4                    cyc=197 op=HK_RS2_ONLY    rs1=22 rs2=5 mem_read=1 ex_rd=5 -> stall=1
[PASS] seq=crv_seq_4                    cyc=198 op=HK_RANDOM      rs1=22 rs2=26 mem_read=0 ex_rd=24 -> stall=0
[PASS] seq=crv_seq_4                    cyc=199 op=HK_RS1_ONLY    rs1=24 rs2=30 mem_read=1 ex_rd=24 -> stall=1
[PASS] seq=crv_seq_5                    cyc=0 op=HK_BOTH        rs1=26 rs2=26 mem_read=1 ex_rd=26 -> stall=1
[PASS] seq=crv_seq_5                    cyc=1 op=HK_NO_MATCH    rs1=0 rs2=26 mem_read=1 ex_rd=5 -> stall=0
[PASS] seq=crv_seq_5                    cyc=2 op=HK_NO_LOAD     rs1=26 rs2=31 mem_read=0 ex_rd=13 -> stall=0
[PASS] seq=crv_seq_5                    cyc=3 op=HK_RS1_ONLY    rs1=10 rs2=27 mem_read=1 ex_rd=10 -> stall=1
[PASS] seq=crv_seq_5                    cyc=4 op=HK_NO_MATCH    rs1=7 rs2=2 mem_read=1 ex_rd=16 -> stall=0
[PASS] seq=crv_seq_5                    cyc=5 op=HK_BOTH        rs1=14 rs2=14 mem_read=1 ex_rd=14 -> stall=1
[PASS] seq=crv_seq_5                    cyc=6 op=HK_NO_LOAD     rs1=14 rs2=25 mem_read=0 ex_rd=8 -> stall=0
[PASS] seq=crv_seq_5                    cyc=7 op=HK_RANDOM      rs1=26 rs2=11 mem_read=0 ex_rd=27 -> stall=0
[PASS] seq=crv_seq_5                    cyc=8 op=HK_RANDOM      rs1=8 rs2=6 mem_read=0 ex_rd=12 -> stall=0
[PASS] seq=crv_seq_5                    cyc=9 op=HK_BOTH        rs1=15 rs2=15 mem_read=1 ex_rd=15 -> stall=1
[PASS] seq=crv_seq_5                    cyc=10 op=HK_RANDOM      rs1=23 rs2=4 mem_read=0 ex_rd=30 -> stall=0
[PASS] seq=crv_seq_5                    cyc=11 op=HK_RS1_ONLY    rs1=11 rs2=13 mem_read=1 ex_rd=11 -> stall=1
[PASS] seq=crv_seq_5                    cyc=12 op=HK_RS2_ONLY    rs1=24 rs2=31 mem_read=1 ex_rd=31 -> stall=1
[PASS] seq=crv_seq_5                    cyc=13 op=HK_BOTH        rs1=14 rs2=14 mem_read=1 ex_rd=14 -> stall=1
[PASS] seq=crv_seq_5                    cyc=14 op=HK_RS2_ONLY    rs1=31 rs2=10 mem_read=1 ex_rd=10 -> stall=1
[PASS] seq=crv_seq_5                    cyc=15 op=HK_NO_MATCH    rs1=18 rs2=12 mem_read=1 ex_rd=27 -> stall=0
[PASS] seq=crv_seq_5                    cyc=16 op=HK_RANDOM      rs1=3 rs2=5 mem_read=1 ex_rd=3 -> stall=1
[PASS] seq=crv_seq_5                    cyc=17 op=HK_X0_EXCLUDED rs1=19 rs2=17 mem_read=1 ex_rd=0 -> stall=0
[PASS] seq=crv_seq_5                    cyc=18 op=HK_NO_LOAD     rs1=20 rs2=14 mem_read=0 ex_rd=16 -> stall=0
[PASS] seq=crv_seq_5                    cyc=19 op=HK_RANDOM      rs1=2 rs2=3 mem_read=1 ex_rd=3 -> stall=1
[PASS] seq=crv_seq_5                    cyc=20 op=HK_RS2_ONLY    rs1=28 rs2=13 mem_read=1 ex_rd=13 -> stall=1
[PASS] seq=crv_seq_5                    cyc=21 op=HK_RS1_ONLY    rs1=18 rs2=28 mem_read=1 ex_rd=18 -> stall=1
[PASS] seq=crv_seq_5                    cyc=22 op=HK_RS1_ONLY    rs1=5 rs2=17 mem_read=1 ex_rd=5 -> stall=1
[PASS] seq=crv_seq_5                    cyc=23 op=HK_BOTH        rs1=21 rs2=21 mem_read=1 ex_rd=21 -> stall=1
[PASS] seq=crv_seq_5                    cyc=24 op=HK_X0_EXCLUDED rs1=23 rs2=11 mem_read=1 ex_rd=0 -> stall=0
[PASS] seq=crv_seq_5                    cyc=25 op=HK_RANDOM      rs1=24 rs2=7 mem_read=0 ex_rd=4 -> stall=0
[PASS] seq=crv_seq_5                    cyc=26 op=HK_NO_MATCH    rs1=14 rs2=2 mem_read=1 ex_rd=5 -> stall=0
[PASS] seq=crv_seq_5                    cyc=27 op=HK_X0_EXCLUDED rs1=24 rs2=15 mem_read=1 ex_rd=0 -> stall=0
[PASS] seq=crv_seq_5                    cyc=28 op=HK_RS1_ONLY    rs1=12 rs2=17 mem_read=1 ex_rd=12 -> stall=1
[PASS] seq=crv_seq_5                    cyc=29 op=HK_NO_MATCH    rs1=7 rs2=21 mem_read=1 ex_rd=6 -> stall=0
[PASS] seq=crv_seq_5                    cyc=30 op=HK_BOTH        rs1=25 rs2=25 mem_read=1 ex_rd=25 -> stall=1
[PASS] seq=crv_seq_5                    cyc=31 op=HK_RS2_ONLY    rs1=9 rs2=14 mem_read=1 ex_rd=14 -> stall=1
[PASS] seq=crv_seq_5                    cyc=32 op=HK_RS2_ONLY    rs1=17 rs2=27 mem_read=1 ex_rd=27 -> stall=1
[PASS] seq=crv_seq_5                    cyc=33 op=HK_RS2_ONLY    rs1=2 rs2=26 mem_read=1 ex_rd=26 -> stall=1
[PASS] seq=crv_seq_5                    cyc=34 op=HK_RANDOM      rs1=21 rs2=8 mem_read=1 ex_rd=26 -> stall=0
[PASS] seq=crv_seq_5                    cyc=35 op=HK_NO_LOAD     rs1=2 rs2=29 mem_read=0 ex_rd=14 -> stall=0
[PASS] seq=crv_seq_5                    cyc=36 op=HK_BOTH        rs1=3 rs2=3 mem_read=1 ex_rd=3 -> stall=1
[PASS] seq=crv_seq_5                    cyc=37 op=HK_RS1_ONLY    rs1=20 rs2=10 mem_read=1 ex_rd=20 -> stall=1
[PASS] seq=crv_seq_5                    cyc=38 op=HK_RS2_ONLY    rs1=28 rs2=9 mem_read=1 ex_rd=9 -> stall=1
[PASS] seq=crv_seq_5                    cyc=39 op=HK_RS1_ONLY    rs1=30 rs2=3 mem_read=1 ex_rd=30 -> stall=1
[PASS] seq=crv_seq_5                    cyc=40 op=HK_RS1_ONLY    rs1=1 rs2=31 mem_read=1 ex_rd=1 -> stall=1
[PASS] seq=crv_seq_5                    cyc=41 op=HK_NO_LOAD     rs1=21 rs2=25 mem_read=0 ex_rd=6 -> stall=0
[PASS] seq=crv_seq_5                    cyc=42 op=HK_RANDOM      rs1=18 rs2=29 mem_read=0 ex_rd=19 -> stall=0
[PASS] seq=crv_seq_5                    cyc=43 op=HK_RANDOM      rs1=29 rs2=23 mem_read=0 ex_rd=19 -> stall=0
[PASS] seq=crv_seq_5                    cyc=44 op=HK_RS1_ONLY    rs1=26 rs2=7 mem_read=1 ex_rd=26 -> stall=1
[PASS] seq=crv_seq_5                    cyc=45 op=HK_NO_LOAD     rs1=30 rs2=20 mem_read=0 ex_rd=26 -> stall=0
[PASS] seq=crv_seq_5                    cyc=46 op=HK_RS2_ONLY    rs1=31 rs2=3 mem_read=1 ex_rd=3 -> stall=1
[PASS] seq=crv_seq_5                    cyc=47 op=HK_RS1_ONLY    rs1=7 rs2=16 mem_read=1 ex_rd=7 -> stall=1
[PASS] seq=crv_seq_5                    cyc=48 op=HK_RANDOM      rs1=27 rs2=24 mem_read=0 ex_rd=31 -> stall=0
[PASS] seq=crv_seq_5                    cyc=49 op=HK_RS2_ONLY    rs1=27 rs2=9 mem_read=1 ex_rd=9 -> stall=1
[PASS] seq=crv_seq_5                    cyc=50 op=HK_BOTH        rs1=26 rs2=26 mem_read=1 ex_rd=26 -> stall=1
[PASS] seq=crv_seq_5                    cyc=51 op=HK_NO_MATCH    rs1=24 rs2=28 mem_read=1 ex_rd=22 -> stall=0
[PASS] seq=crv_seq_5                    cyc=52 op=HK_RS1_ONLY    rs1=11 rs2=30 mem_read=1 ex_rd=11 -> stall=1
[PASS] seq=crv_seq_5                    cyc=53 op=HK_NO_MATCH    rs1=17 rs2=30 mem_read=1 ex_rd=11 -> stall=0
[PASS] seq=crv_seq_5                    cyc=54 op=HK_BOTH        rs1=4 rs2=4 mem_read=1 ex_rd=4 -> stall=1
[PASS] seq=crv_seq_5                    cyc=55 op=HK_RS2_ONLY    rs1=1 rs2=9 mem_read=1 ex_rd=9 -> stall=1
[PASS] seq=crv_seq_5                    cyc=56 op=HK_NO_LOAD     rs1=9 rs2=5 mem_read=0 ex_rd=2 -> stall=0
[PASS] seq=crv_seq_5                    cyc=57 op=HK_NO_MATCH    rs1=23 rs2=30 mem_read=1 ex_rd=9 -> stall=0
[PASS] seq=crv_seq_5                    cyc=58 op=HK_NO_LOAD     rs1=5 rs2=14 mem_read=0 ex_rd=20 -> stall=0
[PASS] seq=crv_seq_5                    cyc=59 op=HK_RS1_ONLY    rs1=26 rs2=20 mem_read=1 ex_rd=26 -> stall=1
[PASS] seq=crv_seq_5                    cyc=60 op=HK_RS1_ONLY    rs1=8 rs2=30 mem_read=1 ex_rd=8 -> stall=1
[PASS] seq=crv_seq_5                    cyc=61 op=HK_RS1_ONLY    rs1=11 rs2=28 mem_read=1 ex_rd=11 -> stall=1
[PASS] seq=crv_seq_5                    cyc=62 op=HK_RANDOM      rs1=15 rs2=22 mem_read=0 ex_rd=9 -> stall=0
[PASS] seq=crv_seq_5                    cyc=63 op=HK_BOTH        rs1=12 rs2=12 mem_read=1 ex_rd=12 -> stall=1
[PASS] seq=crv_seq_5                    cyc=64 op=HK_RS1_ONLY    rs1=5 rs2=7 mem_read=1 ex_rd=5 -> stall=1
[PASS] seq=crv_seq_5                    cyc=65 op=HK_BOTH        rs1=13 rs2=13 mem_read=1 ex_rd=13 -> stall=1
[PASS] seq=crv_seq_5                    cyc=66 op=HK_RANDOM      rs1=18 rs2=19 mem_read=1 ex_rd=13 -> stall=0
[PASS] seq=crv_seq_5                    cyc=67 op=HK_RS2_ONLY    rs1=5 rs2=15 mem_read=1 ex_rd=15 -> stall=1
[PASS] seq=crv_seq_5                    cyc=68 op=HK_BOTH        rs1=10 rs2=10 mem_read=1 ex_rd=10 -> stall=1
[PASS] seq=crv_seq_5                    cyc=69 op=HK_BOTH        rs1=21 rs2=21 mem_read=1 ex_rd=21 -> stall=1
[PASS] seq=crv_seq_5                    cyc=70 op=HK_RS2_ONLY    rs1=8 rs2=7 mem_read=1 ex_rd=7 -> stall=1
[PASS] seq=crv_seq_5                    cyc=71 op=HK_NO_LOAD     rs1=15 rs2=4 mem_read=0 ex_rd=3 -> stall=0
[PASS] seq=crv_seq_5                    cyc=72 op=HK_RS1_ONLY    rs1=1 rs2=10 mem_read=1 ex_rd=1 -> stall=1
[PASS] seq=crv_seq_5                    cyc=73 op=HK_RS1_ONLY    rs1=19 rs2=13 mem_read=1 ex_rd=19 -> stall=1
[PASS] seq=crv_seq_5                    cyc=74 op=HK_X0_EXCLUDED rs1=6 rs2=24 mem_read=1 ex_rd=0 -> stall=0
[PASS] seq=crv_seq_5                    cyc=75 op=HK_NO_LOAD     rs1=17 rs2=5 mem_read=0 ex_rd=2 -> stall=0
[PASS] seq=crv_seq_5                    cyc=76 op=HK_RS2_ONLY    rs1=17 rs2=15 mem_read=1 ex_rd=15 -> stall=1
[PASS] seq=crv_seq_5                    cyc=77 op=HK_RS2_ONLY    rs1=11 rs2=5 mem_read=1 ex_rd=5 -> stall=1
[PASS] seq=crv_seq_5                    cyc=78 op=HK_X0_EXCLUDED rs1=9 rs2=16 mem_read=1 ex_rd=0 -> stall=0
[PASS] seq=crv_seq_5                    cyc=79 op=HK_RANDOM      rs1=16 rs2=21 mem_read=0 ex_rd=12 -> stall=0
[PASS] seq=crv_seq_5                    cyc=80 op=HK_BOTH        rs1=27 rs2=27 mem_read=1 ex_rd=27 -> stall=1
[PASS] seq=crv_seq_5                    cyc=81 op=HK_NO_MATCH    rs1=31 rs2=30 mem_read=1 ex_rd=5 -> stall=0
[PASS] seq=crv_seq_5                    cyc=82 op=HK_NO_MATCH    rs1=6 rs2=4 mem_read=1 ex_rd=26 -> stall=0
[PASS] seq=crv_seq_5                    cyc=83 op=HK_X0_EXCLUDED rs1=21 rs2=18 mem_read=1 ex_rd=0 -> stall=0
[PASS] seq=crv_seq_5                    cyc=84 op=HK_BOTH        rs1=1 rs2=1 mem_read=1 ex_rd=1 -> stall=1
[PASS] seq=crv_seq_5                    cyc=85 op=HK_RANDOM      rs1=4 rs2=23 mem_read=0 ex_rd=0 -> stall=0
[PASS] seq=crv_seq_5                    cyc=86 op=HK_BOTH        rs1=17 rs2=17 mem_read=1 ex_rd=17 -> stall=1
[PASS] seq=crv_seq_5                    cyc=87 op=HK_RS1_ONLY    rs1=25 rs2=20 mem_read=1 ex_rd=25 -> stall=1
[PASS] seq=crv_seq_5                    cyc=88 op=HK_RS1_ONLY    rs1=24 rs2=26 mem_read=1 ex_rd=24 -> stall=1
[PASS] seq=crv_seq_5                    cyc=89 op=HK_RS1_ONLY    rs1=16 rs2=19 mem_read=1 ex_rd=16 -> stall=1
[PASS] seq=crv_seq_5                    cyc=90 op=HK_RANDOM      rs1=17 rs2=5 mem_read=1 ex_rd=18 -> stall=0
[PASS] seq=crv_seq_5                    cyc=91 op=HK_X0_EXCLUDED rs1=9 rs2=17 mem_read=1 ex_rd=0 -> stall=0
[PASS] seq=crv_seq_5                    cyc=92 op=HK_RANDOM      rs1=3 rs2=30 mem_read=0 ex_rd=15 -> stall=0
[PASS] seq=crv_seq_5                    cyc=93 op=HK_RANDOM      rs1=19 rs2=23 mem_read=1 ex_rd=13 -> stall=0
[PASS] seq=crv_seq_5                    cyc=94 op=HK_RS1_ONLY    rs1=27 rs2=2 mem_read=1 ex_rd=27 -> stall=1
[PASS] seq=crv_seq_5                    cyc=95 op=HK_NO_MATCH    rs1=15 rs2=1 mem_read=1 ex_rd=19 -> stall=0
[PASS] seq=crv_seq_5                    cyc=96 op=HK_X0_EXCLUDED rs1=31 rs2=0 mem_read=1 ex_rd=0 -> stall=0
[PASS] seq=crv_seq_5                    cyc=97 op=HK_BOTH        rs1=22 rs2=22 mem_read=1 ex_rd=22 -> stall=1
[PASS] seq=crv_seq_5                    cyc=98 op=HK_NO_MATCH    rs1=14 rs2=5 mem_read=1 ex_rd=25 -> stall=0
[PASS] seq=crv_seq_5                    cyc=99 op=HK_BOTH        rs1=5 rs2=5 mem_read=1 ex_rd=5 -> stall=1
[PASS] seq=crv_seq_5                    cyc=100 op=HK_RANDOM      rs1=5 rs2=1 mem_read=0 ex_rd=13 -> stall=0
[PASS] seq=crv_seq_5                    cyc=101 op=HK_RS1_ONLY    rs1=28 rs2=8 mem_read=1 ex_rd=28 -> stall=1
[PASS] seq=crv_seq_5                    cyc=102 op=HK_RANDOM      rs1=27 rs2=14 mem_read=1 ex_rd=26 -> stall=0
[PASS] seq=crv_seq_5                    cyc=103 op=HK_RANDOM      rs1=5 rs2=0 mem_read=1 ex_rd=12 -> stall=0
[PASS] seq=crv_seq_5                    cyc=104 op=HK_BOTH        rs1=17 rs2=17 mem_read=1 ex_rd=17 -> stall=1
[PASS] seq=crv_seq_5                    cyc=105 op=HK_NO_LOAD     rs1=24 rs2=20 mem_read=0 ex_rd=15 -> stall=0
[PASS] seq=crv_seq_5                    cyc=106 op=HK_RANDOM      rs1=19 rs2=11 mem_read=0 ex_rd=26 -> stall=0
[PASS] seq=crv_seq_5                    cyc=107 op=HK_RANDOM      rs1=16 rs2=21 mem_read=0 ex_rd=11 -> stall=0
[PASS] seq=crv_seq_5                    cyc=108 op=HK_NO_LOAD     rs1=27 rs2=22 mem_read=0 ex_rd=4 -> stall=0
[PASS] seq=crv_seq_5                    cyc=109 op=HK_RS1_ONLY    rs1=5 rs2=27 mem_read=1 ex_rd=5 -> stall=1
[PASS] seq=crv_seq_5                    cyc=110 op=HK_X0_EXCLUDED rs1=0 rs2=6 mem_read=1 ex_rd=0 -> stall=0
[PASS] seq=crv_seq_5                    cyc=111 op=HK_RS1_ONLY    rs1=17 rs2=14 mem_read=1 ex_rd=17 -> stall=1
[PASS] seq=crv_seq_5                    cyc=112 op=HK_RS1_ONLY    rs1=13 rs2=24 mem_read=1 ex_rd=13 -> stall=1
[PASS] seq=crv_seq_5                    cyc=113 op=HK_X0_EXCLUDED rs1=29 rs2=16 mem_read=1 ex_rd=0 -> stall=0
[PASS] seq=crv_seq_5                    cyc=114 op=HK_NO_MATCH    rs1=14 rs2=16 mem_read=1 ex_rd=22 -> stall=0
[PASS] seq=crv_seq_5                    cyc=115 op=HK_RS2_ONLY    rs1=12 rs2=22 mem_read=1 ex_rd=22 -> stall=1
[PASS] seq=crv_seq_5                    cyc=116 op=HK_NO_LOAD     rs1=7 rs2=31 mem_read=0 ex_rd=14 -> stall=0
[PASS] seq=crv_seq_5                    cyc=117 op=HK_RS1_ONLY    rs1=31 rs2=6 mem_read=1 ex_rd=31 -> stall=1
[PASS] seq=crv_seq_5                    cyc=118 op=HK_RS1_ONLY    rs1=10 rs2=1 mem_read=1 ex_rd=10 -> stall=1
[PASS] seq=crv_seq_5                    cyc=119 op=HK_NO_MATCH    rs1=18 rs2=29 mem_read=1 ex_rd=11 -> stall=0
[PASS] seq=crv_seq_5                    cyc=120 op=HK_RS2_ONLY    rs1=12 rs2=18 mem_read=1 ex_rd=18 -> stall=1
[PASS] seq=crv_seq_5                    cyc=121 op=HK_BOTH        rs1=16 rs2=16 mem_read=1 ex_rd=16 -> stall=1
[PASS] seq=crv_seq_5                    cyc=122 op=HK_RS2_ONLY    rs1=3 rs2=17 mem_read=1 ex_rd=17 -> stall=1
[PASS] seq=crv_seq_5                    cyc=123 op=HK_RANDOM      rs1=1 rs2=10 mem_read=0 ex_rd=28 -> stall=0
[PASS] seq=crv_seq_5                    cyc=124 op=HK_RS1_ONLY    rs1=8 rs2=23 mem_read=1 ex_rd=8 -> stall=1
[PASS] seq=crv_seq_5                    cyc=125 op=HK_RS2_ONLY    rs1=7 rs2=28 mem_read=1 ex_rd=28 -> stall=1
[PASS] seq=crv_seq_5                    cyc=126 op=HK_RS1_ONLY    rs1=31 rs2=23 mem_read=1 ex_rd=31 -> stall=1
[PASS] seq=crv_seq_5                    cyc=127 op=HK_X0_EXCLUDED rs1=14 rs2=19 mem_read=1 ex_rd=0 -> stall=0
[PASS] seq=crv_seq_5                    cyc=128 op=HK_RANDOM      rs1=13 rs2=3 mem_read=0 ex_rd=0 -> stall=0
[PASS] seq=crv_seq_5                    cyc=129 op=HK_RANDOM      rs1=17 rs2=12 mem_read=0 ex_rd=1 -> stall=0
[PASS] seq=crv_seq_5                    cyc=130 op=HK_X0_EXCLUDED rs1=12 rs2=18 mem_read=1 ex_rd=0 -> stall=0
[PASS] seq=crv_seq_5                    cyc=131 op=HK_RS1_ONLY    rs1=15 rs2=19 mem_read=1 ex_rd=15 -> stall=1
[PASS] seq=crv_seq_5                    cyc=132 op=HK_NO_MATCH    rs1=13 rs2=12 mem_read=1 ex_rd=22 -> stall=0
[PASS] seq=crv_seq_5                    cyc=133 op=HK_X0_EXCLUDED rs1=23 rs2=0 mem_read=1 ex_rd=0 -> stall=0
[PASS] seq=crv_seq_5                    cyc=134 op=HK_BOTH        rs1=3 rs2=3 mem_read=1 ex_rd=3 -> stall=1
[PASS] seq=crv_seq_5                    cyc=135 op=HK_NO_MATCH    rs1=29 rs2=29 mem_read=1 ex_rd=4 -> stall=0
[PASS] seq=crv_seq_5                    cyc=136 op=HK_RS2_ONLY    rs1=17 rs2=31 mem_read=1 ex_rd=31 -> stall=1
[PASS] seq=crv_seq_5                    cyc=137 op=HK_RANDOM      rs1=22 rs2=10 mem_read=0 ex_rd=3 -> stall=0
[PASS] seq=crv_seq_5                    cyc=138 op=HK_RS1_ONLY    rs1=19 rs2=12 mem_read=1 ex_rd=19 -> stall=1
[PASS] seq=crv_seq_5                    cyc=139 op=HK_NO_MATCH    rs1=16 rs2=13 mem_read=1 ex_rd=30 -> stall=0
[PASS] seq=crv_seq_5                    cyc=140 op=HK_X0_EXCLUDED rs1=10 rs2=12 mem_read=1 ex_rd=0 -> stall=0
[PASS] seq=crv_seq_5                    cyc=141 op=HK_RANDOM      rs1=7 rs2=10 mem_read=0 ex_rd=12 -> stall=0
[PASS] seq=crv_seq_5                    cyc=142 op=HK_BOTH        rs1=24 rs2=24 mem_read=1 ex_rd=24 -> stall=1
[PASS] seq=crv_seq_5                    cyc=143 op=HK_RANDOM      rs1=21 rs2=23 mem_read=1 ex_rd=18 -> stall=0
[PASS] seq=crv_seq_5                    cyc=144 op=HK_RS1_ONLY    rs1=16 rs2=23 mem_read=1 ex_rd=16 -> stall=1
[PASS] seq=crv_seq_5                    cyc=145 op=HK_RS1_ONLY    rs1=4 rs2=23 mem_read=1 ex_rd=4 -> stall=1
[PASS] seq=crv_seq_5                    cyc=146 op=HK_NO_LOAD     rs1=14 rs2=15 mem_read=0 ex_rd=18 -> stall=0
[PASS] seq=crv_seq_5                    cyc=147 op=HK_RANDOM      rs1=11 rs2=15 mem_read=1 ex_rd=17 -> stall=0
[PASS] seq=crv_seq_5                    cyc=148 op=HK_RS2_ONLY    rs1=12 rs2=1 mem_read=1 ex_rd=1 -> stall=1
[PASS] seq=crv_seq_5                    cyc=149 op=HK_RS1_ONLY    rs1=31 rs2=15 mem_read=1 ex_rd=31 -> stall=1
[PASS] seq=crv_seq_5                    cyc=150 op=HK_RS2_ONLY    rs1=9 rs2=28 mem_read=1 ex_rd=28 -> stall=1
[PASS] seq=crv_seq_5                    cyc=151 op=HK_NO_LOAD     rs1=10 rs2=4 mem_read=0 ex_rd=8 -> stall=0
[PASS] seq=crv_seq_5                    cyc=152 op=HK_BOTH        rs1=4 rs2=4 mem_read=1 ex_rd=4 -> stall=1
[PASS] seq=crv_seq_5                    cyc=153 op=HK_RS1_ONLY    rs1=1 rs2=19 mem_read=1 ex_rd=1 -> stall=1
[PASS] seq=crv_seq_5                    cyc=154 op=HK_RS2_ONLY    rs1=1 rs2=25 mem_read=1 ex_rd=25 -> stall=1
[PASS] seq=crv_seq_5                    cyc=155 op=HK_BOTH        rs1=30 rs2=30 mem_read=1 ex_rd=30 -> stall=1
[PASS] seq=crv_seq_5                    cyc=156 op=HK_RANDOM      rs1=14 rs2=14 mem_read=1 ex_rd=19 -> stall=0
[PASS] seq=crv_seq_5                    cyc=157 op=HK_X0_EXCLUDED rs1=22 rs2=11 mem_read=1 ex_rd=0 -> stall=0
[PASS] seq=crv_seq_5                    cyc=158 op=HK_RS1_ONLY    rs1=22 rs2=18 mem_read=1 ex_rd=22 -> stall=1
[PASS] seq=crv_seq_5                    cyc=159 op=HK_NO_LOAD     rs1=30 rs2=25 mem_read=0 ex_rd=4 -> stall=0
[PASS] seq=crv_seq_5                    cyc=160 op=HK_RANDOM      rs1=3 rs2=14 mem_read=0 ex_rd=31 -> stall=0
[PASS] seq=crv_seq_5                    cyc=161 op=HK_X0_EXCLUDED rs1=0 rs2=8 mem_read=1 ex_rd=0 -> stall=0
[PASS] seq=crv_seq_5                    cyc=162 op=HK_NO_MATCH    rs1=15 rs2=17 mem_read=1 ex_rd=22 -> stall=0
[PASS] seq=crv_seq_5                    cyc=163 op=HK_BOTH        rs1=11 rs2=11 mem_read=1 ex_rd=11 -> stall=1
[PASS] seq=crv_seq_5                    cyc=164 op=HK_RANDOM      rs1=20 rs2=10 mem_read=0 ex_rd=24 -> stall=0
[PASS] seq=crv_seq_5                    cyc=165 op=HK_RS1_ONLY    rs1=4 rs2=8 mem_read=1 ex_rd=4 -> stall=1
[PASS] seq=crv_seq_5                    cyc=166 op=HK_RANDOM      rs1=12 rs2=23 mem_read=0 ex_rd=29 -> stall=0
[PASS] seq=crv_seq_5                    cyc=167 op=HK_RS1_ONLY    rs1=8 rs2=19 mem_read=1 ex_rd=8 -> stall=1
[PASS] seq=crv_seq_5                    cyc=168 op=HK_NO_MATCH    rs1=24 rs2=8 mem_read=1 ex_rd=14 -> stall=0
[PASS] seq=crv_seq_5                    cyc=169 op=HK_BOTH        rs1=23 rs2=23 mem_read=1 ex_rd=23 -> stall=1
[PASS] seq=crv_seq_5                    cyc=170 op=HK_BOTH        rs1=15 rs2=15 mem_read=1 ex_rd=15 -> stall=1
[PASS] seq=crv_seq_5                    cyc=171 op=HK_NO_LOAD     rs1=30 rs2=30 mem_read=0 ex_rd=2 -> stall=0
[PASS] seq=crv_seq_5                    cyc=172 op=HK_NO_LOAD     rs1=9 rs2=28 mem_read=0 ex_rd=15 -> stall=0
[PASS] seq=crv_seq_5                    cyc=173 op=HK_X0_EXCLUDED rs1=30 rs2=29 mem_read=1 ex_rd=0 -> stall=0
[PASS] seq=crv_seq_5                    cyc=174 op=HK_RS2_ONLY    rs1=26 rs2=2 mem_read=1 ex_rd=2 -> stall=1
[PASS] seq=crv_seq_5                    cyc=175 op=HK_RS1_ONLY    rs1=19 rs2=7 mem_read=1 ex_rd=19 -> stall=1
[PASS] seq=crv_seq_5                    cyc=176 op=HK_X0_EXCLUDED rs1=1 rs2=24 mem_read=1 ex_rd=0 -> stall=0
[PASS] seq=crv_seq_5                    cyc=177 op=HK_BOTH        rs1=27 rs2=27 mem_read=1 ex_rd=27 -> stall=1
[PASS] seq=crv_seq_5                    cyc=178 op=HK_RS2_ONLY    rs1=13 rs2=29 mem_read=1 ex_rd=29 -> stall=1
[PASS] seq=crv_seq_5                    cyc=179 op=HK_RS2_ONLY    rs1=6 rs2=24 mem_read=1 ex_rd=24 -> stall=1
[PASS] seq=crv_seq_5                    cyc=180 op=HK_RS1_ONLY    rs1=23 rs2=5 mem_read=1 ex_rd=23 -> stall=1
[PASS] seq=crv_seq_5                    cyc=181 op=HK_NO_LOAD     rs1=12 rs2=7 mem_read=0 ex_rd=25 -> stall=0
[PASS] seq=crv_seq_5                    cyc=182 op=HK_RS2_ONLY    rs1=28 rs2=29 mem_read=1 ex_rd=29 -> stall=1
[PASS] seq=crv_seq_5                    cyc=183 op=HK_BOTH        rs1=2 rs2=2 mem_read=1 ex_rd=2 -> stall=1
[PASS] seq=crv_seq_5                    cyc=184 op=HK_RANDOM      rs1=27 rs2=25 mem_read=1 ex_rd=13 -> stall=0
[PASS] seq=crv_seq_5                    cyc=185 op=HK_RANDOM      rs1=12 rs2=13 mem_read=1 ex_rd=20 -> stall=0
[PASS] seq=crv_seq_5                    cyc=186 op=HK_NO_MATCH    rs1=3 rs2=20 mem_read=1 ex_rd=14 -> stall=0
[PASS] seq=crv_seq_5                    cyc=187 op=HK_X0_EXCLUDED rs1=6 rs2=21 mem_read=1 ex_rd=0 -> stall=0
[PASS] seq=crv_seq_5                    cyc=188 op=HK_NO_LOAD     rs1=18 rs2=4 mem_read=0 ex_rd=29 -> stall=0
[PASS] seq=crv_seq_5                    cyc=189 op=HK_RS1_ONLY    rs1=14 rs2=15 mem_read=1 ex_rd=14 -> stall=1
[PASS] seq=crv_seq_5                    cyc=190 op=HK_X0_EXCLUDED rs1=24 rs2=31 mem_read=1 ex_rd=0 -> stall=0
[PASS] seq=crv_seq_5                    cyc=191 op=HK_X0_EXCLUDED rs1=15 rs2=30 mem_read=1 ex_rd=0 -> stall=0
[PASS] seq=crv_seq_5                    cyc=192 op=HK_RANDOM      rs1=17 rs2=30 mem_read=0 ex_rd=5 -> stall=0
[PASS] seq=crv_seq_5                    cyc=193 op=HK_BOTH        rs1=30 rs2=30 mem_read=1 ex_rd=30 -> stall=1
[PASS] seq=crv_seq_5                    cyc=194 op=HK_BOTH        rs1=31 rs2=31 mem_read=1 ex_rd=31 -> stall=1
[PASS] seq=crv_seq_5                    cyc=195 op=HK_RANDOM      rs1=29 rs2=12 mem_read=0 ex_rd=4 -> stall=0
[PASS] seq=crv_seq_5                    cyc=196 op=HK_BOTH        rs1=4 rs2=4 mem_read=1 ex_rd=4 -> stall=1
[PASS] seq=crv_seq_5                    cyc=197 op=HK_NO_MATCH    rs1=14 rs2=27 mem_read=1 ex_rd=16 -> stall=0
[PASS] seq=crv_seq_5                    cyc=198 op=HK_RS2_ONLY    rs1=16 rs2=9 mem_read=1 ex_rd=9 -> stall=1
[PASS] seq=crv_seq_5                    cyc=199 op=HK_X0_EXCLUDED rs1=0 rs2=14 mem_read=1 ex_rd=0 -> stall=0
[PASS] seq=crv_seq_6                    cyc=0 op=HK_BOTH        rs1=11 rs2=11 mem_read=1 ex_rd=11 -> stall=1
[PASS] seq=crv_seq_6                    cyc=1 op=HK_X0_EXCLUDED rs1=4 rs2=18 mem_read=1 ex_rd=0 -> stall=0
[PASS] seq=crv_seq_6                    cyc=2 op=HK_X0_EXCLUDED rs1=24 rs2=10 mem_read=1 ex_rd=0 -> stall=0
[PASS] seq=crv_seq_6                    cyc=3 op=HK_RS1_ONLY    rs1=1 rs2=24 mem_read=1 ex_rd=1 -> stall=1
[PASS] seq=crv_seq_6                    cyc=4 op=HK_RS1_ONLY    rs1=19 rs2=5 mem_read=1 ex_rd=19 -> stall=1
[PASS] seq=crv_seq_6                    cyc=5 op=HK_RANDOM      rs1=16 rs2=30 mem_read=1 ex_rd=28 -> stall=0
[PASS] seq=crv_seq_6                    cyc=6 op=HK_RANDOM      rs1=5 rs2=5 mem_read=1 ex_rd=3 -> stall=0
[PASS] seq=crv_seq_6                    cyc=7 op=HK_RANDOM      rs1=27 rs2=5 mem_read=0 ex_rd=25 -> stall=0
[PASS] seq=crv_seq_6                    cyc=8 op=HK_RS1_ONLY    rs1=17 rs2=2 mem_read=1 ex_rd=17 -> stall=1
[PASS] seq=crv_seq_6                    cyc=9 op=HK_RANDOM      rs1=3 rs2=20 mem_read=1 ex_rd=31 -> stall=0
[PASS] seq=crv_seq_6                    cyc=10 op=HK_NO_MATCH    rs1=9 rs2=9 mem_read=1 ex_rd=15 -> stall=0
[PASS] seq=crv_seq_6                    cyc=11 op=HK_NO_LOAD     rs1=24 rs2=27 mem_read=0 ex_rd=22 -> stall=0
[PASS] seq=crv_seq_6                    cyc=12 op=HK_RS1_ONLY    rs1=3 rs2=16 mem_read=1 ex_rd=3 -> stall=1
[PASS] seq=crv_seq_6                    cyc=13 op=HK_RS1_ONLY    rs1=11 rs2=12 mem_read=1 ex_rd=11 -> stall=1
[PASS] seq=crv_seq_6                    cyc=14 op=HK_NO_MATCH    rs1=10 rs2=25 mem_read=1 ex_rd=3 -> stall=0
[PASS] seq=crv_seq_6                    cyc=15 op=HK_RS1_ONLY    rs1=31 rs2=24 mem_read=1 ex_rd=31 -> stall=1
[PASS] seq=crv_seq_6                    cyc=16 op=HK_RANDOM      rs1=17 rs2=27 mem_read=0 ex_rd=1 -> stall=0
[PASS] seq=crv_seq_6                    cyc=17 op=HK_NO_LOAD     rs1=17 rs2=1 mem_read=0 ex_rd=0 -> stall=0
[PASS] seq=crv_seq_6                    cyc=18 op=HK_RS1_ONLY    rs1=28 rs2=21 mem_read=1 ex_rd=28 -> stall=1
[PASS] seq=crv_seq_6                    cyc=19 op=HK_RS1_ONLY    rs1=17 rs2=10 mem_read=1 ex_rd=17 -> stall=1
[PASS] seq=crv_seq_6                    cyc=20 op=HK_RS2_ONLY    rs1=14 rs2=25 mem_read=1 ex_rd=25 -> stall=1
[PASS] seq=crv_seq_6                    cyc=21 op=HK_NO_LOAD     rs1=28 rs2=7 mem_read=0 ex_rd=25 -> stall=0
[PASS] seq=crv_seq_6                    cyc=22 op=HK_RS1_ONLY    rs1=29 rs2=2 mem_read=1 ex_rd=29 -> stall=1
[PASS] seq=crv_seq_6                    cyc=23 op=HK_BOTH        rs1=7 rs2=7 mem_read=1 ex_rd=7 -> stall=1
[PASS] seq=crv_seq_6                    cyc=24 op=HK_NO_LOAD     rs1=18 rs2=30 mem_read=0 ex_rd=8 -> stall=0
[PASS] seq=crv_seq_6                    cyc=25 op=HK_RANDOM      rs1=8 rs2=12 mem_read=1 ex_rd=24 -> stall=0
[PASS] seq=crv_seq_6                    cyc=26 op=HK_RS2_ONLY    rs1=16 rs2=21 mem_read=1 ex_rd=21 -> stall=1
[PASS] seq=crv_seq_6                    cyc=27 op=HK_NO_MATCH    rs1=22 rs2=12 mem_read=1 ex_rd=13 -> stall=0
[PASS] seq=crv_seq_6                    cyc=28 op=HK_NO_LOAD     rs1=6 rs2=22 mem_read=0 ex_rd=31 -> stall=0
[PASS] seq=crv_seq_6                    cyc=29 op=HK_X0_EXCLUDED rs1=5 rs2=31 mem_read=1 ex_rd=0 -> stall=0
[PASS] seq=crv_seq_6                    cyc=30 op=HK_RANDOM      rs1=2 rs2=24 mem_read=1 ex_rd=2 -> stall=1
[PASS] seq=crv_seq_6                    cyc=31 op=HK_RS1_ONLY    rs1=9 rs2=13 mem_read=1 ex_rd=9 -> stall=1
[PASS] seq=crv_seq_6                    cyc=32 op=HK_RANDOM      rs1=25 rs2=12 mem_read=0 ex_rd=19 -> stall=0
[PASS] seq=crv_seq_6                    cyc=33 op=HK_RS1_ONLY    rs1=24 rs2=11 mem_read=1 ex_rd=24 -> stall=1
[PASS] seq=crv_seq_6                    cyc=34 op=HK_NO_LOAD     rs1=10 rs2=15 mem_read=0 ex_rd=27 -> stall=0
[PASS] seq=crv_seq_6                    cyc=35 op=HK_RANDOM      rs1=20 rs2=4 mem_read=1 ex_rd=10 -> stall=0
[PASS] seq=crv_seq_6                    cyc=36 op=HK_BOTH        rs1=25 rs2=25 mem_read=1 ex_rd=25 -> stall=1
[PASS] seq=crv_seq_6                    cyc=37 op=HK_RS1_ONLY    rs1=3 rs2=1 mem_read=1 ex_rd=3 -> stall=1
[PASS] seq=crv_seq_6                    cyc=38 op=HK_BOTH        rs1=16 rs2=16 mem_read=1 ex_rd=16 -> stall=1
[PASS] seq=crv_seq_6                    cyc=39 op=HK_BOTH        rs1=19 rs2=19 mem_read=1 ex_rd=19 -> stall=1
[PASS] seq=crv_seq_6                    cyc=40 op=HK_RANDOM      rs1=25 rs2=2 mem_read=1 ex_rd=22 -> stall=0
[PASS] seq=crv_seq_6                    cyc=41 op=HK_X0_EXCLUDED rs1=9 rs2=3 mem_read=1 ex_rd=0 -> stall=0
[PASS] seq=crv_seq_6                    cyc=42 op=HK_RANDOM      rs1=31 rs2=24 mem_read=1 ex_rd=2 -> stall=0
[PASS] seq=crv_seq_6                    cyc=43 op=HK_RS1_ONLY    rs1=25 rs2=20 mem_read=1 ex_rd=25 -> stall=1
[PASS] seq=crv_seq_6                    cyc=44 op=HK_RS2_ONLY    rs1=1 rs2=13 mem_read=1 ex_rd=13 -> stall=1
[PASS] seq=crv_seq_6                    cyc=45 op=HK_BOTH        rs1=3 rs2=3 mem_read=1 ex_rd=3 -> stall=1
[PASS] seq=crv_seq_6                    cyc=46 op=HK_BOTH        rs1=26 rs2=26 mem_read=1 ex_rd=26 -> stall=1
[PASS] seq=crv_seq_6                    cyc=47 op=HK_RS1_ONLY    rs1=12 rs2=8 mem_read=1 ex_rd=12 -> stall=1
[PASS] seq=crv_seq_6                    cyc=48 op=HK_X0_EXCLUDED rs1=31 rs2=24 mem_read=1 ex_rd=0 -> stall=0
[PASS] seq=crv_seq_6                    cyc=49 op=HK_RS1_ONLY    rs1=1 rs2=21 mem_read=1 ex_rd=1 -> stall=1
[PASS] seq=crv_seq_6                    cyc=50 op=HK_RANDOM      rs1=28 rs2=21 mem_read=1 ex_rd=24 -> stall=0
[PASS] seq=crv_seq_6                    cyc=51 op=HK_RS2_ONLY    rs1=6 rs2=21 mem_read=1 ex_rd=21 -> stall=1
[PASS] seq=crv_seq_6                    cyc=52 op=HK_RANDOM      rs1=2 rs2=26 mem_read=0 ex_rd=0 -> stall=0
[PASS] seq=crv_seq_6                    cyc=53 op=HK_RS1_ONLY    rs1=22 rs2=28 mem_read=1 ex_rd=22 -> stall=1
[PASS] seq=crv_seq_6                    cyc=54 op=HK_RS2_ONLY    rs1=11 rs2=18 mem_read=1 ex_rd=18 -> stall=1
[PASS] seq=crv_seq_6                    cyc=55 op=HK_BOTH        rs1=25 rs2=25 mem_read=1 ex_rd=25 -> stall=1
[PASS] seq=crv_seq_6                    cyc=56 op=HK_NO_MATCH    rs1=22 rs2=8 mem_read=1 ex_rd=29 -> stall=0
[PASS] seq=crv_seq_6                    cyc=57 op=HK_RANDOM      rs1=14 rs2=25 mem_read=0 ex_rd=21 -> stall=0
[PASS] seq=crv_seq_6                    cyc=58 op=HK_RANDOM      rs1=27 rs2=29 mem_read=0 ex_rd=0 -> stall=0
[PASS] seq=crv_seq_6                    cyc=59 op=HK_NO_MATCH    rs1=14 rs2=23 mem_read=1 ex_rd=3 -> stall=0
[PASS] seq=crv_seq_6                    cyc=60 op=HK_RS2_ONLY    rs1=15 rs2=30 mem_read=1 ex_rd=30 -> stall=1
[PASS] seq=crv_seq_6                    cyc=61 op=HK_BOTH        rs1=25 rs2=25 mem_read=1 ex_rd=25 -> stall=1
[PASS] seq=crv_seq_6                    cyc=62 op=HK_RS1_ONLY    rs1=24 rs2=25 mem_read=1 ex_rd=24 -> stall=1
[PASS] seq=crv_seq_6                    cyc=63 op=HK_X0_EXCLUDED rs1=15 rs2=1 mem_read=1 ex_rd=0 -> stall=0
[PASS] seq=crv_seq_6                    cyc=64 op=HK_RANDOM      rs1=17 rs2=21 mem_read=1 ex_rd=23 -> stall=0
[PASS] seq=crv_seq_6                    cyc=65 op=HK_RS1_ONLY    rs1=13 rs2=26 mem_read=1 ex_rd=13 -> stall=1
[PASS] seq=crv_seq_6                    cyc=66 op=HK_RANDOM      rs1=26 rs2=26 mem_read=0 ex_rd=30 -> stall=0
[PASS] seq=crv_seq_6                    cyc=67 op=HK_RS1_ONLY    rs1=22 rs2=15 mem_read=1 ex_rd=22 -> stall=1
[PASS] seq=crv_seq_6                    cyc=68 op=HK_RS2_ONLY    rs1=28 rs2=26 mem_read=1 ex_rd=26 -> stall=1
[PASS] seq=crv_seq_6                    cyc=69 op=HK_BOTH        rs1=16 rs2=16 mem_read=1 ex_rd=16 -> stall=1
[PASS] seq=crv_seq_6                    cyc=70 op=HK_RS1_ONLY    rs1=14 rs2=30 mem_read=1 ex_rd=14 -> stall=1
[PASS] seq=crv_seq_6                    cyc=71 op=HK_RANDOM      rs1=8 rs2=23 mem_read=1 ex_rd=12 -> stall=0
[PASS] seq=crv_seq_6                    cyc=72 op=HK_RANDOM      rs1=5 rs2=0 mem_read=1 ex_rd=29 -> stall=0
[PASS] seq=crv_seq_6                    cyc=73 op=HK_RS1_ONLY    rs1=29 rs2=7 mem_read=1 ex_rd=29 -> stall=1
[PASS] seq=crv_seq_6                    cyc=74 op=HK_NO_LOAD     rs1=19 rs2=5 mem_read=0 ex_rd=21 -> stall=0
[PASS] seq=crv_seq_6                    cyc=75 op=HK_RS2_ONLY    rs1=3 rs2=12 mem_read=1 ex_rd=12 -> stall=1
[PASS] seq=crv_seq_6                    cyc=76 op=HK_BOTH        rs1=26 rs2=26 mem_read=1 ex_rd=26 -> stall=1
[PASS] seq=crv_seq_6                    cyc=77 op=HK_RS1_ONLY    rs1=22 rs2=2 mem_read=1 ex_rd=22 -> stall=1
[PASS] seq=crv_seq_6                    cyc=78 op=HK_RANDOM      rs1=10 rs2=6 mem_read=1 ex_rd=14 -> stall=0
[PASS] seq=crv_seq_6                    cyc=79 op=HK_RS1_ONLY    rs1=4 rs2=22 mem_read=1 ex_rd=4 -> stall=1
[PASS] seq=crv_seq_6                    cyc=80 op=HK_RANDOM      rs1=16 rs2=0 mem_read=0 ex_rd=7 -> stall=0
[PASS] seq=crv_seq_6                    cyc=81 op=HK_NO_LOAD     rs1=6 rs2=2 mem_read=0 ex_rd=10 -> stall=0
[PASS] seq=crv_seq_6                    cyc=82 op=HK_NO_LOAD     rs1=28 rs2=23 mem_read=0 ex_rd=24 -> stall=0
[PASS] seq=crv_seq_6                    cyc=83 op=HK_RS1_ONLY    rs1=17 rs2=8 mem_read=1 ex_rd=17 -> stall=1
[PASS] seq=crv_seq_6                    cyc=84 op=HK_BOTH        rs1=9 rs2=9 mem_read=1 ex_rd=9 -> stall=1
[PASS] seq=crv_seq_6                    cyc=85 op=HK_NO_MATCH    rs1=13 rs2=21 mem_read=1 ex_rd=27 -> stall=0
[PASS] seq=crv_seq_6                    cyc=86 op=HK_RS1_ONLY    rs1=12 rs2=6 mem_read=1 ex_rd=12 -> stall=1
[PASS] seq=crv_seq_6                    cyc=87 op=HK_NO_LOAD     rs1=26 rs2=18 mem_read=0 ex_rd=1 -> stall=0
[PASS] seq=crv_seq_6                    cyc=88 op=HK_RS2_ONLY    rs1=29 rs2=20 mem_read=1 ex_rd=20 -> stall=1
[PASS] seq=crv_seq_6                    cyc=89 op=HK_NO_MATCH    rs1=20 rs2=12 mem_read=1 ex_rd=23 -> stall=0
[PASS] seq=crv_seq_6                    cyc=90 op=HK_RANDOM      rs1=15 rs2=14 mem_read=1 ex_rd=7 -> stall=0
[PASS] seq=crv_seq_6                    cyc=91 op=HK_NO_LOAD     rs1=24 rs2=13 mem_read=0 ex_rd=22 -> stall=0
[PASS] seq=crv_seq_6                    cyc=92 op=HK_BOTH        rs1=3 rs2=3 mem_read=1 ex_rd=3 -> stall=1
[PASS] seq=crv_seq_6                    cyc=93 op=HK_RS1_ONLY    rs1=25 rs2=7 mem_read=1 ex_rd=25 -> stall=1
[PASS] seq=crv_seq_6                    cyc=94 op=HK_NO_MATCH    rs1=29 rs2=20 mem_read=1 ex_rd=3 -> stall=0
[PASS] seq=crv_seq_6                    cyc=95 op=HK_NO_LOAD     rs1=29 rs2=14 mem_read=0 ex_rd=12 -> stall=0
[PASS] seq=crv_seq_6                    cyc=96 op=HK_RANDOM      rs1=23 rs2=3 mem_read=0 ex_rd=7 -> stall=0
[PASS] seq=crv_seq_6                    cyc=97 op=HK_NO_MATCH    rs1=5 rs2=28 mem_read=1 ex_rd=11 -> stall=0
[PASS] seq=crv_seq_6                    cyc=98 op=HK_X0_EXCLUDED rs1=13 rs2=19 mem_read=1 ex_rd=0 -> stall=0
[PASS] seq=crv_seq_6                    cyc=99 op=HK_RS1_ONLY    rs1=31 rs2=24 mem_read=1 ex_rd=31 -> stall=1
[PASS] seq=crv_seq_6                    cyc=100 op=HK_RS1_ONLY    rs1=19 rs2=16 mem_read=1 ex_rd=19 -> stall=1
[PASS] seq=crv_seq_6                    cyc=101 op=HK_RS2_ONLY    rs1=11 rs2=26 mem_read=1 ex_rd=26 -> stall=1
[PASS] seq=crv_seq_6                    cyc=102 op=HK_RANDOM      rs1=7 rs2=7 mem_read=0 ex_rd=17 -> stall=0
[PASS] seq=crv_seq_6                    cyc=103 op=HK_BOTH        rs1=9 rs2=9 mem_read=1 ex_rd=9 -> stall=1
[PASS] seq=crv_seq_6                    cyc=104 op=HK_RANDOM      rs1=19 rs2=26 mem_read=1 ex_rd=6 -> stall=0
[PASS] seq=crv_seq_6                    cyc=105 op=HK_RS2_ONLY    rs1=4 rs2=1 mem_read=1 ex_rd=1 -> stall=1
[PASS] seq=crv_seq_6                    cyc=106 op=HK_RANDOM      rs1=20 rs2=22 mem_read=0 ex_rd=5 -> stall=0
[PASS] seq=crv_seq_6                    cyc=107 op=HK_BOTH        rs1=6 rs2=6 mem_read=1 ex_rd=6 -> stall=1
[PASS] seq=crv_seq_6                    cyc=108 op=HK_BOTH        rs1=14 rs2=14 mem_read=1 ex_rd=14 -> stall=1
[PASS] seq=crv_seq_6                    cyc=109 op=HK_RS1_ONLY    rs1=16 rs2=29 mem_read=1 ex_rd=16 -> stall=1
[PASS] seq=crv_seq_6                    cyc=110 op=HK_RS2_ONLY    rs1=17 rs2=6 mem_read=1 ex_rd=6 -> stall=1
[PASS] seq=crv_seq_6                    cyc=111 op=HK_RS1_ONLY    rs1=2 rs2=31 mem_read=1 ex_rd=2 -> stall=1
[PASS] seq=crv_seq_6                    cyc=112 op=HK_BOTH        rs1=22 rs2=22 mem_read=1 ex_rd=22 -> stall=1
[PASS] seq=crv_seq_6                    cyc=113 op=HK_NO_LOAD     rs1=21 rs2=5 mem_read=0 ex_rd=15 -> stall=0
[PASS] seq=crv_seq_6                    cyc=114 op=HK_RS2_ONLY    rs1=11 rs2=3 mem_read=1 ex_rd=3 -> stall=1
[PASS] seq=crv_seq_6                    cyc=115 op=HK_NO_LOAD     rs1=27 rs2=23 mem_read=0 ex_rd=5 -> stall=0
[PASS] seq=crv_seq_6                    cyc=116 op=HK_RS2_ONLY    rs1=28 rs2=1 mem_read=1 ex_rd=1 -> stall=1
[PASS] seq=crv_seq_6                    cyc=117 op=HK_X0_EXCLUDED rs1=29 rs2=9 mem_read=1 ex_rd=0 -> stall=0
[PASS] seq=crv_seq_6                    cyc=118 op=HK_RANDOM      rs1=25 rs2=31 mem_read=0 ex_rd=30 -> stall=0
[PASS] seq=crv_seq_6                    cyc=119 op=HK_RANDOM      rs1=13 rs2=24 mem_read=1 ex_rd=2 -> stall=0
[PASS] seq=crv_seq_6                    cyc=120 op=HK_BOTH        rs1=12 rs2=12 mem_read=1 ex_rd=12 -> stall=1
[PASS] seq=crv_seq_6                    cyc=121 op=HK_RS2_ONLY    rs1=17 rs2=13 mem_read=1 ex_rd=13 -> stall=1
[PASS] seq=crv_seq_6                    cyc=122 op=HK_X0_EXCLUDED rs1=19 rs2=28 mem_read=1 ex_rd=0 -> stall=0
[PASS] seq=crv_seq_6                    cyc=123 op=HK_RANDOM      rs1=26 rs2=21 mem_read=1 ex_rd=20 -> stall=0
[PASS] seq=crv_seq_6                    cyc=124 op=HK_RS1_ONLY    rs1=5 rs2=28 mem_read=1 ex_rd=5 -> stall=1
[PASS] seq=crv_seq_6                    cyc=125 op=HK_RANDOM      rs1=14 rs2=6 mem_read=0 ex_rd=27 -> stall=0
[PASS] seq=crv_seq_6                    cyc=126 op=HK_BOTH        rs1=23 rs2=23 mem_read=1 ex_rd=23 -> stall=1
[PASS] seq=crv_seq_6                    cyc=127 op=HK_X0_EXCLUDED rs1=21 rs2=10 mem_read=1 ex_rd=0 -> stall=0
[PASS] seq=crv_seq_6                    cyc=128 op=HK_NO_MATCH    rs1=14 rs2=14 mem_read=1 ex_rd=27 -> stall=0
[PASS] seq=crv_seq_6                    cyc=129 op=HK_NO_MATCH    rs1=14 rs2=22 mem_read=1 ex_rd=25 -> stall=0
[PASS] seq=crv_seq_6                    cyc=130 op=HK_RANDOM      rs1=16 rs2=29 mem_read=1 ex_rd=19 -> stall=0
[PASS] seq=crv_seq_6                    cyc=131 op=HK_X0_EXCLUDED rs1=23 rs2=25 mem_read=1 ex_rd=0 -> stall=0
[PASS] seq=crv_seq_6                    cyc=132 op=HK_RS1_ONLY    rs1=24 rs2=30 mem_read=1 ex_rd=24 -> stall=1
[PASS] seq=crv_seq_6                    cyc=133 op=HK_RS2_ONLY    rs1=10 rs2=8 mem_read=1 ex_rd=8 -> stall=1
[PASS] seq=crv_seq_6                    cyc=134 op=HK_RANDOM      rs1=1 rs2=2 mem_read=0 ex_rd=4 -> stall=0
[PASS] seq=crv_seq_6                    cyc=135 op=HK_BOTH        rs1=8 rs2=8 mem_read=1 ex_rd=8 -> stall=1
[PASS] seq=crv_seq_6                    cyc=136 op=HK_X0_EXCLUDED rs1=3 rs2=13 mem_read=1 ex_rd=0 -> stall=0
[PASS] seq=crv_seq_6                    cyc=137 op=HK_RS1_ONLY    rs1=6 rs2=28 mem_read=1 ex_rd=6 -> stall=1
[PASS] seq=crv_seq_6                    cyc=138 op=HK_BOTH        rs1=30 rs2=30 mem_read=1 ex_rd=30 -> stall=1
[PASS] seq=crv_seq_6                    cyc=139 op=HK_RS1_ONLY    rs1=9 rs2=19 mem_read=1 ex_rd=9 -> stall=1
[PASS] seq=crv_seq_6                    cyc=140 op=HK_RANDOM      rs1=28 rs2=23 mem_read=0 ex_rd=15 -> stall=0
[PASS] seq=crv_seq_6                    cyc=141 op=HK_RANDOM      rs1=3 rs2=21 mem_read=0 ex_rd=28 -> stall=0
[PASS] seq=crv_seq_6                    cyc=142 op=HK_RS1_ONLY    rs1=9 rs2=5 mem_read=1 ex_rd=9 -> stall=1
[PASS] seq=crv_seq_6                    cyc=143 op=HK_RS1_ONLY    rs1=11 rs2=22 mem_read=1 ex_rd=11 -> stall=1
[PASS] seq=crv_seq_6                    cyc=144 op=HK_RANDOM      rs1=22 rs2=2 mem_read=1 ex_rd=22 -> stall=1
[PASS] seq=crv_seq_6                    cyc=145 op=HK_NO_MATCH    rs1=19 rs2=28 mem_read=1 ex_rd=18 -> stall=0
[PASS] seq=crv_seq_6                    cyc=146 op=HK_NO_MATCH    rs1=0 rs2=24 mem_read=1 ex_rd=2 -> stall=0
[PASS] seq=crv_seq_6                    cyc=147 op=HK_RS2_ONLY    rs1=26 rs2=24 mem_read=1 ex_rd=24 -> stall=1
[PASS] seq=crv_seq_6                    cyc=148 op=HK_X0_EXCLUDED rs1=27 rs2=17 mem_read=1 ex_rd=0 -> stall=0
[PASS] seq=crv_seq_6                    cyc=149 op=HK_X0_EXCLUDED rs1=30 rs2=24 mem_read=1 ex_rd=0 -> stall=0
[PASS] seq=crv_seq_6                    cyc=150 op=HK_NO_LOAD     rs1=14 rs2=13 mem_read=0 ex_rd=21 -> stall=0
[PASS] seq=crv_seq_6                    cyc=151 op=HK_RANDOM      rs1=24 rs2=11 mem_read=0 ex_rd=0 -> stall=0
[PASS] seq=crv_seq_6                    cyc=152 op=HK_RS1_ONLY    rs1=17 rs2=5 mem_read=1 ex_rd=17 -> stall=1
[PASS] seq=crv_seq_6                    cyc=153 op=HK_RS1_ONLY    rs1=7 rs2=29 mem_read=1 ex_rd=7 -> stall=1
[PASS] seq=crv_seq_6                    cyc=154 op=HK_NO_MATCH    rs1=8 rs2=7 mem_read=1 ex_rd=11 -> stall=0
[PASS] seq=crv_seq_6                    cyc=155 op=HK_RS2_ONLY    rs1=24 rs2=1 mem_read=1 ex_rd=1 -> stall=1
[PASS] seq=crv_seq_6                    cyc=156 op=HK_RS1_ONLY    rs1=8 rs2=25 mem_read=1 ex_rd=8 -> stall=1
[PASS] seq=crv_seq_6                    cyc=157 op=HK_RS1_ONLY    rs1=5 rs2=29 mem_read=1 ex_rd=5 -> stall=1
[PASS] seq=crv_seq_6                    cyc=158 op=HK_NO_MATCH    rs1=27 rs2=16 mem_read=1 ex_rd=4 -> stall=0
[PASS] seq=crv_seq_6                    cyc=159 op=HK_RS2_ONLY    rs1=4 rs2=15 mem_read=1 ex_rd=15 -> stall=1
[PASS] seq=crv_seq_6                    cyc=160 op=HK_RS2_ONLY    rs1=3 rs2=13 mem_read=1 ex_rd=13 -> stall=1
[PASS] seq=crv_seq_6                    cyc=161 op=HK_RS2_ONLY    rs1=6 rs2=3 mem_read=1 ex_rd=3 -> stall=1
[PASS] seq=crv_seq_6                    cyc=162 op=HK_NO_LOAD     rs1=8 rs2=12 mem_read=0 ex_rd=21 -> stall=0
[PASS] seq=crv_seq_6                    cyc=163 op=HK_RANDOM      rs1=10 rs2=6 mem_read=0 ex_rd=12 -> stall=0
[PASS] seq=crv_seq_6                    cyc=164 op=HK_RS2_ONLY    rs1=5 rs2=7 mem_read=1 ex_rd=7 -> stall=1
[PASS] seq=crv_seq_6                    cyc=165 op=HK_RS2_ONLY    rs1=31 rs2=27 mem_read=1 ex_rd=27 -> stall=1
[PASS] seq=crv_seq_6                    cyc=166 op=HK_RS1_ONLY    rs1=24 rs2=31 mem_read=1 ex_rd=24 -> stall=1
[PASS] seq=crv_seq_6                    cyc=167 op=HK_RS2_ONLY    rs1=18 rs2=14 mem_read=1 ex_rd=14 -> stall=1
[PASS] seq=crv_seq_6                    cyc=168 op=HK_BOTH        rs1=25 rs2=25 mem_read=1 ex_rd=25 -> stall=1
[PASS] seq=crv_seq_6                    cyc=169 op=HK_RANDOM      rs1=18 rs2=10 mem_read=1 ex_rd=23 -> stall=0
[PASS] seq=crv_seq_6                    cyc=170 op=HK_NO_MATCH    rs1=7 rs2=15 mem_read=1 ex_rd=16 -> stall=0
[PASS] seq=crv_seq_6                    cyc=171 op=HK_NO_LOAD     rs1=9 rs2=15 mem_read=0 ex_rd=24 -> stall=0
[PASS] seq=crv_seq_6                    cyc=172 op=HK_RANDOM      rs1=13 rs2=18 mem_read=1 ex_rd=17 -> stall=0
[PASS] seq=crv_seq_6                    cyc=173 op=HK_RS1_ONLY    rs1=9 rs2=8 mem_read=1 ex_rd=9 -> stall=1
[PASS] seq=crv_seq_6                    cyc=174 op=HK_RS2_ONLY    rs1=6 rs2=24 mem_read=1 ex_rd=24 -> stall=1
[PASS] seq=crv_seq_6                    cyc=175 op=HK_RS1_ONLY    rs1=13 rs2=27 mem_read=1 ex_rd=13 -> stall=1
[PASS] seq=crv_seq_6                    cyc=176 op=HK_BOTH        rs1=21 rs2=21 mem_read=1 ex_rd=21 -> stall=1
[PASS] seq=crv_seq_6                    cyc=177 op=HK_RANDOM      rs1=1 rs2=20 mem_read=0 ex_rd=19 -> stall=0
[PASS] seq=crv_seq_6                    cyc=178 op=HK_NO_MATCH    rs1=6 rs2=31 mem_read=1 ex_rd=3 -> stall=0
[PASS] seq=crv_seq_6                    cyc=179 op=HK_X0_EXCLUDED rs1=16 rs2=13 mem_read=1 ex_rd=0 -> stall=0
[PASS] seq=crv_seq_6                    cyc=180 op=HK_RS2_ONLY    rs1=10 rs2=17 mem_read=1 ex_rd=17 -> stall=1
[PASS] seq=crv_seq_6                    cyc=181 op=HK_BOTH        rs1=7 rs2=7 mem_read=1 ex_rd=7 -> stall=1
[PASS] seq=crv_seq_6                    cyc=182 op=HK_X0_EXCLUDED rs1=9 rs2=9 mem_read=1 ex_rd=0 -> stall=0
[PASS] seq=crv_seq_6                    cyc=183 op=HK_RANDOM      rs1=7 rs2=29 mem_read=0 ex_rd=31 -> stall=0
[PASS] seq=crv_seq_6                    cyc=184 op=HK_RS2_ONLY    rs1=26 rs2=10 mem_read=1 ex_rd=10 -> stall=1
[PASS] seq=crv_seq_6                    cyc=185 op=HK_NO_MATCH    rs1=3 rs2=29 mem_read=1 ex_rd=2 -> stall=0
[PASS] seq=crv_seq_6                    cyc=186 op=HK_BOTH        rs1=21 rs2=21 mem_read=1 ex_rd=21 -> stall=1
[PASS] seq=crv_seq_6                    cyc=187 op=HK_NO_LOAD     rs1=17 rs2=1 mem_read=0 ex_rd=12 -> stall=0
[PASS] seq=crv_seq_6                    cyc=188 op=HK_RS1_ONLY    rs1=29 rs2=6 mem_read=1 ex_rd=29 -> stall=1
[PASS] seq=crv_seq_6                    cyc=189 op=HK_X0_EXCLUDED rs1=20 rs2=3 mem_read=1 ex_rd=0 -> stall=0
[PASS] seq=crv_seq_6                    cyc=190 op=HK_RS2_ONLY    rs1=26 rs2=22 mem_read=1 ex_rd=22 -> stall=1
[PASS] seq=crv_seq_6                    cyc=191 op=HK_RS2_ONLY    rs1=5 rs2=28 mem_read=1 ex_rd=28 -> stall=1
[PASS] seq=crv_seq_6                    cyc=192 op=HK_BOTH        rs1=7 rs2=7 mem_read=1 ex_rd=7 -> stall=1
[PASS] seq=crv_seq_6                    cyc=193 op=HK_RS1_ONLY    rs1=19 rs2=24 mem_read=1 ex_rd=19 -> stall=1
[PASS] seq=crv_seq_6                    cyc=194 op=HK_RANDOM      rs1=13 rs2=27 mem_read=1 ex_rd=25 -> stall=0
[PASS] seq=crv_seq_6                    cyc=195 op=HK_NO_MATCH    rs1=30 rs2=14 mem_read=1 ex_rd=19 -> stall=0
[PASS] seq=crv_seq_6                    cyc=196 op=HK_RANDOM      rs1=6 rs2=28 mem_read=0 ex_rd=24 -> stall=0
[PASS] seq=crv_seq_6                    cyc=197 op=HK_NO_LOAD     rs1=17 rs2=2 mem_read=0 ex_rd=7 -> stall=0
[PASS] seq=crv_seq_6                    cyc=198 op=HK_RS1_ONLY    rs1=9 rs2=26 mem_read=1 ex_rd=9 -> stall=1
[PASS] seq=crv_seq_6                    cyc=199 op=HK_RS1_ONLY    rs1=29 rs2=14 mem_read=1 ex_rd=29 -> stall=1
[PASS] seq=crv_seq_7                    cyc=0 op=HK_NO_MATCH    rs1=29 rs2=24 mem_read=1 ex_rd=19 -> stall=0
[PASS] seq=crv_seq_7                    cyc=1 op=HK_RANDOM      rs1=7 rs2=22 mem_read=0 ex_rd=25 -> stall=0
[PASS] seq=crv_seq_7                    cyc=2 op=HK_RS2_ONLY    rs1=6 rs2=13 mem_read=1 ex_rd=13 -> stall=1
[PASS] seq=crv_seq_7                    cyc=3 op=HK_NO_MATCH    rs1=6 rs2=22 mem_read=1 ex_rd=26 -> stall=0
[PASS] seq=crv_seq_7                    cyc=4 op=HK_RS1_ONLY    rs1=12 rs2=0 mem_read=1 ex_rd=12 -> stall=1
[PASS] seq=crv_seq_7                    cyc=5 op=HK_RANDOM      rs1=14 rs2=23 mem_read=1 ex_rd=6 -> stall=0
[PASS] seq=crv_seq_7                    cyc=6 op=HK_RANDOM      rs1=27 rs2=12 mem_read=1 ex_rd=30 -> stall=0
[PASS] seq=crv_seq_7                    cyc=7 op=HK_X0_EXCLUDED rs1=31 rs2=8 mem_read=1 ex_rd=0 -> stall=0
[PASS] seq=crv_seq_7                    cyc=8 op=HK_BOTH        rs1=22 rs2=22 mem_read=1 ex_rd=22 -> stall=1
[PASS] seq=crv_seq_7                    cyc=9 op=HK_RANDOM      rs1=10 rs2=29 mem_read=1 ex_rd=17 -> stall=0
[PASS] seq=crv_seq_7                    cyc=10 op=HK_BOTH        rs1=6 rs2=6 mem_read=1 ex_rd=6 -> stall=1
[PASS] seq=crv_seq_7                    cyc=11 op=HK_RS1_ONLY    rs1=15 rs2=10 mem_read=1 ex_rd=15 -> stall=1
[PASS] seq=crv_seq_7                    cyc=12 op=HK_RANDOM      rs1=16 rs2=28 mem_read=1 ex_rd=5 -> stall=0
[PASS] seq=crv_seq_7                    cyc=13 op=HK_RS2_ONLY    rs1=16 rs2=1 mem_read=1 ex_rd=1 -> stall=1
[PASS] seq=crv_seq_7                    cyc=14 op=HK_NO_MATCH    rs1=3 rs2=13 mem_read=1 ex_rd=5 -> stall=0
[PASS] seq=crv_seq_7                    cyc=15 op=HK_NO_LOAD     rs1=20 rs2=16 mem_read=0 ex_rd=23 -> stall=0
[PASS] seq=crv_seq_7                    cyc=16 op=HK_BOTH        rs1=8 rs2=8 mem_read=1 ex_rd=8 -> stall=1
[PASS] seq=crv_seq_7                    cyc=17 op=HK_RS2_ONLY    rs1=9 rs2=4 mem_read=1 ex_rd=4 -> stall=1
[PASS] seq=crv_seq_7                    cyc=18 op=HK_RS2_ONLY    rs1=21 rs2=10 mem_read=1 ex_rd=10 -> stall=1
[PASS] seq=crv_seq_7                    cyc=19 op=HK_NO_LOAD     rs1=9 rs2=5 mem_read=0 ex_rd=25 -> stall=0
[PASS] seq=crv_seq_7                    cyc=20 op=HK_RANDOM      rs1=29 rs2=2 mem_read=0 ex_rd=3 -> stall=0
[PASS] seq=crv_seq_7                    cyc=21 op=HK_RANDOM      rs1=9 rs2=21 mem_read=1 ex_rd=4 -> stall=0
[PASS] seq=crv_seq_7                    cyc=22 op=HK_NO_MATCH    rs1=28 rs2=26 mem_read=1 ex_rd=10 -> stall=0
[PASS] seq=crv_seq_7                    cyc=23 op=HK_RS2_ONLY    rs1=8 rs2=10 mem_read=1 ex_rd=10 -> stall=1
[PASS] seq=crv_seq_7                    cyc=24 op=HK_RANDOM      rs1=2 rs2=27 mem_read=1 ex_rd=5 -> stall=0
[PASS] seq=crv_seq_7                    cyc=25 op=HK_X0_EXCLUDED rs1=31 rs2=20 mem_read=1 ex_rd=0 -> stall=0
[PASS] seq=crv_seq_7                    cyc=26 op=HK_RS1_ONLY    rs1=6 rs2=20 mem_read=1 ex_rd=6 -> stall=1
[PASS] seq=crv_seq_7                    cyc=27 op=HK_RANDOM      rs1=15 rs2=8 mem_read=1 ex_rd=9 -> stall=0
[PASS] seq=crv_seq_7                    cyc=28 op=HK_BOTH        rs1=12 rs2=12 mem_read=1 ex_rd=12 -> stall=1
[PASS] seq=crv_seq_7                    cyc=29 op=HK_RANDOM      rs1=2 rs2=14 mem_read=0 ex_rd=9 -> stall=0
[PASS] seq=crv_seq_7                    cyc=30 op=HK_RS2_ONLY    rs1=17 rs2=13 mem_read=1 ex_rd=13 -> stall=1
[PASS] seq=crv_seq_7                    cyc=31 op=HK_X0_EXCLUDED rs1=9 rs2=5 mem_read=1 ex_rd=0 -> stall=0
[PASS] seq=crv_seq_7                    cyc=32 op=HK_BOTH        rs1=23 rs2=23 mem_read=1 ex_rd=23 -> stall=1
[PASS] seq=crv_seq_7                    cyc=33 op=HK_X0_EXCLUDED rs1=2 rs2=8 mem_read=1 ex_rd=0 -> stall=0
[PASS] seq=crv_seq_7                    cyc=34 op=HK_BOTH        rs1=12 rs2=12 mem_read=1 ex_rd=12 -> stall=1
[PASS] seq=crv_seq_7                    cyc=35 op=HK_RS1_ONLY    rs1=16 rs2=1 mem_read=1 ex_rd=16 -> stall=1
[PASS] seq=crv_seq_7                    cyc=36 op=HK_RS2_ONLY    rs1=18 rs2=30 mem_read=1 ex_rd=30 -> stall=1
[PASS] seq=crv_seq_7                    cyc=37 op=HK_RANDOM      rs1=26 rs2=4 mem_read=1 ex_rd=22 -> stall=0
[PASS] seq=crv_seq_7                    cyc=38 op=HK_NO_MATCH    rs1=30 rs2=10 mem_read=1 ex_rd=23 -> stall=0
[PASS] seq=crv_seq_7                    cyc=39 op=HK_RANDOM      rs1=13 rs2=19 mem_read=1 ex_rd=5 -> stall=0
[PASS] seq=crv_seq_7                    cyc=40 op=HK_RS2_ONLY    rs1=19 rs2=2 mem_read=1 ex_rd=2 -> stall=1
[PASS] seq=crv_seq_7                    cyc=41 op=HK_NO_LOAD     rs1=28 rs2=22 mem_read=0 ex_rd=12 -> stall=0
[PASS] seq=crv_seq_7                    cyc=42 op=HK_NO_MATCH    rs1=5 rs2=13 mem_read=1 ex_rd=3 -> stall=0
[PASS] seq=crv_seq_7                    cyc=43 op=HK_X0_EXCLUDED rs1=13 rs2=18 mem_read=1 ex_rd=0 -> stall=0
[PASS] seq=crv_seq_7                    cyc=44 op=HK_RS2_ONLY    rs1=12 rs2=14 mem_read=1 ex_rd=14 -> stall=1
[PASS] seq=crv_seq_7                    cyc=45 op=HK_RS1_ONLY    rs1=22 rs2=9 mem_read=1 ex_rd=22 -> stall=1
[PASS] seq=crv_seq_7                    cyc=46 op=HK_NO_LOAD     rs1=1 rs2=3 mem_read=0 ex_rd=9 -> stall=0
[PASS] seq=crv_seq_7                    cyc=47 op=HK_RANDOM      rs1=7 rs2=29 mem_read=0 ex_rd=4 -> stall=0
[PASS] seq=crv_seq_7                    cyc=48 op=HK_NO_LOAD     rs1=20 rs2=1 mem_read=0 ex_rd=5 -> stall=0
[PASS] seq=crv_seq_7                    cyc=49 op=HK_RANDOM      rs1=21 rs2=8 mem_read=1 ex_rd=29 -> stall=0
[PASS] seq=crv_seq_7                    cyc=50 op=HK_RANDOM      rs1=20 rs2=17 mem_read=1 ex_rd=31 -> stall=0
[PASS] seq=crv_seq_7                    cyc=51 op=HK_RS1_ONLY    rs1=26 rs2=5 mem_read=1 ex_rd=26 -> stall=1
[PASS] seq=crv_seq_7                    cyc=52 op=HK_RS1_ONLY    rs1=9 rs2=11 mem_read=1 ex_rd=9 -> stall=1
[PASS] seq=crv_seq_7                    cyc=53 op=HK_X0_EXCLUDED rs1=18 rs2=16 mem_read=1 ex_rd=0 -> stall=0
[PASS] seq=crv_seq_7                    cyc=54 op=HK_RS1_ONLY    rs1=20 rs2=13 mem_read=1 ex_rd=20 -> stall=1
[PASS] seq=crv_seq_7                    cyc=55 op=HK_X0_EXCLUDED rs1=27 rs2=21 mem_read=1 ex_rd=0 -> stall=0
[PASS] seq=crv_seq_7                    cyc=56 op=HK_NO_LOAD     rs1=10 rs2=29 mem_read=0 ex_rd=0 -> stall=0
[PASS] seq=crv_seq_7                    cyc=57 op=HK_RS2_ONLY    rs1=22 rs2=5 mem_read=1 ex_rd=5 -> stall=1
[PASS] seq=crv_seq_7                    cyc=58 op=HK_NO_LOAD     rs1=2 rs2=15 mem_read=0 ex_rd=9 -> stall=0
[PASS] seq=crv_seq_7                    cyc=59 op=HK_RS1_ONLY    rs1=21 rs2=10 mem_read=1 ex_rd=21 -> stall=1
[PASS] seq=crv_seq_7                    cyc=60 op=HK_BOTH        rs1=18 rs2=18 mem_read=1 ex_rd=18 -> stall=1
[PASS] seq=crv_seq_7                    cyc=61 op=HK_RS1_ONLY    rs1=11 rs2=5 mem_read=1 ex_rd=11 -> stall=1
[PASS] seq=crv_seq_7                    cyc=62 op=HK_NO_LOAD     rs1=2 rs2=8 mem_read=0 ex_rd=13 -> stall=0
[PASS] seq=crv_seq_7                    cyc=63 op=HK_NO_LOAD     rs1=15 rs2=24 mem_read=0 ex_rd=30 -> stall=0
[PASS] seq=crv_seq_7                    cyc=64 op=HK_RS2_ONLY    rs1=26 rs2=13 mem_read=1 ex_rd=13 -> stall=1
[PASS] seq=crv_seq_7                    cyc=65 op=HK_RS2_ONLY    rs1=31 rs2=24 mem_read=1 ex_rd=24 -> stall=1
[PASS] seq=crv_seq_7                    cyc=66 op=HK_X0_EXCLUDED rs1=0 rs2=18 mem_read=1 ex_rd=0 -> stall=0
[PASS] seq=crv_seq_7                    cyc=67 op=HK_RS2_ONLY    rs1=10 rs2=6 mem_read=1 ex_rd=6 -> stall=1
[PASS] seq=crv_seq_7                    cyc=68 op=HK_RS2_ONLY    rs1=8 rs2=26 mem_read=1 ex_rd=26 -> stall=1
[PASS] seq=crv_seq_7                    cyc=69 op=HK_BOTH        rs1=10 rs2=10 mem_read=1 ex_rd=10 -> stall=1
[PASS] seq=crv_seq_7                    cyc=70 op=HK_RS2_ONLY    rs1=15 rs2=2 mem_read=1 ex_rd=2 -> stall=1
[PASS] seq=crv_seq_7                    cyc=71 op=HK_BOTH        rs1=12 rs2=12 mem_read=1 ex_rd=12 -> stall=1
[PASS] seq=crv_seq_7                    cyc=72 op=HK_RS2_ONLY    rs1=27 rs2=30 mem_read=1 ex_rd=30 -> stall=1
[PASS] seq=crv_seq_7                    cyc=73 op=HK_NO_LOAD     rs1=2 rs2=28 mem_read=0 ex_rd=25 -> stall=0
[PASS] seq=crv_seq_7                    cyc=74 op=HK_NO_LOAD     rs1=11 rs2=20 mem_read=0 ex_rd=14 -> stall=0
[PASS] seq=crv_seq_7                    cyc=75 op=HK_RANDOM      rs1=11 rs2=4 mem_read=1 ex_rd=29 -> stall=0
[PASS] seq=crv_seq_7                    cyc=76 op=HK_NO_LOAD     rs1=8 rs2=21 mem_read=0 ex_rd=28 -> stall=0
[PASS] seq=crv_seq_7                    cyc=77 op=HK_RS1_ONLY    rs1=9 rs2=23 mem_read=1 ex_rd=9 -> stall=1
[PASS] seq=crv_seq_7                    cyc=78 op=HK_X0_EXCLUDED rs1=14 rs2=21 mem_read=1 ex_rd=0 -> stall=0
[PASS] seq=crv_seq_7                    cyc=79 op=HK_RS2_ONLY    rs1=3 rs2=7 mem_read=1 ex_rd=7 -> stall=1
[PASS] seq=crv_seq_7                    cyc=80 op=HK_NO_LOAD     rs1=24 rs2=14 mem_read=0 ex_rd=12 -> stall=0
[PASS] seq=crv_seq_7                    cyc=81 op=HK_NO_LOAD     rs1=14 rs2=24 mem_read=0 ex_rd=26 -> stall=0
[PASS] seq=crv_seq_7                    cyc=82 op=HK_BOTH        rs1=25 rs2=25 mem_read=1 ex_rd=25 -> stall=1
[PASS] seq=crv_seq_7                    cyc=83 op=HK_RS1_ONLY    rs1=30 rs2=22 mem_read=1 ex_rd=30 -> stall=1
[PASS] seq=crv_seq_7                    cyc=84 op=HK_RS1_ONLY    rs1=7 rs2=11 mem_read=1 ex_rd=7 -> stall=1
[PASS] seq=crv_seq_7                    cyc=85 op=HK_RS2_ONLY    rs1=17 rs2=30 mem_read=1 ex_rd=30 -> stall=1
[PASS] seq=crv_seq_7                    cyc=86 op=HK_RS2_ONLY    rs1=14 rs2=4 mem_read=1 ex_rd=4 -> stall=1
[PASS] seq=crv_seq_7                    cyc=87 op=HK_RS1_ONLY    rs1=24 rs2=0 mem_read=1 ex_rd=24 -> stall=1
[PASS] seq=crv_seq_7                    cyc=88 op=HK_RS1_ONLY    rs1=27 rs2=18 mem_read=1 ex_rd=27 -> stall=1
[PASS] seq=crv_seq_7                    cyc=89 op=HK_RS1_ONLY    rs1=18 rs2=11 mem_read=1 ex_rd=18 -> stall=1
[PASS] seq=crv_seq_7                    cyc=90 op=HK_RS1_ONLY    rs1=28 rs2=8 mem_read=1 ex_rd=28 -> stall=1
[PASS] seq=crv_seq_7                    cyc=91 op=HK_RS2_ONLY    rs1=29 rs2=20 mem_read=1 ex_rd=20 -> stall=1
[PASS] seq=crv_seq_7                    cyc=92 op=HK_X0_EXCLUDED rs1=25 rs2=4 mem_read=1 ex_rd=0 -> stall=0
[PASS] seq=crv_seq_7                    cyc=93 op=HK_X0_EXCLUDED rs1=15 rs2=22 mem_read=1 ex_rd=0 -> stall=0
[PASS] seq=crv_seq_7                    cyc=94 op=HK_RANDOM      rs1=10 rs2=3 mem_read=1 ex_rd=14 -> stall=0
[PASS] seq=crv_seq_7                    cyc=95 op=HK_X0_EXCLUDED rs1=12 rs2=20 mem_read=1 ex_rd=0 -> stall=0
[PASS] seq=crv_seq_7                    cyc=96 op=HK_NO_MATCH    rs1=7 rs2=18 mem_read=1 ex_rd=16 -> stall=0
[PASS] seq=crv_seq_7                    cyc=97 op=HK_BOTH        rs1=11 rs2=11 mem_read=1 ex_rd=11 -> stall=1
[PASS] seq=crv_seq_7                    cyc=98 op=HK_RS2_ONLY    rs1=2 rs2=13 mem_read=1 ex_rd=13 -> stall=1
[PASS] seq=crv_seq_7                    cyc=99 op=HK_RANDOM      rs1=11 rs2=8 mem_read=1 ex_rd=14 -> stall=0
[PASS] seq=crv_seq_7                    cyc=100 op=HK_BOTH        rs1=13 rs2=13 mem_read=1 ex_rd=13 -> stall=1
[PASS] seq=crv_seq_7                    cyc=101 op=HK_NO_MATCH    rs1=11 rs2=7 mem_read=1 ex_rd=8 -> stall=0
[PASS] seq=crv_seq_7                    cyc=102 op=HK_RS2_ONLY    rs1=8 rs2=12 mem_read=1 ex_rd=12 -> stall=1
[PASS] seq=crv_seq_7                    cyc=103 op=HK_RS2_ONLY    rs1=8 rs2=16 mem_read=1 ex_rd=16 -> stall=1
[PASS] seq=crv_seq_7                    cyc=104 op=HK_RANDOM      rs1=29 rs2=7 mem_read=0 ex_rd=29 -> stall=0
[PASS] seq=crv_seq_7                    cyc=105 op=HK_RS1_ONLY    rs1=24 rs2=22 mem_read=1 ex_rd=24 -> stall=1
[PASS] seq=crv_seq_7                    cyc=106 op=HK_RANDOM      rs1=1 rs2=25 mem_read=1 ex_rd=22 -> stall=0
[PASS] seq=crv_seq_7                    cyc=107 op=HK_RS2_ONLY    rs1=13 rs2=24 mem_read=1 ex_rd=24 -> stall=1
[PASS] seq=crv_seq_7                    cyc=108 op=HK_BOTH        rs1=24 rs2=24 mem_read=1 ex_rd=24 -> stall=1
[PASS] seq=crv_seq_7                    cyc=109 op=HK_RS1_ONLY    rs1=18 rs2=22 mem_read=1 ex_rd=18 -> stall=1
[PASS] seq=crv_seq_7                    cyc=110 op=HK_BOTH        rs1=13 rs2=13 mem_read=1 ex_rd=13 -> stall=1
[PASS] seq=crv_seq_7                    cyc=111 op=HK_BOTH        rs1=23 rs2=23 mem_read=1 ex_rd=23 -> stall=1
[PASS] seq=crv_seq_7                    cyc=112 op=HK_BOTH        rs1=24 rs2=24 mem_read=1 ex_rd=24 -> stall=1
[PASS] seq=crv_seq_7                    cyc=113 op=HK_RS2_ONLY    rs1=17 rs2=28 mem_read=1 ex_rd=28 -> stall=1
[PASS] seq=crv_seq_7                    cyc=114 op=HK_RS2_ONLY    rs1=17 rs2=20 mem_read=1 ex_rd=20 -> stall=1
[PASS] seq=crv_seq_7                    cyc=115 op=HK_NO_MATCH    rs1=11 rs2=18 mem_read=1 ex_rd=14 -> stall=0
[PASS] seq=crv_seq_7                    cyc=116 op=HK_BOTH        rs1=11 rs2=11 mem_read=1 ex_rd=11 -> stall=1
[PASS] seq=crv_seq_7                    cyc=117 op=HK_NO_MATCH    rs1=6 rs2=29 mem_read=1 ex_rd=13 -> stall=0
[PASS] seq=crv_seq_7                    cyc=118 op=HK_NO_LOAD     rs1=19 rs2=14 mem_read=0 ex_rd=4 -> stall=0
[PASS] seq=crv_seq_7                    cyc=119 op=HK_RS1_ONLY    rs1=25 rs2=29 mem_read=1 ex_rd=25 -> stall=1
[PASS] seq=crv_seq_7                    cyc=120 op=HK_RS2_ONLY    rs1=18 rs2=8 mem_read=1 ex_rd=8 -> stall=1
[PASS] seq=crv_seq_7                    cyc=121 op=HK_RS2_ONLY    rs1=12 rs2=21 mem_read=1 ex_rd=21 -> stall=1
[PASS] seq=crv_seq_7                    cyc=122 op=HK_RS1_ONLY    rs1=27 rs2=29 mem_read=1 ex_rd=27 -> stall=1
[PASS] seq=crv_seq_7                    cyc=123 op=HK_RS1_ONLY    rs1=12 rs2=10 mem_read=1 ex_rd=12 -> stall=1
[PASS] seq=crv_seq_7                    cyc=124 op=HK_NO_MATCH    rs1=13 rs2=8 mem_read=1 ex_rd=24 -> stall=0
[PASS] seq=crv_seq_7                    cyc=125 op=HK_RANDOM      rs1=21 rs2=27 mem_read=0 ex_rd=26 -> stall=0
[PASS] seq=crv_seq_7                    cyc=126 op=HK_NO_MATCH    rs1=22 rs2=8 mem_read=1 ex_rd=13 -> stall=0
[PASS] seq=crv_seq_7                    cyc=127 op=HK_NO_MATCH    rs1=29 rs2=4 mem_read=1 ex_rd=12 -> stall=0
[PASS] seq=crv_seq_7                    cyc=128 op=HK_RANDOM      rs1=4 rs2=3 mem_read=1 ex_rd=18 -> stall=0
[PASS] seq=crv_seq_7                    cyc=129 op=HK_BOTH        rs1=1 rs2=1 mem_read=1 ex_rd=1 -> stall=1
[PASS] seq=crv_seq_7                    cyc=130 op=HK_RS1_ONLY    rs1=22 rs2=19 mem_read=1 ex_rd=22 -> stall=1
[PASS] seq=crv_seq_7                    cyc=131 op=HK_NO_MATCH    rs1=24 rs2=23 mem_read=1 ex_rd=18 -> stall=0
[PASS] seq=crv_seq_7                    cyc=132 op=HK_X0_EXCLUDED rs1=15 rs2=12 mem_read=1 ex_rd=0 -> stall=0
[PASS] seq=crv_seq_7                    cyc=133 op=HK_RS2_ONLY    rs1=30 rs2=21 mem_read=1 ex_rd=21 -> stall=1
[PASS] seq=crv_seq_7                    cyc=134 op=HK_BOTH        rs1=22 rs2=22 mem_read=1 ex_rd=22 -> stall=1
[PASS] seq=crv_seq_7                    cyc=135 op=HK_X0_EXCLUDED rs1=24 rs2=0 mem_read=1 ex_rd=0 -> stall=0
[PASS] seq=crv_seq_7                    cyc=136 op=HK_BOTH        rs1=9 rs2=9 mem_read=1 ex_rd=9 -> stall=1
[PASS] seq=crv_seq_7                    cyc=137 op=HK_NO_LOAD     rs1=18 rs2=10 mem_read=0 ex_rd=28 -> stall=0
[PASS] seq=crv_seq_7                    cyc=138 op=HK_RS2_ONLY    rs1=18 rs2=25 mem_read=1 ex_rd=25 -> stall=1
[PASS] seq=crv_seq_7                    cyc=139 op=HK_RS1_ONLY    rs1=7 rs2=11 mem_read=1 ex_rd=7 -> stall=1
[PASS] seq=crv_seq_7                    cyc=140 op=HK_NO_LOAD     rs1=2 rs2=13 mem_read=0 ex_rd=12 -> stall=0
[PASS] seq=crv_seq_7                    cyc=141 op=HK_NO_LOAD     rs1=13 rs2=24 mem_read=0 ex_rd=24 -> stall=0
[PASS] seq=crv_seq_7                    cyc=142 op=HK_RANDOM      rs1=23 rs2=9 mem_read=0 ex_rd=22 -> stall=0
[PASS] seq=crv_seq_7                    cyc=143 op=HK_BOTH        rs1=22 rs2=22 mem_read=1 ex_rd=22 -> stall=1
[PASS] seq=crv_seq_7                    cyc=144 op=HK_BOTH        rs1=9 rs2=9 mem_read=1 ex_rd=9 -> stall=1
[PASS] seq=crv_seq_7                    cyc=145 op=HK_RANDOM      rs1=0 rs2=15 mem_read=1 ex_rd=19 -> stall=0
[PASS] seq=crv_seq_7                    cyc=146 op=HK_RS2_ONLY    rs1=14 rs2=7 mem_read=1 ex_rd=7 -> stall=1
[PASS] seq=crv_seq_7                    cyc=147 op=HK_RANDOM      rs1=27 rs2=10 mem_read=0 ex_rd=9 -> stall=0
[PASS] seq=crv_seq_7                    cyc=148 op=HK_X0_EXCLUDED rs1=29 rs2=19 mem_read=1 ex_rd=0 -> stall=0
[PASS] seq=crv_seq_7                    cyc=149 op=HK_RANDOM      rs1=1 rs2=21 mem_read=1 ex_rd=29 -> stall=0
[PASS] seq=crv_seq_7                    cyc=150 op=HK_RS1_ONLY    rs1=8 rs2=1 mem_read=1 ex_rd=8 -> stall=1
[PASS] seq=crv_seq_7                    cyc=151 op=HK_RS2_ONLY    rs1=18 rs2=24 mem_read=1 ex_rd=24 -> stall=1
[PASS] seq=crv_seq_7                    cyc=152 op=HK_NO_LOAD     rs1=12 rs2=9 mem_read=0 ex_rd=31 -> stall=0
[PASS] seq=crv_seq_7                    cyc=153 op=HK_NO_MATCH    rs1=15 rs2=18 mem_read=1 ex_rd=7 -> stall=0
[PASS] seq=crv_seq_7                    cyc=154 op=HK_RS2_ONLY    rs1=2 rs2=30 mem_read=1 ex_rd=30 -> stall=1
[PASS] seq=crv_seq_7                    cyc=155 op=HK_RS2_ONLY    rs1=22 rs2=29 mem_read=1 ex_rd=29 -> stall=1
[PASS] seq=crv_seq_7                    cyc=156 op=HK_RS2_ONLY    rs1=13 rs2=9 mem_read=1 ex_rd=9 -> stall=1
[PASS] seq=crv_seq_7                    cyc=157 op=HK_RANDOM      rs1=12 rs2=10 mem_read=1 ex_rd=4 -> stall=0
[PASS] seq=crv_seq_7                    cyc=158 op=HK_BOTH        rs1=21 rs2=21 mem_read=1 ex_rd=21 -> stall=1
[PASS] seq=crv_seq_7                    cyc=159 op=HK_NO_LOAD     rs1=16 rs2=29 mem_read=0 ex_rd=8 -> stall=0
[PASS] seq=crv_seq_7                    cyc=160 op=HK_RS2_ONLY    rs1=1 rs2=30 mem_read=1 ex_rd=30 -> stall=1
[PASS] seq=crv_seq_7                    cyc=161 op=HK_RS1_ONLY    rs1=25 rs2=26 mem_read=1 ex_rd=25 -> stall=1
[PASS] seq=crv_seq_7                    cyc=162 op=HK_BOTH        rs1=29 rs2=29 mem_read=1 ex_rd=29 -> stall=1
[PASS] seq=crv_seq_7                    cyc=163 op=HK_X0_EXCLUDED rs1=20 rs2=26 mem_read=1 ex_rd=0 -> stall=0
[PASS] seq=crv_seq_7                    cyc=164 op=HK_RANDOM      rs1=30 rs2=18 mem_read=0 ex_rd=23 -> stall=0
[PASS] seq=crv_seq_7                    cyc=165 op=HK_RS2_ONLY    rs1=20 rs2=1 mem_read=1 ex_rd=1 -> stall=1
[PASS] seq=crv_seq_7                    cyc=166 op=HK_BOTH        rs1=27 rs2=27 mem_read=1 ex_rd=27 -> stall=1
[PASS] seq=crv_seq_7                    cyc=167 op=HK_RANDOM      rs1=24 rs2=8 mem_read=1 ex_rd=28 -> stall=0
[PASS] seq=crv_seq_7                    cyc=168 op=HK_RS1_ONLY    rs1=5 rs2=15 mem_read=1 ex_rd=5 -> stall=1
[PASS] seq=crv_seq_7                    cyc=169 op=HK_RANDOM      rs1=2 rs2=31 mem_read=0 ex_rd=29 -> stall=0
[PASS] seq=crv_seq_7                    cyc=170 op=HK_BOTH        rs1=13 rs2=13 mem_read=1 ex_rd=13 -> stall=1
[PASS] seq=crv_seq_7                    cyc=171 op=HK_RS1_ONLY    rs1=13 rs2=29 mem_read=1 ex_rd=13 -> stall=1
[PASS] seq=crv_seq_7                    cyc=172 op=HK_RS1_ONLY    rs1=15 rs2=13 mem_read=1 ex_rd=15 -> stall=1
[PASS] seq=crv_seq_7                    cyc=173 op=HK_RS1_ONLY    rs1=2 rs2=6 mem_read=1 ex_rd=2 -> stall=1
[PASS] seq=crv_seq_7                    cyc=174 op=HK_BOTH        rs1=13 rs2=13 mem_read=1 ex_rd=13 -> stall=1
[PASS] seq=crv_seq_7                    cyc=175 op=HK_BOTH        rs1=18 rs2=18 mem_read=1 ex_rd=18 -> stall=1
[PASS] seq=crv_seq_7                    cyc=176 op=HK_NO_LOAD     rs1=0 rs2=27 mem_read=0 ex_rd=12 -> stall=0
[PASS] seq=crv_seq_7                    cyc=177 op=HK_RS2_ONLY    rs1=3 rs2=27 mem_read=1 ex_rd=27 -> stall=1
[PASS] seq=crv_seq_7                    cyc=178 op=HK_RS1_ONLY    rs1=15 rs2=17 mem_read=1 ex_rd=15 -> stall=1
[PASS] seq=crv_seq_7                    cyc=179 op=HK_RS2_ONLY    rs1=9 rs2=16 mem_read=1 ex_rd=16 -> stall=1
[PASS] seq=crv_seq_7                    cyc=180 op=HK_BOTH        rs1=14 rs2=14 mem_read=1 ex_rd=14 -> stall=1
[PASS] seq=crv_seq_7                    cyc=181 op=HK_RS1_ONLY    rs1=12 rs2=7 mem_read=1 ex_rd=12 -> stall=1
[PASS] seq=crv_seq_7                    cyc=182 op=HK_NO_MATCH    rs1=26 rs2=17 mem_read=1 ex_rd=19 -> stall=0
[PASS] seq=crv_seq_7                    cyc=183 op=HK_NO_MATCH    rs1=24 rs2=10 mem_read=1 ex_rd=12 -> stall=0
[PASS] seq=crv_seq_7                    cyc=184 op=HK_RANDOM      rs1=31 rs2=1 mem_read=0 ex_rd=30 -> stall=0
[PASS] seq=crv_seq_7                    cyc=185 op=HK_NO_LOAD     rs1=31 rs2=19 mem_read=0 ex_rd=16 -> stall=0
[PASS] seq=crv_seq_7                    cyc=186 op=HK_RS1_ONLY    rs1=23 rs2=25 mem_read=1 ex_rd=23 -> stall=1
[PASS] seq=crv_seq_7                    cyc=187 op=HK_X0_EXCLUDED rs1=21 rs2=4 mem_read=1 ex_rd=0 -> stall=0
[PASS] seq=crv_seq_7                    cyc=188 op=HK_NO_MATCH    rs1=12 rs2=13 mem_read=1 ex_rd=19 -> stall=0
[PASS] seq=crv_seq_7                    cyc=189 op=HK_RS2_ONLY    rs1=28 rs2=23 mem_read=1 ex_rd=23 -> stall=1
[PASS] seq=crv_seq_7                    cyc=190 op=HK_BOTH        rs1=8 rs2=8 mem_read=1 ex_rd=8 -> stall=1
[PASS] seq=crv_seq_7                    cyc=191 op=HK_BOTH        rs1=27 rs2=27 mem_read=1 ex_rd=27 -> stall=1
[PASS] seq=crv_seq_7                    cyc=192 op=HK_NO_LOAD     rs1=1 rs2=2 mem_read=0 ex_rd=21 -> stall=0
[PASS] seq=crv_seq_7                    cyc=193 op=HK_RS2_ONLY    rs1=10 rs2=30 mem_read=1 ex_rd=30 -> stall=1
[PASS] seq=crv_seq_7                    cyc=194 op=HK_NO_MATCH    rs1=7 rs2=23 mem_read=1 ex_rd=28 -> stall=0
[PASS] seq=crv_seq_7                    cyc=195 op=HK_RS2_ONLY    rs1=25 rs2=21 mem_read=1 ex_rd=21 -> stall=1
[PASS] seq=crv_seq_7                    cyc=196 op=HK_RS1_ONLY    rs1=20 rs2=11 mem_read=1 ex_rd=20 -> stall=1
[PASS] seq=crv_seq_7                    cyc=197 op=HK_RS1_ONLY    rs1=6 rs2=3 mem_read=1 ex_rd=6 -> stall=1
[PASS] seq=crv_seq_7                    cyc=198 op=HK_NO_MATCH    rs1=12 rs2=23 mem_read=1 ex_rd=19 -> stall=0
[PASS] seq=crv_seq_7                    cyc=199 op=HK_X0_EXCLUDED rs1=5 rs2=25 mem_read=1 ex_rd=0 -> stall=0
[PASS] seq=crv_seq_8                    cyc=0 op=HK_RS1_ONLY    rs1=19 rs2=0 mem_read=1 ex_rd=19 -> stall=1
[PASS] seq=crv_seq_8                    cyc=1 op=HK_X0_EXCLUDED rs1=29 rs2=10 mem_read=1 ex_rd=0 -> stall=0
[PASS] seq=crv_seq_8                    cyc=2 op=HK_BOTH        rs1=25 rs2=25 mem_read=1 ex_rd=25 -> stall=1
[PASS] seq=crv_seq_8                    cyc=3 op=HK_RS2_ONLY    rs1=16 rs2=25 mem_read=1 ex_rd=25 -> stall=1
[PASS] seq=crv_seq_8                    cyc=4 op=HK_RS1_ONLY    rs1=23 rs2=17 mem_read=1 ex_rd=23 -> stall=1
[PASS] seq=crv_seq_8                    cyc=5 op=HK_X0_EXCLUDED rs1=17 rs2=29 mem_read=1 ex_rd=0 -> stall=0
[PASS] seq=crv_seq_8                    cyc=6 op=HK_RS2_ONLY    rs1=4 rs2=23 mem_read=1 ex_rd=23 -> stall=1
[PASS] seq=crv_seq_8                    cyc=7 op=HK_RS1_ONLY    rs1=20 rs2=15 mem_read=1 ex_rd=20 -> stall=1
[PASS] seq=crv_seq_8                    cyc=8 op=HK_NO_LOAD     rs1=11 rs2=6 mem_read=0 ex_rd=24 -> stall=0
[PASS] seq=crv_seq_8                    cyc=9 op=HK_NO_MATCH    rs1=2 rs2=10 mem_read=1 ex_rd=4 -> stall=0
[PASS] seq=crv_seq_8                    cyc=10 op=HK_RS2_ONLY    rs1=30 rs2=17 mem_read=1 ex_rd=17 -> stall=1
[PASS] seq=crv_seq_8                    cyc=11 op=HK_NO_MATCH    rs1=29 rs2=16 mem_read=1 ex_rd=27 -> stall=0
[PASS] seq=crv_seq_8                    cyc=12 op=HK_RANDOM      rs1=0 rs2=5 mem_read=1 ex_rd=7 -> stall=0
[PASS] seq=crv_seq_8                    cyc=13 op=HK_BOTH        rs1=21 rs2=21 mem_read=1 ex_rd=21 -> stall=1
[PASS] seq=crv_seq_8                    cyc=14 op=HK_BOTH        rs1=26 rs2=26 mem_read=1 ex_rd=26 -> stall=1
[PASS] seq=crv_seq_8                    cyc=15 op=HK_RS1_ONLY    rs1=2 rs2=31 mem_read=1 ex_rd=2 -> stall=1
[PASS] seq=crv_seq_8                    cyc=16 op=HK_NO_MATCH    rs1=17 rs2=27 mem_read=1 ex_rd=28 -> stall=0
[PASS] seq=crv_seq_8                    cyc=17 op=HK_RS2_ONLY    rs1=18 rs2=20 mem_read=1 ex_rd=20 -> stall=1
[PASS] seq=crv_seq_8                    cyc=18 op=HK_BOTH        rs1=16 rs2=16 mem_read=1 ex_rd=16 -> stall=1
[PASS] seq=crv_seq_8                    cyc=19 op=HK_RANDOM      rs1=26 rs2=31 mem_read=1 ex_rd=31 -> stall=1
[PASS] seq=crv_seq_8                    cyc=20 op=HK_RS1_ONLY    rs1=25 rs2=7 mem_read=1 ex_rd=25 -> stall=1
[PASS] seq=crv_seq_8                    cyc=21 op=HK_NO_LOAD     rs1=7 rs2=20 mem_read=0 ex_rd=7 -> stall=0
[PASS] seq=crv_seq_8                    cyc=22 op=HK_RANDOM      rs1=7 rs2=30 mem_read=1 ex_rd=31 -> stall=0
[PASS] seq=crv_seq_8                    cyc=23 op=HK_RS1_ONLY    rs1=1 rs2=6 mem_read=1 ex_rd=1 -> stall=1
[PASS] seq=crv_seq_8                    cyc=24 op=HK_RANDOM      rs1=6 rs2=10 mem_read=0 ex_rd=5 -> stall=0
[PASS] seq=crv_seq_8                    cyc=25 op=HK_BOTH        rs1=6 rs2=6 mem_read=1 ex_rd=6 -> stall=1
[PASS] seq=crv_seq_8                    cyc=26 op=HK_X0_EXCLUDED rs1=15 rs2=16 mem_read=1 ex_rd=0 -> stall=0
[PASS] seq=crv_seq_8                    cyc=27 op=HK_RS1_ONLY    rs1=22 rs2=25 mem_read=1 ex_rd=22 -> stall=1
[PASS] seq=crv_seq_8                    cyc=28 op=HK_RS1_ONLY    rs1=12 rs2=0 mem_read=1 ex_rd=12 -> stall=1
[PASS] seq=crv_seq_8                    cyc=29 op=HK_RANDOM      rs1=29 rs2=0 mem_read=0 ex_rd=19 -> stall=0
[PASS] seq=crv_seq_8                    cyc=30 op=HK_RS2_ONLY    rs1=0 rs2=21 mem_read=1 ex_rd=21 -> stall=1
[PASS] seq=crv_seq_8                    cyc=31 op=HK_RS2_ONLY    rs1=5 rs2=6 mem_read=1 ex_rd=6 -> stall=1
[PASS] seq=crv_seq_8                    cyc=32 op=HK_RS1_ONLY    rs1=15 rs2=17 mem_read=1 ex_rd=15 -> stall=1
[PASS] seq=crv_seq_8                    cyc=33 op=HK_BOTH        rs1=31 rs2=31 mem_read=1 ex_rd=31 -> stall=1
[PASS] seq=crv_seq_8                    cyc=34 op=HK_RS1_ONLY    rs1=26 rs2=23 mem_read=1 ex_rd=26 -> stall=1
[PASS] seq=crv_seq_8                    cyc=35 op=HK_RANDOM      rs1=23 rs2=17 mem_read=1 ex_rd=6 -> stall=0
[PASS] seq=crv_seq_8                    cyc=36 op=HK_NO_MATCH    rs1=22 rs2=2 mem_read=1 ex_rd=12 -> stall=0
[PASS] seq=crv_seq_8                    cyc=37 op=HK_RANDOM      rs1=4 rs2=12 mem_read=0 ex_rd=19 -> stall=0
[PASS] seq=crv_seq_8                    cyc=38 op=HK_NO_MATCH    rs1=0 rs2=15 mem_read=1 ex_rd=17 -> stall=0
[PASS] seq=crv_seq_8                    cyc=39 op=HK_X0_EXCLUDED rs1=2 rs2=3 mem_read=1 ex_rd=0 -> stall=0
[PASS] seq=crv_seq_8                    cyc=40 op=HK_RS2_ONLY    rs1=27 rs2=18 mem_read=1 ex_rd=18 -> stall=1
[PASS] seq=crv_seq_8                    cyc=41 op=HK_NO_LOAD     rs1=21 rs2=13 mem_read=0 ex_rd=5 -> stall=0
[PASS] seq=crv_seq_8                    cyc=42 op=HK_RS1_ONLY    rs1=31 rs2=10 mem_read=1 ex_rd=31 -> stall=1
[PASS] seq=crv_seq_8                    cyc=43 op=HK_RANDOM      rs1=26 rs2=20 mem_read=0 ex_rd=2 -> stall=0
[PASS] seq=crv_seq_8                    cyc=44 op=HK_BOTH        rs1=12 rs2=12 mem_read=1 ex_rd=12 -> stall=1
[PASS] seq=crv_seq_8                    cyc=45 op=HK_RS1_ONLY    rs1=1 rs2=15 mem_read=1 ex_rd=1 -> stall=1
[PASS] seq=crv_seq_8                    cyc=46 op=HK_NO_MATCH    rs1=6 rs2=27 mem_read=1 ex_rd=5 -> stall=0
[PASS] seq=crv_seq_8                    cyc=47 op=HK_BOTH        rs1=24 rs2=24 mem_read=1 ex_rd=24 -> stall=1
[PASS] seq=crv_seq_8                    cyc=48 op=HK_BOTH        rs1=17 rs2=17 mem_read=1 ex_rd=17 -> stall=1
[PASS] seq=crv_seq_8                    cyc=49 op=HK_NO_LOAD     rs1=18 rs2=11 mem_read=0 ex_rd=3 -> stall=0
[PASS] seq=crv_seq_8                    cyc=50 op=HK_BOTH        rs1=18 rs2=18 mem_read=1 ex_rd=18 -> stall=1
[PASS] seq=crv_seq_8                    cyc=51 op=HK_RS1_ONLY    rs1=1 rs2=26 mem_read=1 ex_rd=1 -> stall=1
[PASS] seq=crv_seq_8                    cyc=52 op=HK_RS1_ONLY    rs1=19 rs2=27 mem_read=1 ex_rd=19 -> stall=1
[PASS] seq=crv_seq_8                    cyc=53 op=HK_NO_LOAD     rs1=30 rs2=19 mem_read=0 ex_rd=29 -> stall=0
[PASS] seq=crv_seq_8                    cyc=54 op=HK_RANDOM      rs1=5 rs2=13 mem_read=1 ex_rd=18 -> stall=0
[PASS] seq=crv_seq_8                    cyc=55 op=HK_RS1_ONLY    rs1=6 rs2=1 mem_read=1 ex_rd=6 -> stall=1
[PASS] seq=crv_seq_8                    cyc=56 op=HK_NO_LOAD     rs1=0 rs2=19 mem_read=0 ex_rd=29 -> stall=0
[PASS] seq=crv_seq_8                    cyc=57 op=HK_BOTH        rs1=31 rs2=31 mem_read=1 ex_rd=31 -> stall=1
[PASS] seq=crv_seq_8                    cyc=58 op=HK_RANDOM      rs1=21 rs2=2 mem_read=0 ex_rd=28 -> stall=0
[PASS] seq=crv_seq_8                    cyc=59 op=HK_RANDOM      rs1=20 rs2=30 mem_read=0 ex_rd=21 -> stall=0
[PASS] seq=crv_seq_8                    cyc=60 op=HK_RS1_ONLY    rs1=10 rs2=7 mem_read=1 ex_rd=10 -> stall=1
[PASS] seq=crv_seq_8                    cyc=61 op=HK_RS2_ONLY    rs1=8 rs2=6 mem_read=1 ex_rd=6 -> stall=1
[PASS] seq=crv_seq_8                    cyc=62 op=HK_RS1_ONLY    rs1=3 rs2=9 mem_read=1 ex_rd=3 -> stall=1
[PASS] seq=crv_seq_8                    cyc=63 op=HK_X0_EXCLUDED rs1=16 rs2=5 mem_read=1 ex_rd=0 -> stall=0
[PASS] seq=crv_seq_8                    cyc=64 op=HK_RS1_ONLY    rs1=9 rs2=30 mem_read=1 ex_rd=9 -> stall=1
[PASS] seq=crv_seq_8                    cyc=65 op=HK_RS2_ONLY    rs1=4 rs2=14 mem_read=1 ex_rd=14 -> stall=1
[PASS] seq=crv_seq_8                    cyc=66 op=HK_RS2_ONLY    rs1=4 rs2=22 mem_read=1 ex_rd=22 -> stall=1
[PASS] seq=crv_seq_8                    cyc=67 op=HK_RANDOM      rs1=22 rs2=20 mem_read=0 ex_rd=5 -> stall=0
[PASS] seq=crv_seq_8                    cyc=68 op=HK_RS1_ONLY    rs1=24 rs2=15 mem_read=1 ex_rd=24 -> stall=1
[PASS] seq=crv_seq_8                    cyc=69 op=HK_RS1_ONLY    rs1=8 rs2=5 mem_read=1 ex_rd=8 -> stall=1
[PASS] seq=crv_seq_8                    cyc=70 op=HK_RS2_ONLY    rs1=3 rs2=2 mem_read=1 ex_rd=2 -> stall=1
[PASS] seq=crv_seq_8                    cyc=71 op=HK_RANDOM      rs1=19 rs2=30 mem_read=1 ex_rd=21 -> stall=0
[PASS] seq=crv_seq_8                    cyc=72 op=HK_NO_MATCH    rs1=8 rs2=29 mem_read=1 ex_rd=20 -> stall=0
[PASS] seq=crv_seq_8                    cyc=73 op=HK_NO_MATCH    rs1=18 rs2=25 mem_read=1 ex_rd=30 -> stall=0
[PASS] seq=crv_seq_8                    cyc=74 op=HK_RS2_ONLY    rs1=18 rs2=31 mem_read=1 ex_rd=31 -> stall=1
[PASS] seq=crv_seq_8                    cyc=75 op=HK_RANDOM      rs1=11 rs2=13 mem_read=0 ex_rd=16 -> stall=0
[PASS] seq=crv_seq_8                    cyc=76 op=HK_NO_MATCH    rs1=17 rs2=21 mem_read=1 ex_rd=18 -> stall=0
[PASS] seq=crv_seq_8                    cyc=77 op=HK_X0_EXCLUDED rs1=1 rs2=14 mem_read=1 ex_rd=0 -> stall=0
[PASS] seq=crv_seq_8                    cyc=78 op=HK_RS2_ONLY    rs1=7 rs2=28 mem_read=1 ex_rd=28 -> stall=1
[PASS] seq=crv_seq_8                    cyc=79 op=HK_RS2_ONLY    rs1=1 rs2=15 mem_read=1 ex_rd=15 -> stall=1
[PASS] seq=crv_seq_8                    cyc=80 op=HK_RS1_ONLY    rs1=21 rs2=26 mem_read=1 ex_rd=21 -> stall=1
[PASS] seq=crv_seq_8                    cyc=81 op=HK_BOTH        rs1=14 rs2=14 mem_read=1 ex_rd=14 -> stall=1
[PASS] seq=crv_seq_8                    cyc=82 op=HK_RS1_ONLY    rs1=1 rs2=5 mem_read=1 ex_rd=1 -> stall=1
[PASS] seq=crv_seq_8                    cyc=83 op=HK_NO_MATCH    rs1=1 rs2=9 mem_read=1 ex_rd=20 -> stall=0
[PASS] seq=crv_seq_8                    cyc=84 op=HK_X0_EXCLUDED rs1=4 rs2=7 mem_read=1 ex_rd=0 -> stall=0
[PASS] seq=crv_seq_8                    cyc=85 op=HK_NO_LOAD     rs1=2 rs2=15 mem_read=0 ex_rd=27 -> stall=0
[PASS] seq=crv_seq_8                    cyc=86 op=HK_RANDOM      rs1=1 rs2=31 mem_read=1 ex_rd=2 -> stall=0
[PASS] seq=crv_seq_8                    cyc=87 op=HK_RS2_ONLY    rs1=2 rs2=15 mem_read=1 ex_rd=15 -> stall=1
[PASS] seq=crv_seq_8                    cyc=88 op=HK_RANDOM      rs1=25 rs2=7 mem_read=0 ex_rd=8 -> stall=0
[PASS] seq=crv_seq_8                    cyc=89 op=HK_RS2_ONLY    rs1=26 rs2=13 mem_read=1 ex_rd=13 -> stall=1
[PASS] seq=crv_seq_8                    cyc=90 op=HK_NO_MATCH    rs1=9 rs2=13 mem_read=1 ex_rd=10 -> stall=0
[PASS] seq=crv_seq_8                    cyc=91 op=HK_NO_LOAD     rs1=9 rs2=18 mem_read=0 ex_rd=9 -> stall=0
[PASS] seq=crv_seq_8                    cyc=92 op=HK_X0_EXCLUDED rs1=23 rs2=15 mem_read=1 ex_rd=0 -> stall=0
[PASS] seq=crv_seq_8                    cyc=93 op=HK_NO_LOAD     rs1=17 rs2=29 mem_read=0 ex_rd=27 -> stall=0
[PASS] seq=crv_seq_8                    cyc=94 op=HK_RANDOM      rs1=29 rs2=10 mem_read=0 ex_rd=11 -> stall=0
[PASS] seq=crv_seq_8                    cyc=95 op=HK_X0_EXCLUDED rs1=6 rs2=15 mem_read=1 ex_rd=0 -> stall=0
[PASS] seq=crv_seq_8                    cyc=96 op=HK_NO_MATCH    rs1=9 rs2=29 mem_read=1 ex_rd=3 -> stall=0
[PASS] seq=crv_seq_8                    cyc=97 op=HK_RS1_ONLY    rs1=20 rs2=13 mem_read=1 ex_rd=20 -> stall=1
[PASS] seq=crv_seq_8                    cyc=98 op=HK_RS1_ONLY    rs1=15 rs2=25 mem_read=1 ex_rd=15 -> stall=1
[PASS] seq=crv_seq_8                    cyc=99 op=HK_RS1_ONLY    rs1=1 rs2=2 mem_read=1 ex_rd=1 -> stall=1
[PASS] seq=crv_seq_8                    cyc=100 op=HK_RS2_ONLY    rs1=7 rs2=11 mem_read=1 ex_rd=11 -> stall=1
[PASS] seq=crv_seq_8                    cyc=101 op=HK_NO_MATCH    rs1=11 rs2=9 mem_read=1 ex_rd=15 -> stall=0
[PASS] seq=crv_seq_8                    cyc=102 op=HK_RANDOM      rs1=26 rs2=3 mem_read=0 ex_rd=13 -> stall=0
[PASS] seq=crv_seq_8                    cyc=103 op=HK_BOTH        rs1=22 rs2=22 mem_read=1 ex_rd=22 -> stall=1
[PASS] seq=crv_seq_8                    cyc=104 op=HK_BOTH        rs1=12 rs2=12 mem_read=1 ex_rd=12 -> stall=1
[PASS] seq=crv_seq_8                    cyc=105 op=HK_RS2_ONLY    rs1=25 rs2=18 mem_read=1 ex_rd=18 -> stall=1
[PASS] seq=crv_seq_8                    cyc=106 op=HK_NO_LOAD     rs1=16 rs2=12 mem_read=0 ex_rd=14 -> stall=0
[PASS] seq=crv_seq_8                    cyc=107 op=HK_NO_MATCH    rs1=14 rs2=1 mem_read=1 ex_rd=4 -> stall=0
[PASS] seq=crv_seq_8                    cyc=108 op=HK_RANDOM      rs1=29 rs2=1 mem_read=1 ex_rd=26 -> stall=0
[PASS] seq=crv_seq_8                    cyc=109 op=HK_RS2_ONLY    rs1=8 rs2=6 mem_read=1 ex_rd=6 -> stall=1
[PASS] seq=crv_seq_8                    cyc=110 op=HK_RANDOM      rs1=16 rs2=20 mem_read=1 ex_rd=28 -> stall=0
[PASS] seq=crv_seq_8                    cyc=111 op=HK_RANDOM      rs1=8 rs2=25 mem_read=0 ex_rd=30 -> stall=0
[PASS] seq=crv_seq_8                    cyc=112 op=HK_RANDOM      rs1=30 rs2=1 mem_read=0 ex_rd=14 -> stall=0
[PASS] seq=crv_seq_8                    cyc=113 op=HK_BOTH        rs1=16 rs2=16 mem_read=1 ex_rd=16 -> stall=1
[PASS] seq=crv_seq_8                    cyc=114 op=HK_RS1_ONLY    rs1=5 rs2=24 mem_read=1 ex_rd=5 -> stall=1
[PASS] seq=crv_seq_8                    cyc=115 op=HK_RS1_ONLY    rs1=30 rs2=21 mem_read=1 ex_rd=30 -> stall=1
[PASS] seq=crv_seq_8                    cyc=116 op=HK_RS1_ONLY    rs1=18 rs2=0 mem_read=1 ex_rd=18 -> stall=1
[PASS] seq=crv_seq_8                    cyc=117 op=HK_RS2_ONLY    rs1=24 rs2=27 mem_read=1 ex_rd=27 -> stall=1
[PASS] seq=crv_seq_8                    cyc=118 op=HK_RANDOM      rs1=3 rs2=27 mem_read=0 ex_rd=23 -> stall=0
[PASS] seq=crv_seq_8                    cyc=119 op=HK_BOTH        rs1=20 rs2=20 mem_read=1 ex_rd=20 -> stall=1
[PASS] seq=crv_seq_8                    cyc=120 op=HK_NO_LOAD     rs1=19 rs2=23 mem_read=0 ex_rd=13 -> stall=0
[PASS] seq=crv_seq_8                    cyc=121 op=HK_RS2_ONLY    rs1=21 rs2=11 mem_read=1 ex_rd=11 -> stall=1
[PASS] seq=crv_seq_8                    cyc=122 op=HK_X0_EXCLUDED rs1=3 rs2=11 mem_read=1 ex_rd=0 -> stall=0
[PASS] seq=crv_seq_8                    cyc=123 op=HK_BOTH        rs1=26 rs2=26 mem_read=1 ex_rd=26 -> stall=1
[PASS] seq=crv_seq_8                    cyc=124 op=HK_X0_EXCLUDED rs1=18 rs2=29 mem_read=1 ex_rd=0 -> stall=0
[PASS] seq=crv_seq_8                    cyc=125 op=HK_BOTH        rs1=6 rs2=6 mem_read=1 ex_rd=6 -> stall=1
[PASS] seq=crv_seq_8                    cyc=126 op=HK_X0_EXCLUDED rs1=28 rs2=0 mem_read=1 ex_rd=0 -> stall=0
[PASS] seq=crv_seq_8                    cyc=127 op=HK_RS1_ONLY    rs1=27 rs2=13 mem_read=1 ex_rd=27 -> stall=1
[PASS] seq=crv_seq_8                    cyc=128 op=HK_RS1_ONLY    rs1=18 rs2=6 mem_read=1 ex_rd=18 -> stall=1
[PASS] seq=crv_seq_8                    cyc=129 op=HK_RANDOM      rs1=12 rs2=12 mem_read=0 ex_rd=9 -> stall=0
[PASS] seq=crv_seq_8                    cyc=130 op=HK_RS1_ONLY    rs1=4 rs2=26 mem_read=1 ex_rd=4 -> stall=1
[PASS] seq=crv_seq_8                    cyc=131 op=HK_BOTH        rs1=1 rs2=1 mem_read=1 ex_rd=1 -> stall=1
[PASS] seq=crv_seq_8                    cyc=132 op=HK_RS2_ONLY    rs1=16 rs2=19 mem_read=1 ex_rd=19 -> stall=1
[PASS] seq=crv_seq_8                    cyc=133 op=HK_RS1_ONLY    rs1=6 rs2=24 mem_read=1 ex_rd=6 -> stall=1
[PASS] seq=crv_seq_8                    cyc=134 op=HK_RANDOM      rs1=5 rs2=13 mem_read=0 ex_rd=2 -> stall=0
[PASS] seq=crv_seq_8                    cyc=135 op=HK_RANDOM      rs1=23 rs2=25 mem_read=1 ex_rd=24 -> stall=0
[PASS] seq=crv_seq_8                    cyc=136 op=HK_X0_EXCLUDED rs1=21 rs2=21 mem_read=1 ex_rd=0 -> stall=0
[PASS] seq=crv_seq_8                    cyc=137 op=HK_NO_MATCH    rs1=31 rs2=26 mem_read=1 ex_rd=16 -> stall=0
[PASS] seq=crv_seq_8                    cyc=138 op=HK_NO_LOAD     rs1=25 rs2=30 mem_read=0 ex_rd=26 -> stall=0
[PASS] seq=crv_seq_8                    cyc=139 op=HK_RS1_ONLY    rs1=9 rs2=5 mem_read=1 ex_rd=9 -> stall=1
[PASS] seq=crv_seq_8                    cyc=140 op=HK_NO_MATCH    rs1=25 rs2=31 mem_read=1 ex_rd=24 -> stall=0
[PASS] seq=crv_seq_8                    cyc=141 op=HK_NO_MATCH    rs1=8 rs2=9 mem_read=1 ex_rd=16 -> stall=0
[PASS] seq=crv_seq_8                    cyc=142 op=HK_NO_LOAD     rs1=2 rs2=25 mem_read=0 ex_rd=13 -> stall=0
[PASS] seq=crv_seq_8                    cyc=143 op=HK_RS2_ONLY    rs1=9 rs2=31 mem_read=1 ex_rd=31 -> stall=1
[PASS] seq=crv_seq_8                    cyc=144 op=HK_RS1_ONLY    rs1=2 rs2=11 mem_read=1 ex_rd=2 -> stall=1
[PASS] seq=crv_seq_8                    cyc=145 op=HK_NO_MATCH    rs1=26 rs2=10 mem_read=1 ex_rd=3 -> stall=0
[PASS] seq=crv_seq_8                    cyc=146 op=HK_BOTH        rs1=9 rs2=9 mem_read=1 ex_rd=9 -> stall=1
[PASS] seq=crv_seq_8                    cyc=147 op=HK_RANDOM      rs1=2 rs2=0 mem_read=1 ex_rd=1 -> stall=0
[PASS] seq=crv_seq_8                    cyc=148 op=HK_RANDOM      rs1=8 rs2=23 mem_read=0 ex_rd=19 -> stall=0
[PASS] seq=crv_seq_8                    cyc=149 op=HK_X0_EXCLUDED rs1=14 rs2=20 mem_read=1 ex_rd=0 -> stall=0
[PASS] seq=crv_seq_8                    cyc=150 op=HK_NO_LOAD     rs1=29 rs2=13 mem_read=0 ex_rd=15 -> stall=0
[PASS] seq=crv_seq_8                    cyc=151 op=HK_RS2_ONLY    rs1=31 rs2=25 mem_read=1 ex_rd=25 -> stall=1
[PASS] seq=crv_seq_8                    cyc=152 op=HK_RS1_ONLY    rs1=19 rs2=25 mem_read=1 ex_rd=19 -> stall=1
[PASS] seq=crv_seq_8                    cyc=153 op=HK_X0_EXCLUDED rs1=21 rs2=30 mem_read=1 ex_rd=0 -> stall=0
[PASS] seq=crv_seq_8                    cyc=154 op=HK_RS2_ONLY    rs1=24 rs2=6 mem_read=1 ex_rd=6 -> stall=1
[PASS] seq=crv_seq_8                    cyc=155 op=HK_RS1_ONLY    rs1=16 rs2=21 mem_read=1 ex_rd=16 -> stall=1
[PASS] seq=crv_seq_8                    cyc=156 op=HK_RANDOM      rs1=29 rs2=2 mem_read=0 ex_rd=5 -> stall=0
[PASS] seq=crv_seq_8                    cyc=157 op=HK_NO_LOAD     rs1=28 rs2=29 mem_read=0 ex_rd=26 -> stall=0
[PASS] seq=crv_seq_8                    cyc=158 op=HK_NO_MATCH    rs1=31 rs2=27 mem_read=1 ex_rd=16 -> stall=0
[PASS] seq=crv_seq_8                    cyc=159 op=HK_RANDOM      rs1=0 rs2=9 mem_read=0 ex_rd=8 -> stall=0
[PASS] seq=crv_seq_8                    cyc=160 op=HK_X0_EXCLUDED rs1=4 rs2=3 mem_read=1 ex_rd=0 -> stall=0
[PASS] seq=crv_seq_8                    cyc=161 op=HK_RS1_ONLY    rs1=3 rs2=27 mem_read=1 ex_rd=3 -> stall=1
[PASS] seq=crv_seq_8                    cyc=162 op=HK_RS1_ONLY    rs1=30 rs2=19 mem_read=1 ex_rd=30 -> stall=1
[PASS] seq=crv_seq_8                    cyc=163 op=HK_NO_LOAD     rs1=12 rs2=12 mem_read=0 ex_rd=7 -> stall=0
[PASS] seq=crv_seq_8                    cyc=164 op=HK_X0_EXCLUDED rs1=29 rs2=22 mem_read=1 ex_rd=0 -> stall=0
[PASS] seq=crv_seq_8                    cyc=165 op=HK_RANDOM      rs1=16 rs2=27 mem_read=1 ex_rd=14 -> stall=0
[PASS] seq=crv_seq_8                    cyc=166 op=HK_RS1_ONLY    rs1=27 rs2=24 mem_read=1 ex_rd=27 -> stall=1
[PASS] seq=crv_seq_8                    cyc=167 op=HK_BOTH        rs1=9 rs2=9 mem_read=1 ex_rd=9 -> stall=1
[PASS] seq=crv_seq_8                    cyc=168 op=HK_RS2_ONLY    rs1=26 rs2=31 mem_read=1 ex_rd=31 -> stall=1
[PASS] seq=crv_seq_8                    cyc=169 op=HK_RS1_ONLY    rs1=27 rs2=25 mem_read=1 ex_rd=27 -> stall=1
[PASS] seq=crv_seq_8                    cyc=170 op=HK_X0_EXCLUDED rs1=4 rs2=31 mem_read=1 ex_rd=0 -> stall=0
[PASS] seq=crv_seq_8                    cyc=171 op=HK_RS1_ONLY    rs1=12 rs2=16 mem_read=1 ex_rd=12 -> stall=1
[PASS] seq=crv_seq_8                    cyc=172 op=HK_BOTH        rs1=22 rs2=22 mem_read=1 ex_rd=22 -> stall=1
[PASS] seq=crv_seq_8                    cyc=173 op=HK_NO_MATCH    rs1=9 rs2=1 mem_read=1 ex_rd=12 -> stall=0
[PASS] seq=crv_seq_8                    cyc=174 op=HK_RS1_ONLY    rs1=16 rs2=28 mem_read=1 ex_rd=16 -> stall=1
[PASS] seq=crv_seq_8                    cyc=175 op=HK_BOTH        rs1=7 rs2=7 mem_read=1 ex_rd=7 -> stall=1
[PASS] seq=crv_seq_8                    cyc=176 op=HK_RS2_ONLY    rs1=21 rs2=12 mem_read=1 ex_rd=12 -> stall=1
[PASS] seq=crv_seq_8                    cyc=177 op=HK_RS1_ONLY    rs1=15 rs2=19 mem_read=1 ex_rd=15 -> stall=1
[PASS] seq=crv_seq_8                    cyc=178 op=HK_RS1_ONLY    rs1=23 rs2=10 mem_read=1 ex_rd=23 -> stall=1
[PASS] seq=crv_seq_8                    cyc=179 op=HK_RS1_ONLY    rs1=5 rs2=27 mem_read=1 ex_rd=5 -> stall=1
[PASS] seq=crv_seq_8                    cyc=180 op=HK_RANDOM      rs1=4 rs2=11 mem_read=0 ex_rd=7 -> stall=0
[PASS] seq=crv_seq_8                    cyc=181 op=HK_NO_LOAD     rs1=3 rs2=9 mem_read=0 ex_rd=24 -> stall=0
[PASS] seq=crv_seq_8                    cyc=182 op=HK_RANDOM      rs1=3 rs2=24 mem_read=1 ex_rd=26 -> stall=0
[PASS] seq=crv_seq_8                    cyc=183 op=HK_X0_EXCLUDED rs1=17 rs2=24 mem_read=1 ex_rd=0 -> stall=0
[PASS] seq=crv_seq_8                    cyc=184 op=HK_RS2_ONLY    rs1=11 rs2=31 mem_read=1 ex_rd=31 -> stall=1
[PASS] seq=crv_seq_8                    cyc=185 op=HK_NO_MATCH    rs1=1 rs2=19 mem_read=1 ex_rd=28 -> stall=0
[PASS] seq=crv_seq_8                    cyc=186 op=HK_RS1_ONLY    rs1=10 rs2=30 mem_read=1 ex_rd=10 -> stall=1
[PASS] seq=crv_seq_8                    cyc=187 op=HK_X0_EXCLUDED rs1=8 rs2=5 mem_read=1 ex_rd=0 -> stall=0
[PASS] seq=crv_seq_8                    cyc=188 op=HK_RS1_ONLY    rs1=31 rs2=9 mem_read=1 ex_rd=31 -> stall=1
[PASS] seq=crv_seq_8                    cyc=189 op=HK_RS1_ONLY    rs1=10 rs2=7 mem_read=1 ex_rd=10 -> stall=1
[PASS] seq=crv_seq_8                    cyc=190 op=HK_RS2_ONLY    rs1=11 rs2=19 mem_read=1 ex_rd=19 -> stall=1
[PASS] seq=crv_seq_8                    cyc=191 op=HK_X0_EXCLUDED rs1=0 rs2=25 mem_read=1 ex_rd=0 -> stall=0
[PASS] seq=crv_seq_8                    cyc=192 op=HK_BOTH        rs1=12 rs2=12 mem_read=1 ex_rd=12 -> stall=1
[PASS] seq=crv_seq_8                    cyc=193 op=HK_NO_LOAD     rs1=0 rs2=12 mem_read=0 ex_rd=21 -> stall=0
[PASS] seq=crv_seq_8                    cyc=194 op=HK_RS1_ONLY    rs1=8 rs2=23 mem_read=1 ex_rd=8 -> stall=1
[PASS] seq=crv_seq_8                    cyc=195 op=HK_NO_LOAD     rs1=17 rs2=21 mem_read=0 ex_rd=17 -> stall=0
[PASS] seq=crv_seq_8                    cyc=196 op=HK_X0_EXCLUDED rs1=14 rs2=14 mem_read=1 ex_rd=0 -> stall=0
[PASS] seq=crv_seq_8                    cyc=197 op=HK_RS1_ONLY    rs1=11 rs2=28 mem_read=1 ex_rd=11 -> stall=1
[PASS] seq=crv_seq_8                    cyc=198 op=HK_X0_EXCLUDED rs1=29 rs2=14 mem_read=1 ex_rd=0 -> stall=0
[PASS] seq=crv_seq_8                    cyc=199 op=HK_RANDOM      rs1=24 rs2=29 mem_read=1 ex_rd=21 -> stall=0
[PASS] seq=crv_seq_9                    cyc=0 op=HK_RANDOM      rs1=7 rs2=11 mem_read=1 ex_rd=1 -> stall=0
[PASS] seq=crv_seq_9                    cyc=1 op=HK_RS1_ONLY    rs1=24 rs2=21 mem_read=1 ex_rd=24 -> stall=1
[PASS] seq=crv_seq_9                    cyc=2 op=HK_RANDOM      rs1=11 rs2=5 mem_read=0 ex_rd=0 -> stall=0
[PASS] seq=crv_seq_9                    cyc=3 op=HK_BOTH        rs1=2 rs2=2 mem_read=1 ex_rd=2 -> stall=1
[PASS] seq=crv_seq_9                    cyc=4 op=HK_RANDOM      rs1=31 rs2=16 mem_read=1 ex_rd=24 -> stall=0
[PASS] seq=crv_seq_9                    cyc=5 op=HK_BOTH        rs1=26 rs2=26 mem_read=1 ex_rd=26 -> stall=1
[PASS] seq=crv_seq_9                    cyc=6 op=HK_RANDOM      rs1=22 rs2=21 mem_read=1 ex_rd=10 -> stall=0
[PASS] seq=crv_seq_9                    cyc=7 op=HK_RANDOM      rs1=2 rs2=15 mem_read=1 ex_rd=6 -> stall=0
[PASS] seq=crv_seq_9                    cyc=8 op=HK_RS1_ONLY    rs1=21 rs2=3 mem_read=1 ex_rd=21 -> stall=1
[PASS] seq=crv_seq_9                    cyc=9 op=HK_RS1_ONLY    rs1=25 rs2=19 mem_read=1 ex_rd=25 -> stall=1
[PASS] seq=crv_seq_9                    cyc=10 op=HK_RS1_ONLY    rs1=7 rs2=13 mem_read=1 ex_rd=7 -> stall=1
[PASS] seq=crv_seq_9                    cyc=11 op=HK_RANDOM      rs1=4 rs2=3 mem_read=1 ex_rd=20 -> stall=0
[PASS] seq=crv_seq_9                    cyc=12 op=HK_NO_MATCH    rs1=6 rs2=29 mem_read=1 ex_rd=21 -> stall=0
[PASS] seq=crv_seq_9                    cyc=13 op=HK_RS2_ONLY    rs1=0 rs2=13 mem_read=1 ex_rd=13 -> stall=1
[PASS] seq=crv_seq_9                    cyc=14 op=HK_NO_MATCH    rs1=24 rs2=5 mem_read=1 ex_rd=29 -> stall=0
[PASS] seq=crv_seq_9                    cyc=15 op=HK_X0_EXCLUDED rs1=27 rs2=1 mem_read=1 ex_rd=0 -> stall=0
[PASS] seq=crv_seq_9                    cyc=16 op=HK_BOTH        rs1=2 rs2=2 mem_read=1 ex_rd=2 -> stall=1
[PASS] seq=crv_seq_9                    cyc=17 op=HK_RANDOM      rs1=2 rs2=12 mem_read=1 ex_rd=23 -> stall=0
[PASS] seq=crv_seq_9                    cyc=18 op=HK_NO_LOAD     rs1=3 rs2=6 mem_read=0 ex_rd=7 -> stall=0
[PASS] seq=crv_seq_9                    cyc=19 op=HK_RANDOM      rs1=11 rs2=25 mem_read=0 ex_rd=1 -> stall=0
[PASS] seq=crv_seq_9                    cyc=20 op=HK_RS2_ONLY    rs1=5 rs2=17 mem_read=1 ex_rd=17 -> stall=1
[PASS] seq=crv_seq_9                    cyc=21 op=HK_RS1_ONLY    rs1=8 rs2=15 mem_read=1 ex_rd=8 -> stall=1
[PASS] seq=crv_seq_9                    cyc=22 op=HK_RANDOM      rs1=25 rs2=19 mem_read=0 ex_rd=5 -> stall=0
[PASS] seq=crv_seq_9                    cyc=23 op=HK_RANDOM      rs1=17 rs2=9 mem_read=0 ex_rd=1 -> stall=0
[PASS] seq=crv_seq_9                    cyc=24 op=HK_BOTH        rs1=27 rs2=27 mem_read=1 ex_rd=27 -> stall=1
[PASS] seq=crv_seq_9                    cyc=25 op=HK_RS2_ONLY    rs1=16 rs2=7 mem_read=1 ex_rd=7 -> stall=1
[PASS] seq=crv_seq_9                    cyc=26 op=HK_RS1_ONLY    rs1=15 rs2=26 mem_read=1 ex_rd=15 -> stall=1
[PASS] seq=crv_seq_9                    cyc=27 op=HK_BOTH        rs1=13 rs2=13 mem_read=1 ex_rd=13 -> stall=1
[PASS] seq=crv_seq_9                    cyc=28 op=HK_RANDOM      rs1=5 rs2=2 mem_read=0 ex_rd=8 -> stall=0
[PASS] seq=crv_seq_9                    cyc=29 op=HK_RANDOM      rs1=18 rs2=18 mem_read=1 ex_rd=30 -> stall=0
[PASS] seq=crv_seq_9                    cyc=30 op=HK_NO_LOAD     rs1=0 rs2=5 mem_read=0 ex_rd=30 -> stall=0
[PASS] seq=crv_seq_9                    cyc=31 op=HK_RS1_ONLY    rs1=27 rs2=28 mem_read=1 ex_rd=27 -> stall=1
[PASS] seq=crv_seq_9                    cyc=32 op=HK_NO_LOAD     rs1=1 rs2=25 mem_read=0 ex_rd=9 -> stall=0
[PASS] seq=crv_seq_9                    cyc=33 op=HK_RS1_ONLY    rs1=11 rs2=31 mem_read=1 ex_rd=11 -> stall=1
[PASS] seq=crv_seq_9                    cyc=34 op=HK_RS1_ONLY    rs1=12 rs2=24 mem_read=1 ex_rd=12 -> stall=1
[PASS] seq=crv_seq_9                    cyc=35 op=HK_NO_MATCH    rs1=3 rs2=4 mem_read=1 ex_rd=24 -> stall=0
[PASS] seq=crv_seq_9                    cyc=36 op=HK_RANDOM      rs1=4 rs2=11 mem_read=1 ex_rd=22 -> stall=0
[PASS] seq=crv_seq_9                    cyc=37 op=HK_RS2_ONLY    rs1=21 rs2=4 mem_read=1 ex_rd=4 -> stall=1
[PASS] seq=crv_seq_9                    cyc=38 op=HK_RS1_ONLY    rs1=16 rs2=10 mem_read=1 ex_rd=16 -> stall=1
[PASS] seq=crv_seq_9                    cyc=39 op=HK_X0_EXCLUDED rs1=6 rs2=16 mem_read=1 ex_rd=0 -> stall=0
[PASS] seq=crv_seq_9                    cyc=40 op=HK_RANDOM      rs1=24 rs2=30 mem_read=0 ex_rd=16 -> stall=0
[PASS] seq=crv_seq_9                    cyc=41 op=HK_RS1_ONLY    rs1=25 rs2=19 mem_read=1 ex_rd=25 -> stall=1
[PASS] seq=crv_seq_9                    cyc=42 op=HK_BOTH        rs1=6 rs2=6 mem_read=1 ex_rd=6 -> stall=1
[PASS] seq=crv_seq_9                    cyc=43 op=HK_RS1_ONLY    rs1=12 rs2=23 mem_read=1 ex_rd=12 -> stall=1
[PASS] seq=crv_seq_9                    cyc=44 op=HK_NO_LOAD     rs1=22 rs2=2 mem_read=0 ex_rd=29 -> stall=0
[PASS] seq=crv_seq_9                    cyc=45 op=HK_RS1_ONLY    rs1=28 rs2=16 mem_read=1 ex_rd=28 -> stall=1
[PASS] seq=crv_seq_9                    cyc=46 op=HK_RS1_ONLY    rs1=10 rs2=1 mem_read=1 ex_rd=10 -> stall=1
[PASS] seq=crv_seq_9                    cyc=47 op=HK_RS1_ONLY    rs1=16 rs2=21 mem_read=1 ex_rd=16 -> stall=1
[PASS] seq=crv_seq_9                    cyc=48 op=HK_RS2_ONLY    rs1=20 rs2=26 mem_read=1 ex_rd=26 -> stall=1
[PASS] seq=crv_seq_9                    cyc=49 op=HK_RANDOM      rs1=19 rs2=15 mem_read=0 ex_rd=6 -> stall=0
[PASS] seq=crv_seq_9                    cyc=50 op=HK_RS1_ONLY    rs1=29 rs2=21 mem_read=1 ex_rd=29 -> stall=1
[PASS] seq=crv_seq_9                    cyc=51 op=HK_BOTH        rs1=24 rs2=24 mem_read=1 ex_rd=24 -> stall=1
[PASS] seq=crv_seq_9                    cyc=52 op=HK_NO_LOAD     rs1=29 rs2=29 mem_read=0 ex_rd=1 -> stall=0
[PASS] seq=crv_seq_9                    cyc=53 op=HK_RANDOM      rs1=0 rs2=14 mem_read=0 ex_rd=17 -> stall=0
[PASS] seq=crv_seq_9                    cyc=54 op=HK_RS1_ONLY    rs1=2 rs2=23 mem_read=1 ex_rd=2 -> stall=1
[PASS] seq=crv_seq_9                    cyc=55 op=HK_BOTH        rs1=10 rs2=10 mem_read=1 ex_rd=10 -> stall=1
[PASS] seq=crv_seq_9                    cyc=56 op=HK_RANDOM      rs1=22 rs2=25 mem_read=1 ex_rd=18 -> stall=0
[PASS] seq=crv_seq_9                    cyc=57 op=HK_X0_EXCLUDED rs1=0 rs2=17 mem_read=1 ex_rd=0 -> stall=0
[PASS] seq=crv_seq_9                    cyc=58 op=HK_NO_LOAD     rs1=12 rs2=3 mem_read=0 ex_rd=22 -> stall=0
[PASS] seq=crv_seq_9                    cyc=59 op=HK_RANDOM      rs1=23 rs2=18 mem_read=0 ex_rd=27 -> stall=0
[PASS] seq=crv_seq_9                    cyc=60 op=HK_BOTH        rs1=3 rs2=3 mem_read=1 ex_rd=3 -> stall=1
[PASS] seq=crv_seq_9                    cyc=61 op=HK_RS1_ONLY    rs1=6 rs2=8 mem_read=1 ex_rd=6 -> stall=1
[PASS] seq=crv_seq_9                    cyc=62 op=HK_BOTH        rs1=4 rs2=4 mem_read=1 ex_rd=4 -> stall=1
[PASS] seq=crv_seq_9                    cyc=63 op=HK_BOTH        rs1=4 rs2=4 mem_read=1 ex_rd=4 -> stall=1
[PASS] seq=crv_seq_9                    cyc=64 op=HK_RS1_ONLY    rs1=3 rs2=28 mem_read=1 ex_rd=3 -> stall=1
[PASS] seq=crv_seq_9                    cyc=65 op=HK_NO_MATCH    rs1=9 rs2=13 mem_read=1 ex_rd=24 -> stall=0
[PASS] seq=crv_seq_9                    cyc=66 op=HK_X0_EXCLUDED rs1=30 rs2=22 mem_read=1 ex_rd=0 -> stall=0
[PASS] seq=crv_seq_9                    cyc=67 op=HK_RS1_ONLY    rs1=29 rs2=26 mem_read=1 ex_rd=29 -> stall=1
[PASS] seq=crv_seq_9                    cyc=68 op=HK_RS1_ONLY    rs1=19 rs2=23 mem_read=1 ex_rd=19 -> stall=1
[PASS] seq=crv_seq_9                    cyc=69 op=HK_RANDOM      rs1=24 rs2=18 mem_read=0 ex_rd=26 -> stall=0
[PASS] seq=crv_seq_9                    cyc=70 op=HK_RANDOM      rs1=19 rs2=20 mem_read=1 ex_rd=4 -> stall=0
[PASS] seq=crv_seq_9                    cyc=71 op=HK_NO_LOAD     rs1=23 rs2=22 mem_read=0 ex_rd=4 -> stall=0
[PASS] seq=crv_seq_9                    cyc=72 op=HK_BOTH        rs1=27 rs2=27 mem_read=1 ex_rd=27 -> stall=1
[PASS] seq=crv_seq_9                    cyc=73 op=HK_RANDOM      rs1=9 rs2=8 mem_read=0 ex_rd=4 -> stall=0
[PASS] seq=crv_seq_9                    cyc=74 op=HK_RANDOM      rs1=28 rs2=16 mem_read=1 ex_rd=6 -> stall=0
[PASS] seq=crv_seq_9                    cyc=75 op=HK_RS1_ONLY    rs1=30 rs2=0 mem_read=1 ex_rd=30 -> stall=1
[PASS] seq=crv_seq_9                    cyc=76 op=HK_NO_LOAD     rs1=8 rs2=14 mem_read=0 ex_rd=19 -> stall=0
[PASS] seq=crv_seq_9                    cyc=77 op=HK_RANDOM      rs1=29 rs2=10 mem_read=1 ex_rd=17 -> stall=0
[PASS] seq=crv_seq_9                    cyc=78 op=HK_BOTH        rs1=14 rs2=14 mem_read=1 ex_rd=14 -> stall=1
[PASS] seq=crv_seq_9                    cyc=79 op=HK_RS2_ONLY    rs1=30 rs2=28 mem_read=1 ex_rd=28 -> stall=1
[PASS] seq=crv_seq_9                    cyc=80 op=HK_RS1_ONLY    rs1=4 rs2=14 mem_read=1 ex_rd=4 -> stall=1
[PASS] seq=crv_seq_9                    cyc=81 op=HK_X0_EXCLUDED rs1=13 rs2=24 mem_read=1 ex_rd=0 -> stall=0
[PASS] seq=crv_seq_9                    cyc=82 op=HK_NO_LOAD     rs1=19 rs2=16 mem_read=0 ex_rd=7 -> stall=0
[PASS] seq=crv_seq_9                    cyc=83 op=HK_NO_MATCH    rs1=22 rs2=22 mem_read=1 ex_rd=5 -> stall=0
[PASS] seq=crv_seq_9                    cyc=84 op=HK_RANDOM      rs1=3 rs2=15 mem_read=1 ex_rd=19 -> stall=0
[PASS] seq=crv_seq_9                    cyc=85 op=HK_NO_MATCH    rs1=14 rs2=23 mem_read=1 ex_rd=20 -> stall=0
[PASS] seq=crv_seq_9                    cyc=86 op=HK_RS1_ONLY    rs1=25 rs2=23 mem_read=1 ex_rd=25 -> stall=1
[PASS] seq=crv_seq_9                    cyc=87 op=HK_RS1_ONLY    rs1=9 rs2=15 mem_read=1 ex_rd=9 -> stall=1
[PASS] seq=crv_seq_9                    cyc=88 op=HK_BOTH        rs1=24 rs2=24 mem_read=1 ex_rd=24 -> stall=1
[PASS] seq=crv_seq_9                    cyc=89 op=HK_RS1_ONLY    rs1=22 rs2=19 mem_read=1 ex_rd=22 -> stall=1
[PASS] seq=crv_seq_9                    cyc=90 op=HK_RS1_ONLY    rs1=3 rs2=21 mem_read=1 ex_rd=3 -> stall=1
[PASS] seq=crv_seq_9                    cyc=91 op=HK_X0_EXCLUDED rs1=0 rs2=21 mem_read=1 ex_rd=0 -> stall=0
[PASS] seq=crv_seq_9                    cyc=92 op=HK_RS1_ONLY    rs1=14 rs2=7 mem_read=1 ex_rd=14 -> stall=1
[PASS] seq=crv_seq_9                    cyc=93 op=HK_NO_MATCH    rs1=8 rs2=28 mem_read=1 ex_rd=19 -> stall=0
[PASS] seq=crv_seq_9                    cyc=94 op=HK_RS2_ONLY    rs1=5 rs2=16 mem_read=1 ex_rd=16 -> stall=1
[PASS] seq=crv_seq_9                    cyc=95 op=HK_RS2_ONLY    rs1=20 rs2=15 mem_read=1 ex_rd=15 -> stall=1
[PASS] seq=crv_seq_9                    cyc=96 op=HK_X0_EXCLUDED rs1=2 rs2=23 mem_read=1 ex_rd=0 -> stall=0
[PASS] seq=crv_seq_9                    cyc=97 op=HK_X0_EXCLUDED rs1=30 rs2=23 mem_read=1 ex_rd=0 -> stall=0
[PASS] seq=crv_seq_9                    cyc=98 op=HK_RS1_ONLY    rs1=23 rs2=31 mem_read=1 ex_rd=23 -> stall=1
[PASS] seq=crv_seq_9                    cyc=99 op=HK_NO_LOAD     rs1=31 rs2=12 mem_read=0 ex_rd=31 -> stall=0
[PASS] seq=crv_seq_9                    cyc=100 op=HK_RANDOM      rs1=21 rs2=11 mem_read=0 ex_rd=1 -> stall=0
[PASS] seq=crv_seq_9                    cyc=101 op=HK_RS1_ONLY    rs1=7 rs2=17 mem_read=1 ex_rd=7 -> stall=1
[PASS] seq=crv_seq_9                    cyc=102 op=HK_RS1_ONLY    rs1=11 rs2=18 mem_read=1 ex_rd=11 -> stall=1
[PASS] seq=crv_seq_9                    cyc=103 op=HK_BOTH        rs1=8 rs2=8 mem_read=1 ex_rd=8 -> stall=1
[PASS] seq=crv_seq_9                    cyc=104 op=HK_NO_LOAD     rs1=19 rs2=29 mem_read=0 ex_rd=7 -> stall=0
[PASS] seq=crv_seq_9                    cyc=105 op=HK_RS2_ONLY    rs1=25 rs2=18 mem_read=1 ex_rd=18 -> stall=1
[PASS] seq=crv_seq_9                    cyc=106 op=HK_NO_MATCH    rs1=25 rs2=24 mem_read=1 ex_rd=29 -> stall=0
[PASS] seq=crv_seq_9                    cyc=107 op=HK_RS1_ONLY    rs1=13 rs2=2 mem_read=1 ex_rd=13 -> stall=1
[PASS] seq=crv_seq_9                    cyc=108 op=HK_RS1_ONLY    rs1=16 rs2=8 mem_read=1 ex_rd=16 -> stall=1
[PASS] seq=crv_seq_9                    cyc=109 op=HK_RANDOM      rs1=30 rs2=21 mem_read=1 ex_rd=0 -> stall=0
[PASS] seq=crv_seq_9                    cyc=110 op=HK_RS2_ONLY    rs1=10 rs2=16 mem_read=1 ex_rd=16 -> stall=1
[PASS] seq=crv_seq_9                    cyc=111 op=HK_BOTH        rs1=14 rs2=14 mem_read=1 ex_rd=14 -> stall=1
[PASS] seq=crv_seq_9                    cyc=112 op=HK_RS2_ONLY    rs1=4 rs2=5 mem_read=1 ex_rd=5 -> stall=1
[PASS] seq=crv_seq_9                    cyc=113 op=HK_RS1_ONLY    rs1=23 rs2=3 mem_read=1 ex_rd=23 -> stall=1
[PASS] seq=crv_seq_9                    cyc=114 op=HK_BOTH        rs1=9 rs2=9 mem_read=1 ex_rd=9 -> stall=1
[PASS] seq=crv_seq_9                    cyc=115 op=HK_X0_EXCLUDED rs1=0 rs2=17 mem_read=1 ex_rd=0 -> stall=0
[PASS] seq=crv_seq_9                    cyc=116 op=HK_RS1_ONLY    rs1=25 rs2=16 mem_read=1 ex_rd=25 -> stall=1
[PASS] seq=crv_seq_9                    cyc=117 op=HK_RANDOM      rs1=3 rs2=7 mem_read=1 ex_rd=15 -> stall=0
[PASS] seq=crv_seq_9                    cyc=118 op=HK_RS1_ONLY    rs1=10 rs2=20 mem_read=1 ex_rd=10 -> stall=1
[PASS] seq=crv_seq_9                    cyc=119 op=HK_X0_EXCLUDED rs1=26 rs2=0 mem_read=1 ex_rd=0 -> stall=0
[PASS] seq=crv_seq_9                    cyc=120 op=HK_RS2_ONLY    rs1=18 rs2=9 mem_read=1 ex_rd=9 -> stall=1
[PASS] seq=crv_seq_9                    cyc=121 op=HK_RS1_ONLY    rs1=7 rs2=22 mem_read=1 ex_rd=7 -> stall=1
[PASS] seq=crv_seq_9                    cyc=122 op=HK_NO_LOAD     rs1=19 rs2=29 mem_read=0 ex_rd=20 -> stall=0
[PASS] seq=crv_seq_9                    cyc=123 op=HK_X0_EXCLUDED rs1=23 rs2=27 mem_read=1 ex_rd=0 -> stall=0
[PASS] seq=crv_seq_9                    cyc=124 op=HK_X0_EXCLUDED rs1=17 rs2=28 mem_read=1 ex_rd=0 -> stall=0
[PASS] seq=crv_seq_9                    cyc=125 op=HK_NO_LOAD     rs1=5 rs2=26 mem_read=0 ex_rd=13 -> stall=0
[PASS] seq=crv_seq_9                    cyc=126 op=HK_BOTH        rs1=4 rs2=4 mem_read=1 ex_rd=4 -> stall=1
[PASS] seq=crv_seq_9                    cyc=127 op=HK_RANDOM      rs1=22 rs2=11 mem_read=0 ex_rd=14 -> stall=0
[PASS] seq=crv_seq_9                    cyc=128 op=HK_NO_MATCH    rs1=25 rs2=21 mem_read=1 ex_rd=4 -> stall=0
[PASS] seq=crv_seq_9                    cyc=129 op=HK_X0_EXCLUDED rs1=10 rs2=16 mem_read=1 ex_rd=0 -> stall=0
[PASS] seq=crv_seq_9                    cyc=130 op=HK_NO_MATCH    rs1=15 rs2=13 mem_read=1 ex_rd=20 -> stall=0
[PASS] seq=crv_seq_9                    cyc=131 op=HK_RS1_ONLY    rs1=27 rs2=30 mem_read=1 ex_rd=27 -> stall=1
[PASS] seq=crv_seq_9                    cyc=132 op=HK_NO_MATCH    rs1=7 rs2=13 mem_read=1 ex_rd=2 -> stall=0
[PASS] seq=crv_seq_9                    cyc=133 op=HK_RS1_ONLY    rs1=4 rs2=10 mem_read=1 ex_rd=4 -> stall=1
[PASS] seq=crv_seq_9                    cyc=134 op=HK_RS2_ONLY    rs1=12 rs2=7 mem_read=1 ex_rd=7 -> stall=1
[PASS] seq=crv_seq_9                    cyc=135 op=HK_RS1_ONLY    rs1=19 rs2=18 mem_read=1 ex_rd=19 -> stall=1
[PASS] seq=crv_seq_9                    cyc=136 op=HK_RS1_ONLY    rs1=23 rs2=14 mem_read=1 ex_rd=23 -> stall=1
[PASS] seq=crv_seq_9                    cyc=137 op=HK_RS1_ONLY    rs1=30 rs2=24 mem_read=1 ex_rd=30 -> stall=1
[PASS] seq=crv_seq_9                    cyc=138 op=HK_BOTH        rs1=13 rs2=13 mem_read=1 ex_rd=13 -> stall=1
[PASS] seq=crv_seq_9                    cyc=139 op=HK_BOTH        rs1=26 rs2=26 mem_read=1 ex_rd=26 -> stall=1
[PASS] seq=crv_seq_9                    cyc=140 op=HK_NO_LOAD     rs1=9 rs2=31 mem_read=0 ex_rd=19 -> stall=0
[PASS] seq=crv_seq_9                    cyc=141 op=HK_NO_MATCH    rs1=2 rs2=6 mem_read=1 ex_rd=20 -> stall=0
[PASS] seq=crv_seq_9                    cyc=142 op=HK_RANDOM      rs1=4 rs2=30 mem_read=0 ex_rd=6 -> stall=0
[PASS] seq=crv_seq_9                    cyc=143 op=HK_NO_LOAD     rs1=10 rs2=29 mem_read=0 ex_rd=10 -> stall=0
[PASS] seq=crv_seq_9                    cyc=144 op=HK_RANDOM      rs1=27 rs2=11 mem_read=1 ex_rd=6 -> stall=0
[PASS] seq=crv_seq_9                    cyc=145 op=HK_RANDOM      rs1=30 rs2=18 mem_read=0 ex_rd=10 -> stall=0
[PASS] seq=crv_seq_9                    cyc=146 op=HK_RS1_ONLY    rs1=11 rs2=4 mem_read=1 ex_rd=11 -> stall=1
[PASS] seq=crv_seq_9                    cyc=147 op=HK_RS1_ONLY    rs1=29 rs2=17 mem_read=1 ex_rd=29 -> stall=1
[PASS] seq=crv_seq_9                    cyc=148 op=HK_X0_EXCLUDED rs1=12 rs2=2 mem_read=1 ex_rd=0 -> stall=0
[PASS] seq=crv_seq_9                    cyc=149 op=HK_RS2_ONLY    rs1=25 rs2=8 mem_read=1 ex_rd=8 -> stall=1
[PASS] seq=crv_seq_9                    cyc=150 op=HK_X0_EXCLUDED rs1=12 rs2=23 mem_read=1 ex_rd=0 -> stall=0
[PASS] seq=crv_seq_9                    cyc=151 op=HK_RANDOM      rs1=7 rs2=3 mem_read=0 ex_rd=27 -> stall=0
[PASS] seq=crv_seq_9                    cyc=152 op=HK_BOTH        rs1=24 rs2=24 mem_read=1 ex_rd=24 -> stall=1
[PASS] seq=crv_seq_9                    cyc=153 op=HK_RS2_ONLY    rs1=22 rs2=1 mem_read=1 ex_rd=1 -> stall=1
[PASS] seq=crv_seq_9                    cyc=154 op=HK_RS2_ONLY    rs1=11 rs2=20 mem_read=1 ex_rd=20 -> stall=1
[PASS] seq=crv_seq_9                    cyc=155 op=HK_BOTH        rs1=23 rs2=23 mem_read=1 ex_rd=23 -> stall=1
[PASS] seq=crv_seq_9                    cyc=156 op=HK_NO_MATCH    rs1=6 rs2=11 mem_read=1 ex_rd=15 -> stall=0
[PASS] seq=crv_seq_9                    cyc=157 op=HK_RS2_ONLY    rs1=16 rs2=19 mem_read=1 ex_rd=19 -> stall=1
[PASS] seq=crv_seq_9                    cyc=158 op=HK_X0_EXCLUDED rs1=31 rs2=22 mem_read=1 ex_rd=0 -> stall=0
[PASS] seq=crv_seq_9                    cyc=159 op=HK_NO_LOAD     rs1=22 rs2=23 mem_read=0 ex_rd=2 -> stall=0
[PASS] seq=crv_seq_9                    cyc=160 op=HK_NO_MATCH    rs1=3 rs2=26 mem_read=1 ex_rd=18 -> stall=0
[PASS] seq=crv_seq_9                    cyc=161 op=HK_RANDOM      rs1=24 rs2=22 mem_read=0 ex_rd=5 -> stall=0
[PASS] seq=crv_seq_9                    cyc=162 op=HK_NO_LOAD     rs1=15 rs2=2 mem_read=0 ex_rd=24 -> stall=0
[PASS] seq=crv_seq_9                    cyc=163 op=HK_RANDOM      rs1=14 rs2=4 mem_read=0 ex_rd=30 -> stall=0
[PASS] seq=crv_seq_9                    cyc=164 op=HK_RANDOM      rs1=28 rs2=11 mem_read=0 ex_rd=3 -> stall=0
[PASS] seq=crv_seq_9                    cyc=165 op=HK_RANDOM      rs1=4 rs2=10 mem_read=1 ex_rd=9 -> stall=0
[PASS] seq=crv_seq_9                    cyc=166 op=HK_RS2_ONLY    rs1=21 rs2=8 mem_read=1 ex_rd=8 -> stall=1
[PASS] seq=crv_seq_9                    cyc=167 op=HK_BOTH        rs1=29 rs2=29 mem_read=1 ex_rd=29 -> stall=1
[PASS] seq=crv_seq_9                    cyc=168 op=HK_X0_EXCLUDED rs1=15 rs2=17 mem_read=1 ex_rd=0 -> stall=0
[PASS] seq=crv_seq_9                    cyc=169 op=HK_RS2_ONLY    rs1=20 rs2=11 mem_read=1 ex_rd=11 -> stall=1
[PASS] seq=crv_seq_9                    cyc=170 op=HK_RS2_ONLY    rs1=2 rs2=5 mem_read=1 ex_rd=5 -> stall=1
[PASS] seq=crv_seq_9                    cyc=171 op=HK_RS2_ONLY    rs1=20 rs2=25 mem_read=1 ex_rd=25 -> stall=1
[PASS] seq=crv_seq_9                    cyc=172 op=HK_RANDOM      rs1=15 rs2=7 mem_read=1 ex_rd=23 -> stall=0
[PASS] seq=crv_seq_9                    cyc=173 op=HK_RS2_ONLY    rs1=24 rs2=12 mem_read=1 ex_rd=12 -> stall=1
[PASS] seq=crv_seq_9                    cyc=174 op=HK_NO_LOAD     rs1=26 rs2=27 mem_read=0 ex_rd=16 -> stall=0
[PASS] seq=crv_seq_9                    cyc=175 op=HK_NO_MATCH    rs1=7 rs2=3 mem_read=1 ex_rd=5 -> stall=0
[PASS] seq=crv_seq_9                    cyc=176 op=HK_X0_EXCLUDED rs1=11 rs2=14 mem_read=1 ex_rd=0 -> stall=0
[PASS] seq=crv_seq_9                    cyc=177 op=HK_NO_LOAD     rs1=4 rs2=26 mem_read=0 ex_rd=11 -> stall=0
[PASS] seq=crv_seq_9                    cyc=178 op=HK_NO_MATCH    rs1=8 rs2=10 mem_read=1 ex_rd=14 -> stall=0
[PASS] seq=crv_seq_9                    cyc=179 op=HK_BOTH        rs1=19 rs2=19 mem_read=1 ex_rd=19 -> stall=1
[PASS] seq=crv_seq_9                    cyc=180 op=HK_RS1_ONLY    rs1=24 rs2=0 mem_read=1 ex_rd=24 -> stall=1
[PASS] seq=crv_seq_9                    cyc=181 op=HK_RANDOM      rs1=20 rs2=0 mem_read=0 ex_rd=8 -> stall=0
[PASS] seq=crv_seq_9                    cyc=182 op=HK_RS1_ONLY    rs1=8 rs2=10 mem_read=1 ex_rd=8 -> stall=1
[PASS] seq=crv_seq_9                    cyc=183 op=HK_NO_LOAD     rs1=5 rs2=27 mem_read=0 ex_rd=12 -> stall=0
[PASS] seq=crv_seq_9                    cyc=184 op=HK_RANDOM      rs1=27 rs2=23 mem_read=1 ex_rd=23 -> stall=1
[PASS] seq=crv_seq_9                    cyc=185 op=HK_RS1_ONLY    rs1=13 rs2=0 mem_read=1 ex_rd=13 -> stall=1
[PASS] seq=crv_seq_9                    cyc=186 op=HK_BOTH        rs1=14 rs2=14 mem_read=1 ex_rd=14 -> stall=1
[PASS] seq=crv_seq_9                    cyc=187 op=HK_NO_MATCH    rs1=5 rs2=6 mem_read=1 ex_rd=19 -> stall=0
[PASS] seq=crv_seq_9                    cyc=188 op=HK_BOTH        rs1=17 rs2=17 mem_read=1 ex_rd=17 -> stall=1
[PASS] seq=crv_seq_9                    cyc=189 op=HK_NO_LOAD     rs1=15 rs2=7 mem_read=0 ex_rd=5 -> stall=0
[PASS] seq=crv_seq_9                    cyc=190 op=HK_NO_LOAD     rs1=8 rs2=5 mem_read=0 ex_rd=15 -> stall=0
[PASS] seq=crv_seq_9                    cyc=191 op=HK_NO_LOAD     rs1=6 rs2=13 mem_read=0 ex_rd=13 -> stall=0
[PASS] seq=crv_seq_9                    cyc=192 op=HK_RANDOM      rs1=21 rs2=16 mem_read=1 ex_rd=20 -> stall=0
[PASS] seq=crv_seq_9                    cyc=193 op=HK_RANDOM      rs1=20 rs2=25 mem_read=0 ex_rd=19 -> stall=0
[PASS] seq=crv_seq_9                    cyc=194 op=HK_NO_LOAD     rs1=24 rs2=29 mem_read=0 ex_rd=13 -> stall=0
[PASS] seq=crv_seq_9                    cyc=195 op=HK_RANDOM      rs1=16 rs2=19 mem_read=0 ex_rd=1 -> stall=0
[PASS] seq=crv_seq_9                    cyc=196 op=HK_RS1_ONLY    rs1=17 rs2=29 mem_read=1 ex_rd=17 -> stall=1
[PASS] seq=crv_seq_9                    cyc=197 op=HK_RS1_ONLY    rs1=29 rs2=19 mem_read=1 ex_rd=29 -> stall=1
[PASS] seq=crv_seq_9                    cyc=198 op=HK_RANDOM      rs1=22 rs2=16 mem_read=0 ex_rd=16 -> stall=0
[PASS] seq=crv_seq_9                    cyc=199 op=HK_X0_EXCLUDED rs1=31 rs2=7 mem_read=1 ex_rd=0 -> stall=0

============ HAZARD_FORWARD_UNIT UNIT TB SUMMARY ============
 SEQUENCES=52  TOTAL_CYCLES=2058  PASS=2058  FAIL=0
 FUNCTIONAL COVERAGE = 100.00 %
 RESULT: ALL CHECKS PASSED
===============================================================

$finish called from file "tb_hazard_forward_unit.sv", line 489.
$finish at simulation time             20601000

---------------------------------------------------------------------------
VCS Coverage Metrics: during simulation line, cond, FSM, branch, tgl was monitored
---------------------------------------------------------------------------

 Coverage status: End of All Coverages ...

           V C S   S i m u l a t i o n   R e p o r t 
Time: 20601000 ps
CPU Time:      0.150 seconds;       Data structure size:   0.0Mb
Thu Jul 30 10:26:58 2026
[SCL] 07/30/2026 10:26:58 PID:18539 Client:cvr-vlsi63.cvr.ac.in checkin (null) 

