 VCS Coverage Metrics Release U-2023.03_Full64 Copyright (c) 1991-2023 by Synopsys Inc.
[PASS] seq=idle_bubble                            cyc=0 op=IDK_RESET_BUBBLE       instr=0x00000013 pc=0x00000000 valid=0 fault=0 wb_w=0 wb_rd=0 ex_r=0 ex_rd=0 -> reg_write=1 illegal=0 stall=0 redirect=0
[PASS] seq=x0_read_only_zero                      cyc=0 op=IDK_LEGAL_ALU          instr=0x000002b3 pc=0x00000000 valid=1 fault=0 wb_w=1 wb_rd=0 ex_r=0 ex_rd=0 -> reg_write=1 illegal=0 stall=0 redirect=0
[PASS] seq=bypass_matrix                          cyc=0 op=IDK_BYPASS_RS1         instr=0x014601b3 pc=0x00000000 valid=1 fault=0 wb_w=1 wb_rd=12 ex_r=0 ex_rd=0 -> reg_write=1 illegal=0 stall=0 redirect=0
[PASS] seq=bypass_matrix                          cyc=1 op=IDK_BYPASS_RS2         instr=0x00ca01b3 pc=0x00000000 valid=1 fault=0 wb_w=1 wb_rd=12 ex_r=0 ex_rd=0 -> reg_write=1 illegal=0 stall=0 redirect=0
[PASS] seq=bypass_matrix                          cyc=2 op=IDK_BYPASS_BOTH        instr=0x00c601b3 pc=0x00000000 valid=1 fault=0 wb_w=1 wb_rd=12 ex_r=0 ex_rd=0 -> reg_write=1 illegal=0 stall=0 redirect=0
[PASS] seq=hazard_matrix                          cyc=0 op=IDK_HAZARD_RS1         instr=0x005505b3 pc=0x00000000 valid=1 fault=0 wb_w=0 wb_rd=0 ex_r=1 ex_rd=10 -> reg_write=1 illegal=0 stall=1 redirect=0
[PASS] seq=hazard_matrix                          cyc=1 op=IDK_HAZARD_RS2         instr=0x00a285b3 pc=0x00000000 valid=1 fault=0 wb_w=0 wb_rd=0 ex_r=1 ex_rd=10 -> reg_write=1 illegal=0 stall=1 redirect=0
[PASS] seq=hazard_matrix                          cyc=2 op=IDK_HAZARD_BOTH        instr=0x00a505b3 pc=0x00000000 valid=1 fault=0 wb_w=0 wb_rd=0 ex_r=1 ex_rd=10 -> reg_write=1 illegal=0 stall=1 redirect=0
[PASS] seq=hazard_matrix                          cyc=3 op=IDK_HAZARD_X0_EXCLUDED instr=0x00000133 pc=0x00000000 valid=1 fault=0 wb_w=0 wb_rd=0 ex_r=1 ex_rd=0 -> reg_write=1 illegal=0 stall=0 redirect=0
[PASS] seq=branch_jal_jalr_matrix                 cyc=0 op=IDK_BACKWARD_BRANCH    instr=0x80000063 pc=0x00000004 valid=1 fault=0 wb_w=0 wb_rd=0 ex_r=0 ex_rd=0 -> reg_write=0 illegal=0 stall=0 redirect=1
[PASS] seq=branch_jal_jalr_matrix                 cyc=1 op=IDK_FORWARD_BRANCH     instr=0x00000063 pc=0x00000004 valid=1 fault=0 wb_w=0 wb_rd=0 ex_r=0 ex_rd=0 -> reg_write=0 illegal=0 stall=0 redirect=0
[PASS] seq=branch_jal_jalr_matrix                 cyc=2 op=IDK_JAL                instr=0x000000ef pc=0x00000100 valid=1 fault=0 wb_w=0 wb_rd=0 ex_r=0 ex_rd=0 -> reg_write=1 illegal=0 stall=0 redirect=1
[PASS] seq=branch_jal_jalr_matrix                 cyc=3 op=IDK_JALR               instr=0x000180e7 pc=0x00000100 valid=1 fault=0 wb_w=0 wb_rd=0 ex_r=0 ex_rd=0 -> reg_write=1 illegal=0 stall=0 redirect=0
[PASS] seq=csr_immediate_zero_extend              cyc=0 op=IDK_CSR_OP             instr=0xabcfd573 pc=0x00000000 valid=1 fault=0 wb_w=0 wb_rd=0 ex_r=0 ex_rd=0 -> reg_write=1 illegal=0 stall=0 redirect=0
[PASS] seq=illegal_div_family                     cyc=0 op=IDK_ILLEGAL            instr=0x0220c1b3 pc=0x00000000 valid=1 fault=0 wb_w=0 wb_rd=0 ex_r=0 ex_rd=0 -> reg_write=0 illegal=1 stall=0 redirect=0
[PASS] seq=bubble_with_fault                      cyc=0 op=IDK_BUBBLE_WITH_FAULT  instr=0x002081b3 pc=0x00000000 valid=0 fault=1 wb_w=0 wb_rd=0 ex_r=0 ex_rd=0 -> reg_write=1 illegal=0 stall=0 redirect=0
[PASS] seq=exh_reg_addr_sweep                     cyc=0 op=IDK_RANDOM             instr=0x00000033 pc=0x00000000 valid=1 fault=0 wb_w=0 wb_rd=0 ex_r=0 ex_rd=0 -> reg_write=1 illegal=0 stall=0 redirect=0
[PASS] seq=exh_reg_addr_sweep                     cyc=1 op=IDK_RANDOM             instr=0x001080b3 pc=0x00000000 valid=1 fault=0 wb_w=0 wb_rd=0 ex_r=0 ex_rd=0 -> reg_write=1 illegal=0 stall=0 redirect=0
[PASS] seq=exh_reg_addr_sweep                     cyc=2 op=IDK_RANDOM             instr=0x00210133 pc=0x00000000 valid=1 fault=0 wb_w=0 wb_rd=0 ex_r=0 ex_rd=0 -> reg_write=1 illegal=0 stall=0 redirect=0
[PASS] seq=exh_reg_addr_sweep                     cyc=3 op=IDK_RANDOM             instr=0x003181b3 pc=0x00000000 valid=1 fault=0 wb_w=0 wb_rd=0 ex_r=0 ex_rd=0 -> reg_write=1 illegal=0 stall=0 redirect=0
[PASS] seq=exh_reg_addr_sweep                     cyc=4 op=IDK_RANDOM             instr=0x00420233 pc=0x00000000 valid=1 fault=0 wb_w=0 wb_rd=0 ex_r=0 ex_rd=0 -> reg_write=1 illegal=0 stall=0 redirect=0
[PASS] seq=exh_reg_addr_sweep                     cyc=5 op=IDK_RANDOM             instr=0x005282b3 pc=0x00000000 valid=1 fault=0 wb_w=0 wb_rd=0 ex_r=0 ex_rd=0 -> reg_write=1 illegal=0 stall=0 redirect=0
[PASS] seq=exh_reg_addr_sweep                     cyc=6 op=IDK_RANDOM             instr=0x00630333 pc=0x00000000 valid=1 fault=0 wb_w=0 wb_rd=0 ex_r=0 ex_rd=0 -> reg_write=1 illegal=0 stall=0 redirect=0
[PASS] seq=exh_reg_addr_sweep                     cyc=7 op=IDK_RANDOM             instr=0x007383b3 pc=0x00000000 valid=1 fault=0 wb_w=0 wb_rd=0 ex_r=0 ex_rd=0 -> reg_write=1 illegal=0 stall=0 redirect=0
[PASS] seq=exh_reg_addr_sweep                     cyc=8 op=IDK_RANDOM             instr=0x00840433 pc=0x00000000 valid=1 fault=0 wb_w=0 wb_rd=0 ex_r=0 ex_rd=0 -> reg_write=1 illegal=0 stall=0 redirect=0
[PASS] seq=exh_reg_addr_sweep                     cyc=9 op=IDK_RANDOM             instr=0x009484b3 pc=0x00000000 valid=1 fault=0 wb_w=0 wb_rd=0 ex_r=0 ex_rd=0 -> reg_write=1 illegal=0 stall=0 redirect=0
[PASS] seq=exh_reg_addr_sweep                     cyc=10 op=IDK_RANDOM             instr=0x00a50533 pc=0x00000000 valid=1 fault=0 wb_w=0 wb_rd=0 ex_r=0 ex_rd=0 -> reg_write=1 illegal=0 stall=0 redirect=0
[PASS] seq=exh_reg_addr_sweep                     cyc=11 op=IDK_RANDOM             instr=0x00b585b3 pc=0x00000000 valid=1 fault=0 wb_w=0 wb_rd=0 ex_r=0 ex_rd=0 -> reg_write=1 illegal=0 stall=0 redirect=0
[PASS] seq=exh_reg_addr_sweep                     cyc=12 op=IDK_RANDOM             instr=0x00c60633 pc=0x00000000 valid=1 fault=0 wb_w=0 wb_rd=0 ex_r=0 ex_rd=0 -> reg_write=1 illegal=0 stall=0 redirect=0
[PASS] seq=exh_reg_addr_sweep                     cyc=13 op=IDK_RANDOM             instr=0x00d686b3 pc=0x00000000 valid=1 fault=0 wb_w=0 wb_rd=0 ex_r=0 ex_rd=0 -> reg_write=1 illegal=0 stall=0 redirect=0
[PASS] seq=exh_reg_addr_sweep                     cyc=14 op=IDK_RANDOM             instr=0x00e70733 pc=0x00000000 valid=1 fault=0 wb_w=0 wb_rd=0 ex_r=0 ex_rd=0 -> reg_write=1 illegal=0 stall=0 redirect=0
[PASS] seq=exh_reg_addr_sweep                     cyc=15 op=IDK_RANDOM             instr=0x00f787b3 pc=0x00000000 valid=1 fault=0 wb_w=0 wb_rd=0 ex_r=0 ex_rd=0 -> reg_write=1 illegal=0 stall=0 redirect=0
[PASS] seq=exh_reg_addr_sweep                     cyc=16 op=IDK_RANDOM             instr=0x01080833 pc=0x00000000 valid=1 fault=0 wb_w=0 wb_rd=0 ex_r=0 ex_rd=0 -> reg_write=1 illegal=0 stall=0 redirect=0
[PASS] seq=exh_reg_addr_sweep                     cyc=17 op=IDK_RANDOM             instr=0x011888b3 pc=0x00000000 valid=1 fault=0 wb_w=0 wb_rd=0 ex_r=0 ex_rd=0 -> reg_write=1 illegal=0 stall=0 redirect=0
[PASS] seq=exh_reg_addr_sweep                     cyc=18 op=IDK_RANDOM             instr=0x01290933 pc=0x00000000 valid=1 fault=0 wb_w=0 wb_rd=0 ex_r=0 ex_rd=0 -> reg_write=1 illegal=0 stall=0 redirect=0
[PASS] seq=exh_reg_addr_sweep                     cyc=19 op=IDK_RANDOM             instr=0x013989b3 pc=0x00000000 valid=1 fault=0 wb_w=0 wb_rd=0 ex_r=0 ex_rd=0 -> reg_write=1 illegal=0 stall=0 redirect=0
[PASS] seq=exh_reg_addr_sweep                     cyc=20 op=IDK_RANDOM             instr=0x014a0a33 pc=0x00000000 valid=1 fault=0 wb_w=0 wb_rd=0 ex_r=0 ex_rd=0 -> reg_write=1 illegal=0 stall=0 redirect=0
[PASS] seq=exh_reg_addr_sweep                     cyc=21 op=IDK_RANDOM             instr=0x015a8ab3 pc=0x00000000 valid=1 fault=0 wb_w=0 wb_rd=0 ex_r=0 ex_rd=0 -> reg_write=1 illegal=0 stall=0 redirect=0
[PASS] seq=exh_reg_addr_sweep                     cyc=22 op=IDK_RANDOM             instr=0x016b0b33 pc=0x00000000 valid=1 fault=0 wb_w=0 wb_rd=0 ex_r=0 ex_rd=0 -> reg_write=1 illegal=0 stall=0 redirect=0
[PASS] seq=exh_reg_addr_sweep                     cyc=23 op=IDK_RANDOM             instr=0x017b8bb3 pc=0x00000000 valid=1 fault=0 wb_w=0 wb_rd=0 ex_r=0 ex_rd=0 -> reg_write=1 illegal=0 stall=0 redirect=0
[PASS] seq=exh_reg_addr_sweep                     cyc=24 op=IDK_RANDOM             instr=0x018c0c33 pc=0x00000000 valid=1 fault=0 wb_w=0 wb_rd=0 ex_r=0 ex_rd=0 -> reg_write=1 illegal=0 stall=0 redirect=0
[PASS] seq=exh_reg_addr_sweep                     cyc=25 op=IDK_RANDOM             instr=0x019c8cb3 pc=0x00000000 valid=1 fault=0 wb_w=0 wb_rd=0 ex_r=0 ex_rd=0 -> reg_write=1 illegal=0 stall=0 redirect=0
[PASS] seq=exh_reg_addr_sweep                     cyc=26 op=IDK_RANDOM             instr=0x01ad0d33 pc=0x00000000 valid=1 fault=0 wb_w=0 wb_rd=0 ex_r=0 ex_rd=0 -> reg_write=1 illegal=0 stall=0 redirect=0
[PASS] seq=exh_reg_addr_sweep                     cyc=27 op=IDK_RANDOM             instr=0x01bd8db3 pc=0x00000000 valid=1 fault=0 wb_w=0 wb_rd=0 ex_r=0 ex_rd=0 -> reg_write=1 illegal=0 stall=0 redirect=0
[PASS] seq=exh_reg_addr_sweep                     cyc=28 op=IDK_RANDOM             instr=0x01ce0e33 pc=0x00000000 valid=1 fault=0 wb_w=0 wb_rd=0 ex_r=0 ex_rd=0 -> reg_write=1 illegal=0 stall=0 redirect=0
[PASS] seq=exh_reg_addr_sweep                     cyc=29 op=IDK_RANDOM             instr=0x01de8eb3 pc=0x00000000 valid=1 fault=0 wb_w=0 wb_rd=0 ex_r=0 ex_rd=0 -> reg_write=1 illegal=0 stall=0 redirect=0
[PASS] seq=exh_reg_addr_sweep                     cyc=30 op=IDK_RANDOM             instr=0x01ef0f33 pc=0x00000000 valid=1 fault=0 wb_w=0 wb_rd=0 ex_r=0 ex_rd=0 -> reg_write=1 illegal=0 stall=0 redirect=0
[PASS] seq=exh_reg_addr_sweep                     cyc=31 op=IDK_RANDOM             instr=0x01ff8fb3 pc=0x00000000 valid=1 fault=0 wb_w=0 wb_rd=0 ex_r=0 ex_rd=0 -> reg_write=1 illegal=0 stall=0 redirect=0
[PASS] seq=stress_repeated_hazard                 cyc=0 op=IDK_HAZARD_RS1         instr=0x005505b3 pc=0x00000000 valid=1 fault=0 wb_w=0 wb_rd=0 ex_r=1 ex_rd=10 -> reg_write=1 illegal=0 stall=1 redirect=0
[PASS] seq=stress_repeated_hazard                 cyc=1 op=IDK_HAZARD_RS1         instr=0x005505b3 pc=0x00000000 valid=1 fault=0 wb_w=0 wb_rd=0 ex_r=1 ex_rd=10 -> reg_write=1 illegal=0 stall=1 redirect=0
[PASS] seq=stress_repeated_hazard                 cyc=2 op=IDK_HAZARD_RS1         instr=0x005505b3 pc=0x00000000 valid=1 fault=0 wb_w=0 wb_rd=0 ex_r=1 ex_rd=10 -> reg_write=1 illegal=0 stall=1 redirect=0
[PASS] seq=stress_repeated_hazard                 cyc=3 op=IDK_HAZARD_RS1         instr=0x005505b3 pc=0x00000000 valid=1 fault=0 wb_w=0 wb_rd=0 ex_r=1 ex_rd=10 -> reg_write=1 illegal=0 stall=1 redirect=0
[PASS] seq=stress_repeated_hazard                 cyc=4 op=IDK_HAZARD_RS1         instr=0x005505b3 pc=0x00000000 valid=1 fault=0 wb_w=0 wb_rd=0 ex_r=1 ex_rd=10 -> reg_write=1 illegal=0 stall=1 redirect=0
[PASS] seq=stress_repeated_hazard                 cyc=5 op=IDK_HAZARD_RS1         instr=0x005505b3 pc=0x00000000 valid=1 fault=0 wb_w=0 wb_rd=0 ex_r=1 ex_rd=10 -> reg_write=1 illegal=0 stall=1 redirect=0
[PASS] seq=stress_repeated_hazard                 cyc=6 op=IDK_HAZARD_RS1         instr=0x005505b3 pc=0x00000000 valid=1 fault=0 wb_w=0 wb_rd=0 ex_r=1 ex_rd=10 -> reg_write=1 illegal=0 stall=1 redirect=0
[PASS] seq=stress_repeated_hazard                 cyc=7 op=IDK_HAZARD_RS1         instr=0x005505b3 pc=0x00000000 valid=1 fault=0 wb_w=0 wb_rd=0 ex_r=1 ex_rd=10 -> reg_write=1 illegal=0 stall=1 redirect=0
[PASS] seq=stress_repeated_hazard                 cyc=8 op=IDK_HAZARD_RS1         instr=0x005505b3 pc=0x00000000 valid=1 fault=0 wb_w=0 wb_rd=0 ex_r=1 ex_rd=10 -> reg_write=1 illegal=0 stall=1 redirect=0
[PASS] seq=stress_repeated_hazard                 cyc=9 op=IDK_HAZARD_RS1         instr=0x005505b3 pc=0x00000000 valid=1 fault=0 wb_w=0 wb_rd=0 ex_r=1 ex_rd=10 -> reg_write=1 illegal=0 stall=1 redirect=0
[PASS] seq=stress_alternating_bubble_valid        cyc=0 op=IDK_RESET_BUBBLE       instr=0x00000013 pc=0x00000000 valid=0 fault=0 wb_w=0 wb_rd=0 ex_r=0 ex_rd=0 -> reg_write=1 illegal=0 stall=0 redirect=0
[PASS] seq=stress_alternating_bubble_valid        cyc=1 op=IDK_LEGAL_ALU          instr=0x002081b3 pc=0x00000000 valid=1 fault=0 wb_w=0 wb_rd=0 ex_r=0 ex_rd=0 -> reg_write=1 illegal=0 stall=0 redirect=0
[PASS] seq=stress_alternating_bubble_valid        cyc=2 op=IDK_RESET_BUBBLE       instr=0x00000013 pc=0x00000000 valid=0 fault=0 wb_w=0 wb_rd=0 ex_r=0 ex_rd=0 -> reg_write=1 illegal=0 stall=0 redirect=0
[PASS] seq=stress_alternating_bubble_valid        cyc=3 op=IDK_LEGAL_ALU          instr=0x002081b3 pc=0x00000000 valid=1 fault=0 wb_w=0 wb_rd=0 ex_r=0 ex_rd=0 -> reg_write=1 illegal=0 stall=0 redirect=0
[PASS] seq=stress_alternating_bubble_valid        cyc=4 op=IDK_RESET_BUBBLE       instr=0x00000013 pc=0x00000000 valid=0 fault=0 wb_w=0 wb_rd=0 ex_r=0 ex_rd=0 -> reg_write=1 illegal=0 stall=0 redirect=0
[PASS] seq=stress_alternating_bubble_valid        cyc=5 op=IDK_LEGAL_ALU          instr=0x002081b3 pc=0x00000000 valid=1 fault=0 wb_w=0 wb_rd=0 ex_r=0 ex_rd=0 -> reg_write=1 illegal=0 stall=0 redirect=0
[PASS] seq=stress_alternating_bubble_valid        cyc=6 op=IDK_RESET_BUBBLE       instr=0x00000013 pc=0x00000000 valid=0 fault=0 wb_w=0 wb_rd=0 ex_r=0 ex_rd=0 -> reg_write=1 illegal=0 stall=0 redirect=0
[PASS] seq=stress_alternating_bubble_valid        cyc=7 op=IDK_LEGAL_ALU          instr=0x002081b3 pc=0x00000000 valid=1 fault=0 wb_w=0 wb_rd=0 ex_r=0 ex_rd=0 -> reg_write=1 illegal=0 stall=0 redirect=0
[PASS] seq=cross_sequence_persistence_check_x12   cyc=0 op=IDK_RANDOM             instr=0x00c607b3 pc=0x00000000 valid=1 fault=0 wb_w=0 wb_rd=0 ex_r=0 ex_rd=0 -> reg_write=1 illegal=0 stall=0 redirect=0
[PASS] seq=crv_seq_0                              cyc=0 op=IDK_LEGAL_ALU          instr=0x40cf2333 pc=0xd56d2620 valid=1 fault=1 wb_w=1 wb_rd=8 ex_r=0 ex_rd=2 -> reg_write=1 illegal=0 stall=0 redirect=0
[PASS] seq=crv_seq_0                              cyc=1 op=IDK_BYPASS_BOTH        instr=0x155ae2f4 pc=0x75aae968 valid=1 fault=1 wb_w=1 wb_rd=21 ex_r=0 ex_rd=13 -> reg_write=0 illegal=1 stall=0 redirect=0
[PASS] seq=crv_seq_0                              cyc=2 op=IDK_HAZARD_X0_EXCLUDED instr=0x381ca03f pc=0xdaa3ded4 valid=1 fault=1 wb_w=1 wb_rd=0 ex_r=1 ex_rd=0 -> reg_write=0 illegal=1 stall=0 redirect=0
[PASS] seq=crv_seq_0                              cyc=3 op=IDK_BYPASS_BOTH        instr=0x343198b9 pc=0x16425084 valid=1 fault=0 wb_w=1 wb_rd=3 ex_r=1 ex_rd=5 -> reg_write=0 illegal=1 stall=0 redirect=0
[PASS] seq=crv_seq_0                              cyc=4 op=IDK_LEGAL_ALU          instr=0x40e870b3 pc=0x93df7e68 valid=1 fault=1 wb_w=0 wb_rd=24 ex_r=1 ex_rd=7 -> reg_write=1 illegal=0 stall=0 redirect=0
[PASS] seq=crv_seq_0                              cyc=5 op=IDK_BYPASS_BOTH        instr=0xbc421a1f pc=0xe60313c8 valid=1 fault=1 wb_w=1 wb_rd=4 ex_r=1 ex_rd=14 -> reg_write=0 illegal=1 stall=0 redirect=0
[PASS] seq=crv_seq_0                              cyc=6 op=IDK_BYPASS_RS2         instr=0x0141b75e pc=0x0aac0464 valid=1 fault=0 wb_w=1 wb_rd=20 ex_r=0 ex_rd=28 -> reg_write=0 illegal=1 stall=0 redirect=0
[PASS] seq=crv_seq_0                              cyc=7 op=IDK_BYPASS_BOTH        instr=0x91ad2385 pc=0x6a030c90 valid=1 fault=1 wb_w=1 wb_rd=26 ex_r=1 ex_rd=15 -> reg_write=0 illegal=1 stall=0 redirect=0
[PASS] seq=crv_seq_0                              cyc=8 op=IDK_HAZARD_BOTH        instr=0xe88471f1 pc=0x9d396168 valid=1 fault=0 wb_w=0 wb_rd=29 ex_r=1 ex_rd=8 -> reg_write=0 illegal=1 stall=1 redirect=0
[PASS] seq=crv_seq_0                              cyc=9 op=IDK_HAZARD_RS1         instr=0x6ea79a0c pc=0xb38c850c valid=1 fault=0 wb_w=0 wb_rd=17 ex_r=1 ex_rd=15 -> reg_write=0 illegal=1 stall=1 redirect=0
[PASS] seq=crv_seq_0                              cyc=10 op=IDK_LEGAL_ALU          instr=0x41d71bb3 pc=0xe6b6f174 valid=1 fault=1 wb_w=0 wb_rd=24 ex_r=1 ex_rd=21 -> reg_write=1 illegal=0 stall=0 redirect=0
[PASS] seq=crv_seq_0                              cyc=11 op=IDK_HAZARD_RS1         instr=0xb7123d52 pc=0xcd6ec498 valid=1 fault=1 wb_w=1 wb_rd=28 ex_r=1 ex_rd=4 -> reg_write=0 illegal=1 stall=1 redirect=0
[PASS] seq=crv_seq_0                              cyc=12 op=IDK_JAL                instr=0x34f8656f pc=0xf1c316c8 valid=1 fault=1 wb_w=0 wb_rd=4 ex_r=0 ex_rd=31 -> reg_write=1 illegal=0 stall=0 redirect=1
[PASS] seq=crv_seq_0                              cyc=13 op=IDK_HAZARD_RS2         instr=0x349274bd pc=0xb290c104 valid=1 fault=0 wb_w=0 wb_rd=24 ex_r=1 ex_rd=9 -> reg_write=0 illegal=1 stall=1 redirect=0
[PASS] seq=crv_seq_0                              cyc=14 op=IDK_HAZARD_RS2         instr=0x22265709 pc=0x47fb84e0 valid=1 fault=1 wb_w=1 wb_rd=16 ex_r=1 ex_rd=2 -> reg_write=0 illegal=1 stall=1 redirect=0
[PASS] seq=crv_seq_0                              cyc=15 op=IDK_JALR               instr=0xe40f5567 pc=0xdbd90650 valid=1 fault=1 wb_w=1 wb_rd=27 ex_r=0 ex_rd=24 -> reg_write=1 illegal=0 stall=0 redirect=0
[PASS] seq=crv_seq_0                              cyc=16 op=IDK_LEGAL_ALU          instr=0x00af1833 pc=0x0f17b8f0 valid=1 fault=1 wb_w=1 wb_rd=26 ex_r=0 ex_rd=24 -> reg_write=1 illegal=0 stall=0 redirect=0
[PASS] seq=crv_seq_0                              cyc=17 op=IDK_ILLEGAL            instr=0x036bc333 pc=0xd68741bc valid=1 fault=0 wb_w=0 wb_rd=24 ex_r=1 ex_rd=15 -> reg_write=0 illegal=1 stall=0 redirect=0
[PASS] seq=crv_seq_0                              cyc=18 op=IDK_FORWARD_BRANCH     instr=0x515709e3 pc=0x82275034 valid=1 fault=1 wb_w=1 wb_rd=28 ex_r=0 ex_rd=14 -> reg_write=0 illegal=0 stall=0 redirect=0
[PASS] seq=crv_seq_0                              cyc=19 op=IDK_HAZARD_RS1         instr=0x336c95c7 pc=0x0096455c valid=1 fault=1 wb_w=1 wb_rd=22 ex_r=1 ex_rd=25 -> reg_write=0 illegal=1 stall=1 redirect=0
[PASS] seq=crv_seq_0                              cyc=20 op=IDK_BACKWARD_BRANCH    instr=0x87fdb6e3 pc=0x68d2e3f0 valid=1 fault=1 wb_w=0 wb_rd=22 ex_r=0 ex_rd=29 -> reg_write=0 illegal=0 stall=0 redirect=1
[PASS] seq=crv_seq_0                              cyc=21 op=IDK_LEGAL_ALU          instr=0x00cf5bb3 pc=0xca8a1ed8 valid=1 fault=1 wb_w=1 wb_rd=28 ex_r=0 ex_rd=29 -> reg_write=1 illegal=0 stall=0 redirect=0
[PASS] seq=crv_seq_0                              cyc=22 op=IDK_CSR_OP             instr=0x151cf5f3 pc=0x94d351ac valid=1 fault=1 wb_w=1 wb_rd=11 ex_r=1 ex_rd=16 -> reg_write=1 illegal=0 stall=0 redirect=0
[PASS] seq=crv_seq_0                              cyc=23 op=IDK_HAZARD_RS2         instr=0xece343cd pc=0x1f026e3c valid=1 fault=1 wb_w=1 wb_rd=11 ex_r=1 ex_rd=14 -> reg_write=0 illegal=1 stall=1 redirect=0
[PASS] seq=crv_seq_0                              cyc=24 op=IDK_LEGAL_ALU          instr=0x00f808b3 pc=0x7690fdcc valid=1 fault=0 wb_w=0 wb_rd=20 ex_r=1 ex_rd=13 -> reg_write=1 illegal=0 stall=0 redirect=0
[PASS] seq=crv_seq_0                              cyc=25 op=IDK_ILLEGAL            instr=0x023e5e33 pc=0x23028a44 valid=1 fault=1 wb_w=0 wb_rd=14 ex_r=0 ex_rd=4 -> reg_write=0 illegal=1 stall=0 redirect=0
[PASS] seq=crv_seq_0                              cyc=26 op=IDK_HAZARD_X0_EXCLUDED instr=0x8dcabe74 pc=0xaf66f610 valid=1 fault=0 wb_w=0 wb_rd=6 ex_r=1 ex_rd=0 -> reg_write=0 illegal=1 stall=0 redirect=0
[PASS] seq=crv_seq_0                              cyc=27 op=IDK_ILLEGAL            instr=0x02b052b3 pc=0xeadb19d0 valid=1 fault=0 wb_w=0 wb_rd=24 ex_r=1 ex_rd=21 -> reg_write=0 illegal=1 stall=0 redirect=0
[PASS] seq=crv_seq_0                              cyc=28 op=IDK_LEGAL_ALU          instr=0x016e3eb3 pc=0x0ca9cce4 valid=1 fault=0 wb_w=0 wb_rd=22 ex_r=0 ex_rd=7 -> reg_write=1 illegal=0 stall=0 redirect=0
[PASS] seq=crv_seq_0                              cyc=29 op=IDK_LEGAL_ALU          instr=0x413677b3 pc=0x45752e44 valid=1 fault=1 wb_w=1 wb_rd=4 ex_r=0 ex_rd=31 -> reg_write=1 illegal=0 stall=0 redirect=0
[PASS] seq=crv_seq_0                              cyc=30 op=IDK_HAZARD_RS1         instr=0xa77625f5 pc=0x30c65ef4 valid=1 fault=0 wb_w=0 wb_rd=11 ex_r=1 ex_rd=12 -> reg_write=0 illegal=1 stall=1 redirect=0
[PASS] seq=crv_seq_0                              cyc=31 op=IDK_CSR_OP             instr=0xca9c94f3 pc=0x4551b1a8 valid=1 fault=1 wb_w=1 wb_rd=13 ex_r=0 ex_rd=26 -> reg_write=1 illegal=0 stall=0 redirect=0
[PASS] seq=crv_seq_0                              cyc=32 op=IDK_HAZARD_RS1         instr=0xca0428f0 pc=0xbddfbd20 valid=1 fault=1 wb_w=1 wb_rd=14 ex_r=1 ex_rd=8 -> reg_write=0 illegal=1 stall=1 redirect=0
[PASS] seq=crv_seq_0                              cyc=33 op=IDK_RANDOM             instr=0x5cbb32b8 pc=0xe1f48d00 valid=1 fault=1 wb_w=1 wb_rd=17 ex_r=0 ex_rd=24 -> reg_write=0 illegal=1 stall=0 redirect=0
[PASS] seq=crv_seq_0                              cyc=34 op=IDK_BYPASS_RS2         instr=0x1825d40a pc=0x63978044 valid=1 fault=1 wb_w=1 wb_rd=2 ex_r=0 ex_rd=26 -> reg_write=0 illegal=1 stall=0 redirect=0
[PASS] seq=crv_seq_0                              cyc=35 op=IDK_CSR_OP             instr=0x1afe3e73 pc=0x91e04a58 valid=1 fault=1 wb_w=1 wb_rd=30 ex_r=1 ex_rd=29 -> reg_write=1 illegal=0 stall=0 redirect=0
[PASS] seq=crv_seq_0                              cyc=36 op=IDK_JALR               instr=0x8af9a7e7 pc=0xfb5960a4 valid=1 fault=0 wb_w=0 wb_rd=9 ex_r=0 ex_rd=1 -> reg_write=1 illegal=0 stall=0 redirect=0
[PASS] seq=crv_seq_0                              cyc=37 op=IDK_ILLEGAL            instr=0x029471b3 pc=0xec269fa4 valid=1 fault=1 wb_w=0 wb_rd=25 ex_r=1 ex_rd=7 -> reg_write=0 illegal=1 stall=0 redirect=0
[PASS] seq=crv_seq_0                              cyc=38 op=IDK_BYPASS_RS2         instr=0x0b6661f6 pc=0x61d9a694 valid=1 fault=0 wb_w=1 wb_rd=22 ex_r=1 ex_rd=6 -> reg_write=0 illegal=1 stall=0 redirect=0
[PASS] seq=crv_seq_0                              cyc=39 op=IDK_HAZARD_RS1         instr=0xd96fcc5d pc=0x67fb14a4 valid=1 fault=0 wb_w=0 wb_rd=7 ex_r=1 ex_rd=31 -> reg_write=0 illegal=1 stall=1 redirect=0
[PASS] seq=crv_seq_0                              cyc=40 op=IDK_HAZARD_RS2         instr=0x2c2ae0d5 pc=0x312338f0 valid=1 fault=0 wb_w=0 wb_rd=11 ex_r=1 ex_rd=2 -> reg_write=0 illegal=1 stall=1 redirect=0
[PASS] seq=crv_seq_0                              cyc=41 op=IDK_RANDOM             instr=0x930e269f pc=0xfa8f55c4 valid=1 fault=1 wb_w=0 wb_rd=28 ex_r=1 ex_rd=28 -> reg_write=0 illegal=1 stall=1 redirect=0
[PASS] seq=crv_seq_0                              cyc=42 op=IDK_ILLEGAL            instr=0x0282e7b3 pc=0x0c270f74 valid=1 fault=0 wb_w=1 wb_rd=27 ex_r=0 ex_rd=7 -> reg_write=0 illegal=1 stall=0 redirect=0
[PASS] seq=crv_seq_0                              cyc=43 op=IDK_HAZARD_BOTH        instr=0xc21092d2 pc=0xf62382fc valid=1 fault=0 wb_w=0 wb_rd=12 ex_r=1 ex_rd=1 -> reg_write=0 illegal=1 stall=1 redirect=0
[PASS] seq=crv_seq_0                              cyc=44 op=IDK_HAZARD_RS2         instr=0x53c079cb pc=0xd0cc1b6c valid=1 fault=1 wb_w=1 wb_rd=22 ex_r=1 ex_rd=28 -> reg_write=0 illegal=1 stall=1 redirect=0
[PASS] seq=crv_seq_0                              cyc=45 op=IDK_BYPASS_RS1         instr=0xedd99f21 pc=0x44e8a20c valid=1 fault=0 wb_w=1 wb_rd=19 ex_r=0 ex_rd=15 -> reg_write=0 illegal=1 stall=0 redirect=0
[PASS] seq=crv_seq_0                              cyc=46 op=IDK_HAZARD_X0_EXCLUDED instr=0x534e21c3 pc=0x5fb8784c valid=1 fault=0 wb_w=0 wb_rd=19 ex_r=1 ex_rd=0 -> reg_write=0 illegal=1 stall=0 redirect=0
[PASS] seq=crv_seq_0                              cyc=47 op=IDK_JAL                instr=0x01c3f46f pc=0x03bc5e20 valid=1 fault=0 wb_w=1 wb_rd=29 ex_r=0 ex_rd=13 -> reg_write=1 illegal=0 stall=0 redirect=1
[PASS] seq=crv_seq_0                              cyc=48 op=IDK_RANDOM             instr=0x841f57d4 pc=0x277a390c valid=1 fault=1 wb_w=0 wb_rd=18 ex_r=0 ex_rd=6 -> reg_write=0 illegal=1 stall=0 redirect=0
[PASS] seq=crv_seq_0                              cyc=49 op=IDK_ILLEGAL            instr=0x03f9fc33 pc=0x93e76de0 valid=1 fault=0 wb_w=0 wb_rd=13 ex_r=0 ex_rd=8 -> reg_write=0 illegal=1 stall=0 redirect=0
[PASS] seq=crv_seq_0                              cyc=50 op=IDK_FORWARD_BRANCH     instr=0x4b683a63 pc=0xf5bb1748 valid=1 fault=0 wb_w=1 wb_rd=3 ex_r=0 ex_rd=3 -> reg_write=0 illegal=0 stall=0 redirect=0
[PASS] seq=crv_seq_0                              cyc=51 op=IDK_BYPASS_RS2         instr=0xe3207c20 pc=0x2569394c valid=1 fault=1 wb_w=1 wb_rd=18 ex_r=1 ex_rd=3 -> reg_write=0 illegal=1 stall=0 redirect=0
[PASS] seq=crv_seq_0                              cyc=52 op=IDK_RANDOM             instr=0xe260b32b pc=0x0299397c valid=1 fault=0 wb_w=1 wb_rd=24 ex_r=0 ex_rd=5 -> reg_write=0 illegal=1 stall=0 redirect=0
[PASS] seq=crv_seq_0                              cyc=53 op=IDK_HAZARD_BOTH        instr=0x0c212c16 pc=0xbff80410 valid=1 fault=0 wb_w=0 wb_rd=24 ex_r=1 ex_rd=2 -> reg_write=0 illegal=1 stall=1 redirect=0
[PASS] seq=crv_seq_0                              cyc=54 op=IDK_LEGAL_ALU          instr=0x419b68b3 pc=0x3b930204 valid=1 fault=0 wb_w=0 wb_rd=29 ex_r=1 ex_rd=3 -> reg_write=1 illegal=0 stall=0 redirect=0
[PASS] seq=crv_seq_0                              cyc=55 op=IDK_RANDOM             instr=0xfda8a788 pc=0x72fe7c7c valid=1 fault=1 wb_w=1 wb_rd=0 ex_r=1 ex_rd=1 -> reg_write=0 illegal=1 stall=0 redirect=0
[PASS] seq=crv_seq_0                              cyc=56 op=IDK_FORWARD_BRANCH     instr=0x1d6d1363 pc=0xfe1db2a4 valid=1 fault=1 wb_w=0 wb_rd=14 ex_r=0 ex_rd=26 -> reg_write=0 illegal=0 stall=0 redirect=0
[PASS] seq=crv_seq_0                              cyc=57 op=IDK_LEGAL_ALU          instr=0x01eed2b3 pc=0x20920050 valid=1 fault=1 wb_w=0 wb_rd=24 ex_r=1 ex_rd=28 -> reg_write=1 illegal=0 stall=0 redirect=0
[PASS] seq=crv_seq_0                              cyc=58 op=IDK_HAZARD_RS2         instr=0x4b6ddfad pc=0x89ae40cc valid=1 fault=1 wb_w=1 wb_rd=15 ex_r=1 ex_rd=22 -> reg_write=0 illegal=1 stall=1 redirect=0
[PASS] seq=crv_seq_0                              cyc=59 op=IDK_CSR_OP             instr=0x61b69af3 pc=0x5fa05688 valid=1 fault=0 wb_w=1 wb_rd=15 ex_r=1 ex_rd=29 -> reg_write=1 illegal=0 stall=0 redirect=0
[PASS] seq=crv_seq_0                              cyc=60 op=IDK_LEGAL_ALU          instr=0x012041b3 pc=0x403d50c0 valid=1 fault=1 wb_w=1 wb_rd=27 ex_r=1 ex_rd=3 -> reg_write=1 illegal=0 stall=0 redirect=0
[PASS] seq=crv_seq_0                              cyc=61 op=IDK_HAZARD_RS1         instr=0x1e72d6f9 pc=0xb78c83a0 valid=1 fault=0 wb_w=1 wb_rd=9 ex_r=1 ex_rd=5 -> reg_write=0 illegal=1 stall=1 redirect=0
[PASS] seq=crv_seq_0                              cyc=62 op=IDK_RANDOM             instr=0xc3b09154 pc=0x49e2f6ec valid=1 fault=0 wb_w=1 wb_rd=13 ex_r=1 ex_rd=10 -> reg_write=0 illegal=1 stall=0 redirect=0
[PASS] seq=crv_seq_0                              cyc=63 op=IDK_ILLEGAL            instr=0x0214c033 pc=0x84e506fc valid=1 fault=0 wb_w=0 wb_rd=16 ex_r=1 ex_rd=4 -> reg_write=0 illegal=1 stall=0 redirect=0
[PASS] seq=crv_seq_0                              cyc=64 op=IDK_BYPASS_RS1         instr=0xa4340d25 pc=0xf024ae34 valid=1 fault=1 wb_w=1 wb_rd=8 ex_r=0 ex_rd=17 -> reg_write=0 illegal=1 stall=0 redirect=0
[PASS] seq=crv_seq_0                              cyc=65 op=IDK_RANDOM             instr=0xf8c70074 pc=0x43cc23d0 valid=1 fault=1 wb_w=0 wb_rd=11 ex_r=0 ex_rd=12 -> reg_write=0 illegal=1 stall=0 redirect=0
[PASS] seq=crv_seq_0                              cyc=66 op=IDK_HAZARD_RS1         instr=0x5606abf7 pc=0xd380db70 valid=1 fault=0 wb_w=0 wb_rd=18 ex_r=1 ex_rd=13 -> reg_write=0 illegal=1 stall=1 redirect=0
[PASS] seq=crv_seq_0                              cyc=67 op=IDK_HAZARD_X0_EXCLUDED instr=0x924d72bc pc=0xe51a3298 valid=1 fault=0 wb_w=0 wb_rd=2 ex_r=1 ex_rd=0 -> reg_write=0 illegal=1 stall=0 redirect=0
[PASS] seq=crv_seq_0                              cyc=68 op=IDK_JAL                instr=0xe6b8146f pc=0xf8380664 valid=1 fault=1 wb_w=1 wb_rd=30 ex_r=0 ex_rd=8 -> reg_write=1 illegal=0 stall=0 redirect=1
[PASS] seq=crv_seq_0                              cyc=69 op=IDK_ILLEGAL            instr=0x029769b3 pc=0xdee43ca8 valid=1 fault=1 wb_w=1 wb_rd=1 ex_r=0 ex_rd=10 -> reg_write=0 illegal=1 stall=0 redirect=0
[PASS] seq=crv_seq_0                              cyc=70 op=IDK_JAL                instr=0xc659d1ef pc=0x6c0a27a8 valid=1 fault=0 wb_w=0 wb_rd=20 ex_r=0 ex_rd=21 -> reg_write=1 illegal=0 stall=0 redirect=1
[PASS] seq=crv_seq_0                              cyc=71 op=IDK_ILLEGAL            instr=0x035759b3 pc=0x8c13fd80 valid=1 fault=1 wb_w=1 wb_rd=26 ex_r=0 ex_rd=31 -> reg_write=0 illegal=1 stall=0 redirect=0
[PASS] seq=crv_seq_0                              cyc=72 op=IDK_JALR               instr=0x062ee967 pc=0x8c3a2f14 valid=1 fault=0 wb_w=1 wb_rd=30 ex_r=0 ex_rd=3 -> reg_write=1 illegal=0 stall=0 redirect=0
[PASS] seq=crv_seq_0                              cyc=73 op=IDK_JALR               instr=0x0daca267 pc=0x5fc4e950 valid=1 fault=0 wb_w=0 wb_rd=12 ex_r=1 ex_rd=17 -> reg_write=1 illegal=0 stall=0 redirect=0
[PASS] seq=crv_seq_0                              cyc=74 op=IDK_ILLEGAL            instr=0x035265b3 pc=0x12e46ea4 valid=1 fault=1 wb_w=1 wb_rd=25 ex_r=1 ex_rd=9 -> reg_write=0 illegal=1 stall=0 redirect=0
[PASS] seq=crv_seq_0                              cyc=75 op=IDK_HAZARD_X0_EXCLUDED instr=0x9e58731a pc=0xb46a4670 valid=1 fault=0 wb_w=1 wb_rd=1 ex_r=1 ex_rd=0 -> reg_write=0 illegal=1 stall=0 redirect=0
[PASS] seq=crv_seq_0                              cyc=76 op=IDK_RANDOM             instr=0x8011c6bf pc=0x099b97d4 valid=1 fault=0 wb_w=0 wb_rd=26 ex_r=1 ex_rd=12 -> reg_write=0 illegal=1 stall=0 redirect=0
[PASS] seq=crv_seq_0                              cyc=77 op=IDK_HAZARD_RS1         instr=0x97fc60c5 pc=0x7ab46ef8 valid=1 fault=0 wb_w=1 wb_rd=27 ex_r=1 ex_rd=24 -> reg_write=0 illegal=1 stall=1 redirect=0
[PASS] seq=crv_seq_0                              cyc=78 op=IDK_ILLEGAL            instr=0x03596533 pc=0xfc768944 valid=1 fault=1 wb_w=1 wb_rd=13 ex_r=1 ex_rd=15 -> reg_write=0 illegal=1 stall=0 redirect=0
[PASS] seq=crv_seq_0                              cyc=79 op=IDK_HAZARD_RS2         instr=0x7ac6d488 pc=0x5cb8c224 valid=1 fault=1 wb_w=1 wb_rd=13 ex_r=1 ex_rd=12 -> reg_write=0 illegal=1 stall=1 redirect=0
[PASS] seq=crv_seq_0                              cyc=80 op=IDK_HAZARD_X0_EXCLUDED instr=0x66740c2f pc=0x0320b130 valid=1 fault=0 wb_w=0 wb_rd=16 ex_r=1 ex_rd=0 -> reg_write=0 illegal=1 stall=0 redirect=0
[PASS] seq=crv_seq_0                              cyc=81 op=IDK_HAZARD_BOTH        instr=0x01ffc19b pc=0x5a18ee04 valid=1 fault=1 wb_w=0 wb_rd=15 ex_r=1 ex_rd=31 -> reg_write=0 illegal=1 stall=1 redirect=0
[PASS] seq=crv_seq_0                              cyc=82 op=IDK_JALR               instr=0x45528467 pc=0x92f1049c valid=1 fault=1 wb_w=1 wb_rd=5 ex_r=1 ex_rd=21 -> reg_write=1 illegal=0 stall=1 redirect=0
[PASS] seq=crv_seq_0                              cyc=83 op=IDK_LEGAL_ALU          instr=0x400cbbb3 pc=0x8f06fef4 valid=1 fault=1 wb_w=0 wb_rd=26 ex_r=0 ex_rd=4 -> reg_write=1 illegal=0 stall=0 redirect=0
[PASS] seq=crv_seq_0                              cyc=84 op=IDK_BYPASS_RS1         instr=0xd1196b7d pc=0x996ddd10 valid=1 fault=0 wb_w=1 wb_rd=18 ex_r=1 ex_rd=5 -> reg_write=0 illegal=1 stall=0 redirect=0
[PASS] seq=crv_seq_0                              cyc=85 op=IDK_BYPASS_RS1         instr=0xc6cc491a pc=0x290807dc valid=1 fault=1 wb_w=1 wb_rd=24 ex_r=1 ex_rd=7 -> reg_write=0 illegal=1 stall=0 redirect=0
[PASS] seq=crv_seq_0                              cyc=86 op=IDK_RANDOM             instr=0x02042687 pc=0x9f706484 valid=1 fault=0 wb_w=1 wb_rd=16 ex_r=0 ex_rd=21 -> reg_write=0 illegal=1 stall=0 redirect=0
[PASS] seq=crv_seq_0                              cyc=87 op=IDK_HAZARD_X0_EXCLUDED instr=0x7b4f5e7b pc=0x2f791860 valid=1 fault=1 wb_w=0 wb_rd=26 ex_r=1 ex_rd=0 -> reg_write=0 illegal=1 stall=0 redirect=0
[PASS] seq=crv_seq_0                              cyc=88 op=IDK_BACKWARD_BRANCH    instr=0xde545ee3 pc=0xbd119d28 valid=1 fault=1 wb_w=0 wb_rd=22 ex_r=1 ex_rd=13 -> reg_write=0 illegal=0 stall=0 redirect=1
[PASS] seq=crv_seq_0                              cyc=89 op=IDK_CSR_OP             instr=0xa3995e73 pc=0x66a43c90 valid=1 fault=0 wb_w=1 wb_rd=24 ex_r=0 ex_rd=17 -> reg_write=1 illegal=0 stall=0 redirect=0
[PASS] seq=crv_seq_0                              cyc=90 op=IDK_HAZARD_BOTH        instr=0xf094bc4a pc=0x832b057c valid=1 fault=1 wb_w=0 wb_rd=13 ex_r=1 ex_rd=9 -> reg_write=0 illegal=1 stall=1 redirect=0
[PASS] seq=crv_seq_0                              cyc=91 op=IDK_RANDOM             instr=0x408e6d9a pc=0x0b7cc41c valid=1 fault=1 wb_w=1 wb_rd=25 ex_r=0 ex_rd=27 -> reg_write=0 illegal=1 stall=0 redirect=0
[PASS] seq=crv_seq_0                              cyc=92 op=IDK_HAZARD_X0_EXCLUDED instr=0x6937243d pc=0xe637d6b8 valid=1 fault=1 wb_w=1 wb_rd=19 ex_r=1 ex_rd=0 -> reg_write=0 illegal=1 stall=0 redirect=0
[PASS] seq=crv_seq_0                              cyc=93 op=IDK_LEGAL_ALU          instr=0x00ce4833 pc=0x932b99c8 valid=1 fault=1 wb_w=0 wb_rd=1 ex_r=1 ex_rd=25 -> reg_write=1 illegal=0 stall=0 redirect=0
[PASS] seq=crv_seq_0                              cyc=94 op=IDK_JAL                instr=0x6e3a74ef pc=0xdac52eb0 valid=1 fault=1 wb_w=1 wb_rd=4 ex_r=1 ex_rd=10 -> reg_write=1 illegal=0 stall=0 redirect=1
[PASS] seq=crv_seq_0                              cyc=95 op=IDK_HAZARD_RS2         instr=0x7aabae66 pc=0xeedbb4fc valid=1 fault=0 wb_w=0 wb_rd=26 ex_r=1 ex_rd=10 -> reg_write=0 illegal=1 stall=1 redirect=0
[PASS] seq=crv_seq_0                              cyc=96 op=IDK_RANDOM             instr=0xe1a2ee22 pc=0xa22e21a0 valid=1 fault=0 wb_w=1 wb_rd=9 ex_r=1 ex_rd=0 -> reg_write=0 illegal=1 stall=0 redirect=0
[PASS] seq=crv_seq_0                              cyc=97 op=IDK_HAZARD_X0_EXCLUDED instr=0xa624321c pc=0x2c44d7a8 valid=1 fault=1 wb_w=0 wb_rd=21 ex_r=1 ex_rd=0 -> reg_write=0 illegal=1 stall=0 redirect=0
[PASS] seq=crv_seq_0                              cyc=98 op=IDK_BYPASS_RS2         instr=0x4a762bcb pc=0x151036ac valid=1 fault=1 wb_w=1 wb_rd=7 ex_r=1 ex_rd=6 -> reg_write=0 illegal=1 stall=0 redirect=0
[PASS] seq=crv_seq_0                              cyc=99 op=IDK_BYPASS_RS1         instr=0x097e5258 pc=0x680aaf10 valid=1 fault=1 wb_w=1 wb_rd=28 ex_r=1 ex_rd=16 -> reg_write=0 illegal=1 stall=0 redirect=0
[PASS] seq=crv_seq_0                              cyc=100 op=IDK_RANDOM             instr=0x23382bbc pc=0x265990d4 valid=1 fault=0 wb_w=1 wb_rd=8 ex_r=0 ex_rd=11 -> reg_write=0 illegal=1 stall=0 redirect=0
[PASS] seq=crv_seq_0                              cyc=101 op=IDK_BACKWARD_BRANCH    instr=0xa9c54063 pc=0xcf49bdc4 valid=1 fault=1 wb_w=0 wb_rd=20 ex_r=0 ex_rd=30 -> reg_write=0 illegal=0 stall=0 redirect=1
[PASS] seq=crv_seq_0                              cyc=102 op=IDK_RANDOM             instr=0x6968bed7 pc=0x14fc33a8 valid=1 fault=0 wb_w=1 wb_rd=11 ex_r=0 ex_rd=19 -> reg_write=0 illegal=1 stall=0 redirect=0
[PASS] seq=crv_seq_0                              cyc=103 op=IDK_BACKWARD_BRANCH    instr=0xdd9eeae3 pc=0xb40f7904 valid=1 fault=1 wb_w=0 wb_rd=25 ex_r=0 ex_rd=11 -> reg_write=0 illegal=0 stall=0 redirect=1
[PASS] seq=crv_seq_0                              cyc=104 op=IDK_HAZARD_RS1         instr=0xd9511b73 pc=0xf0a324a4 valid=1 fault=0 wb_w=0 wb_rd=11 ex_r=1 ex_rd=2 -> reg_write=1 illegal=0 stall=1 redirect=0
[PASS] seq=crv_seq_0                              cyc=105 op=IDK_HAZARD_RS1         instr=0x846b4b0d pc=0xbb28b030 valid=1 fault=1 wb_w=0 wb_rd=11 ex_r=1 ex_rd=22 -> reg_write=0 illegal=1 stall=1 redirect=0
[PASS] seq=crv_seq_0                              cyc=106 op=IDK_RANDOM             instr=0x0d40bad3 pc=0x17d90248 valid=1 fault=1 wb_w=1 wb_rd=20 ex_r=0 ex_rd=0 -> reg_write=0 illegal=1 stall=0 redirect=0
[PASS] seq=crv_seq_0                              cyc=107 op=IDK_JALR               instr=0xc594e9e7 pc=0x7f91e048 valid=1 fault=0 wb_w=0 wb_rd=29 ex_r=1 ex_rd=26 -> reg_write=1 illegal=0 stall=0 redirect=0
[PASS] seq=crv_seq_0                              cyc=108 op=IDK_BYPASS_RS1         instr=0x870c9809 pc=0x018b488c valid=1 fault=1 wb_w=1 wb_rd=25 ex_r=0 ex_rd=29 -> reg_write=0 illegal=1 stall=0 redirect=0
[PASS] seq=crv_seq_0                              cyc=109 op=IDK_FORWARD_BRANCH     instr=0x17930b63 pc=0x05850e30 valid=1 fault=0 wb_w=0 wb_rd=14 ex_r=0 ex_rd=16 -> reg_write=0 illegal=0 stall=0 redirect=0
[PASS] seq=crv_seq_0                              cyc=110 op=IDK_HAZARD_BOTH        instr=0xa75aa423 pc=0x1509e894 valid=1 fault=0 wb_w=1 wb_rd=24 ex_r=1 ex_rd=21 -> reg_write=0 illegal=0 stall=1 redirect=0
[PASS] seq=crv_seq_0                              cyc=111 op=IDK_RANDOM             instr=0x9b6eda02 pc=0x08f577f4 valid=1 fault=1 wb_w=1 wb_rd=13 ex_r=1 ex_rd=30 -> reg_write=0 illegal=1 stall=0 redirect=0
[PASS] seq=crv_seq_0                              cyc=112 op=IDK_FORWARD_BRANCH     instr=0x7abefe63 pc=0x83190874 valid=1 fault=0 wb_w=1 wb_rd=6 ex_r=0 ex_rd=0 -> reg_write=0 illegal=0 stall=0 redirect=0
[PASS] seq=crv_seq_0                              cyc=113 op=IDK_RANDOM             instr=0x75accd7b pc=0x5c108370 valid=1 fault=0 wb_w=1 wb_rd=4 ex_r=1 ex_rd=14 -> reg_write=0 illegal=1 stall=0 redirect=0
[PASS] seq=crv_seq_0                              cyc=114 op=IDK_RANDOM             instr=0x02bd28cf pc=0x1f0f350c valid=1 fault=1 wb_w=1 wb_rd=7 ex_r=0 ex_rd=10 -> reg_write=0 illegal=1 stall=0 redirect=0
[PASS] seq=crv_seq_0                              cyc=115 op=IDK_HAZARD_RS2         instr=0xc96a7753 pc=0x346f13f4 valid=1 fault=0 wb_w=0 wb_rd=8 ex_r=1 ex_rd=22 -> reg_write=0 illegal=1 stall=1 redirect=0
[PASS] seq=crv_seq_0                              cyc=116 op=IDK_CSR_OP             instr=0x518638f3 pc=0xdad4ca50 valid=1 fault=1 wb_w=0 wb_rd=0 ex_r=0 ex_rd=28 -> reg_write=1 illegal=0 stall=0 redirect=0
[PASS] seq=crv_seq_0                              cyc=117 op=IDK_HAZARD_RS1         instr=0xb4dcf9c0 pc=0x70746b78 valid=1 fault=0 wb_w=0 wb_rd=8 ex_r=1 ex_rd=25 -> reg_write=0 illegal=1 stall=1 redirect=0
[PASS] seq=crv_seq_0                              cyc=118 op=IDK_LEGAL_ALU          instr=0x400ca833 pc=0xaae1f7d4 valid=1 fault=1 wb_w=0 wb_rd=29 ex_r=0 ex_rd=21 -> reg_write=1 illegal=0 stall=0 redirect=0
[PASS] seq=crv_seq_0                              cyc=119 op=IDK_RANDOM             instr=0x77f3761f pc=0xc06fdb58 valid=1 fault=1 wb_w=0 wb_rd=6 ex_r=0 ex_rd=8 -> reg_write=0 illegal=1 stall=0 redirect=0
[PASS] seq=crv_seq_0                              cyc=120 op=IDK_ILLEGAL            instr=0x0213cc33 pc=0x2d5bd160 valid=1 fault=0 wb_w=0 wb_rd=0 ex_r=0 ex_rd=20 -> reg_write=0 illegal=1 stall=0 redirect=0
[PASS] seq=crv_seq_0                              cyc=121 op=IDK_LEGAL_ALU          instr=0x00361c33 pc=0x1df5e164 valid=1 fault=1 wb_w=0 wb_rd=15 ex_r=0 ex_rd=0 -> reg_write=1 illegal=0 stall=0 redirect=0
[PASS] seq=crv_seq_0                              cyc=122 op=IDK_RANDOM             instr=0x776ddca7 pc=0xd6698bb4 valid=1 fault=1 wb_w=0 wb_rd=1 ex_r=0 ex_rd=0 -> reg_write=0 illegal=1 stall=0 redirect=0
[PASS] seq=crv_seq_0                              cyc=123 op=IDK_HAZARD_RS2         instr=0x04d13fc6 pc=0x31255540 valid=1 fault=1 wb_w=0 wb_rd=10 ex_r=1 ex_rd=13 -> reg_write=0 illegal=1 stall=1 redirect=0
[PASS] seq=crv_seq_0                              cyc=124 op=IDK_ILLEGAL            instr=0x0381e3b3 pc=0x43d55698 valid=1 fault=1 wb_w=1 wb_rd=18 ex_r=0 ex_rd=16 -> reg_write=0 illegal=1 stall=0 redirect=0
[PASS] seq=crv_seq_0                              cyc=125 op=IDK_HAZARD_RS1         instr=0xbf667f7a pc=0x47d821d8 valid=1 fault=0 wb_w=1 wb_rd=25 ex_r=1 ex_rd=12 -> reg_write=0 illegal=1 stall=1 redirect=0
[PASS] seq=crv_seq_0                              cyc=126 op=IDK_BYPASS_RS1         instr=0x3800ecf5 pc=0xae498f44 valid=1 fault=0 wb_w=1 wb_rd=1 ex_r=0 ex_rd=4 -> reg_write=0 illegal=1 stall=0 redirect=0
[PASS] seq=crv_seq_0                              cyc=127 op=IDK_JAL                instr=0xa73eed6f pc=0x97a89fdc valid=1 fault=1 wb_w=1 wb_rd=31 ex_r=1 ex_rd=26 -> reg_write=1 illegal=0 stall=0 redirect=1
[PASS] seq=crv_seq_0                              cyc=128 op=IDK_HAZARD_RS2         instr=0xc4c6543c pc=0x05be2348 valid=1 fault=0 wb_w=0 wb_rd=0 ex_r=1 ex_rd=12 -> reg_write=0 illegal=1 stall=1 redirect=0
[PASS] seq=crv_seq_0                              cyc=129 op=IDK_JALR               instr=0x57569e67 pc=0x4505b040 valid=1 fault=1 wb_w=0 wb_rd=28 ex_r=0 ex_rd=12 -> reg_write=1 illegal=0 stall=0 redirect=0
[PASS] seq=crv_seq_0                              cyc=130 op=IDK_JALR               instr=0x5dc72ee7 pc=0x062e3524 valid=1 fault=1 wb_w=0 wb_rd=2 ex_r=0 ex_rd=19 -> reg_write=1 illegal=0 stall=0 redirect=0
[PASS] seq=crv_seq_0                              cyc=131 op=IDK_HAZARD_RS1         instr=0x9e7c4e9e pc=0x3b973314 valid=1 fault=1 wb_w=0 wb_rd=12 ex_r=1 ex_rd=24 -> reg_write=0 illegal=1 stall=1 redirect=0
[PASS] seq=crv_seq_0                              cyc=132 op=IDK_BYPASS_BOTH        instr=0x06e715eb pc=0x7b57f7c0 valid=1 fault=0 wb_w=1 wb_rd=14 ex_r=0 ex_rd=18 -> reg_write=0 illegal=1 stall=0 redirect=0
[PASS] seq=crv_seq_0                              cyc=133 op=IDK_FORWARD_BRANCH     instr=0x1bba6763 pc=0xa92e57b0 valid=1 fault=0 wb_w=1 wb_rd=0 ex_r=1 ex_rd=16 -> reg_write=0 illegal=0 stall=0 redirect=0
[PASS] seq=crv_seq_0                              cyc=134 op=IDK_HAZARD_RS1         instr=0x01c23a6f pc=0x47ca0ff4 valid=1 fault=1 wb_w=0 wb_rd=27 ex_r=1 ex_rd=4 -> reg_write=1 illegal=0 stall=1 redirect=1
[PASS] seq=crv_seq_0                              cyc=135 op=IDK_RANDOM             instr=0xa4660e69 pc=0xa1e1447c valid=1 fault=1 wb_w=1 wb_rd=28 ex_r=1 ex_rd=20 -> reg_write=0 illegal=1 stall=0 redirect=0
[PASS] seq=crv_seq_0                              cyc=136 op=IDK_JALR               instr=0x281a4a67 pc=0xff460758 valid=1 fault=1 wb_w=0 wb_rd=8 ex_r=1 ex_rd=29 -> reg_write=1 illegal=0 stall=0 redirect=0
[PASS] seq=crv_seq_0                              cyc=137 op=IDK_HAZARD_RS2         instr=0xaf9985ab pc=0xf0b70088 valid=1 fault=1 wb_w=1 wb_rd=12 ex_r=1 ex_rd=25 -> reg_write=0 illegal=1 stall=1 redirect=0
[PASS] seq=crv_seq_0                              cyc=138 op=IDK_BYPASS_BOTH        instr=0x3c73978f pc=0x073bab70 valid=1 fault=1 wb_w=1 wb_rd=7 ex_r=0 ex_rd=8 -> reg_write=0 illegal=1 stall=0 redirect=0
[PASS] seq=crv_seq_0                              cyc=139 op=IDK_JAL                instr=0x65f492ef pc=0xe9357bf4 valid=1 fault=0 wb_w=1 wb_rd=13 ex_r=1 ex_rd=25 -> reg_write=1 illegal=0 stall=0 redirect=1
[PASS] seq=crv_seq_0                              cyc=140 op=IDK_BYPASS_RS2         instr=0x54448372 pc=0x9c84cc7c valid=1 fault=1 wb_w=1 wb_rd=4 ex_r=1 ex_rd=27 -> reg_write=0 illegal=1 stall=0 redirect=0
[PASS] seq=crv_seq_0                              cyc=141 op=IDK_JALR               instr=0xbdfb0ee7 pc=0x5e4ccec4 valid=1 fault=0 wb_w=1 wb_rd=1 ex_r=1 ex_rd=11 -> reg_write=1 illegal=0 stall=0 redirect=0
[PASS] seq=crv_seq_0                              cyc=142 op=IDK_HAZARD_RS2         instr=0x9c746e02 pc=0xe8e568e4 valid=1 fault=0 wb_w=1 wb_rd=13 ex_r=1 ex_rd=7 -> reg_write=0 illegal=1 stall=1 redirect=0
[PASS] seq=crv_seq_0                              cyc=143 op=IDK_BACKWARD_BRANCH    instr=0xd3983763 pc=0x33baf274 valid=1 fault=0 wb_w=1 wb_rd=22 ex_r=1 ex_rd=27 -> reg_write=0 illegal=0 stall=0 redirect=1
[PASS] seq=crv_seq_0                              cyc=144 op=IDK_HAZARD_RS2         instr=0x54c018cc pc=0xf7bb9484 valid=1 fault=1 wb_w=0 wb_rd=7 ex_r=1 ex_rd=12 -> reg_write=0 illegal=1 stall=1 redirect=0
[PASS] seq=crv_seq_0                              cyc=145 op=IDK_ILLEGAL            instr=0x0338f3b3 pc=0xaf640400 valid=1 fault=0 wb_w=1 wb_rd=24 ex_r=1 ex_rd=29 -> reg_write=0 illegal=1 stall=0 redirect=0
[PASS] seq=crv_seq_0                              cyc=146 op=IDK_ILLEGAL            instr=0x03686d33 pc=0x9b195e04 valid=1 fault=0 wb_w=1 wb_rd=23 ex_r=0 ex_rd=14 -> reg_write=0 illegal=1 stall=0 redirect=0
[PASS] seq=crv_seq_0                              cyc=147 op=IDK_HAZARD_RS2         instr=0xb473c0d3 pc=0x2953026c valid=1 fault=1 wb_w=0 wb_rd=18 ex_r=1 ex_rd=7 -> reg_write=0 illegal=1 stall=1 redirect=0
[PASS] seq=crv_seq_0                              cyc=148 op=IDK_HAZARD_RS1         instr=0x00e954e2 pc=0x0f8607f4 valid=1 fault=1 wb_w=1 wb_rd=10 ex_r=1 ex_rd=18 -> reg_write=0 illegal=1 stall=1 redirect=0
[PASS] seq=crv_seq_0                              cyc=149 op=IDK_RANDOM             instr=0x2b4a7f02 pc=0xd482b07c valid=1 fault=0 wb_w=0 wb_rd=7 ex_r=1 ex_rd=15 -> reg_write=0 illegal=1 stall=0 redirect=0
[PASS] seq=crv_seq_0                              cyc=150 op=IDK_ILLEGAL            instr=0x0291e533 pc=0xeeb82704 valid=1 fault=1 wb_w=0 wb_rd=2 ex_r=1 ex_rd=22 -> reg_write=0 illegal=1 stall=0 redirect=0
[PASS] seq=crv_seq_0                              cyc=151 op=IDK_CSR_OP             instr=0xdeb05d73 pc=0x8837aacc valid=1 fault=0 wb_w=1 wb_rd=30 ex_r=1 ex_rd=2 -> reg_write=1 illegal=0 stall=0 redirect=0
[PASS] seq=crv_seq_0                              cyc=152 op=IDK_BYPASS_RS1         instr=0x93e15b7b pc=0x496a49d0 valid=1 fault=0 wb_w=1 wb_rd=2 ex_r=1 ex_rd=22 -> reg_write=0 illegal=1 stall=0 redirect=0
[PASS] seq=crv_seq_0                              cyc=153 op=IDK_BYPASS_RS1         instr=0x53540bb1 pc=0x91d8502c valid=1 fault=0 wb_w=1 wb_rd=8 ex_r=1 ex_rd=9 -> reg_write=0 illegal=1 stall=0 redirect=0
[PASS] seq=crv_seq_0                              cyc=154 op=IDK_JAL                instr=0x9066306f pc=0xb7703360 valid=1 fault=1 wb_w=0 wb_rd=13 ex_r=0 ex_rd=3 -> reg_write=1 illegal=0 stall=0 redirect=1
[PASS] seq=crv_seq_0                              cyc=155 op=IDK_ILLEGAL            instr=0x03194db3 pc=0xa5a6db80 valid=1 fault=1 wb_w=0 wb_rd=10 ex_r=0 ex_rd=27 -> reg_write=0 illegal=1 stall=0 redirect=0
[PASS] seq=crv_seq_0                              cyc=156 op=IDK_LEGAL_ALU          instr=0x40e79033 pc=0xb1261f40 valid=1 fault=0 wb_w=1 wb_rd=26 ex_r=0 ex_rd=28 -> reg_write=1 illegal=0 stall=0 redirect=0
[PASS] seq=crv_seq_0                              cyc=157 op=IDK_LEGAL_ALU          instr=0x41a124b3 pc=0xb3324908 valid=1 fault=0 wb_w=0 wb_rd=31 ex_r=0 ex_rd=6 -> reg_write=1 illegal=0 stall=0 redirect=0
[PASS] seq=crv_seq_0                              cyc=158 op=IDK_LEGAL_ALU          instr=0x01cc6cb3 pc=0x168bcab4 valid=1 fault=1 wb_w=0 wb_rd=21 ex_r=0 ex_rd=28 -> reg_write=1 illegal=0 stall=0 redirect=0
[PASS] seq=crv_seq_0                              cyc=159 op=IDK_ILLEGAL            instr=0x02a55ab3 pc=0xb4cecaf4 valid=1 fault=0 wb_w=0 wb_rd=19 ex_r=0 ex_rd=26 -> reg_write=0 illegal=1 stall=0 redirect=0
[PASS] seq=crv_seq_0                              cyc=160 op=IDK_RANDOM             instr=0xacca9588 pc=0xe1d78594 valid=1 fault=1 wb_w=0 wb_rd=31 ex_r=1 ex_rd=30 -> reg_write=0 illegal=1 stall=0 redirect=0
[PASS] seq=crv_seq_0                              cyc=161 op=IDK_RANDOM             instr=0x70a4e826 pc=0xc8989a24 valid=1 fault=0 wb_w=0 wb_rd=8 ex_r=1 ex_rd=31 -> reg_write=0 illegal=1 stall=0 redirect=0
[PASS] seq=crv_seq_0                              cyc=162 op=IDK_BYPASS_BOTH        instr=0x0729654a pc=0x751ff678 valid=1 fault=1 wb_w=1 wb_rd=18 ex_r=1 ex_rd=10 -> reg_write=0 illegal=1 stall=0 redirect=0
[PASS] seq=crv_seq_0                              cyc=163 op=IDK_JAL                instr=0x62adb46f pc=0xafb10a88 valid=1 fault=0 wb_w=0 wb_rd=9 ex_r=0 ex_rd=25 -> reg_write=1 illegal=0 stall=0 redirect=1
[PASS] seq=crv_seq_0                              cyc=164 op=IDK_ILLEGAL            instr=0x02a364b3 pc=0xe699072c valid=1 fault=1 wb_w=0 wb_rd=17 ex_r=1 ex_rd=11 -> reg_write=0 illegal=1 stall=0 redirect=0
[PASS] seq=crv_seq_0                              cyc=165 op=IDK_JALR               instr=0x810b0ee7 pc=0x8df08b38 valid=1 fault=1 wb_w=0 wb_rd=19 ex_r=0 ex_rd=27 -> reg_write=1 illegal=0 stall=0 redirect=0
[PASS] seq=crv_seq_0                              cyc=166 op=IDK_ILLEGAL            instr=0x0336e2b3 pc=0x77820a98 valid=1 fault=1 wb_w=0 wb_rd=23 ex_r=1 ex_rd=1 -> reg_write=0 illegal=1 stall=0 redirect=0
[PASS] seq=crv_seq_0                              cyc=167 op=IDK_RANDOM             instr=0xe6a12945 pc=0x44164868 valid=1 fault=1 wb_w=1 wb_rd=26 ex_r=0 ex_rd=17 -> reg_write=0 illegal=1 stall=0 redirect=0
[PASS] seq=crv_seq_0                              cyc=168 op=IDK_BYPASS_BOTH        instr=0xccc665c0 pc=0x2135fe14 valid=1 fault=0 wb_w=1 wb_rd=12 ex_r=0 ex_rd=9 -> reg_write=0 illegal=1 stall=0 redirect=0
[PASS] seq=crv_seq_0                              cyc=169 op=IDK_BYPASS_RS2         instr=0x669e4888 pc=0x13807ff4 valid=1 fault=0 wb_w=1 wb_rd=9 ex_r=0 ex_rd=27 -> reg_write=0 illegal=1 stall=0 redirect=0
[PASS] seq=crv_seq_0                              cyc=170 op=IDK_BYPASS_RS2         instr=0x07d9f4a0 pc=0x40e380ac valid=1 fault=0 wb_w=1 wb_rd=29 ex_r=0 ex_rd=18 -> reg_write=0 illegal=1 stall=0 redirect=0
[PASS] seq=crv_seq_0                              cyc=171 op=IDK_RANDOM             instr=0x9baade62 pc=0x5c5ab944 valid=1 fault=1 wb_w=0 wb_rd=18 ex_r=0 ex_rd=21 -> reg_write=0 illegal=1 stall=0 redirect=0
[PASS] seq=crv_seq_0                              cyc=172 op=IDK_ILLEGAL            instr=0x03acdb33 pc=0x9a884abc valid=1 fault=1 wb_w=1 wb_rd=6 ex_r=0 ex_rd=9 -> reg_write=0 illegal=1 stall=0 redirect=0
[PASS] seq=crv_seq_0                              cyc=173 op=IDK_CSR_OP             instr=0xd46ce073 pc=0x6cc2e53c valid=1 fault=1 wb_w=1 wb_rd=26 ex_r=1 ex_rd=24 -> reg_write=1 illegal=0 stall=0 redirect=0
[PASS] seq=crv_seq_0                              cyc=174 op=IDK_FORWARD_BRANCH     instr=0x7496d0e3 pc=0xb81778ac valid=1 fault=1 wb_w=0 wb_rd=13 ex_r=1 ex_rd=25 -> reg_write=0 illegal=0 stall=0 redirect=0
[PASS] seq=crv_seq_0                              cyc=175 op=IDK_FORWARD_BRANCH     instr=0x0f4fed63 pc=0xe06ca77c valid=1 fault=0 wb_w=0 wb_rd=4 ex_r=0 ex_rd=12 -> reg_write=0 illegal=0 stall=0 redirect=0
[PASS] seq=crv_seq_0                              cyc=176 op=IDK_CSR_OP             instr=0xdec12ff3 pc=0x6226c800 valid=1 fault=1 wb_w=1 wb_rd=16 ex_r=0 ex_rd=24 -> reg_write=1 illegal=0 stall=0 redirect=0
[PASS] seq=crv_seq_0                              cyc=177 op=IDK_BYPASS_RS1         instr=0x7f3e6dfe pc=0xba648744 valid=1 fault=1 wb_w=1 wb_rd=28 ex_r=1 ex_rd=16 -> reg_write=0 illegal=1 stall=0 redirect=0
[PASS] seq=crv_seq_0                              cyc=178 op=IDK_BYPASS_BOTH        instr=0xd8847dec pc=0x1447f978 valid=1 fault=0 wb_w=1 wb_rd=8 ex_r=0 ex_rd=3 -> reg_write=0 illegal=1 stall=0 redirect=0
[PASS] seq=crv_seq_0                              cyc=179 op=IDK_RANDOM             instr=0xd486f477 pc=0x8a48bf0c valid=1 fault=1 wb_w=1 wb_rd=7 ex_r=1 ex_rd=11 -> reg_write=0 illegal=1 stall=0 redirect=0
[PASS] seq=crv_seq_0                              cyc=180 op=IDK_BACKWARD_BRANCH    instr=0xa089afe3 pc=0xc093980c valid=1 fault=0 wb_w=1 wb_rd=20 ex_r=1 ex_rd=21 -> reg_write=0 illegal=0 stall=0 redirect=1
[PASS] seq=crv_seq_0                              cyc=181 op=IDK_JAL                instr=0x4fe27d6f pc=0xdda651cc valid=1 fault=1 wb_w=1 wb_rd=22 ex_r=0 ex_rd=5 -> reg_write=1 illegal=0 stall=0 redirect=1
[PASS] seq=crv_seq_0                              cyc=182 op=IDK_ILLEGAL            instr=0x0216edb3 pc=0xd65e3b08 valid=1 fault=0 wb_w=0 wb_rd=28 ex_r=1 ex_rd=6 -> reg_write=0 illegal=1 stall=0 redirect=0
[PASS] seq=crv_seq_0                              cyc=183 op=IDK_FORWARD_BRANCH     instr=0x01eb1463 pc=0x17877688 valid=1 fault=1 wb_w=0 wb_rd=6 ex_r=0 ex_rd=15 -> reg_write=0 illegal=0 stall=0 redirect=0
[PASS] seq=crv_seq_0                              cyc=184 op=IDK_HAZARD_RS2         instr=0x90782dd0 pc=0x78408124 valid=1 fault=1 wb_w=0 wb_rd=11 ex_r=1 ex_rd=7 -> reg_write=0 illegal=1 stall=1 redirect=0
[PASS] seq=crv_seq_0                              cyc=185 op=IDK_BYPASS_RS1         instr=0x649af876 pc=0x4ae9e3b4 valid=1 fault=1 wb_w=1 wb_rd=21 ex_r=0 ex_rd=24 -> reg_write=0 illegal=1 stall=0 redirect=0
[PASS] seq=crv_seq_0                              cyc=186 op=IDK_FORWARD_BRANCH     instr=0x3b4f55e3 pc=0x9c6cb390 valid=1 fault=0 wb_w=1 wb_rd=17 ex_r=0 ex_rd=20 -> reg_write=0 illegal=0 stall=0 redirect=0
[PASS] seq=crv_seq_0                              cyc=187 op=IDK_HAZARD_X0_EXCLUDED instr=0x5c5b7250 pc=0xd134e92c valid=1 fault=0 wb_w=1 wb_rd=27 ex_r=1 ex_rd=0 -> reg_write=0 illegal=1 stall=0 redirect=0
[PASS] seq=crv_seq_0                              cyc=188 op=IDK_HAZARD_RS2         instr=0x9f926ecb pc=0xfcce60fc valid=1 fault=1 wb_w=1 wb_rd=7 ex_r=1 ex_rd=25 -> reg_write=0 illegal=1 stall=1 redirect=0
[PASS] seq=crv_seq_0                              cyc=189 op=IDK_LEGAL_ALU          instr=0x416a8233 pc=0xc2987a64 valid=1 fault=1 wb_w=1 wb_rd=30 ex_r=0 ex_rd=20 -> reg_write=1 illegal=0 stall=0 redirect=0
[PASS] seq=crv_seq_0                              cyc=190 op=IDK_BYPASS_RS1         instr=0x16415859 pc=0x8a6a6a98 valid=1 fault=1 wb_w=1 wb_rd=2 ex_r=1 ex_rd=23 -> reg_write=0 illegal=1 stall=0 redirect=0
[PASS] seq=crv_seq_0                              cyc=191 op=IDK_ILLEGAL            instr=0x03015ab3 pc=0x63560610 valid=1 fault=0 wb_w=1 wb_rd=25 ex_r=1 ex_rd=4 -> reg_write=0 illegal=1 stall=0 redirect=0
[PASS] seq=crv_seq_0                              cyc=192 op=IDK_HAZARD_RS1         instr=0x4e152fe2 pc=0x69ea2600 valid=1 fault=1 wb_w=1 wb_rd=1 ex_r=1 ex_rd=10 -> reg_write=0 illegal=1 stall=1 redirect=0
[PASS] seq=crv_seq_0                              cyc=193 op=IDK_BYPASS_RS2         instr=0xdebd19b0 pc=0x8e2fcb30 valid=1 fault=0 wb_w=1 wb_rd=11 ex_r=0 ex_rd=10 -> reg_write=0 illegal=1 stall=0 redirect=0
[PASS] seq=crv_seq_0                              cyc=194 op=IDK_RANDOM             instr=0x220afa82 pc=0xba39c634 valid=1 fault=0 wb_w=1 wb_rd=14 ex_r=0 ex_rd=25 -> reg_write=0 illegal=1 stall=0 redirect=0
[PASS] seq=crv_seq_0                              cyc=195 op=IDK_JALR               instr=0xaf16e267 pc=0x79f71110 valid=1 fault=0 wb_w=0 wb_rd=4 ex_r=1 ex_rd=17 -> reg_write=1 illegal=0 stall=1 redirect=0
[PASS] seq=crv_seq_0                              cyc=196 op=IDK_CSR_OP             instr=0x7fc267f3 pc=0xbbe82e88 valid=1 fault=1 wb_w=0 wb_rd=30 ex_r=1 ex_rd=19 -> reg_write=1 illegal=0 stall=0 redirect=0
[PASS] seq=crv_seq_0                              cyc=197 op=IDK_HAZARD_RS2         instr=0xead7ea84 pc=0x94012e98 valid=1 fault=0 wb_w=0 wb_rd=15 ex_r=1 ex_rd=13 -> reg_write=0 illegal=1 stall=1 redirect=0
[PASS] seq=crv_seq_0                              cyc=198 op=IDK_BYPASS_BOTH        instr=0xb97be449 pc=0x25b613cc valid=1 fault=1 wb_w=1 wb_rd=23 ex_r=0 ex_rd=4 -> reg_write=0 illegal=1 stall=0 redirect=0
[PASS] seq=crv_seq_0                              cyc=199 op=IDK_HAZARD_RS2         instr=0xe543130c pc=0x5850e320 valid=1 fault=1 wb_w=0 wb_rd=20 ex_r=1 ex_rd=20 -> reg_write=0 illegal=1 stall=1 redirect=0
[PASS] seq=crv_seq_1                              cyc=0 op=IDK_HAZARD_RS1         instr=0x01323c78 pc=0x297b3e40 valid=1 fault=1 wb_w=0 wb_rd=6 ex_r=1 ex_rd=4 -> reg_write=0 illegal=1 stall=1 redirect=0
[PASS] seq=crv_seq_1                              cyc=1 op=IDK_HAZARD_RS1         instr=0x80f28a80 pc=0x95cf6b38 valid=1 fault=1 wb_w=1 wb_rd=2 ex_r=1 ex_rd=5 -> reg_write=0 illegal=1 stall=1 redirect=0
[PASS] seq=crv_seq_1                              cyc=2 op=IDK_JALR               instr=0xabb82a67 pc=0xe0efc688 valid=1 fault=0 wb_w=1 wb_rd=16 ex_r=1 ex_rd=10 -> reg_write=1 illegal=0 stall=0 redirect=0
[PASS] seq=crv_seq_1                              cyc=3 op=IDK_BYPASS_RS1         instr=0xd15535a8 pc=0x8268f478 valid=1 fault=1 wb_w=1 wb_rd=10 ex_r=0 ex_rd=16 -> reg_write=0 illegal=1 stall=0 redirect=0
[PASS] seq=crv_seq_1                              cyc=4 op=IDK_RANDOM             instr=0xff25fc71 pc=0x6457d1fc valid=1 fault=1 wb_w=1 wb_rd=10 ex_r=1 ex_rd=4 -> reg_write=0 illegal=1 stall=0 redirect=0
[PASS] seq=crv_seq_1                              cyc=5 op=IDK_BACKWARD_BRANCH    instr=0xa3331d63 pc=0x3599bb80 valid=1 fault=1 wb_w=0 wb_rd=16 ex_r=0 ex_rd=3 -> reg_write=0 illegal=0 stall=0 redirect=1
[PASS] seq=crv_seq_1                              cyc=6 op=IDK_HAZARD_RS1         instr=0x2501fa85 pc=0xc329a348 valid=1 fault=1 wb_w=0 wb_rd=23 ex_r=1 ex_rd=3 -> reg_write=0 illegal=1 stall=1 redirect=0
[PASS] seq=crv_seq_1                              cyc=7 op=IDK_BACKWARD_BRANCH    instr=0x97d7ac63 pc=0xf9ad4ca0 valid=1 fault=1 wb_w=0 wb_rd=22 ex_r=1 ex_rd=19 -> reg_write=0 illegal=0 stall=0 redirect=1
[PASS] seq=crv_seq_1                              cyc=8 op=IDK_BYPASS_RS1         instr=0x22549037 pc=0xa4536d08 valid=1 fault=1 wb_w=1 wb_rd=9 ex_r=1 ex_rd=8 -> reg_write=1 illegal=0 stall=0 redirect=0
[PASS] seq=crv_seq_1                              cyc=9 op=IDK_ILLEGAL            instr=0x0340fd33 pc=0xc974c2a4 valid=1 fault=1 wb_w=1 wb_rd=23 ex_r=1 ex_rd=9 -> reg_write=0 illegal=1 stall=0 redirect=0
[PASS] seq=crv_seq_1                              cyc=10 op=IDK_BYPASS_RS1         instr=0x371b0ab0 pc=0xc342fb28 valid=1 fault=1 wb_w=1 wb_rd=22 ex_r=1 ex_rd=15 -> reg_write=0 illegal=1 stall=0 redirect=0
[PASS] seq=crv_seq_1                              cyc=11 op=IDK_JALR               instr=0xcf7cb767 pc=0x026359bc valid=1 fault=1 wb_w=0 wb_rd=18 ex_r=0 ex_rd=6 -> reg_write=1 illegal=0 stall=0 redirect=0
[PASS] seq=crv_seq_1                              cyc=12 op=IDK_BYPASS_RS2         instr=0xf2c35aac pc=0xdb22a7c0 valid=1 fault=1 wb_w=1 wb_rd=12 ex_r=0 ex_rd=28 -> reg_write=0 illegal=1 stall=0 redirect=0
[PASS] seq=crv_seq_1                              cyc=13 op=IDK_JAL                instr=0x5d30726f pc=0x8003c690 valid=1 fault=0 wb_w=0 wb_rd=23 ex_r=1 ex_rd=20 -> reg_write=1 illegal=0 stall=0 redirect=1
[PASS] seq=crv_seq_1                              cyc=14 op=IDK_FORWARD_BRANCH     instr=0x19cd7263 pc=0xffe2d828 valid=1 fault=0 wb_w=0 wb_rd=13 ex_r=1 ex_rd=10 -> reg_write=0 illegal=0 stall=0 redirect=0
[PASS] seq=crv_seq_1                              cyc=15 op=IDK_ILLEGAL            instr=0x021be033 pc=0x271e2c38 valid=1 fault=1 wb_w=0 wb_rd=3 ex_r=0 ex_rd=12 -> reg_write=0 illegal=1 stall=0 redirect=0
[PASS] seq=crv_seq_1                              cyc=16 op=IDK_HAZARD_BOTH        instr=0xf58c7cc1 pc=0xecdb54d4 valid=1 fault=0 wb_w=1 wb_rd=16 ex_r=1 ex_rd=24 -> reg_write=0 illegal=1 stall=1 redirect=0
[PASS] seq=crv_seq_1                              cyc=17 op=IDK_BACKWARD_BRANCH    instr=0xda0351e3 pc=0xbb73bf38 valid=1 fault=0 wb_w=0 wb_rd=0 ex_r=0 ex_rd=14 -> reg_write=0 illegal=0 stall=0 redirect=1
[PASS] seq=crv_seq_1                              cyc=18 op=IDK_HAZARD_RS1         instr=0xe99a32ef pc=0xde206404 valid=1 fault=1 wb_w=0 wb_rd=19 ex_r=1 ex_rd=20 -> reg_write=1 illegal=0 stall=1 redirect=1
[PASS] seq=crv_seq_1                              cyc=19 op=IDK_CSR_OP             instr=0xaad029f3 pc=0x2a8a88a0 valid=1 fault=1 wb_w=0 wb_rd=13 ex_r=1 ex_rd=10 -> reg_write=1 illegal=0 stall=0 redirect=0
[PASS] seq=crv_seq_1                              cyc=20 op=IDK_BYPASS_RS1         instr=0x0619256e pc=0x926a06ec valid=1 fault=0 wb_w=1 wb_rd=18 ex_r=1 ex_rd=17 -> reg_write=0 illegal=1 stall=0 redirect=0
[PASS] seq=crv_seq_1                              cyc=21 op=IDK_JALR               instr=0xf6c6f667 pc=0xe7a6dac0 valid=1 fault=1 wb_w=0 wb_rd=27 ex_r=1 ex_rd=16 -> reg_write=1 illegal=0 stall=0 redirect=0
[PASS] seq=crv_seq_1                              cyc=22 op=IDK_HAZARD_RS2         instr=0x8982203c pc=0x72309a48 valid=1 fault=0 wb_w=1 wb_rd=0 ex_r=1 ex_rd=24 -> reg_write=0 illegal=1 stall=1 redirect=0
[PASS] seq=crv_seq_1                              cyc=23 op=IDK_ILLEGAL            instr=0x032aebb3 pc=0x034255ec valid=1 fault=0 wb_w=1 wb_rd=6 ex_r=0 ex_rd=9 -> reg_write=0 illegal=1 stall=0 redirect=0
[PASS] seq=crv_seq_1                              cyc=24 op=IDK_CSR_OP             instr=0x136a4173 pc=0x510f3400 valid=1 fault=0 wb_w=0 wb_rd=4 ex_r=1 ex_rd=13 -> reg_write=1 illegal=0 stall=0 redirect=0
[PASS] seq=crv_seq_1                              cyc=25 op=IDK_BYPASS_BOTH        instr=0x9bce32e4 pc=0x54384f94 valid=1 fault=0 wb_w=1 wb_rd=28 ex_r=1 ex_rd=14 -> reg_write=0 illegal=1 stall=0 redirect=0
[PASS] seq=crv_seq_1                              cyc=26 op=IDK_JAL                instr=0x88ff5fef pc=0x475d2a7c valid=1 fault=0 wb_w=1 wb_rd=7 ex_r=1 ex_rd=14 -> reg_write=1 illegal=0 stall=0 redirect=1
[PASS] seq=crv_seq_1                              cyc=27 op=IDK_ILLEGAL            instr=0x023d5bb3 pc=0x8c2b32c8 valid=1 fault=0 wb_w=0 wb_rd=1 ex_r=1 ex_rd=8 -> reg_write=0 illegal=1 stall=0 redirect=0
[PASS] seq=crv_seq_1                              cyc=28 op=IDK_RANDOM             instr=0x902fd93d pc=0xf9aa6f24 valid=1 fault=1 wb_w=1 wb_rd=24 ex_r=0 ex_rd=24 -> reg_write=0 illegal=1 stall=0 redirect=0
[PASS] seq=crv_seq_1                              cyc=29 op=IDK_BACKWARD_BRANCH    instr=0xa917f5e3 pc=0xd0730740 valid=1 fault=1 wb_w=1 wb_rd=29 ex_r=0 ex_rd=13 -> reg_write=0 illegal=0 stall=0 redirect=1
[PASS] seq=crv_seq_1                              cyc=30 op=IDK_RANDOM             instr=0x4263c1be pc=0x37c3a3fc valid=1 fault=1 wb_w=1 wb_rd=28 ex_r=0 ex_rd=12 -> reg_write=0 illegal=1 stall=0 redirect=0
[PASS] seq=crv_seq_1                              cyc=31 op=IDK_BYPASS_BOTH        instr=0xe494e855 pc=0x3223fcdc valid=1 fault=1 wb_w=1 wb_rd=9 ex_r=1 ex_rd=3 -> reg_write=0 illegal=1 stall=0 redirect=0
[PASS] seq=crv_seq_1                              cyc=32 op=IDK_ILLEGAL            instr=0x03ac4ab3 pc=0x5b847508 valid=1 fault=1 wb_w=0 wb_rd=19 ex_r=1 ex_rd=11 -> reg_write=0 illegal=1 stall=0 redirect=0
[PASS] seq=crv_seq_1                              cyc=33 op=IDK_ILLEGAL            instr=0x03985ab3 pc=0xc38f376c valid=1 fault=1 wb_w=1 wb_rd=9 ex_r=0 ex_rd=28 -> reg_write=0 illegal=1 stall=0 redirect=0
[PASS] seq=crv_seq_1                              cyc=34 op=IDK_JALR               instr=0x39a081e7 pc=0x83b3719c valid=1 fault=0 wb_w=0 wb_rd=6 ex_r=0 ex_rd=24 -> reg_write=1 illegal=0 stall=0 redirect=0
[PASS] seq=crv_seq_1                              cyc=35 op=IDK_HAZARD_RS2         instr=0xabc2feaf pc=0x9439f008 valid=1 fault=1 wb_w=0 wb_rd=26 ex_r=1 ex_rd=28 -> reg_write=0 illegal=1 stall=1 redirect=0
[PASS] seq=crv_seq_1                              cyc=36 op=IDK_BYPASS_RS2         instr=0x14d363eb pc=0xbaf12960 valid=1 fault=1 wb_w=1 wb_rd=13 ex_r=1 ex_rd=9 -> reg_write=0 illegal=1 stall=0 redirect=0
[PASS] seq=crv_seq_1                              cyc=37 op=IDK_RANDOM             instr=0xbdf42f77 pc=0x42e94c10 valid=1 fault=1 wb_w=0 wb_rd=15 ex_r=0 ex_rd=14 -> reg_write=0 illegal=1 stall=0 redirect=0
[PASS] seq=crv_seq_1                              cyc=38 op=IDK_JALR               instr=0xba4107e7 pc=0x5f6af6e4 valid=1 fault=1 wb_w=0 wb_rd=20 ex_r=0 ex_rd=7 -> reg_write=1 illegal=0 stall=0 redirect=0
[PASS] seq=crv_seq_1                              cyc=39 op=IDK_ILLEGAL            instr=0x02c87033 pc=0x0df3298c valid=1 fault=0 wb_w=0 wb_rd=12 ex_r=1 ex_rd=5 -> reg_write=0 illegal=1 stall=0 redirect=0
[PASS] seq=crv_seq_1                              cyc=40 op=IDK_CSR_OP             instr=0x8ac24273 pc=0xe0c130e4 valid=1 fault=1 wb_w=0 wb_rd=25 ex_r=0 ex_rd=7 -> reg_write=1 illegal=0 stall=0 redirect=0
[PASS] seq=crv_seq_1                              cyc=41 op=IDK_CSR_OP             instr=0xf4fc5e73 pc=0x62b1a644 valid=1 fault=1 wb_w=1 wb_rd=10 ex_r=0 ex_rd=2 -> reg_write=1 illegal=0 stall=0 redirect=0
[PASS] seq=crv_seq_1                              cyc=42 op=IDK_LEGAL_ALU          instr=0x41de50b3 pc=0x34cfdc70 valid=1 fault=0 wb_w=0 wb_rd=20 ex_r=0 ex_rd=4 -> reg_write=1 illegal=0 stall=0 redirect=0
[PASS] seq=crv_seq_1                              cyc=43 op=IDK_HAZARD_BOTH        instr=0xf7ded0bc pc=0xe413b6a4 valid=1 fault=1 wb_w=1 wb_rd=20 ex_r=1 ex_rd=29 -> reg_write=0 illegal=1 stall=1 redirect=0
[PASS] seq=crv_seq_1                              cyc=44 op=IDK_HAZARD_RS1         instr=0xb2071272 pc=0x8e6d6a44 valid=1 fault=1 wb_w=1 wb_rd=25 ex_r=1 ex_rd=14 -> reg_write=0 illegal=1 stall=1 redirect=0
[PASS] seq=crv_seq_1                              cyc=45 op=IDK_LEGAL_ALU          instr=0x0162a8b3 pc=0xdd8aa788 valid=1 fault=0 wb_w=1 wb_rd=1 ex_r=0 ex_rd=6 -> reg_write=1 illegal=0 stall=0 redirect=0
[PASS] seq=crv_seq_1                              cyc=46 op=IDK_FORWARD_BRANCH     instr=0x194cf663 pc=0x28f3ddcc valid=1 fault=1 wb_w=0 wb_rd=14 ex_r=1 ex_rd=7 -> reg_write=0 illegal=0 stall=0 redirect=0
[PASS] seq=crv_seq_1                              cyc=47 op=IDK_FORWARD_BRANCH     instr=0x36a75b63 pc=0x76b13818 valid=1 fault=1 wb_w=1 wb_rd=20 ex_r=0 ex_rd=17 -> reg_write=0 illegal=0 stall=0 redirect=0
[PASS] seq=crv_seq_1                              cyc=48 op=IDK_HAZARD_X0_EXCLUDED instr=0xf35b04ff pc=0x9b565ee4 valid=1 fault=0 wb_w=1 wb_rd=14 ex_r=1 ex_rd=0 -> reg_write=0 illegal=1 stall=0 redirect=0
[PASS] seq=crv_seq_1                              cyc=49 op=IDK_RANDOM             instr=0xb09be092 pc=0xc583bc18 valid=1 fault=1 wb_w=1 wb_rd=10 ex_r=1 ex_rd=1 -> reg_write=0 illegal=1 stall=0 redirect=0
[PASS] seq=crv_seq_1                              cyc=50 op=IDK_ILLEGAL            instr=0x02a3e133 pc=0xad3afd64 valid=1 fault=1 wb_w=1 wb_rd=5 ex_r=1 ex_rd=16 -> reg_write=0 illegal=1 stall=0 redirect=0
[PASS] seq=crv_seq_1                              cyc=51 op=IDK_JALR               instr=0x280a5be7 pc=0x59e6afa8 valid=1 fault=1 wb_w=1 wb_rd=13 ex_r=1 ex_rd=25 -> reg_write=1 illegal=0 stall=0 redirect=0
[PASS] seq=crv_seq_1                              cyc=52 op=IDK_BYPASS_RS2         instr=0x8acf7ea9 pc=0x707cf2c0 valid=1 fault=0 wb_w=1 wb_rd=12 ex_r=1 ex_rd=0 -> reg_write=0 illegal=1 stall=0 redirect=0
[PASS] seq=crv_seq_1                              cyc=53 op=IDK_FORWARD_BRANCH     instr=0x136f7763 pc=0x2a4d66ac valid=1 fault=1 wb_w=1 wb_rd=2 ex_r=0 ex_rd=26 -> reg_write=0 illegal=0 stall=0 redirect=0
[PASS] seq=crv_seq_1                              cyc=54 op=IDK_BYPASS_RS2         instr=0x9770a915 pc=0x4d1b404c valid=1 fault=0 wb_w=1 wb_rd=23 ex_r=1 ex_rd=5 -> reg_write=0 illegal=1 stall=0 redirect=0
[PASS] seq=crv_seq_1                              cyc=55 op=IDK_BYPASS_RS1         instr=0x5c453f75 pc=0xbbfa17e4 valid=1 fault=0 wb_w=1 wb_rd=10 ex_r=1 ex_rd=9 -> reg_write=0 illegal=1 stall=0 redirect=0
[PASS] seq=crv_seq_1                              cyc=56 op=IDK_HAZARD_RS2         instr=0x3957c202 pc=0x51fddd40 valid=1 fault=1 wb_w=1 wb_rd=8 ex_r=1 ex_rd=21 -> reg_write=0 illegal=1 stall=1 redirect=0
[PASS] seq=crv_seq_1                              cyc=57 op=IDK_JAL                instr=0xd33cc46f pc=0x3a413858 valid=1 fault=0 wb_w=0 wb_rd=10 ex_r=1 ex_rd=8 -> reg_write=1 illegal=0 stall=0 redirect=1
[PASS] seq=crv_seq_1                              cyc=58 op=IDK_HAZARD_RS1         instr=0xeb33626a pc=0xf5cb8530 valid=1 fault=1 wb_w=0 wb_rd=21 ex_r=1 ex_rd=6 -> reg_write=0 illegal=1 stall=1 redirect=0
[PASS] seq=crv_seq_1                              cyc=59 op=IDK_HAZARD_RS2         instr=0x9e330398 pc=0xb369a094 valid=1 fault=0 wb_w=1 wb_rd=1 ex_r=1 ex_rd=3 -> reg_write=0 illegal=1 stall=1 redirect=0
[PASS] seq=crv_seq_1                              cyc=60 op=IDK_HAZARD_RS1         instr=0x3b3b6407 pc=0x1989e980 valid=1 fault=0 wb_w=1 wb_rd=18 ex_r=1 ex_rd=22 -> reg_write=0 illegal=1 stall=1 redirect=0
[PASS] seq=crv_seq_1                              cyc=61 op=IDK_LEGAL_ALU          instr=0x41f63733 pc=0x16883230 valid=1 fault=1 wb_w=1 wb_rd=26 ex_r=1 ex_rd=13 -> reg_write=1 illegal=0 stall=0 redirect=0
[PASS] seq=crv_seq_1                              cyc=62 op=IDK_HAZARD_RS2         instr=0x54d04325 pc=0x486b8530 valid=1 fault=0 wb_w=0 wb_rd=9 ex_r=1 ex_rd=13 -> reg_write=0 illegal=1 stall=1 redirect=0
[PASS] seq=crv_seq_1                              cyc=63 op=IDK_CSR_OP             instr=0x51c07ff3 pc=0x9f1a9280 valid=1 fault=0 wb_w=1 wb_rd=5 ex_r=0 ex_rd=24 -> reg_write=1 illegal=0 stall=0 redirect=0
[PASS] seq=crv_seq_1                              cyc=64 op=IDK_BYPASS_RS1         instr=0x1de75f5e pc=0x890d6d38 valid=1 fault=1 wb_w=1 wb_rd=14 ex_r=1 ex_rd=13 -> reg_write=0 illegal=1 stall=0 redirect=0
[PASS] seq=crv_seq_1                              cyc=65 op=IDK_HAZARD_RS1         instr=0xdb1f226a pc=0x3c0b9efc valid=1 fault=0 wb_w=0 wb_rd=26 ex_r=1 ex_rd=30 -> reg_write=0 illegal=1 stall=1 redirect=0
[PASS] seq=crv_seq_1                              cyc=66 op=IDK_BYPASS_RS1         instr=0x3da13297 pc=0x1a07c020 valid=1 fault=1 wb_w=1 wb_rd=2 ex_r=1 ex_rd=10 -> reg_write=1 illegal=0 stall=0 redirect=0
[PASS] seq=crv_seq_1                              cyc=67 op=IDK_ILLEGAL            instr=0x035ee3b3 pc=0x1f56f664 valid=1 fault=0 wb_w=0 wb_rd=16 ex_r=1 ex_rd=22 -> reg_write=0 illegal=1 stall=0 redirect=0
[PASS] seq=crv_seq_1                              cyc=68 op=IDK_ILLEGAL            instr=0x02ec54b3 pc=0xab08303c valid=1 fault=1 wb_w=1 wb_rd=23 ex_r=0 ex_rd=28 -> reg_write=0 illegal=1 stall=0 redirect=0
[PASS] seq=crv_seq_1                              cyc=69 op=IDK_ILLEGAL            instr=0x02617e33 pc=0x23b99024 valid=1 fault=0 wb_w=0 wb_rd=0 ex_r=1 ex_rd=10 -> reg_write=0 illegal=1 stall=0 redirect=0
[PASS] seq=crv_seq_1                              cyc=70 op=IDK_RANDOM             instr=0xcb13a053 pc=0x1ca46e30 valid=1 fault=1 wb_w=1 wb_rd=14 ex_r=1 ex_rd=6 -> reg_write=0 illegal=1 stall=0 redirect=0
[PASS] seq=crv_seq_1                              cyc=71 op=IDK_HAZARD_RS2         instr=0x44122be8 pc=0x2b3f9ea0 valid=1 fault=0 wb_w=1 wb_rd=0 ex_r=1 ex_rd=1 -> reg_write=0 illegal=1 stall=1 redirect=0
[PASS] seq=crv_seq_1                              cyc=72 op=IDK_HAZARD_BOTH        instr=0x818c1ea8 pc=0xd58fab24 valid=1 fault=0 wb_w=1 wb_rd=14 ex_r=1 ex_rd=24 -> reg_write=0 illegal=1 stall=1 redirect=0
[PASS] seq=crv_seq_1                              cyc=73 op=IDK_LEGAL_ALU          instr=0x00aec433 pc=0x3ab2f1b0 valid=1 fault=0 wb_w=0 wb_rd=19 ex_r=0 ex_rd=8 -> reg_write=1 illegal=0 stall=0 redirect=0
[PASS] seq=crv_seq_1                              cyc=74 op=IDK_JAL                instr=0x542b56ef pc=0x27153c68 valid=1 fault=1 wb_w=1 wb_rd=25 ex_r=0 ex_rd=20 -> reg_write=1 illegal=0 stall=0 redirect=1
[PASS] seq=crv_seq_1                              cyc=75 op=IDK_HAZARD_BOTH        instr=0xa12944be pc=0x84223588 valid=1 fault=0 wb_w=0 wb_rd=10 ex_r=1 ex_rd=18 -> reg_write=0 illegal=1 stall=1 redirect=0
[PASS] seq=crv_seq_1                              cyc=76 op=IDK_BYPASS_RS2         instr=0xeccc7479 pc=0xd485ce80 valid=1 fault=0 wb_w=1 wb_rd=12 ex_r=1 ex_rd=3 -> reg_write=0 illegal=1 stall=0 redirect=0
[PASS] seq=crv_seq_1                              cyc=77 op=IDK_HAZARD_X0_EXCLUDED instr=0xeecfafb2 pc=0x80abfe60 valid=1 fault=0 wb_w=1 wb_rd=14 ex_r=1 ex_rd=0 -> reg_write=0 illegal=1 stall=0 redirect=0
[PASS] seq=crv_seq_1                              cyc=78 op=IDK_JAL                instr=0x5061186f pc=0x28568c10 valid=1 fault=1 wb_w=0 wb_rd=7 ex_r=1 ex_rd=20 -> reg_write=1 illegal=0 stall=0 redirect=1
[PASS] seq=crv_seq_1                              cyc=79 op=IDK_LEGAL_ALU          instr=0x40cd94b3 pc=0x1b988eb0 valid=1 fault=1 wb_w=1 wb_rd=25 ex_r=0 ex_rd=1 -> reg_write=1 illegal=0 stall=0 redirect=0
[PASS] seq=crv_seq_1                              cyc=80 op=IDK_HAZARD_RS2         instr=0x47cbaa20 pc=0xf8c0179c valid=1 fault=0 wb_w=1 wb_rd=8 ex_r=1 ex_rd=28 -> reg_write=0 illegal=1 stall=1 redirect=0
[PASS] seq=crv_seq_1                              cyc=81 op=IDK_HAZARD_RS1         instr=0x6fca6f38 pc=0xa7f6f510 valid=1 fault=1 wb_w=0 wb_rd=18 ex_r=1 ex_rd=20 -> reg_write=0 illegal=1 stall=1 redirect=0
[PASS] seq=crv_seq_1                              cyc=82 op=IDK_RANDOM             instr=0x4d00ca34 pc=0x782aa2bc valid=1 fault=0 wb_w=0 wb_rd=1 ex_r=1 ex_rd=28 -> reg_write=0 illegal=1 stall=0 redirect=0
[PASS] seq=crv_seq_1                              cyc=83 op=IDK_ILLEGAL            instr=0x034b7033 pc=0xb84af584 valid=1 fault=0 wb_w=0 wb_rd=30 ex_r=0 ex_rd=14 -> reg_write=0 illegal=1 stall=0 redirect=0
[PASS] seq=crv_seq_1                              cyc=84 op=IDK_LEGAL_ALU          instr=0x40db7133 pc=0x12b53794 valid=1 fault=0 wb_w=0 wb_rd=6 ex_r=0 ex_rd=12 -> reg_write=1 illegal=0 stall=0 redirect=0
[PASS] seq=crv_seq_1                              cyc=85 op=IDK_LEGAL_ALU          instr=0x41a7a3b3 pc=0x9548ece0 valid=1 fault=1 wb_w=0 wb_rd=13 ex_r=1 ex_rd=24 -> reg_write=1 illegal=0 stall=0 redirect=0
[PASS] seq=crv_seq_1                              cyc=86 op=IDK_HAZARD_RS1         instr=0xa024f45f pc=0x08393e60 valid=1 fault=1 wb_w=0 wb_rd=20 ex_r=1 ex_rd=9 -> reg_write=0 illegal=1 stall=1 redirect=0
[PASS] seq=crv_seq_1                              cyc=87 op=IDK_LEGAL_ALU          instr=0x00391233 pc=0x0c847818 valid=1 fault=1 wb_w=1 wb_rd=19 ex_r=1 ex_rd=24 -> reg_write=1 illegal=0 stall=0 redirect=0
[PASS] seq=crv_seq_1                              cyc=88 op=IDK_RANDOM             instr=0x6a4e5593 pc=0x0af5f0c8 valid=1 fault=1 wb_w=0 wb_rd=27 ex_r=1 ex_rd=9 -> reg_write=1 illegal=0 stall=0 redirect=0
[PASS] seq=crv_seq_1                              cyc=89 op=IDK_BYPASS_RS1         instr=0x2ce9c936 pc=0x3f4fbbb0 valid=1 fault=1 wb_w=1 wb_rd=19 ex_r=1 ex_rd=19 -> reg_write=0 illegal=1 stall=1 redirect=0
[PASS] seq=crv_seq_1                              cyc=90 op=IDK_ILLEGAL            instr=0x02bd6a33 pc=0xdbfd2334 valid=1 fault=0 wb_w=1 wb_rd=21 ex_r=0 ex_rd=28 -> reg_write=0 illegal=1 stall=0 redirect=0
[PASS] seq=crv_seq_1                              cyc=91 op=IDK_HAZARD_RS1         instr=0x65e894e0 pc=0x1b1754b8 valid=1 fault=0 wb_w=1 wb_rd=11 ex_r=1 ex_rd=17 -> reg_write=0 illegal=1 stall=1 redirect=0
[PASS] seq=crv_seq_1                              cyc=92 op=IDK_CSR_OP             instr=0x48eb5673 pc=0x868e3848 valid=1 fault=1 wb_w=0 wb_rd=31 ex_r=1 ex_rd=28 -> reg_write=1 illegal=0 stall=0 redirect=0
[PASS] seq=crv_seq_1                              cyc=93 op=IDK_RANDOM             instr=0x122a6ac0 pc=0xdbcae7ec valid=1 fault=0 wb_w=1 wb_rd=11 ex_r=1 ex_rd=27 -> reg_write=0 illegal=1 stall=0 redirect=0
[PASS] seq=crv_seq_1                              cyc=94 op=IDK_RANDOM             instr=0xf6cb5997 pc=0x419e996c valid=1 fault=1 wb_w=1 wb_rd=9 ex_r=1 ex_rd=17 -> reg_write=1 illegal=0 stall=0 redirect=0
[PASS] seq=crv_seq_1                              cyc=95 op=IDK_RANDOM             instr=0x13711a9e pc=0x49992738 valid=1 fault=0 wb_w=0 wb_rd=15 ex_r=1 ex_rd=22 -> reg_write=0 illegal=1 stall=0 redirect=0
[PASS] seq=crv_seq_1                              cyc=96 op=IDK_HAZARD_RS2         instr=0x88276d8c pc=0xe4294c3c valid=1 fault=1 wb_w=0 wb_rd=8 ex_r=1 ex_rd=2 -> reg_write=0 illegal=1 stall=1 redirect=0
[PASS] seq=crv_seq_1                              cyc=97 op=IDK_BYPASS_RS2         instr=0x065a740b pc=0xfc1ca550 valid=1 fault=0 wb_w=1 wb_rd=5 ex_r=0 ex_rd=5 -> reg_write=0 illegal=0 stall=0 redirect=0
[PASS] seq=crv_seq_1                              cyc=98 op=IDK_RANDOM             instr=0x370cdd29 pc=0x83362b64 valid=1 fault=1 wb_w=1 wb_rd=29 ex_r=0 ex_rd=24 -> reg_write=0 illegal=1 stall=0 redirect=0
[PASS] seq=crv_seq_1                              cyc=99 op=IDK_RANDOM             instr=0xf3144459 pc=0x375ea540 valid=1 fault=1 wb_w=1 wb_rd=24 ex_r=1 ex_rd=4 -> reg_write=0 illegal=1 stall=0 redirect=0
[PASS] seq=crv_seq_1                              cyc=100 op=IDK_HAZARD_RS2         instr=0x40a3d052 pc=0xbd473d38 valid=1 fault=0 wb_w=0 wb_rd=24 ex_r=1 ex_rd=10 -> reg_write=0 illegal=1 stall=1 redirect=0
[PASS] seq=crv_seq_1                              cyc=101 op=IDK_RANDOM             instr=0x2df71700 pc=0x13224f34 valid=1 fault=0 wb_w=1 wb_rd=1 ex_r=0 ex_rd=30 -> reg_write=0 illegal=1 stall=0 redirect=0
[PASS] seq=crv_seq_1                              cyc=102 op=IDK_BYPASS_RS1         instr=0x83127440 pc=0xdfc44010 valid=1 fault=0 wb_w=1 wb_rd=4 ex_r=1 ex_rd=21 -> reg_write=0 illegal=1 stall=0 redirect=0
[PASS] seq=crv_seq_1                              cyc=103 op=IDK_HAZARD_RS1         instr=0x4c725106 pc=0x07b13a60 valid=1 fault=1 wb_w=1 wb_rd=6 ex_r=1 ex_rd=4 -> reg_write=0 illegal=1 stall=1 redirect=0
[PASS] seq=crv_seq_1                              cyc=104 op=IDK_HAZARD_X0_EXCLUDED instr=0x9086b02d pc=0x274e297c valid=1 fault=1 wb_w=1 wb_rd=13 ex_r=1 ex_rd=0 -> reg_write=0 illegal=1 stall=0 redirect=0
[PASS] seq=crv_seq_1                              cyc=105 op=IDK_HAZARD_RS1         instr=0xe4d78d24 pc=0x7fd1c188 valid=1 fault=0 wb_w=1 wb_rd=8 ex_r=1 ex_rd=15 -> reg_write=0 illegal=1 stall=1 redirect=0
[PASS] seq=crv_seq_1                              cyc=106 op=IDK_BACKWARD_BRANCH    instr=0xcdb2fde3 pc=0x1851fc58 valid=1 fault=0 wb_w=0 wb_rd=30 ex_r=0 ex_rd=11 -> reg_write=0 illegal=0 stall=0 redirect=1
[PASS] seq=crv_seq_1                              cyc=107 op=IDK_LEGAL_ALU          instr=0x40d66eb3 pc=0x8466bcc8 valid=1 fault=0 wb_w=0 wb_rd=24 ex_r=1 ex_rd=22 -> reg_write=1 illegal=0 stall=0 redirect=0
[PASS] seq=crv_seq_1                              cyc=108 op=IDK_BYPASS_RS2         instr=0x2ebbcd03 pc=0x3a2d532c valid=1 fault=0 wb_w=1 wb_rd=11 ex_r=1 ex_rd=12 -> reg_write=1 illegal=0 stall=0 redirect=0
[PASS] seq=crv_seq_1                              cyc=109 op=IDK_ILLEGAL            instr=0x03fa79b3 pc=0xa25ea738 valid=1 fault=0 wb_w=0 wb_rd=5 ex_r=0 ex_rd=22 -> reg_write=0 illegal=1 stall=0 redirect=0
[PASS] seq=crv_seq_1                              cyc=110 op=IDK_HAZARD_RS1         instr=0x19b132db pc=0xd5ad596c valid=1 fault=0 wb_w=0 wb_rd=25 ex_r=1 ex_rd=2 -> reg_write=0 illegal=1 stall=1 redirect=0
[PASS] seq=crv_seq_1                              cyc=111 op=IDK_HAZARD_X0_EXCLUDED instr=0x2c83d891 pc=0xf7f9e5f0 valid=1 fault=1 wb_w=0 wb_rd=5 ex_r=1 ex_rd=0 -> reg_write=0 illegal=1 stall=0 redirect=0
[PASS] seq=crv_seq_1                              cyc=112 op=IDK_JAL                instr=0x2c40026f pc=0x03a29ed4 valid=1 fault=1 wb_w=1 wb_rd=6 ex_r=1 ex_rd=14 -> reg_write=1 illegal=0 stall=0 redirect=1
[PASS] seq=crv_seq_1                              cyc=113 op=IDK_FORWARD_BRANCH     instr=0x02d03ce3 pc=0xfd85a138 valid=1 fault=0 wb_w=0 wb_rd=24 ex_r=0 ex_rd=1 -> reg_write=0 illegal=0 stall=0 redirect=0
[PASS] seq=crv_seq_1                              cyc=114 op=IDK_JALR               instr=0xc4bcc667 pc=0xc4c498d8 valid=1 fault=0 wb_w=1 wb_rd=2 ex_r=1 ex_rd=26 -> reg_write=1 illegal=0 stall=0 redirect=0
[PASS] seq=crv_seq_1                              cyc=115 op=IDK_ILLEGAL            instr=0x0323fe33 pc=0x8e0144e0 valid=1 fault=1 wb_w=0 wb_rd=16 ex_r=0 ex_rd=2 -> reg_write=0 illegal=1 stall=0 redirect=0
[PASS] seq=crv_seq_1                              cyc=116 op=IDK_LEGAL_ALU          instr=0x41b5adb3 pc=0xf1d50470 valid=1 fault=0 wb_w=1 wb_rd=19 ex_r=0 ex_rd=2 -> reg_write=1 illegal=0 stall=0 redirect=0
[PASS] seq=crv_seq_1                              cyc=117 op=IDK_HAZARD_RS1         instr=0x0a05a9dc pc=0xeb1c3ca4 valid=1 fault=1 wb_w=1 wb_rd=5 ex_r=1 ex_rd=11 -> reg_write=0 illegal=1 stall=1 redirect=0
[PASS] seq=crv_seq_1                              cyc=118 op=IDK_JALR               instr=0x3a65ab67 pc=0x7e430088 valid=1 fault=1 wb_w=1 wb_rd=7 ex_r=1 ex_rd=4 -> reg_write=1 illegal=0 stall=0 redirect=0
[PASS] seq=crv_seq_1                              cyc=119 op=IDK_RANDOM             instr=0x42cd9dc5 pc=0x802a8984 valid=1 fault=1 wb_w=0 wb_rd=23 ex_r=0 ex_rd=4 -> reg_write=0 illegal=1 stall=0 redirect=0
[PASS] seq=crv_seq_1                              cyc=120 op=IDK_CSR_OP             instr=0x8c68bb73 pc=0xbbeb8b10 valid=1 fault=1 wb_w=1 wb_rd=3 ex_r=0 ex_rd=2 -> reg_write=1 illegal=0 stall=0 redirect=0
[PASS] seq=crv_seq_1                              cyc=121 op=IDK_BYPASS_RS1         instr=0x15c8bb71 pc=0x219b1104 valid=1 fault=0 wb_w=1 wb_rd=17 ex_r=0 ex_rd=18 -> reg_write=0 illegal=1 stall=0 redirect=0
[PASS] seq=crv_seq_1                              cyc=122 op=IDK_HAZARD_BOTH        instr=0x26d6f248 pc=0x8a6f1550 valid=1 fault=0 wb_w=0 wb_rd=5 ex_r=1 ex_rd=13 -> reg_write=0 illegal=1 stall=1 redirect=0
[PASS] seq=crv_seq_1                              cyc=123 op=IDK_JAL                instr=0x63df2d6f pc=0xdd80e87c valid=1 fault=1 wb_w=1 wb_rd=14 ex_r=1 ex_rd=22 -> reg_write=1 illegal=0 stall=0 redirect=1
[PASS] seq=crv_seq_1                              cyc=124 op=IDK_JALR               instr=0xbe2a5ae7 pc=0xeb9ae6c4 valid=1 fault=1 wb_w=0 wb_rd=25 ex_r=1 ex_rd=12 -> reg_write=1 illegal=0 stall=0 redirect=0
[PASS] seq=crv_seq_1                              cyc=125 op=IDK_ILLEGAL            instr=0x02fc7433 pc=0x1780f884 valid=1 fault=0 wb_w=1 wb_rd=26 ex_r=1 ex_rd=30 -> reg_write=0 illegal=1 stall=0 redirect=0
[PASS] seq=crv_seq_1                              cyc=126 op=IDK_JAL                instr=0x8ee4ff6f pc=0xdb2d6f00 valid=1 fault=1 wb_w=0 wb_rd=21 ex_r=0 ex_rd=29 -> reg_write=1 illegal=0 stall=0 redirect=1
[PASS] seq=crv_seq_1                              cyc=127 op=IDK_CSR_OP             instr=0x7df0ac73 pc=0xd6c9fcc4 valid=1 fault=0 wb_w=0 wb_rd=25 ex_r=0 ex_rd=25 -> reg_write=1 illegal=0 stall=0 redirect=0
[PASS] seq=crv_seq_1                              cyc=128 op=IDK_HAZARD_X0_EXCLUDED instr=0x2caa34e0 pc=0xbcd9c828 valid=1 fault=0 wb_w=0 wb_rd=0 ex_r=1 ex_rd=0 -> reg_write=0 illegal=1 stall=0 redirect=0
[PASS] seq=crv_seq_1                              cyc=129 op=IDK_BACKWARD_BRANCH    instr=0xbc4e5663 pc=0x11c971c0 valid=1 fault=1 wb_w=0 wb_rd=8 ex_r=0 ex_rd=22 -> reg_write=0 illegal=0 stall=0 redirect=1
[PASS] seq=crv_seq_1                              cyc=130 op=IDK_LEGAL_ALU          instr=0x00dbb633 pc=0x6e6b6904 valid=1 fault=1 wb_w=1 wb_rd=18 ex_r=1 ex_rd=24 -> reg_write=1 illegal=0 stall=0 redirect=0
[PASS] seq=crv_seq_1                              cyc=131 op=IDK_LEGAL_ALU          instr=0x41626733 pc=0xceacd204 valid=1 fault=1 wb_w=0 wb_rd=7 ex_r=0 ex_rd=30 -> reg_write=1 illegal=0 stall=0 redirect=0
[PASS] seq=crv_seq_1                              cyc=132 op=IDK_FORWARD_BRANCH     instr=0x6a8a7863 pc=0x00208ce4 valid=1 fault=0 wb_w=1 wb_rd=28 ex_r=0 ex_rd=21 -> reg_write=0 illegal=0 stall=0 redirect=0
[PASS] seq=crv_seq_1                              cyc=133 op=IDK_BACKWARD_BRANCH    instr=0xde6aa463 pc=0xb80c59cc valid=1 fault=1 wb_w=0 wb_rd=14 ex_r=0 ex_rd=29 -> reg_write=0 illegal=0 stall=0 redirect=1
[PASS] seq=crv_seq_1                              cyc=134 op=IDK_JAL                instr=0x61278b6f pc=0x729cb5e4 valid=1 fault=1 wb_w=1 wb_rd=26 ex_r=0 ex_rd=9 -> reg_write=1 illegal=0 stall=0 redirect=1
[PASS] seq=crv_seq_1                              cyc=135 op=IDK_ILLEGAL            instr=0x02dee033 pc=0x5594743c valid=1 fault=0 wb_w=1 wb_rd=20 ex_r=1 ex_rd=21 -> reg_write=0 illegal=1 stall=0 redirect=0
[PASS] seq=crv_seq_1                              cyc=136 op=IDK_ILLEGAL            instr=0x020b6433 pc=0x51ad208c valid=1 fault=1 wb_w=1 wb_rd=3 ex_r=1 ex_rd=30 -> reg_write=0 illegal=1 stall=0 redirect=0
[PASS] seq=crv_seq_1                              cyc=137 op=IDK_JALR               instr=0xe1e48367 pc=0x832b5380 valid=1 fault=0 wb_w=1 wb_rd=21 ex_r=1 ex_rd=8 -> reg_write=1 illegal=0 stall=0 redirect=0
[PASS] seq=crv_seq_1                              cyc=138 op=IDK_FORWARD_BRANCH     instr=0x7cc6ede3 pc=0x08f61150 valid=1 fault=0 wb_w=0 wb_rd=26 ex_r=1 ex_rd=15 -> reg_write=0 illegal=0 stall=0 redirect=0
[PASS] seq=crv_seq_1                              cyc=139 op=IDK_JALR               instr=0xb97e4567 pc=0x2b6653e8 valid=1 fault=0 wb_w=1 wb_rd=17 ex_r=0 ex_rd=20 -> reg_write=1 illegal=0 stall=0 redirect=0
[PASS] seq=crv_seq_1                              cyc=140 op=IDK_CSR_OP             instr=0xdeb81b73 pc=0x76768a74 valid=1 fault=0 wb_w=0 wb_rd=16 ex_r=0 ex_rd=13 -> reg_write=1 illegal=0 stall=0 redirect=0
[PASS] seq=crv_seq_1                              cyc=141 op=IDK_LEGAL_ALU          instr=0x419c8cb3 pc=0xa0397a48 valid=1 fault=0 wb_w=1 wb_rd=21 ex_r=1 ex_rd=4 -> reg_write=1 illegal=0 stall=0 redirect=0
[PASS] seq=crv_seq_1                              cyc=142 op=IDK_FORWARD_BRANCH     instr=0x4d03c5e3 pc=0x4a131b10 valid=1 fault=0 wb_w=1 wb_rd=28 ex_r=0 ex_rd=12 -> reg_write=0 illegal=0 stall=0 redirect=0
[PASS] seq=crv_seq_1                              cyc=143 op=IDK_BYPASS_BOTH        instr=0x31083676 pc=0x8a56fcbc valid=1 fault=1 wb_w=1 wb_rd=16 ex_r=1 ex_rd=22 -> reg_write=0 illegal=1 stall=0 redirect=0
[PASS] seq=crv_seq_1                              cyc=144 op=IDK_HAZARD_RS2         instr=0xd81e2e60 pc=0xb73aa7c4 valid=1 fault=1 wb_w=1 wb_rd=24 ex_r=1 ex_rd=1 -> reg_write=0 illegal=1 stall=1 redirect=0
[PASS] seq=crv_seq_1                              cyc=145 op=IDK_BYPASS_BOTH        instr=0x9e73e950 pc=0xfaff4664 valid=1 fault=1 wb_w=1 wb_rd=7 ex_r=0 ex_rd=31 -> reg_write=0 illegal=1 stall=0 redirect=0
[PASS] seq=crv_seq_1                              cyc=146 op=IDK_RANDOM             instr=0x9b570e83 pc=0xde840f94 valid=1 fault=1 wb_w=0 wb_rd=10 ex_r=1 ex_rd=29 -> reg_write=1 illegal=0 stall=0 redirect=0
[PASS] seq=crv_seq_1                              cyc=147 op=IDK_LEGAL_ALU          instr=0x40056133 pc=0xaded9024 valid=1 fault=1 wb_w=0 wb_rd=16 ex_r=1 ex_rd=22 -> reg_write=1 illegal=0 stall=0 redirect=0
[PASS] seq=crv_seq_1                              cyc=148 op=IDK_LEGAL_ALU          instr=0x402326b3 pc=0x943efc74 valid=1 fault=0 wb_w=0 wb_rd=12 ex_r=0 ex_rd=27 -> reg_write=1 illegal=0 stall=0 redirect=0
[PASS] seq=crv_seq_1                              cyc=149 op=IDK_RANDOM             instr=0xca445b32 pc=0x83c9c03c valid=1 fault=0 wb_w=1 wb_rd=10 ex_r=1 ex_rd=31 -> reg_write=0 illegal=1 stall=0 redirect=0
[PASS] seq=crv_seq_1                              cyc=150 op=IDK_HAZARD_X0_EXCLUDED instr=0x26d2f546 pc=0x902179f4 valid=1 fault=1 wb_w=1 wb_rd=22 ex_r=1 ex_rd=0 -> reg_write=0 illegal=1 stall=0 redirect=0
[PASS] seq=crv_seq_1                              cyc=151 op=IDK_BACKWARD_BRANCH    instr=0xcd6fcc63 pc=0xcfb09d70 valid=1 fault=1 wb_w=0 wb_rd=31 ex_r=0 ex_rd=10 -> reg_write=0 illegal=0 stall=0 redirect=1
[PASS] seq=crv_seq_1                              cyc=152 op=IDK_RANDOM             instr=0xd92b96f5 pc=0xee9b6d08 valid=1 fault=1 wb_w=1 wb_rd=1 ex_r=1 ex_rd=1 -> reg_write=0 illegal=1 stall=0 redirect=0
[PASS] seq=crv_seq_1                              cyc=153 op=IDK_JALR               instr=0x835a0b67 pc=0x42ff8338 valid=1 fault=1 wb_w=0 wb_rd=18 ex_r=1 ex_rd=1 -> reg_write=1 illegal=0 stall=0 redirect=0
[PASS] seq=crv_seq_1                              cyc=154 op=IDK_LEGAL_ALU          instr=0x01f41bb3 pc=0x156e5008 valid=1 fault=0 wb_w=1 wb_rd=26 ex_r=1 ex_rd=13 -> reg_write=1 illegal=0 stall=0 redirect=0
[PASS] seq=crv_seq_1                              cyc=155 op=IDK_BYPASS_RS1         instr=0xf4c78487 pc=0x93e14bb4 valid=1 fault=1 wb_w=1 wb_rd=15 ex_r=1 ex_rd=8 -> reg_write=0 illegal=1 stall=0 redirect=0
[PASS] seq=crv_seq_1                              cyc=156 op=IDK_HAZARD_RS1         instr=0x6aa0bb38 pc=0x6bc85b0c valid=1 fault=1 wb_w=0 wb_rd=12 ex_r=1 ex_rd=1 -> reg_write=0 illegal=1 stall=1 redirect=0
[PASS] seq=crv_seq_1                              cyc=157 op=IDK_BYPASS_RS2         instr=0x63faa2df pc=0x1895cc5c valid=1 fault=0 wb_w=1 wb_rd=31 ex_r=1 ex_rd=23 -> reg_write=0 illegal=1 stall=0 redirect=0
[PASS] seq=crv_seq_1                              cyc=158 op=IDK_HAZARD_RS1         instr=0x475c8794 pc=0xb67625b0 valid=1 fault=0 wb_w=0 wb_rd=25 ex_r=1 ex_rd=25 -> reg_write=0 illegal=1 stall=1 redirect=0
[PASS] seq=crv_seq_1                              cyc=159 op=IDK_BYPASS_RS2         instr=0xa8d6db2f pc=0xaf8a3618 valid=1 fault=1 wb_w=1 wb_rd=13 ex_r=0 ex_rd=23 -> reg_write=0 illegal=1 stall=0 redirect=0
[PASS] seq=crv_seq_1                              cyc=160 op=IDK_HAZARD_RS2         instr=0x712cdd64 pc=0xe0458bf4 valid=1 fault=1 wb_w=1 wb_rd=2 ex_r=1 ex_rd=18 -> reg_write=0 illegal=1 stall=1 redirect=0
[PASS] seq=crv_seq_1                              cyc=161 op=IDK_RANDOM             instr=0x09e00ab1 pc=0x0d25bc94 valid=1 fault=0 wb_w=1 wb_rd=22 ex_r=0 ex_rd=13 -> reg_write=0 illegal=1 stall=0 redirect=0
[PASS] seq=crv_seq_1                              cyc=162 op=IDK_BACKWARD_BRANCH    instr=0xe55884e3 pc=0xdae92070 valid=1 fault=1 wb_w=1 wb_rd=17 ex_r=1 ex_rd=9 -> reg_write=0 illegal=0 stall=0 redirect=1
[PASS] seq=crv_seq_1                              cyc=163 op=IDK_HAZARD_RS2         instr=0x7f5bb9a9 pc=0x08b4f9fc valid=1 fault=1 wb_w=0 wb_rd=24 ex_r=1 ex_rd=21 -> reg_write=0 illegal=1 stall=1 redirect=0
[PASS] seq=crv_seq_1                              cyc=164 op=IDK_BYPASS_RS1         instr=0x05e9d65c pc=0x608a5a28 valid=1 fault=1 wb_w=1 wb_rd=19 ex_r=1 ex_rd=21 -> reg_write=0 illegal=1 stall=0 redirect=0
[PASS] seq=crv_seq_1                              cyc=165 op=IDK_ILLEGAL            instr=0x034ffd33 pc=0x4cb7f8cc valid=1 fault=1 wb_w=0 wb_rd=13 ex_r=0 ex_rd=6 -> reg_write=0 illegal=1 stall=0 redirect=0
[PASS] seq=crv_seq_1                              cyc=166 op=IDK_BYPASS_RS1         instr=0x7a9efdaf pc=0xb62b79b8 valid=1 fault=1 wb_w=1 wb_rd=29 ex_r=1 ex_rd=22 -> reg_write=0 illegal=1 stall=0 redirect=0
[PASS] seq=crv_seq_1                              cyc=167 op=IDK_RANDOM             instr=0xf893d3dc pc=0x0b3ab8b0 valid=1 fault=1 wb_w=0 wb_rd=7 ex_r=0 ex_rd=27 -> reg_write=0 illegal=1 stall=0 redirect=0
[PASS] seq=crv_seq_1                              cyc=168 op=IDK_JALR               instr=0x6628abe7 pc=0x9a6d1eac valid=1 fault=0 wb_w=0 wb_rd=8 ex_r=1 ex_rd=21 -> reg_write=1 illegal=0 stall=0 redirect=0
[PASS] seq=crv_seq_1                              cyc=169 op=IDK_HAZARD_RS2         instr=0xe702c9a3 pc=0x630b0688 valid=1 fault=1 wb_w=1 wb_rd=13 ex_r=1 ex_rd=16 -> reg_write=0 illegal=0 stall=1 redirect=0
[PASS] seq=crv_seq_1                              cyc=170 op=IDK_ILLEGAL            instr=0x039878b3 pc=0x0e0e6f98 valid=1 fault=1 wb_w=1 wb_rd=17 ex_r=1 ex_rd=13 -> reg_write=0 illegal=1 stall=0 redirect=0
[PASS] seq=crv_seq_1                              cyc=171 op=IDK_BYPASS_RS1         instr=0x2f358629 pc=0x90de4a98 valid=1 fault=0 wb_w=1 wb_rd=11 ex_r=1 ex_rd=26 -> reg_write=0 illegal=1 stall=0 redirect=0
[PASS] seq=crv_seq_1                              cyc=172 op=IDK_HAZARD_RS2         instr=0x038eb34d pc=0x5655b504 valid=1 fault=1 wb_w=1 wb_rd=14 ex_r=1 ex_rd=24 -> reg_write=0 illegal=1 stall=1 redirect=0
[PASS] seq=crv_seq_1                              cyc=173 op=IDK_HAZARD_RS1         instr=0x136a8308 pc=0x9b2df848 valid=1 fault=0 wb_w=0 wb_rd=29 ex_r=1 ex_rd=21 -> reg_write=0 illegal=1 stall=1 redirect=0
[PASS] seq=crv_seq_1                              cyc=174 op=IDK_BYPASS_BOTH        instr=0xc329119f pc=0xada2adb8 valid=1 fault=0 wb_w=1 wb_rd=18 ex_r=1 ex_rd=14 -> reg_write=0 illegal=1 stall=0 redirect=0
[PASS] seq=crv_seq_1                              cyc=175 op=IDK_BYPASS_BOTH        instr=0x5a10e018 pc=0x8742c0b8 valid=1 fault=1 wb_w=1 wb_rd=1 ex_r=0 ex_rd=18 -> reg_write=0 illegal=1 stall=0 redirect=0
[PASS] seq=crv_seq_1                              cyc=176 op=IDK_HAZARD_RS1         instr=0x7dcba7ac pc=0xa574c7c0 valid=1 fault=1 wb_w=0 wb_rd=5 ex_r=1 ex_rd=23 -> reg_write=0 illegal=1 stall=1 redirect=0
[PASS] seq=crv_seq_1                              cyc=177 op=IDK_RANDOM             instr=0xe286f823 pc=0x60c758a4 valid=1 fault=1 wb_w=1 wb_rd=1 ex_r=0 ex_rd=19 -> reg_write=0 illegal=0 stall=0 redirect=0
[PASS] seq=crv_seq_1                              cyc=178 op=IDK_BYPASS_BOTH        instr=0x44841046 pc=0x4f6a8138 valid=1 fault=0 wb_w=1 wb_rd=8 ex_r=0 ex_rd=22 -> reg_write=0 illegal=1 stall=0 redirect=0
[PASS] seq=crv_seq_1                              cyc=179 op=IDK_HAZARD_RS2         instr=0xbd6758a3 pc=0x4c33326c valid=1 fault=1 wb_w=1 wb_rd=19 ex_r=1 ex_rd=22 -> reg_write=0 illegal=0 stall=1 redirect=0
[PASS] seq=crv_seq_1                              cyc=180 op=IDK_HAZARD_RS1         instr=0x07f692a4 pc=0x8598f9fc valid=1 fault=1 wb_w=0 wb_rd=15 ex_r=1 ex_rd=13 -> reg_write=0 illegal=1 stall=1 redirect=0
[PASS] seq=crv_seq_1                              cyc=181 op=IDK_JALR               instr=0x792a4467 pc=0x5640ebb0 valid=1 fault=0 wb_w=1 wb_rd=20 ex_r=1 ex_rd=10 -> reg_write=1 illegal=0 stall=0 redirect=0
[PASS] seq=crv_seq_1                              cyc=182 op=IDK_LEGAL_ALU          instr=0x013aef33 pc=0x9bbbf770 valid=1 fault=1 wb_w=0 wb_rd=21 ex_r=0 ex_rd=8 -> reg_write=1 illegal=0 stall=0 redirect=0
[PASS] seq=crv_seq_1                              cyc=183 op=IDK_RANDOM             instr=0xe81ce9a2 pc=0x891e56e4 valid=1 fault=0 wb_w=1 wb_rd=13 ex_r=1 ex_rd=28 -> reg_write=0 illegal=1 stall=0 redirect=0
[PASS] seq=crv_seq_1                              cyc=184 op=IDK_HAZARD_BOTH        instr=0x9d6b396e pc=0x8cba3b9c valid=1 fault=0 wb_w=0 wb_rd=16 ex_r=1 ex_rd=22 -> reg_write=0 illegal=1 stall=1 redirect=0
[PASS] seq=crv_seq_1                              cyc=185 op=IDK_BYPASS_BOTH        instr=0x617b90ec pc=0x903f8154 valid=1 fault=1 wb_w=1 wb_rd=23 ex_r=1 ex_rd=30 -> reg_write=0 illegal=1 stall=0 redirect=0
[PASS] seq=crv_seq_1                              cyc=186 op=IDK_RANDOM             instr=0xa7809f30 pc=0x45f63504 valid=1 fault=1 wb_w=0 wb_rd=7 ex_r=1 ex_rd=3 -> reg_write=0 illegal=1 stall=0 redirect=0
[PASS] seq=crv_seq_1                              cyc=187 op=IDK_RANDOM             instr=0x13eceaa7 pc=0x8281e65c valid=1 fault=1 wb_w=1 wb_rd=29 ex_r=0 ex_rd=27 -> reg_write=0 illegal=1 stall=0 redirect=0
[PASS] seq=crv_seq_1                              cyc=188 op=IDK_HAZARD_RS2         instr=0xb6761676 pc=0x87dc2c04 valid=1 fault=1 wb_w=1 wb_rd=10 ex_r=1 ex_rd=7 -> reg_write=0 illegal=1 stall=1 redirect=0
[PASS] seq=crv_seq_1                              cyc=189 op=IDK_RANDOM             instr=0x4f372cde pc=0x43fd2800 valid=1 fault=0 wb_w=1 wb_rd=31 ex_r=0 ex_rd=23 -> reg_write=0 illegal=1 stall=0 redirect=0
[PASS] seq=crv_seq_1                              cyc=190 op=IDK_HAZARD_BOTH        instr=0x2ab5b166 pc=0x37a8ef54 valid=1 fault=1 wb_w=0 wb_rd=18 ex_r=1 ex_rd=11 -> reg_write=0 illegal=1 stall=1 redirect=0
[PASS] seq=crv_seq_1                              cyc=191 op=IDK_BYPASS_RS1         instr=0x4ec85dd7 pc=0x4050849c valid=1 fault=0 wb_w=1 wb_rd=16 ex_r=1 ex_rd=16 -> reg_write=0 illegal=1 stall=1 redirect=0
[PASS] seq=crv_seq_1                              cyc=192 op=IDK_HAZARD_RS2         instr=0xb262c119 pc=0x1b13be4c valid=1 fault=1 wb_w=0 wb_rd=25 ex_r=1 ex_rd=6 -> reg_write=0 illegal=1 stall=1 redirect=0
[PASS] seq=crv_seq_1                              cyc=193 op=IDK_LEGAL_ALU          instr=0x41d5eeb3 pc=0x22b0398c valid=1 fault=1 wb_w=1 wb_rd=4 ex_r=1 ex_rd=17 -> reg_write=1 illegal=0 stall=0 redirect=0
[PASS] seq=crv_seq_1                              cyc=194 op=IDK_HAZARD_RS2         instr=0x586f966d pc=0xb7c3f6e8 valid=1 fault=0 wb_w=0 wb_rd=30 ex_r=1 ex_rd=6 -> reg_write=0 illegal=1 stall=1 redirect=0
[PASS] seq=crv_seq_1                              cyc=195 op=IDK_RANDOM             instr=0x8996e6de pc=0xae1b7608 valid=1 fault=1 wb_w=1 wb_rd=13 ex_r=1 ex_rd=4 -> reg_write=0 illegal=1 stall=0 redirect=0
[PASS] seq=crv_seq_1                              cyc=196 op=IDK_RANDOM             instr=0x0a69f4fb pc=0x361e7a2c valid=1 fault=1 wb_w=1 wb_rd=23 ex_r=1 ex_rd=6 -> reg_write=0 illegal=1 stall=1 redirect=0
[PASS] seq=crv_seq_1                              cyc=197 op=IDK_BYPASS_RS1         instr=0xf8108db7 pc=0x6cf422c0 valid=1 fault=1 wb_w=1 wb_rd=1 ex_r=0 ex_rd=24 -> reg_write=1 illegal=0 stall=0 redirect=0
[PASS] seq=crv_seq_1                              cyc=198 op=IDK_LEGAL_ALU          instr=0x0082e9b3 pc=0xca72aabc valid=1 fault=0 wb_w=0 wb_rd=20 ex_r=0 ex_rd=25 -> reg_write=1 illegal=0 stall=0 redirect=0
[PASS] seq=crv_seq_1                              cyc=199 op=IDK_ILLEGAL            instr=0x02b44c33 pc=0x4d87beb8 valid=1 fault=1 wb_w=0 wb_rd=16 ex_r=0 ex_rd=28 -> reg_write=0 illegal=1 stall=0 redirect=0
[PASS] seq=crv_seq_2                              cyc=0 op=IDK_JAL                instr=0x5ba7676f pc=0xb4666670 valid=1 fault=0 wb_w=1 wb_rd=24 ex_r=1 ex_rd=4 -> reg_write=1 illegal=0 stall=0 redirect=1
[PASS] seq=crv_seq_2                              cyc=1 op=IDK_JALR               instr=0x4e6d3f67 pc=0x31ec52cc valid=1 fault=1 wb_w=1 wb_rd=22 ex_r=0 ex_rd=21 -> reg_write=1 illegal=0 stall=0 redirect=0
[PASS] seq=crv_seq_2                              cyc=2 op=IDK_ILLEGAL            instr=0x0233f733 pc=0xb80b98dc valid=1 fault=1 wb_w=1 wb_rd=24 ex_r=0 ex_rd=31 -> reg_write=0 illegal=1 stall=0 redirect=0
[PASS] seq=crv_seq_2                              cyc=3 op=IDK_JALR               instr=0x77a9d867 pc=0x3d2469f0 valid=1 fault=0 wb_w=1 wb_rd=7 ex_r=0 ex_rd=8 -> reg_write=1 illegal=0 stall=0 redirect=0
[PASS] seq=crv_seq_2                              cyc=4 op=IDK_RANDOM             instr=0xf87ee257 pc=0xe0a69030 valid=1 fault=0 wb_w=0 wb_rd=17 ex_r=1 ex_rd=21 -> reg_write=0 illegal=1 stall=0 redirect=0
[PASS] seq=crv_seq_2                              cyc=5 op=IDK_HAZARD_RS1         instr=0x2d2804cb pc=0x81a83b50 valid=1 fault=1 wb_w=1 wb_rd=0 ex_r=1 ex_rd=16 -> reg_write=0 illegal=1 stall=1 redirect=0
[PASS] seq=crv_seq_2                              cyc=6 op=IDK_BACKWARD_BRANCH    instr=0x8d4728e3 pc=0x5df41540 valid=1 fault=1 wb_w=0 wb_rd=5 ex_r=1 ex_rd=4 -> reg_write=0 illegal=0 stall=0 redirect=1
[PASS] seq=crv_seq_2                              cyc=7 op=IDK_BYPASS_RS2         instr=0xcf209465 pc=0x4056cdfc valid=1 fault=1 wb_w=1 wb_rd=18 ex_r=0 ex_rd=4 -> reg_write=0 illegal=1 stall=0 redirect=0
[PASS] seq=crv_seq_2                              cyc=8 op=IDK_ILLEGAL            instr=0x02b165b3 pc=0x28c2f894 valid=1 fault=0 wb_w=0 wb_rd=9 ex_r=0 ex_rd=5 -> reg_write=0 illegal=1 stall=0 redirect=0
[PASS] seq=crv_seq_2                              cyc=9 op=IDK_HAZARD_X0_EXCLUDED instr=0x596a9dc1 pc=0x5d69c904 valid=1 fault=0 wb_w=1 wb_rd=23 ex_r=1 ex_rd=0 -> reg_write=0 illegal=1 stall=0 redirect=0
[PASS] seq=crv_seq_2                              cyc=10 op=IDK_CSR_OP             instr=0xf8ae3d73 pc=0xab481a30 valid=1 fault=1 wb_w=1 wb_rd=20 ex_r=0 ex_rd=11 -> reg_write=1 illegal=0 stall=0 redirect=0
[PASS] seq=crv_seq_2                              cyc=11 op=IDK_FORWARD_BRANCH     instr=0x28d22063 pc=0x4d51559c valid=1 fault=0 wb_w=0 wb_rd=15 ex_r=0 ex_rd=9 -> reg_write=0 illegal=0 stall=0 redirect=0
[PASS] seq=crv_seq_2                              cyc=12 op=IDK_HAZARD_RS1         instr=0x1411139e pc=0xd8bc0814 valid=1 fault=0 wb_w=1 wb_rd=11 ex_r=1 ex_rd=2 -> reg_write=0 illegal=1 stall=1 redirect=0
[PASS] seq=crv_seq_2                              cyc=13 op=IDK_HAZARD_BOTH        instr=0x42d6b7a2 pc=0x82eb1b28 valid=1 fault=0 wb_w=0 wb_rd=2 ex_r=1 ex_rd=13 -> reg_write=0 illegal=1 stall=1 redirect=0
[PASS] seq=crv_seq_2                              cyc=14 op=IDK_JALR               instr=0x8a97d6e7 pc=0x7557c218 valid=1 fault=1 wb_w=1 wb_rd=3 ex_r=0 ex_rd=7 -> reg_write=1 illegal=0 stall=0 redirect=0
[PASS] seq=crv_seq_2                              cyc=15 op=IDK_LEGAL_ALU          instr=0x00d6e433 pc=0x0d7ac410 valid=1 fault=1 wb_w=0 wb_rd=30 ex_r=0 ex_rd=24 -> reg_write=1 illegal=0 stall=0 redirect=0
[PASS] seq=crv_seq_2                              cyc=16 op=IDK_BACKWARD_BRANCH    instr=0xa76f83e3 pc=0x8b27b47c valid=1 fault=1 wb_w=0 wb_rd=5 ex_r=1 ex_rd=1 -> reg_write=0 illegal=0 stall=0 redirect=1
[PASS] seq=crv_seq_2                              cyc=17 op=IDK_ILLEGAL            instr=0x0263ff33 pc=0x6ceecdb8 valid=1 fault=0 wb_w=0 wb_rd=20 ex_r=1 ex_rd=7 -> reg_write=0 illegal=1 stall=1 redirect=0
[PASS] seq=crv_seq_2                              cyc=18 op=IDK_CSR_OP             instr=0x8489f673 pc=0xcf861b70 valid=1 fault=0 wb_w=1 wb_rd=30 ex_r=1 ex_rd=14 -> reg_write=1 illegal=0 stall=0 redirect=0
[PASS] seq=crv_seq_2                              cyc=19 op=IDK_HAZARD_RS2         instr=0xeb334098 pc=0xf90b40c4 valid=1 fault=1 wb_w=1 wb_rd=5 ex_r=1 ex_rd=19 -> reg_write=0 illegal=1 stall=1 redirect=0
[PASS] seq=crv_seq_2                              cyc=20 op=IDK_BYPASS_RS2         instr=0xa08a373f pc=0x2c1ed2a8 valid=1 fault=1 wb_w=1 wb_rd=8 ex_r=1 ex_rd=11 -> reg_write=0 illegal=1 stall=0 redirect=0
[PASS] seq=crv_seq_2                              cyc=21 op=IDK_BACKWARD_BRANCH    instr=0x82a192e3 pc=0xa660d64c valid=1 fault=0 wb_w=1 wb_rd=12 ex_r=1 ex_rd=20 -> reg_write=0 illegal=0 stall=0 redirect=1
[PASS] seq=crv_seq_2                              cyc=22 op=IDK_RANDOM             instr=0xd3f37833 pc=0xb90e42e8 valid=1 fault=1 wb_w=1 wb_rd=8 ex_r=1 ex_rd=22 -> reg_write=0 illegal=1 stall=0 redirect=0
[PASS] seq=crv_seq_2                              cyc=23 op=IDK_RANDOM             instr=0xd284e0f0 pc=0xfb231f8c valid=1 fault=0 wb_w=0 wb_rd=10 ex_r=0 ex_rd=18 -> reg_write=0 illegal=1 stall=0 redirect=0
[PASS] seq=crv_seq_2                              cyc=24 op=IDK_RANDOM             instr=0x2dad5e2f pc=0x7ccbce30 valid=1 fault=0 wb_w=1 wb_rd=10 ex_r=0 ex_rd=3 -> reg_write=0 illegal=1 stall=0 redirect=0
[PASS] seq=crv_seq_2                              cyc=25 op=IDK_BACKWARD_BRANCH    instr=0x84a4f9e3 pc=0xb46e96cc valid=1 fault=1 wb_w=0 wb_rd=19 ex_r=0 ex_rd=8 -> reg_write=0 illegal=0 stall=0 redirect=1
[PASS] seq=crv_seq_2                              cyc=26 op=IDK_FORWARD_BRANCH     instr=0x1bb6e863 pc=0xa31ff120 valid=1 fault=1 wb_w=0 wb_rd=4 ex_r=0 ex_rd=3 -> reg_write=0 illegal=0 stall=0 redirect=0
[PASS] seq=crv_seq_2                              cyc=27 op=IDK_BYPASS_RS1         instr=0x3615a8ab pc=0x5c2a6464 valid=1 fault=0 wb_w=1 wb_rd=11 ex_r=0 ex_rd=12 -> reg_write=0 illegal=1 stall=0 redirect=0
[PASS] seq=crv_seq_2                              cyc=28 op=IDK_BYPASS_RS2         instr=0xe3ca756d pc=0xcb143ee4 valid=1 fault=1 wb_w=1 wb_rd=28 ex_r=1 ex_rd=27 -> reg_write=0 illegal=1 stall=0 redirect=0
[PASS] seq=crv_seq_2                              cyc=29 op=IDK_RANDOM             instr=0xbc7b2b3b pc=0xa2753bc0 valid=1 fault=0 wb_w=0 wb_rd=9 ex_r=1 ex_rd=29 -> reg_write=0 illegal=1 stall=0 redirect=0
[PASS] seq=crv_seq_2                              cyc=30 op=IDK_HAZARD_X0_EXCLUDED instr=0xb68967ef pc=0x9d3403d8 valid=1 fault=1 wb_w=0 wb_rd=29 ex_r=1 ex_rd=0 -> reg_write=1 illegal=0 stall=0 redirect=1
[PASS] seq=crv_seq_2                              cyc=31 op=IDK_HAZARD_RS1         instr=0xe674dea1 pc=0xc494b13c valid=1 fault=1 wb_w=1 wb_rd=9 ex_r=1 ex_rd=9 -> reg_write=0 illegal=1 stall=1 redirect=0
[PASS] seq=crv_seq_2                              cyc=32 op=IDK_BYPASS_RS1         instr=0x3343490e pc=0x830651b4 valid=1 fault=0 wb_w=1 wb_rd=6 ex_r=1 ex_rd=7 -> reg_write=0 illegal=1 stall=0 redirect=0
[PASS] seq=crv_seq_2                              cyc=33 op=IDK_LEGAL_ALU          instr=0x017ed933 pc=0xc89c7cf8 valid=1 fault=0 wb_w=0 wb_rd=23 ex_r=1 ex_rd=22 -> reg_write=1 illegal=0 stall=0 redirect=0
[PASS] seq=crv_seq_2                              cyc=34 op=IDK_LEGAL_ALU          instr=0x00419233 pc=0xdadb4c60 valid=1 fault=1 wb_w=1 wb_rd=30 ex_r=0 ex_rd=15 -> reg_write=1 illegal=0 stall=0 redirect=0
[PASS] seq=crv_seq_2                              cyc=35 op=IDK_ILLEGAL            instr=0x023462b3 pc=0x5125fcb4 valid=1 fault=1 wb_w=1 wb_rd=22 ex_r=0 ex_rd=11 -> reg_write=0 illegal=1 stall=0 redirect=0
[PASS] seq=crv_seq_2                              cyc=36 op=IDK_BYPASS_RS1         instr=0x95a5e2ba pc=0xe80973b4 valid=1 fault=1 wb_w=1 wb_rd=11 ex_r=1 ex_rd=4 -> reg_write=0 illegal=1 stall=0 redirect=0
[PASS] seq=crv_seq_2                              cyc=37 op=IDK_BYPASS_RS2         instr=0x63a09054 pc=0x2f7d5b4c valid=1 fault=0 wb_w=1 wb_rd=26 ex_r=0 ex_rd=24 -> reg_write=0 illegal=1 stall=0 redirect=0
[PASS] seq=crv_seq_2                              cyc=38 op=IDK_HAZARD_RS1         instr=0x87cf8ad4 pc=0x2d0bf7dc valid=1 fault=0 wb_w=0 wb_rd=17 ex_r=1 ex_rd=31 -> reg_write=0 illegal=1 stall=1 redirect=0
[PASS] seq=crv_seq_2                              cyc=39 op=IDK_JALR               instr=0x8dd3c167 pc=0x0b740c00 valid=1 fault=1 wb_w=1 wb_rd=26 ex_r=0 ex_rd=16 -> reg_write=1 illegal=0 stall=0 redirect=0
[PASS] seq=crv_seq_2                              cyc=40 op=IDK_HAZARD_BOTH        instr=0xa24276f0 pc=0xe3258754 valid=1 fault=0 wb_w=1 wb_rd=5 ex_r=1 ex_rd=4 -> reg_write=0 illegal=1 stall=1 redirect=0
[PASS] seq=crv_seq_2                              cyc=41 op=IDK_BACKWARD_BRANCH    instr=0xf9df88e3 pc=0xb6160120 valid=1 fault=0 wb_w=1 wb_rd=8 ex_r=0 ex_rd=9 -> reg_write=0 illegal=0 stall=0 redirect=1
[PASS] seq=crv_seq_2                              cyc=42 op=IDK_HAZARD_RS1         instr=0x496b71af pc=0x12539878 valid=1 fault=0 wb_w=1 wb_rd=7 ex_r=1 ex_rd=22 -> reg_write=0 illegal=1 stall=1 redirect=0
[PASS] seq=crv_seq_2                              cyc=43 op=IDK_BYPASS_RS2         instr=0x56a41dc0 pc=0x5f12a2bc valid=1 fault=1 wb_w=1 wb_rd=10 ex_r=1 ex_rd=20 -> reg_write=0 illegal=1 stall=0 redirect=0
[PASS] seq=crv_seq_2                              cyc=44 op=IDK_HAZARD_RS1         instr=0xaf84ad67 pc=0xefb31fb0 valid=1 fault=1 wb_w=0 wb_rd=10 ex_r=1 ex_rd=9 -> reg_write=1 illegal=0 stall=1 redirect=0
[PASS] seq=crv_seq_2                              cyc=45 op=IDK_BYPASS_RS1         instr=0xcda3fae1 pc=0x13061488 valid=1 fault=1 wb_w=1 wb_rd=7 ex_r=0 ex_rd=29 -> reg_write=0 illegal=1 stall=0 redirect=0
[PASS] seq=crv_seq_2                              cyc=46 op=IDK_RANDOM             instr=0xd85cc49d pc=0x0cb3b594 valid=1 fault=1 wb_w=1 wb_rd=11 ex_r=1 ex_rd=1 -> reg_write=0 illegal=1 stall=0 redirect=0
[PASS] seq=crv_seq_2                              cyc=47 op=IDK_HAZARD_X0_EXCLUDED instr=0xe038d4a2 pc=0x62f66c80 valid=1 fault=0 wb_w=0 wb_rd=17 ex_r=1 ex_rd=0 -> reg_write=0 illegal=1 stall=0 redirect=0
[PASS] seq=crv_seq_2                              cyc=48 op=IDK_RANDOM             instr=0x8cc285f1 pc=0x07ef26a0 valid=1 fault=1 wb_w=0 wb_rd=24 ex_r=0 ex_rd=1 -> reg_write=0 illegal=1 stall=0 redirect=0
[PASS] seq=crv_seq_2                              cyc=49 op=IDK_BYPASS_BOTH        instr=0x6894af0b pc=0xf7137324 valid=1 fault=0 wb_w=1 wb_rd=9 ex_r=1 ex_rd=17 -> reg_write=0 illegal=0 stall=0 redirect=0
[PASS] seq=crv_seq_2                              cyc=50 op=IDK_HAZARD_BOTH        instr=0x3a637f0e pc=0x50fdcc5c valid=1 fault=0 wb_w=1 wb_rd=9 ex_r=1 ex_rd=6 -> reg_write=0 illegal=1 stall=1 redirect=0
[PASS] seq=crv_seq_2                              cyc=51 op=IDK_JALR               instr=0xfa9e0f67 pc=0x2e94fe4c valid=1 fault=1 wb_w=1 wb_rd=4 ex_r=0 ex_rd=7 -> reg_write=1 illegal=0 stall=0 redirect=0
[PASS] seq=crv_seq_2                              cyc=52 op=IDK_HAZARD_BOTH        instr=0x2631ce62 pc=0xf5d87810 valid=1 fault=0 wb_w=1 wb_rd=21 ex_r=1 ex_rd=3 -> reg_write=0 illegal=1 stall=1 redirect=0
[PASS] seq=crv_seq_2                              cyc=53 op=IDK_HAZARD_BOTH        instr=0xce214fbb pc=0x2f4dc310 valid=1 fault=1 wb_w=1 wb_rd=1 ex_r=1 ex_rd=2 -> reg_write=0 illegal=1 stall=1 redirect=0
[PASS] seq=crv_seq_2                              cyc=54 op=IDK_HAZARD_RS1         instr=0xffd6df88 pc=0xc4270404 valid=1 fault=0 wb_w=1 wb_rd=23 ex_r=1 ex_rd=13 -> reg_write=0 illegal=1 stall=1 redirect=0
[PASS] seq=crv_seq_2                              cyc=55 op=IDK_BYPASS_RS2         instr=0xd52dd637 pc=0xecadd694 valid=1 fault=0 wb_w=1 wb_rd=18 ex_r=0 ex_rd=31 -> reg_write=1 illegal=0 stall=0 redirect=0
[PASS] seq=crv_seq_2                              cyc=56 op=IDK_RANDOM             instr=0x7715e66f pc=0xbbbb62d8 valid=1 fault=1 wb_w=1 wb_rd=22 ex_r=0 ex_rd=10 -> reg_write=1 illegal=0 stall=0 redirect=1
[PASS] seq=crv_seq_2                              cyc=57 op=IDK_BACKWARD_BRANCH    instr=0xe5b2a2e3 pc=0x0a60d6cc valid=1 fault=1 wb_w=1 wb_rd=15 ex_r=0 ex_rd=11 -> reg_write=0 illegal=0 stall=0 redirect=1
[PASS] seq=crv_seq_2                              cyc=58 op=IDK_RANDOM             instr=0x7222b308 pc=0x027f1ad4 valid=1 fault=0 wb_w=1 wb_rd=4 ex_r=1 ex_rd=31 -> reg_write=0 illegal=1 stall=0 redirect=0
[PASS] seq=crv_seq_2                              cyc=59 op=IDK_JAL                instr=0x0acff66f pc=0x373f9634 valid=1 fault=0 wb_w=1 wb_rd=10 ex_r=1 ex_rd=23 -> reg_write=1 illegal=0 stall=0 redirect=1
[PASS] seq=crv_seq_2                              cyc=60 op=IDK_FORWARD_BRANCH     instr=0x653d8ce3 pc=0x50308774 valid=1 fault=1 wb_w=0 wb_rd=17 ex_r=1 ex_rd=27 -> reg_write=0 illegal=0 stall=1 redirect=0
[PASS] seq=crv_seq_2                              cyc=61 op=IDK_HAZARD_RS1         instr=0xb00f25da pc=0x614b7984 valid=1 fault=0 wb_w=0 wb_rd=14 ex_r=1 ex_rd=30 -> reg_write=0 illegal=1 stall=1 redirect=0
[PASS] seq=crv_seq_2                              cyc=62 op=IDK_LEGAL_ALU          instr=0x407ae1b3 pc=0xfb44982c valid=1 fault=1 wb_w=0 wb_rd=23 ex_r=1 ex_rd=6 -> reg_write=1 illegal=0 stall=0 redirect=0
[PASS] seq=crv_seq_2                              cyc=63 op=IDK_RANDOM             instr=0x550d11eb pc=0x55606484 valid=1 fault=1 wb_w=1 wb_rd=25 ex_r=0 ex_rd=22 -> reg_write=0 illegal=1 stall=0 redirect=0
[PASS] seq=crv_seq_2                              cyc=64 op=IDK_HAZARD_BOTH        instr=0x8d398c1f pc=0xb84bb7b8 valid=1 fault=1 wb_w=1 wb_rd=28 ex_r=1 ex_rd=19 -> reg_write=0 illegal=1 stall=1 redirect=0
[PASS] seq=crv_seq_2                              cyc=65 op=IDK_FORWARD_BRANCH     instr=0x2b537fe3 pc=0xc3aa4984 valid=1 fault=0 wb_w=1 wb_rd=9 ex_r=1 ex_rd=12 -> reg_write=0 illegal=0 stall=0 redirect=0
[PASS] seq=crv_seq_2                              cyc=66 op=IDK_LEGAL_ALU          instr=0x014240b3 pc=0x24a5a1d4 valid=1 fault=0 wb_w=0 wb_rd=13 ex_r=0 ex_rd=7 -> reg_write=1 illegal=0 stall=0 redirect=0
[PASS] seq=crv_seq_2                              cyc=67 op=IDK_JALR               instr=0x37e1d4e7 pc=0xba963cd8 valid=1 fault=0 wb_w=0 wb_rd=31 ex_r=0 ex_rd=26 -> reg_write=1 illegal=0 stall=0 redirect=0
[PASS] seq=crv_seq_2                              cyc=68 op=IDK_HAZARD_X0_EXCLUDED instr=0x2a9e4a71 pc=0x92a432a8 valid=1 fault=0 wb_w=1 wb_rd=11 ex_r=1 ex_rd=0 -> reg_write=0 illegal=1 stall=0 redirect=0
[PASS] seq=crv_seq_2                              cyc=69 op=IDK_ILLEGAL            instr=0x02c45e33 pc=0xe7a5b26c valid=1 fault=0 wb_w=1 wb_rd=3 ex_r=1 ex_rd=30 -> reg_write=0 illegal=1 stall=0 redirect=0
[PASS] seq=crv_seq_2                              cyc=70 op=IDK_BYPASS_BOTH        instr=0xb6c6675d pc=0x6154fa54 valid=1 fault=0 wb_w=1 wb_rd=12 ex_r=1 ex_rd=28 -> reg_write=0 illegal=1 stall=0 redirect=0
[PASS] seq=crv_seq_2                              cyc=71 op=IDK_RANDOM             instr=0x05ffffeb pc=0xae0293ac valid=1 fault=0 wb_w=0 wb_rd=6 ex_r=1 ex_rd=0 -> reg_write=0 illegal=1 stall=0 redirect=0
[PASS] seq=crv_seq_2                              cyc=72 op=IDK_HAZARD_RS1         instr=0xcd0ae5af pc=0x3f0512d4 valid=1 fault=1 wb_w=0 wb_rd=31 ex_r=1 ex_rd=21 -> reg_write=0 illegal=1 stall=1 redirect=0
[PASS] seq=crv_seq_2                              cyc=73 op=IDK_CSR_OP             instr=0xa550cff3 pc=0x649bd96c valid=1 fault=1 wb_w=1 wb_rd=9 ex_r=0 ex_rd=4 -> reg_write=1 illegal=0 stall=0 redirect=0
[PASS] seq=crv_seq_2                              cyc=74 op=IDK_BYPASS_RS2         instr=0x259b8ed2 pc=0x44e728dc valid=1 fault=0 wb_w=1 wb_rd=25 ex_r=1 ex_rd=5 -> reg_write=0 illegal=1 stall=0 redirect=0
[PASS] seq=crv_seq_2                              cyc=75 op=IDK_CSR_OP             instr=0xb986c5f3 pc=0x5f9180c8 valid=1 fault=0 wb_w=1 wb_rd=24 ex_r=1 ex_rd=24 -> reg_write=1 illegal=0 stall=1 redirect=0
[PASS] seq=crv_seq_2                              cyc=76 op=IDK_ILLEGAL            instr=0x02905a33 pc=0x34363560 valid=1 fault=0 wb_w=1 wb_rd=25 ex_r=1 ex_rd=7 -> reg_write=0 illegal=1 stall=0 redirect=0
[PASS] seq=crv_seq_2                              cyc=77 op=IDK_LEGAL_ALU          instr=0x00617633 pc=0x6c9020f0 valid=1 fault=0 wb_w=1 wb_rd=12 ex_r=1 ex_rd=4 -> reg_write=1 illegal=0 stall=0 redirect=0
[PASS] seq=crv_seq_2                              cyc=78 op=IDK_FORWARD_BRANCH     instr=0x1c19fee3 pc=0x40014340 valid=1 fault=1 wb_w=1 wb_rd=18 ex_r=1 ex_rd=11 -> reg_write=0 illegal=0 stall=0 redirect=0
[PASS] seq=crv_seq_2                              cyc=79 op=IDK_JALR               instr=0x66f696e7 pc=0x6e998ccc valid=1 fault=0 wb_w=0 wb_rd=23 ex_r=0 ex_rd=27 -> reg_write=1 illegal=0 stall=0 redirect=0
[PASS] seq=crv_seq_2                              cyc=80 op=IDK_BYPASS_BOTH        instr=0xd4420131 pc=0x97a600f4 valid=1 fault=1 wb_w=1 wb_rd=4 ex_r=0 ex_rd=10 -> reg_write=0 illegal=1 stall=0 redirect=0
[PASS] seq=crv_seq_2                              cyc=81 op=IDK_CSR_OP             instr=0x54af3f73 pc=0x64c71c9c valid=1 fault=0 wb_w=0 wb_rd=28 ex_r=0 ex_rd=24 -> reg_write=1 illegal=0 stall=0 redirect=0
[PASS] seq=crv_seq_2                              cyc=82 op=IDK_HAZARD_X0_EXCLUDED instr=0x3dc02117 pc=0xc79a4c2c valid=1 fault=0 wb_w=0 wb_rd=8 ex_r=1 ex_rd=0 -> reg_write=1 illegal=0 stall=0 redirect=0
[PASS] seq=crv_seq_2                              cyc=83 op=IDK_HAZARD_RS2         instr=0xbeda5ee2 pc=0xbb1aadc8 valid=1 fault=1 wb_w=1 wb_rd=10 ex_r=1 ex_rd=13 -> reg_write=0 illegal=1 stall=1 redirect=0
[PASS] seq=crv_seq_2                              cyc=84 op=IDK_ILLEGAL            instr=0x03867a33 pc=0xb12a1a3c valid=1 fault=0 wb_w=0 wb_rd=5 ex_r=1 ex_rd=6 -> reg_write=0 illegal=1 stall=0 redirect=0
[PASS] seq=crv_seq_2                              cyc=85 op=IDK_RANDOM             instr=0x11f939fc pc=0x3233e7cc valid=1 fault=1 wb_w=0 wb_rd=14 ex_r=0 ex_rd=13 -> reg_write=0 illegal=1 stall=0 redirect=0
[PASS] seq=crv_seq_2                              cyc=86 op=IDK_BYPASS_RS1         instr=0x608e0c36 pc=0x3b802bc4 valid=1 fault=0 wb_w=1 wb_rd=28 ex_r=1 ex_rd=26 -> reg_write=0 illegal=1 stall=0 redirect=0
[PASS] seq=crv_seq_2                              cyc=87 op=IDK_HAZARD_RS2         instr=0x64273732 pc=0x31335218 valid=1 fault=1 wb_w=0 wb_rd=19 ex_r=1 ex_rd=2 -> reg_write=0 illegal=1 stall=1 redirect=0
[PASS] seq=crv_seq_2                              cyc=88 op=IDK_ILLEGAL            instr=0x03f1fab3 pc=0x142baf40 valid=1 fault=0 wb_w=0 wb_rd=9 ex_r=1 ex_rd=21 -> reg_write=0 illegal=1 stall=0 redirect=0
[PASS] seq=crv_seq_2                              cyc=89 op=IDK_LEGAL_ALU          instr=0x01829033 pc=0xac02e19c valid=1 fault=0 wb_w=0 wb_rd=21 ex_r=1 ex_rd=31 -> reg_write=1 illegal=0 stall=0 redirect=0
[PASS] seq=crv_seq_2                              cyc=90 op=IDK_RANDOM             instr=0x2b7999f4 pc=0xf028e240 valid=1 fault=1 wb_w=0 wb_rd=25 ex_r=0 ex_rd=0 -> reg_write=0 illegal=1 stall=0 redirect=0
[PASS] seq=crv_seq_2                              cyc=91 op=IDK_CSR_OP             instr=0x072a49f3 pc=0x4a3f5288 valid=1 fault=1 wb_w=0 wb_rd=5 ex_r=1 ex_rd=8 -> reg_write=1 illegal=0 stall=0 redirect=0
[PASS] seq=crv_seq_2                              cyc=92 op=IDK_JALR               instr=0x27e72667 pc=0x9899d4b4 valid=1 fault=0 wb_w=0 wb_rd=3 ex_r=0 ex_rd=8 -> reg_write=1 illegal=0 stall=0 redirect=0
[PASS] seq=crv_seq_2                              cyc=93 op=IDK_JALR               instr=0x98bd7c67 pc=0x2fbbf5dc valid=1 fault=0 wb_w=0 wb_rd=26 ex_r=0 ex_rd=16 -> reg_write=1 illegal=0 stall=0 redirect=0
[PASS] seq=crv_seq_2                              cyc=94 op=IDK_JAL                instr=0xa3abecef pc=0x3bc05a30 valid=1 fault=0 wb_w=1 wb_rd=10 ex_r=0 ex_rd=14 -> reg_write=1 illegal=0 stall=0 redirect=1
[PASS] seq=crv_seq_2                              cyc=95 op=IDK_HAZARD_RS1         instr=0x395c26e2 pc=0x1c29a43c valid=1 fault=0 wb_w=0 wb_rd=22 ex_r=1 ex_rd=24 -> reg_write=0 illegal=1 stall=1 redirect=0
[PASS] seq=crv_seq_2                              cyc=96 op=IDK_HAZARD_RS2         instr=0x71f00d02 pc=0x8b94b1d0 valid=1 fault=0 wb_w=1 wb_rd=10 ex_r=1 ex_rd=31 -> reg_write=0 illegal=1 stall=1 redirect=0
[PASS] seq=crv_seq_2                              cyc=97 op=IDK_BACKWARD_BRANCH    instr=0xacc09c63 pc=0xb7db931c valid=1 fault=0 wb_w=1 wb_rd=10 ex_r=1 ex_rd=8 -> reg_write=0 illegal=0 stall=0 redirect=1
[PASS] seq=crv_seq_2                              cyc=98 op=IDK_RANDOM             instr=0x02800bdd pc=0xb5a44450 valid=1 fault=1 wb_w=0 wb_rd=11 ex_r=0 ex_rd=24 -> reg_write=0 illegal=1 stall=0 redirect=0
[PASS] seq=crv_seq_2                              cyc=99 op=IDK_BYPASS_BOTH        instr=0x24b5a364 pc=0xdfc36be8 valid=1 fault=1 wb_w=1 wb_rd=11 ex_r=0 ex_rd=27 -> reg_write=0 illegal=1 stall=0 redirect=0
[PASS] seq=crv_seq_2                              cyc=100 op=IDK_RANDOM             instr=0xb3362a55 pc=0x6cde925c valid=1 fault=1 wb_w=1 wb_rd=22 ex_r=0 ex_rd=7 -> reg_write=0 illegal=1 stall=0 redirect=0
[PASS] seq=crv_seq_2                              cyc=101 op=IDK_BYPASS_RS1         instr=0x7b4b9ed1 pc=0xb02f6794 valid=1 fault=1 wb_w=1 wb_rd=23 ex_r=0 ex_rd=30 -> reg_write=0 illegal=1 stall=0 redirect=0
[PASS] seq=crv_seq_2                              cyc=102 op=IDK_ILLEGAL            instr=0x039b43b3 pc=0x68005c48 valid=1 fault=0 wb_w=1 wb_rd=19 ex_r=0 ex_rd=8 -> reg_write=0 illegal=1 stall=0 redirect=0
[PASS] seq=crv_seq_2                              cyc=103 op=IDK_ILLEGAL            instr=0x02d2e1b3 pc=0x3c344978 valid=1 fault=1 wb_w=1 wb_rd=0 ex_r=0 ex_rd=25 -> reg_write=0 illegal=1 stall=0 redirect=0
[PASS] seq=crv_seq_2                              cyc=104 op=IDK_JAL                instr=0xe2af5a6f pc=0x5b37ada0 valid=1 fault=1 wb_w=0 wb_rd=14 ex_r=0 ex_rd=3 -> reg_write=1 illegal=0 stall=0 redirect=1
[PASS] seq=crv_seq_2                              cyc=105 op=IDK_BACKWARD_BRANCH    instr=0xfdfc4fe3 pc=0xc015f3f8 valid=1 fault=0 wb_w=1 wb_rd=25 ex_r=1 ex_rd=14 -> reg_write=0 illegal=0 stall=0 redirect=1
[PASS] seq=crv_seq_2                              cyc=106 op=IDK_HAZARD_RS2         instr=0x5b46f104 pc=0x5ce3632c valid=1 fault=1 wb_w=1 wb_rd=16 ex_r=1 ex_rd=20 -> reg_write=0 illegal=1 stall=1 redirect=0
[PASS] seq=crv_seq_2                              cyc=107 op=IDK_BACKWARD_BRANCH    instr=0xcec59be3 pc=0x8a9b61f0 valid=1 fault=0 wb_w=0 wb_rd=12 ex_r=1 ex_rd=25 -> reg_write=0 illegal=0 stall=0 redirect=1
[PASS] seq=crv_seq_2                              cyc=108 op=IDK_JALR               instr=0xeaf1e1e7 pc=0x82382610 valid=1 fault=1 wb_w=1 wb_rd=23 ex_r=1 ex_rd=11 -> reg_write=1 illegal=0 stall=0 redirect=0
[PASS] seq=crv_seq_2                              cyc=109 op=IDK_LEGAL_ALU          instr=0x401c20b3 pc=0x3c2b3b38 valid=1 fault=0 wb_w=1 wb_rd=14 ex_r=1 ex_rd=20 -> reg_write=1 illegal=0 stall=0 redirect=0
[PASS] seq=crv_seq_2                              cyc=110 op=IDK_HAZARD_BOTH        instr=0x859caf09 pc=0x009cdccc valid=1 fault=0 wb_w=1 wb_rd=28 ex_r=1 ex_rd=25 -> reg_write=0 illegal=1 stall=1 redirect=0
[PASS] seq=crv_seq_2                              cyc=111 op=IDK_HAZARD_RS2         instr=0xf47adb2d pc=0xf0cb12b0 valid=1 fault=0 wb_w=0 wb_rd=29 ex_r=1 ex_rd=7 -> reg_write=0 illegal=1 stall=1 redirect=0
[PASS] seq=crv_seq_2                              cyc=112 op=IDK_BACKWARD_BRANCH    instr=0xb91f71e3 pc=0xc889acfc valid=1 fault=1 wb_w=1 wb_rd=18 ex_r=1 ex_rd=23 -> reg_write=0 illegal=0 stall=0 redirect=1
[PASS] seq=crv_seq_2                              cyc=113 op=IDK_RANDOM             instr=0x8ab22ace pc=0xf18f331c valid=1 fault=1 wb_w=1 wb_rd=18 ex_r=1 ex_rd=9 -> reg_write=0 illegal=1 stall=0 redirect=0
[PASS] seq=crv_seq_2                              cyc=114 op=IDK_JALR               instr=0xf5fe3a67 pc=0xf3956e90 valid=1 fault=0 wb_w=1 wb_rd=31 ex_r=0 ex_rd=6 -> reg_write=1 illegal=0 stall=0 redirect=0
[PASS] seq=crv_seq_2                              cyc=115 op=IDK_RANDOM             instr=0x166d842d pc=0x74e223b4 valid=1 fault=0 wb_w=0 wb_rd=12 ex_r=1 ex_rd=5 -> reg_write=0 illegal=1 stall=0 redirect=0
[PASS] seq=crv_seq_2                              cyc=116 op=IDK_BACKWARD_BRANCH    instr=0x8fb230e3 pc=0x3abc5250 valid=1 fault=1 wb_w=0 wb_rd=6 ex_r=0 ex_rd=17 -> reg_write=0 illegal=0 stall=0 redirect=1
[PASS] seq=crv_seq_2                              cyc=117 op=IDK_LEGAL_ALU          instr=0x00c0fab3 pc=0x0c36fe6c valid=1 fault=1 wb_w=0 wb_rd=15 ex_r=1 ex_rd=7 -> reg_write=1 illegal=0 stall=0 redirect=0
[PASS] seq=crv_seq_2                              cyc=118 op=IDK_HAZARD_RS2         instr=0x39d0f23e pc=0xe4f95210 valid=1 fault=0 wb_w=0 wb_rd=29 ex_r=1 ex_rd=29 -> reg_write=0 illegal=1 stall=1 redirect=0
[PASS] seq=crv_seq_2                              cyc=119 op=IDK_RANDOM             instr=0x2c5abffa pc=0x91c8b564 valid=1 fault=0 wb_w=0 wb_rd=13 ex_r=1 ex_rd=0 -> reg_write=0 illegal=1 stall=0 redirect=0
[PASS] seq=crv_seq_2                              cyc=120 op=IDK_HAZARD_RS1         instr=0x2c9485d0 pc=0x5bbb392c valid=1 fault=1 wb_w=0 wb_rd=21 ex_r=1 ex_rd=9 -> reg_write=0 illegal=1 stall=1 redirect=0
[PASS] seq=crv_seq_2                              cyc=121 op=IDK_ILLEGAL            instr=0x0251eab3 pc=0x58fc3934 valid=1 fault=1 wb_w=0 wb_rd=29 ex_r=1 ex_rd=1 -> reg_write=0 illegal=1 stall=0 redirect=0
[PASS] seq=crv_seq_2                              cyc=122 op=IDK_BYPASS_RS1         instr=0xdf09716d pc=0xa0fcff7c valid=1 fault=1 wb_w=1 wb_rd=18 ex_r=1 ex_rd=31 -> reg_write=0 illegal=1 stall=0 redirect=0
[PASS] seq=crv_seq_2                              cyc=123 op=IDK_LEGAL_ALU          instr=0x402e8533 pc=0x763cd490 valid=1 fault=0 wb_w=1 wb_rd=4 ex_r=1 ex_rd=10 -> reg_write=1 illegal=0 stall=0 redirect=0
[PASS] seq=crv_seq_2                              cyc=124 op=IDK_HAZARD_BOTH        instr=0x3610c3e3 pc=0xb5d1ed68 valid=1 fault=0 wb_w=1 wb_rd=5 ex_r=1 ex_rd=1 -> reg_write=0 illegal=0 stall=1 redirect=0
[PASS] seq=crv_seq_2                              cyc=125 op=IDK_BACKWARD_BRANCH    instr=0xf71fafe3 pc=0xb222e3f0 valid=1 fault=1 wb_w=1 wb_rd=15 ex_r=0 ex_rd=23 -> reg_write=0 illegal=0 stall=0 redirect=1
[PASS] seq=crv_seq_2                              cyc=126 op=IDK_RANDOM             instr=0xa75e0efb pc=0x8e54f06c valid=1 fault=1 wb_w=0 wb_rd=15 ex_r=0 ex_rd=12 -> reg_write=0 illegal=1 stall=0 redirect=0
[PASS] seq=crv_seq_2                              cyc=127 op=IDK_BYPASS_RS1         instr=0x789a64f9 pc=0x5911558c valid=1 fault=1 wb_w=1 wb_rd=20 ex_r=0 ex_rd=11 -> reg_write=0 illegal=1 stall=0 redirect=0
[PASS] seq=crv_seq_2                              cyc=128 op=IDK_BYPASS_RS1         instr=0x218fe55e pc=0x75d29730 valid=1 fault=0 wb_w=1 wb_rd=31 ex_r=1 ex_rd=15 -> reg_write=0 illegal=1 stall=0 redirect=0
[PASS] seq=crv_seq_2                              cyc=129 op=IDK_HAZARD_RS2         instr=0x7444451d pc=0x71dfb34c valid=1 fault=1 wb_w=0 wb_rd=0 ex_r=1 ex_rd=4 -> reg_write=0 illegal=1 stall=1 redirect=0
[PASS] seq=crv_seq_2                              cyc=130 op=IDK_RANDOM             instr=0x99ff4154 pc=0xeb27c4a4 valid=1 fault=1 wb_w=1 wb_rd=16 ex_r=0 ex_rd=27 -> reg_write=0 illegal=1 stall=0 redirect=0
[PASS] seq=crv_seq_2                              cyc=131 op=IDK_BYPASS_RS1         instr=0xb0cc27a2 pc=0xd3d76a80 valid=1 fault=0 wb_w=1 wb_rd=24 ex_r=1 ex_rd=28 -> reg_write=0 illegal=1 stall=0 redirect=0
[PASS] seq=crv_seq_2                              cyc=132 op=IDK_ILLEGAL            instr=0x02065133 pc=0xf1df44bc valid=1 fault=0 wb_w=0 wb_rd=11 ex_r=0 ex_rd=21 -> reg_write=0 illegal=1 stall=0 redirect=0
[PASS] seq=crv_seq_2                              cyc=133 op=IDK_HAZARD_RS2         instr=0x3ec84052 pc=0x9787f94c valid=1 fault=0 wb_w=1 wb_rd=8 ex_r=1 ex_rd=12 -> reg_write=0 illegal=1 stall=1 redirect=0
[PASS] seq=crv_seq_2                              cyc=134 op=IDK_HAZARD_RS1         instr=0x4072585b pc=0x5fad3ef8 valid=1 fault=1 wb_w=1 wb_rd=5 ex_r=1 ex_rd=4 -> reg_write=0 illegal=1 stall=1 redirect=0
[PASS] seq=crv_seq_2                              cyc=135 op=IDK_BYPASS_RS2         instr=0x54c58f19 pc=0x8dd25824 valid=1 fault=1 wb_w=1 wb_rd=12 ex_r=1 ex_rd=27 -> reg_write=0 illegal=1 stall=0 redirect=0
[PASS] seq=crv_seq_2                              cyc=136 op=IDK_ILLEGAL            instr=0x03b86b33 pc=0x86026a10 valid=1 fault=1 wb_w=0 wb_rd=11 ex_r=0 ex_rd=3 -> reg_write=0 illegal=1 stall=0 redirect=0
[PASS] seq=crv_seq_2                              cyc=137 op=IDK_RANDOM             instr=0xff03c617 pc=0x238007b8 valid=1 fault=0 wb_w=1 wb_rd=16 ex_r=1 ex_rd=21 -> reg_write=1 illegal=0 stall=0 redirect=0
[PASS] seq=crv_seq_2                              cyc=138 op=IDK_RANDOM             instr=0xb4a275cf pc=0xf9afda44 valid=1 fault=1 wb_w=1 wb_rd=10 ex_r=0 ex_rd=19 -> reg_write=0 illegal=1 stall=0 redirect=0
[PASS] seq=crv_seq_2                              cyc=139 op=IDK_RANDOM             instr=0x77fe9754 pc=0x03617390 valid=1 fault=1 wb_w=1 wb_rd=4 ex_r=0 ex_rd=31 -> reg_write=0 illegal=1 stall=0 redirect=0
[PASS] seq=crv_seq_2                              cyc=140 op=IDK_HAZARD_RS2         instr=0x526db4c1 pc=0xb2fede3c valid=1 fault=0 wb_w=0 wb_rd=20 ex_r=1 ex_rd=6 -> reg_write=0 illegal=1 stall=1 redirect=0
[PASS] seq=crv_seq_2                              cyc=141 op=IDK_FORWARD_BRANCH     instr=0x1085b563 pc=0x59a703cc valid=1 fault=0 wb_w=1 wb_rd=18 ex_r=1 ex_rd=12 -> reg_write=0 illegal=0 stall=0 redirect=0
[PASS] seq=crv_seq_2                              cyc=142 op=IDK_HAZARD_BOTH        instr=0x9484108e pc=0xe18a75f8 valid=1 fault=1 wb_w=1 wb_rd=30 ex_r=1 ex_rd=8 -> reg_write=0 illegal=1 stall=1 redirect=0
[PASS] seq=crv_seq_2                              cyc=143 op=IDK_BYPASS_BOTH        instr=0x83ef348f pc=0x5e121a4c valid=1 fault=0 wb_w=1 wb_rd=30 ex_r=1 ex_rd=21 -> reg_write=0 illegal=1 stall=0 redirect=0
[PASS] seq=crv_seq_2                              cyc=144 op=IDK_BACKWARD_BRANCH    instr=0xfce4e1e3 pc=0x970d0700 valid=1 fault=1 wb_w=1 wb_rd=10 ex_r=1 ex_rd=17 -> reg_write=0 illegal=0 stall=0 redirect=1
[PASS] seq=crv_seq_2                              cyc=145 op=IDK_BYPASS_RS2         instr=0x00b3849b pc=0x4824d614 valid=1 fault=0 wb_w=1 wb_rd=11 ex_r=0 ex_rd=18 -> reg_write=0 illegal=1 stall=0 redirect=0
[PASS] seq=crv_seq_2                              cyc=146 op=IDK_HAZARD_X0_EXCLUDED instr=0x467d92cd pc=0xe5e4b084 valid=1 fault=1 wb_w=1 wb_rd=21 ex_r=1 ex_rd=0 -> reg_write=0 illegal=1 stall=0 redirect=0
[PASS] seq=crv_seq_2                              cyc=147 op=IDK_LEGAL_ALU          instr=0x40d6c933 pc=0x8afdb08c valid=1 fault=1 wb_w=1 wb_rd=29 ex_r=0 ex_rd=6 -> reg_write=1 illegal=0 stall=0 redirect=0
[PASS] seq=crv_seq_2                              cyc=148 op=IDK_HAZARD_RS1         instr=0xebbfd412 pc=0xc32bc720 valid=1 fault=1 wb_w=0 wb_rd=4 ex_r=1 ex_rd=31 -> reg_write=0 illegal=1 stall=1 redirect=0
[PASS] seq=crv_seq_2                              cyc=149 op=IDK_JAL                instr=0x92c57d6f pc=0x90d512a0 valid=1 fault=1 wb_w=0 wb_rd=9 ex_r=1 ex_rd=21 -> reg_write=1 illegal=0 stall=0 redirect=1
[PASS] seq=crv_seq_2                              cyc=150 op=IDK_BYPASS_RS2         instr=0x7ab481af pc=0x4473cf08 valid=1 fault=0 wb_w=1 wb_rd=11 ex_r=0 ex_rd=13 -> reg_write=0 illegal=1 stall=0 redirect=0
[PASS] seq=crv_seq_2                              cyc=151 op=IDK_FORWARD_BRANCH     instr=0x7e102863 pc=0x45ae48ac valid=1 fault=0 wb_w=0 wb_rd=23 ex_r=1 ex_rd=1 -> reg_write=0 illegal=0 stall=1 redirect=0
[PASS] seq=crv_seq_2                              cyc=152 op=IDK_CSR_OP             instr=0xc31112f3 pc=0x424bd8ec valid=1 fault=1 wb_w=1 wb_rd=23 ex_r=1 ex_rd=16 -> reg_write=1 illegal=0 stall=0 redirect=0
[PASS] seq=crv_seq_2                              cyc=153 op=IDK_HAZARD_RS1         instr=0x1f609b50 pc=0x9d30df24 valid=1 fault=1 wb_w=0 wb_rd=16 ex_r=1 ex_rd=1 -> reg_write=0 illegal=1 stall=1 redirect=0
[PASS] seq=crv_seq_2                              cyc=154 op=IDK_CSR_OP             instr=0x15fd18f3 pc=0x1120559c valid=1 fault=0 wb_w=0 wb_rd=25 ex_r=0 ex_rd=1 -> reg_write=1 illegal=0 stall=0 redirect=0
[PASS] seq=crv_seq_2                              cyc=155 op=IDK_ILLEGAL            instr=0x02027933 pc=0xf0ca4f04 valid=1 fault=0 wb_w=1 wb_rd=20 ex_r=0 ex_rd=0 -> reg_write=0 illegal=1 stall=0 redirect=0
[PASS] seq=crv_seq_2                              cyc=156 op=IDK_FORWARD_BRANCH     instr=0x43ac43e3 pc=0xc5bc4f7c valid=1 fault=0 wb_w=0 wb_rd=18 ex_r=1 ex_rd=31 -> reg_write=0 illegal=0 stall=0 redirect=0
[PASS] seq=crv_seq_2                              cyc=157 op=IDK_FORWARD_BRANCH     instr=0x114d5863 pc=0xca1d4924 valid=1 fault=1 wb_w=0 wb_rd=28 ex_r=1 ex_rd=29 -> reg_write=0 illegal=0 stall=0 redirect=0
[PASS] seq=crv_seq_2                              cyc=158 op=IDK_BYPASS_RS2         instr=0x485d1bc8 pc=0x0aed7340 valid=1 fault=0 wb_w=1 wb_rd=5 ex_r=0 ex_rd=21 -> reg_write=0 illegal=1 stall=0 redirect=0
[PASS] seq=crv_seq_2                              cyc=159 op=IDK_JALR               instr=0x089c0ee7 pc=0x9810386c valid=1 fault=1 wb_w=0 wb_rd=5 ex_r=1 ex_rd=15 -> reg_write=1 illegal=0 stall=0 redirect=0
[PASS] seq=crv_seq_2                              cyc=160 op=IDK_ILLEGAL            instr=0x02215333 pc=0x073d4980 valid=1 fault=1 wb_w=1 wb_rd=1 ex_r=1 ex_rd=27 -> reg_write=0 illegal=1 stall=0 redirect=0
[PASS] seq=crv_seq_2                              cyc=161 op=IDK_BYPASS_BOTH        instr=0x3fbddec0 pc=0xb75cdd68 valid=1 fault=1 wb_w=1 wb_rd=27 ex_r=1 ex_rd=26 -> reg_write=0 illegal=1 stall=0 redirect=0
[PASS] seq=crv_seq_2                              cyc=162 op=IDK_BYPASS_RS1         instr=0xd218d39b pc=0xaf35fef8 valid=1 fault=1 wb_w=1 wb_rd=17 ex_r=1 ex_rd=3 -> reg_write=0 illegal=1 stall=0 redirect=0
[PASS] seq=crv_seq_2                              cyc=163 op=IDK_HAZARD_RS2         instr=0xcfeb530f pc=0xe195fb1c valid=1 fault=1 wb_w=0 wb_rd=5 ex_r=1 ex_rd=30 -> reg_write=0 illegal=1 stall=1 redirect=0
[PASS] seq=crv_seq_2                              cyc=164 op=IDK_JALR               instr=0xfb0518e7 pc=0x58d4b290 valid=1 fault=1 wb_w=0 wb_rd=4 ex_r=0 ex_rd=6 -> reg_write=1 illegal=0 stall=0 redirect=0
[PASS] seq=crv_seq_2                              cyc=165 op=IDK_RANDOM             instr=0x84d0c759 pc=0x6fa718c0 valid=1 fault=1 wb_w=0 wb_rd=4 ex_r=0 ex_rd=8 -> reg_write=0 illegal=1 stall=0 redirect=0
[PASS] seq=crv_seq_2                              cyc=166 op=IDK_LEGAL_ALU          instr=0x40f3d133 pc=0xd024c218 valid=1 fault=0 wb_w=0 wb_rd=5 ex_r=1 ex_rd=20 -> reg_write=1 illegal=0 stall=0 redirect=0
[PASS] seq=crv_seq_2                              cyc=167 op=IDK_HAZARD_X0_EXCLUDED instr=0xc6ed4950 pc=0x80b69bc8 valid=1 fault=1 wb_w=1 wb_rd=11 ex_r=1 ex_rd=0 -> reg_write=0 illegal=1 stall=0 redirect=0
[PASS] seq=crv_seq_2                              cyc=168 op=IDK_BYPASS_RS1         instr=0x6983c6bf pc=0xd42f342c valid=1 fault=0 wb_w=1 wb_rd=7 ex_r=0 ex_rd=14 -> reg_write=0 illegal=1 stall=0 redirect=0
[PASS] seq=crv_seq_2                              cyc=169 op=IDK_LEGAL_ALU          instr=0x41f17e33 pc=0x98ac4124 valid=1 fault=1 wb_w=0 wb_rd=15 ex_r=0 ex_rd=15 -> reg_write=1 illegal=0 stall=0 redirect=0
[PASS] seq=crv_seq_2                              cyc=170 op=IDK_HAZARD_RS1         instr=0x151188fe pc=0x965cfb5c valid=1 fault=1 wb_w=1 wb_rd=19 ex_r=1 ex_rd=3 -> reg_write=0 illegal=1 stall=1 redirect=0
[PASS] seq=crv_seq_2                              cyc=171 op=IDK_RANDOM             instr=0x68abfa41 pc=0x5f313ef4 valid=1 fault=1 wb_w=1 wb_rd=28 ex_r=1 ex_rd=6 -> reg_write=0 illegal=1 stall=0 redirect=0
[PASS] seq=crv_seq_2                              cyc=172 op=IDK_RANDOM             instr=0x34c4eb64 pc=0x0f7ef498 valid=1 fault=0 wb_w=1 wb_rd=0 ex_r=0 ex_rd=16 -> reg_write=0 illegal=1 stall=0 redirect=0
[PASS] seq=crv_seq_2                              cyc=173 op=IDK_BYPASS_RS1         instr=0xa1946c7f pc=0x2cb04d90 valid=1 fault=1 wb_w=1 wb_rd=8 ex_r=0 ex_rd=31 -> reg_write=0 illegal=1 stall=0 redirect=0
[PASS] seq=crv_seq_2                              cyc=174 op=IDK_BYPASS_BOTH        instr=0x577bd40c pc=0xf3ccac50 valid=1 fault=1 wb_w=1 wb_rd=23 ex_r=0 ex_rd=3 -> reg_write=0 illegal=1 stall=0 redirect=0
[PASS] seq=crv_seq_2                              cyc=175 op=IDK_HAZARD_BOTH        instr=0x32f7f887 pc=0x64925624 valid=1 fault=1 wb_w=1 wb_rd=25 ex_r=1 ex_rd=15 -> reg_write=0 illegal=1 stall=1 redirect=0
[PASS] seq=crv_seq_2                              cyc=176 op=IDK_HAZARD_BOTH        instr=0x659cd061 pc=0x089ca1b0 valid=1 fault=0 wb_w=0 wb_rd=7 ex_r=1 ex_rd=25 -> reg_write=0 illegal=1 stall=1 redirect=0
[PASS] seq=crv_seq_2                              cyc=177 op=IDK_BYPASS_RS1         instr=0x66145be6 pc=0xbb7d6360 valid=1 fault=1 wb_w=1 wb_rd=8 ex_r=1 ex_rd=10 -> reg_write=0 illegal=1 stall=0 redirect=0
[PASS] seq=crv_seq_2                              cyc=178 op=IDK_BYPASS_BOTH        instr=0x2b5ae97a pc=0x1f0919f0 valid=1 fault=1 wb_w=1 wb_rd=21 ex_r=0 ex_rd=11 -> reg_write=0 illegal=1 stall=0 redirect=0
[PASS] seq=crv_seq_2                              cyc=179 op=IDK_FORWARD_BRANCH     instr=0x391e0de3 pc=0x6c0c54dc valid=1 fault=1 wb_w=1 wb_rd=17 ex_r=1 ex_rd=30 -> reg_write=0 illegal=0 stall=0 redirect=0
[PASS] seq=crv_seq_2                              cyc=180 op=IDK_HAZARD_X0_EXCLUDED instr=0x1ea72453 pc=0xa2d7b588 valid=1 fault=0 wb_w=1 wb_rd=14 ex_r=1 ex_rd=0 -> reg_write=0 illegal=1 stall=0 redirect=0
[PASS] seq=crv_seq_2                              cyc=181 op=IDK_HAZARD_RS1         instr=0x23d94096 pc=0xa3032a54 valid=1 fault=0 wb_w=0 wb_rd=19 ex_r=1 ex_rd=18 -> reg_write=0 illegal=1 stall=1 redirect=0
[PASS] seq=crv_seq_2                              cyc=182 op=IDK_RANDOM             instr=0xd9a24d4a pc=0x5648f00c valid=1 fault=1 wb_w=0 wb_rd=13 ex_r=1 ex_rd=31 -> reg_write=0 illegal=1 stall=0 redirect=0
[PASS] seq=crv_seq_2                              cyc=183 op=IDK_CSR_OP             instr=0x546921f3 pc=0x5f52679c valid=1 fault=1 wb_w=1 wb_rd=10 ex_r=0 ex_rd=2 -> reg_write=1 illegal=0 stall=0 redirect=0
[PASS] seq=crv_seq_2                              cyc=184 op=IDK_RANDOM             instr=0xd6cac6de pc=0x1449ccc0 valid=1 fault=1 wb_w=1 wb_rd=15 ex_r=1 ex_rd=10 -> reg_write=0 illegal=1 stall=0 redirect=0
[PASS] seq=crv_seq_2                              cyc=185 op=IDK_BYPASS_BOTH        instr=0x822178da pc=0x10cc9fec valid=1 fault=1 wb_w=1 wb_rd=2 ex_r=0 ex_rd=23 -> reg_write=0 illegal=1 stall=0 redirect=0
[PASS] seq=crv_seq_2                              cyc=186 op=IDK_FORWARD_BRANCH     instr=0x0e1126e3 pc=0x3a8d6eac valid=1 fault=0 wb_w=0 wb_rd=24 ex_r=1 ex_rd=24 -> reg_write=0 illegal=0 stall=0 redirect=0
[PASS] seq=crv_seq_2                              cyc=187 op=IDK_RANDOM             instr=0xde6049d0 pc=0xc60c02e0 valid=1 fault=0 wb_w=0 wb_rd=26 ex_r=1 ex_rd=27 -> reg_write=0 illegal=1 stall=0 redirect=0
[PASS] seq=crv_seq_2                              cyc=188 op=IDK_HAZARD_RS1         instr=0xa38c19bb pc=0xb37d9724 valid=1 fault=1 wb_w=1 wb_rd=15 ex_r=1 ex_rd=24 -> reg_write=0 illegal=1 stall=1 redirect=0
[PASS] seq=crv_seq_2                              cyc=189 op=IDK_RANDOM             instr=0xeb673a40 pc=0xc2957490 valid=1 fault=1 wb_w=0 wb_rd=14 ex_r=1 ex_rd=11 -> reg_write=0 illegal=1 stall=0 redirect=0
[PASS] seq=crv_seq_2                              cyc=190 op=IDK_JALR               instr=0xa2021e67 pc=0x43f79424 valid=1 fault=1 wb_w=1 wb_rd=11 ex_r=1 ex_rd=5 -> reg_write=1 illegal=0 stall=0 redirect=0
[PASS] seq=crv_seq_2                              cyc=191 op=IDK_BYPASS_RS2         instr=0x01b2f4d1 pc=0x3360f12c valid=1 fault=0 wb_w=1 wb_rd=27 ex_r=0 ex_rd=15 -> reg_write=0 illegal=1 stall=0 redirect=0
[PASS] seq=crv_seq_2                              cyc=192 op=IDK_RANDOM             instr=0x8c92a6b7 pc=0xa7b12f3c valid=1 fault=0 wb_w=0 wb_rd=18 ex_r=1 ex_rd=6 -> reg_write=1 illegal=0 stall=0 redirect=0
[PASS] seq=crv_seq_2                              cyc=193 op=IDK_BACKWARD_BRANCH    instr=0x914541e3 pc=0x823b2c88 valid=1 fault=1 wb_w=0 wb_rd=19 ex_r=1 ex_rd=21 -> reg_write=0 illegal=0 stall=0 redirect=1
[PASS] seq=crv_seq_2                              cyc=194 op=IDK_HAZARD_RS1         instr=0x931ffddc pc=0xc460fb60 valid=1 fault=0 wb_w=1 wb_rd=15 ex_r=1 ex_rd=31 -> reg_write=0 illegal=1 stall=1 redirect=0
[PASS] seq=crv_seq_2                              cyc=195 op=IDK_RANDOM             instr=0x8c3d8f3d pc=0xd37fbe6c valid=1 fault=1 wb_w=0 wb_rd=15 ex_r=0 ex_rd=8 -> reg_write=0 illegal=1 stall=0 redirect=0
[PASS] seq=crv_seq_2                              cyc=196 op=IDK_HAZARD_RS1         instr=0x4c1ceec1 pc=0xcaea8608 valid=1 fault=0 wb_w=0 wb_rd=30 ex_r=1 ex_rd=25 -> reg_write=0 illegal=1 stall=1 redirect=0
[PASS] seq=crv_seq_2                              cyc=197 op=IDK_RANDOM             instr=0xbf501ac8 pc=0x058cfb3c valid=1 fault=0 wb_w=0 wb_rd=30 ex_r=0 ex_rd=11 -> reg_write=0 illegal=1 stall=0 redirect=0
[PASS] seq=crv_seq_2                              cyc=198 op=IDK_JAL                instr=0x2e3d196f pc=0xd3dbcaac valid=1 fault=0 wb_w=0 wb_rd=3 ex_r=1 ex_rd=22 -> reg_write=1 illegal=0 stall=0 redirect=1
[PASS] seq=crv_seq_2                              cyc=199 op=IDK_BYPASS_BOTH        instr=0x1b7b84b0 pc=0xc00ec378 valid=1 fault=0 wb_w=1 wb_rd=23 ex_r=1 ex_rd=11 -> reg_write=0 illegal=1 stall=0 redirect=0
[PASS] seq=crv_seq_3                              cyc=0 op=IDK_JALR               instr=0x5f7be167 pc=0x92392930 valid=1 fault=0 wb_w=0 wb_rd=29 ex_r=1 ex_rd=21 -> reg_write=1 illegal=0 stall=0 redirect=0
[PASS] seq=crv_seq_3                              cyc=1 op=IDK_RANDOM             instr=0x1df1d451 pc=0x8d1554b0 valid=1 fault=1 wb_w=1 wb_rd=16 ex_r=0 ex_rd=6 -> reg_write=0 illegal=1 stall=0 redirect=0
[PASS] seq=crv_seq_3                              cyc=2 op=IDK_LEGAL_ALU          instr=0x01c059b3 pc=0x51054908 valid=1 fault=1 wb_w=0 wb_rd=18 ex_r=1 ex_rd=11 -> reg_write=1 illegal=0 stall=0 redirect=0
[PASS] seq=crv_seq_3                              cyc=3 op=IDK_ILLEGAL            instr=0x031bd3b3 pc=0x40980558 valid=1 fault=1 wb_w=0 wb_rd=31 ex_r=0 ex_rd=28 -> reg_write=0 illegal=1 stall=0 redirect=0
[PASS] seq=crv_seq_3                              cyc=4 op=IDK_LEGAL_ALU          instr=0x41af7c33 pc=0xeeefdee8 valid=1 fault=0 wb_w=0 wb_rd=13 ex_r=1 ex_rd=14 -> reg_write=1 illegal=0 stall=0 redirect=0
[PASS] seq=crv_seq_3                              cyc=5 op=IDK_HAZARD_BOTH        instr=0xca73eed2 pc=0xa4555cbc valid=1 fault=1 wb_w=0 wb_rd=6 ex_r=1 ex_rd=7 -> reg_write=0 illegal=1 stall=1 redirect=0
[PASS] seq=crv_seq_3                              cyc=6 op=IDK_LEGAL_ALU          instr=0x405ab8b3 pc=0x0a3277c4 valid=1 fault=1 wb_w=0 wb_rd=25 ex_r=0 ex_rd=17 -> reg_write=1 illegal=0 stall=0 redirect=0
[PASS] seq=crv_seq_3                              cyc=7 op=IDK_ILLEGAL            instr=0x03c8c933 pc=0xe14ad99c valid=1 fault=1 wb_w=0 wb_rd=23 ex_r=0 ex_rd=28 -> reg_write=0 illegal=1 stall=0 redirect=0
[PASS] seq=crv_seq_3                              cyc=8 op=IDK_HAZARD_BOTH        instr=0xf76b599b pc=0xbefbc33c valid=1 fault=0 wb_w=0 wb_rd=17 ex_r=1 ex_rd=22 -> reg_write=0 illegal=1 stall=1 redirect=0
[PASS] seq=crv_seq_3                              cyc=9 op=IDK_ILLEGAL            instr=0x02157db3 pc=0xf6c5ef2c valid=1 fault=0 wb_w=1 wb_rd=25 ex_r=1 ex_rd=30 -> reg_write=0 illegal=1 stall=0 redirect=0
[PASS] seq=crv_seq_3                              cyc=10 op=IDK_RANDOM             instr=0x79c8f870 pc=0x28cb5ad4 valid=1 fault=0 wb_w=1 wb_rd=28 ex_r=1 ex_rd=11 -> reg_write=0 illegal=1 stall=0 redirect=0
[PASS] seq=crv_seq_3                              cyc=11 op=IDK_JALR               instr=0x537a2767 pc=0x377e0b98 valid=1 fault=0 wb_w=0 wb_rd=24 ex_r=0 ex_rd=23 -> reg_write=1 illegal=0 stall=0 redirect=0
[PASS] seq=crv_seq_3                              cyc=12 op=IDK_HAZARD_BOTH        instr=0x05087016 pc=0x7e696ae8 valid=1 fault=1 wb_w=0 wb_rd=1 ex_r=1 ex_rd=16 -> reg_write=0 illegal=1 stall=1 redirect=0
[PASS] seq=crv_seq_3                              cyc=13 op=IDK_BYPASS_RS1         instr=0x6bc33330 pc=0xe19c7e14 valid=1 fault=1 wb_w=1 wb_rd=6 ex_r=0 ex_rd=22 -> reg_write=0 illegal=1 stall=0 redirect=0
[PASS] seq=crv_seq_3                              cyc=14 op=IDK_FORWARD_BRANCH     instr=0x77e78ae3 pc=0x6bffc514 valid=1 fault=1 wb_w=1 wb_rd=28 ex_r=1 ex_rd=12 -> reg_write=0 illegal=0 stall=0 redirect=0
[PASS] seq=crv_seq_3                              cyc=15 op=IDK_BYPASS_RS1         instr=0x74ea10ea pc=0x15a66b80 valid=1 fault=1 wb_w=1 wb_rd=20 ex_r=1 ex_rd=30 -> reg_write=0 illegal=1 stall=0 redirect=0
[PASS] seq=crv_seq_3                              cyc=16 op=IDK_CSR_OP             instr=0x92bad873 pc=0x8cbbd418 valid=1 fault=1 wb_w=1 wb_rd=5 ex_r=0 ex_rd=25 -> reg_write=1 illegal=0 stall=0 redirect=0
[PASS] seq=crv_seq_3                              cyc=17 op=IDK_HAZARD_RS1         instr=0x9496ece2 pc=0x4772c43c valid=1 fault=0 wb_w=1 wb_rd=21 ex_r=1 ex_rd=13 -> reg_write=0 illegal=1 stall=1 redirect=0
[PASS] seq=crv_seq_3                              cyc=18 op=IDK_HAZARD_RS1         instr=0x2781e2bf pc=0x0afdb67c valid=1 fault=0 wb_w=1 wb_rd=11 ex_r=1 ex_rd=3 -> reg_write=0 illegal=1 stall=1 redirect=0
[PASS] seq=crv_seq_3                              cyc=19 op=IDK_HAZARD_X0_EXCLUDED instr=0x4d92d262 pc=0x341afa4c valid=1 fault=1 wb_w=0 wb_rd=0 ex_r=1 ex_rd=0 -> reg_write=0 illegal=1 stall=0 redirect=0
[PASS] seq=crv_seq_3                              cyc=20 op=IDK_JAL                instr=0x4288086f pc=0xad478804 valid=1 fault=1 wb_w=0 wb_rd=6 ex_r=1 ex_rd=31 -> reg_write=1 illegal=0 stall=0 redirect=1
[PASS] seq=crv_seq_3                              cyc=21 op=IDK_BYPASS_RS1         instr=0x13468bab pc=0x074b7884 valid=1 fault=1 wb_w=1 wb_rd=13 ex_r=0 ex_rd=24 -> reg_write=0 illegal=1 stall=0 redirect=0
[PASS] seq=crv_seq_3                              cyc=22 op=IDK_RANDOM             instr=0x8b9cc458 pc=0x7f5ee5e8 valid=1 fault=1 wb_w=1 wb_rd=11 ex_r=1 ex_rd=23 -> reg_write=0 illegal=1 stall=0 redirect=0
[PASS] seq=crv_seq_3                              cyc=23 op=IDK_BACKWARD_BRANCH    instr=0x8e9abce3 pc=0xe4c45ab0 valid=1 fault=1 wb_w=0 wb_rd=15 ex_r=0 ex_rd=1 -> reg_write=0 illegal=0 stall=0 redirect=1
[PASS] seq=crv_seq_3                              cyc=24 op=IDK_ILLEGAL            instr=0x03d1e633 pc=0xb8bfbd40 valid=1 fault=0 wb_w=0 wb_rd=25 ex_r=1 ex_rd=24 -> reg_write=0 illegal=1 stall=0 redirect=0
[PASS] seq=crv_seq_3                              cyc=25 op=IDK_HAZARD_RS1         instr=0xddd61b4f pc=0x6b5eddb0 valid=1 fault=1 wb_w=0 wb_rd=20 ex_r=1 ex_rd=12 -> reg_write=0 illegal=1 stall=1 redirect=0
[PASS] seq=crv_seq_3                              cyc=26 op=IDK_RANDOM             instr=0xee18d3ea pc=0x6fa33674 valid=1 fault=0 wb_w=0 wb_rd=2 ex_r=0 ex_rd=8 -> reg_write=0 illegal=1 stall=0 redirect=0
[PASS] seq=crv_seq_3                              cyc=27 op=IDK_BYPASS_RS2         instr=0x1b90c305 pc=0x05551de8 valid=1 fault=0 wb_w=1 wb_rd=25 ex_r=0 ex_rd=20 -> reg_write=0 illegal=1 stall=0 redirect=0
[PASS] seq=crv_seq_3                              cyc=28 op=IDK_ILLEGAL            instr=0x0386c1b3 pc=0x44fbde2c valid=1 fault=0 wb_w=1 wb_rd=7 ex_r=1 ex_rd=5 -> reg_write=0 illegal=1 stall=0 redirect=0
[PASS] seq=crv_seq_3                              cyc=29 op=IDK_RANDOM             instr=0x604a8435 pc=0x6cc84f1c valid=1 fault=1 wb_w=1 wb_rd=25 ex_r=1 ex_rd=5 -> reg_write=0 illegal=1 stall=0 redirect=0
[PASS] seq=crv_seq_3                              cyc=30 op=IDK_FORWARD_BRANCH     instr=0x150a3a63 pc=0xde4bbdf0 valid=1 fault=0 wb_w=1 wb_rd=28 ex_r=1 ex_rd=5 -> reg_write=0 illegal=0 stall=0 redirect=0
[PASS] seq=crv_seq_3                              cyc=31 op=IDK_LEGAL_ALU          instr=0x40ab5033 pc=0xcdb25160 valid=1 fault=1 wb_w=1 wb_rd=7 ex_r=1 ex_rd=8 -> reg_write=1 illegal=0 stall=0 redirect=0
[PASS] seq=crv_seq_3                              cyc=32 op=IDK_BYPASS_RS2         instr=0x351e95c2 pc=0x4433fa88 valid=1 fault=1 wb_w=1 wb_rd=17 ex_r=1 ex_rd=8 -> reg_write=0 illegal=1 stall=0 redirect=0
[PASS] seq=crv_seq_3                              cyc=33 op=IDK_HAZARD_RS2         instr=0x529cc0d9 pc=0xa7d20d68 valid=1 fault=1 wb_w=0 wb_rd=31 ex_r=1 ex_rd=9 -> reg_write=0 illegal=1 stall=1 redirect=0
[PASS] seq=crv_seq_3                              cyc=34 op=IDK_RANDOM             instr=0x62b0b0d8 pc=0xf094a0a0 valid=1 fault=1 wb_w=0 wb_rd=31 ex_r=1 ex_rd=8 -> reg_write=0 illegal=1 stall=0 redirect=0
[PASS] seq=crv_seq_3                              cyc=35 op=IDK_BYPASS_RS2         instr=0x9b6bc6f3 pc=0xe4581838 valid=1 fault=0 wb_w=1 wb_rd=22 ex_r=1 ex_rd=20 -> reg_write=1 illegal=0 stall=0 redirect=0
[PASS] seq=crv_seq_3                              cyc=36 op=IDK_HAZARD_RS1         instr=0x5b3a960f pc=0x4973a04c valid=1 fault=1 wb_w=0 wb_rd=28 ex_r=1 ex_rd=21 -> reg_write=0 illegal=1 stall=1 redirect=0
[PASS] seq=crv_seq_3                              cyc=37 op=IDK_HAZARD_BOTH        instr=0xc9ad567b pc=0xeec0e778 valid=1 fault=1 wb_w=0 wb_rd=9 ex_r=1 ex_rd=26 -> reg_write=0 illegal=1 stall=1 redirect=0
[PASS] seq=crv_seq_3                              cyc=38 op=IDK_LEGAL_ALU          instr=0x01f743b3 pc=0x65fd3f70 valid=1 fault=0 wb_w=0 wb_rd=18 ex_r=0 ex_rd=16 -> reg_write=1 illegal=0 stall=0 redirect=0
[PASS] seq=crv_seq_3                              cyc=39 op=IDK_HAZARD_BOTH        instr=0xaf6b3d77 pc=0x2f1bfca0 valid=1 fault=0 wb_w=0 wb_rd=8 ex_r=1 ex_rd=22 -> reg_write=0 illegal=1 stall=1 redirect=0
[PASS] seq=crv_seq_3                              cyc=40 op=IDK_HAZARD_BOTH        instr=0x9d5ad1e2 pc=0x8e5cba04 valid=1 fault=0 wb_w=0 wb_rd=23 ex_r=1 ex_rd=21 -> reg_write=0 illegal=1 stall=1 redirect=0
[PASS] seq=crv_seq_3                              cyc=41 op=IDK_BACKWARD_BRANCH    instr=0x89827263 pc=0x6f371408 valid=1 fault=0 wb_w=1 wb_rd=9 ex_r=0 ex_rd=5 -> reg_write=0 illegal=0 stall=0 redirect=1
[PASS] seq=crv_seq_3                              cyc=42 op=IDK_HAZARD_BOTH        instr=0xabef4f44 pc=0x17e134ec valid=1 fault=0 wb_w=0 wb_rd=29 ex_r=1 ex_rd=30 -> reg_write=0 illegal=1 stall=1 redirect=0
[PASS] seq=crv_seq_3                              cyc=43 op=IDK_ILLEGAL            instr=0x03ab7133 pc=0x9b107c5c valid=1 fault=1 wb_w=0 wb_rd=23 ex_r=0 ex_rd=26 -> reg_write=0 illegal=1 stall=0 redirect=0
[PASS] seq=crv_seq_3                              cyc=44 op=IDK_HAZARD_RS1         instr=0xba1cd67f pc=0x7b309f74 valid=1 fault=1 wb_w=0 wb_rd=23 ex_r=1 ex_rd=25 -> reg_write=0 illegal=1 stall=1 redirect=0
[PASS] seq=crv_seq_3                              cyc=45 op=IDK_RANDOM             instr=0xffa8ddda pc=0x15cc3fbc valid=1 fault=0 wb_w=1 wb_rd=9 ex_r=1 ex_rd=4 -> reg_write=0 illegal=1 stall=0 redirect=0
[PASS] seq=crv_seq_3                              cyc=46 op=IDK_RANDOM             instr=0x9c9e51af pc=0x735ce284 valid=1 fault=0 wb_w=0 wb_rd=2 ex_r=1 ex_rd=26 -> reg_write=0 illegal=1 stall=0 redirect=0
[PASS] seq=crv_seq_3                              cyc=47 op=IDK_LEGAL_ALU          instr=0x418bfab3 pc=0xcbfa2ca4 valid=1 fault=0 wb_w=0 wb_rd=1 ex_r=0 ex_rd=27 -> reg_write=1 illegal=0 stall=0 redirect=0
[PASS] seq=crv_seq_3                              cyc=48 op=IDK_BACKWARD_BRANCH    instr=0xf35d38e3 pc=0x5f2a3888 valid=1 fault=1 wb_w=1 wb_rd=17 ex_r=0 ex_rd=17 -> reg_write=0 illegal=0 stall=0 redirect=1
[PASS] seq=crv_seq_3                              cyc=49 op=IDK_JALR               instr=0xd4e80a67 pc=0x3a01dc08 valid=1 fault=1 wb_w=1 wb_rd=13 ex_r=1 ex_rd=7 -> reg_write=1 illegal=0 stall=0 redirect=0
[PASS] seq=crv_seq_3                              cyc=50 op=IDK_HAZARD_RS1         instr=0x51941d3b pc=0x37713818 valid=1 fault=1 wb_w=0 wb_rd=17 ex_r=1 ex_rd=8 -> reg_write=0 illegal=1 stall=1 redirect=0
[PASS] seq=crv_seq_3                              cyc=51 op=IDK_RANDOM             instr=0x636c17d3 pc=0xc9a5ff40 valid=1 fault=0 wb_w=0 wb_rd=16 ex_r=0 ex_rd=16 -> reg_write=0 illegal=1 stall=0 redirect=0
[PASS] seq=crv_seq_3                              cyc=52 op=IDK_LEGAL_ALU          instr=0x4152d7b3 pc=0xd1b3ad68 valid=1 fault=0 wb_w=1 wb_rd=26 ex_r=0 ex_rd=29 -> reg_write=1 illegal=0 stall=0 redirect=0
[PASS] seq=crv_seq_3                              cyc=53 op=IDK_BYPASS_RS1         instr=0x960b791c pc=0x6b7221ac valid=1 fault=1 wb_w=1 wb_rd=22 ex_r=0 ex_rd=15 -> reg_write=0 illegal=1 stall=0 redirect=0
[PASS] seq=crv_seq_3                              cyc=54 op=IDK_ILLEGAL            instr=0x03b67cb3 pc=0xdaeeedbc valid=1 fault=1 wb_w=0 wb_rd=8 ex_r=0 ex_rd=12 -> reg_write=0 illegal=1 stall=0 redirect=0
[PASS] seq=crv_seq_3                              cyc=55 op=IDK_LEGAL_ALU          instr=0x403161b3 pc=0x3bae3a80 valid=1 fault=0 wb_w=1 wb_rd=10 ex_r=0 ex_rd=8 -> reg_write=1 illegal=0 stall=0 redirect=0
[PASS] seq=crv_seq_3                              cyc=56 op=IDK_LEGAL_ALU          instr=0x41b3f133 pc=0xce4481c8 valid=1 fault=1 wb_w=0 wb_rd=7 ex_r=1 ex_rd=16 -> reg_write=1 illegal=0 stall=0 redirect=0
[PASS] seq=crv_seq_3                              cyc=57 op=IDK_JAL                instr=0x8607e26f pc=0x76304008 valid=1 fault=0 wb_w=0 wb_rd=29 ex_r=0 ex_rd=0 -> reg_write=1 illegal=0 stall=0 redirect=1
[PASS] seq=crv_seq_3                              cyc=58 op=IDK_HAZARD_X0_EXCLUDED instr=0x1a073eb5 pc=0xde8f73f0 valid=1 fault=0 wb_w=1 wb_rd=16 ex_r=1 ex_rd=0 -> reg_write=0 illegal=1 stall=0 redirect=0
[PASS] seq=crv_seq_3                              cyc=59 op=IDK_HAZARD_RS1         instr=0x2b7b70e1 pc=0x9899f688 valid=1 fault=1 wb_w=0 wb_rd=16 ex_r=1 ex_rd=22 -> reg_write=0 illegal=1 stall=1 redirect=0
[PASS] seq=crv_seq_3                              cyc=60 op=IDK_HAZARD_RS2         instr=0xb9a4d7dc pc=0x1dbeb1d4 valid=1 fault=0 wb_w=1 wb_rd=0 ex_r=1 ex_rd=26 -> reg_write=0 illegal=1 stall=1 redirect=0
[PASS] seq=crv_seq_3                              cyc=61 op=IDK_ILLEGAL            instr=0x025c5ab3 pc=0x0fb32e68 valid=1 fault=0 wb_w=0 wb_rd=29 ex_r=0 ex_rd=21 -> reg_write=0 illegal=1 stall=0 redirect=0
[PASS] seq=crv_seq_3                              cyc=62 op=IDK_HAZARD_RS1         instr=0x75963a3f pc=0xccab95f4 valid=1 fault=1 wb_w=0 wb_rd=11 ex_r=1 ex_rd=12 -> reg_write=0 illegal=1 stall=1 redirect=0
[PASS] seq=crv_seq_3                              cyc=63 op=IDK_ILLEGAL            instr=0x026cc533 pc=0x44c161f4 valid=1 fault=0 wb_w=0 wb_rd=31 ex_r=0 ex_rd=7 -> reg_write=0 illegal=1 stall=0 redirect=0
[PASS] seq=crv_seq_3                              cyc=64 op=IDK_BACKWARD_BRANCH    instr=0x8cc22463 pc=0x714b8dc0 valid=1 fault=0 wb_w=0 wb_rd=30 ex_r=1 ex_rd=16 -> reg_write=0 illegal=0 stall=0 redirect=1
[PASS] seq=crv_seq_3                              cyc=65 op=IDK_LEGAL_ALU          instr=0x41f18533 pc=0xffb3df88 valid=1 fault=0 wb_w=1 wb_rd=8 ex_r=1 ex_rd=9 -> reg_write=1 illegal=0 stall=0 redirect=0
[PASS] seq=crv_seq_3                              cyc=66 op=IDK_RANDOM             instr=0x69401bcb pc=0x2ad5bb10 valid=1 fault=1 wb_w=0 wb_rd=13 ex_r=0 ex_rd=25 -> reg_write=0 illegal=1 stall=0 redirect=0
[PASS] seq=crv_seq_3                              cyc=67 op=IDK_HAZARD_RS2         instr=0xa93bf482 pc=0x78350e80 valid=1 fault=1 wb_w=1 wb_rd=1 ex_r=1 ex_rd=19 -> reg_write=0 illegal=1 stall=1 redirect=0
[PASS] seq=crv_seq_3                              cyc=68 op=IDK_BYPASS_RS1         instr=0xccec6003 pc=0x7b3d94e0 valid=1 fault=1 wb_w=1 wb_rd=24 ex_r=0 ex_rd=22 -> reg_write=1 illegal=0 stall=0 redirect=0
[PASS] seq=crv_seq_3                              cyc=69 op=IDK_HAZARD_RS1         instr=0xcc1d3479 pc=0xb5462878 valid=1 fault=0 wb_w=1 wb_rd=26 ex_r=1 ex_rd=26 -> reg_write=0 illegal=1 stall=1 redirect=0
[PASS] seq=crv_seq_3                              cyc=70 op=IDK_FORWARD_BRANCH     instr=0x02dbd363 pc=0xd60f2a6c valid=1 fault=0 wb_w=0 wb_rd=17 ex_r=1 ex_rd=15 -> reg_write=0 illegal=0 stall=0 redirect=0
[PASS] seq=crv_seq_3                              cyc=71 op=IDK_RANDOM             instr=0x50a829d8 pc=0x31f7ba74 valid=1 fault=0 wb_w=1 wb_rd=25 ex_r=1 ex_rd=30 -> reg_write=0 illegal=1 stall=0 redirect=0
[PASS] seq=crv_seq_3                              cyc=72 op=IDK_LEGAL_ALU          instr=0x406d7833 pc=0x45ef8f6c valid=1 fault=1 wb_w=0 wb_rd=28 ex_r=0 ex_rd=31 -> reg_write=1 illegal=0 stall=0 redirect=0
[PASS] seq=crv_seq_3                              cyc=73 op=IDK_HAZARD_RS2         instr=0xb2cf9bf1 pc=0x8a0bef48 valid=1 fault=0 wb_w=1 wb_rd=3 ex_r=1 ex_rd=12 -> reg_write=0 illegal=1 stall=1 redirect=0
[PASS] seq=crv_seq_3                              cyc=74 op=IDK_LEGAL_ALU          instr=0x40658633 pc=0xe94cc140 valid=1 fault=1 wb_w=0 wb_rd=15 ex_r=1 ex_rd=30 -> reg_write=1 illegal=0 stall=0 redirect=0
[PASS] seq=crv_seq_3                              cyc=75 op=IDK_HAZARD_RS2         instr=0xb4a25dec pc=0x1479743c valid=1 fault=1 wb_w=1 wb_rd=2 ex_r=1 ex_rd=10 -> reg_write=0 illegal=1 stall=1 redirect=0
[PASS] seq=crv_seq_3                              cyc=76 op=IDK_LEGAL_ALU          instr=0x40ccc4b3 pc=0x2aba3070 valid=1 fault=0 wb_w=1 wb_rd=24 ex_r=0 ex_rd=13 -> reg_write=1 illegal=0 stall=0 redirect=0
[PASS] seq=crv_seq_3                              cyc=77 op=IDK_RANDOM             instr=0xa4c4b608 pc=0x196fde64 valid=1 fault=1 wb_w=1 wb_rd=22 ex_r=0 ex_rd=14 -> reg_write=0 illegal=1 stall=0 redirect=0
[PASS] seq=crv_seq_3                              cyc=78 op=IDK_HAZARD_RS1         instr=0x09894772 pc=0xe9ae77b4 valid=1 fault=1 wb_w=1 wb_rd=2 ex_r=1 ex_rd=18 -> reg_write=0 illegal=1 stall=1 redirect=0
[PASS] seq=crv_seq_3                              cyc=79 op=IDK_ILLEGAL            instr=0x03d5cc33 pc=0x0dd51c28 valid=1 fault=0 wb_w=1 wb_rd=21 ex_r=0 ex_rd=3 -> reg_write=0 illegal=1 stall=0 redirect=0
[PASS] seq=crv_seq_3                              cyc=80 op=IDK_LEGAL_ALU          instr=0x4039f033 pc=0xe7acb3bc valid=1 fault=1 wb_w=1 wb_rd=14 ex_r=1 ex_rd=9 -> reg_write=1 illegal=0 stall=0 redirect=0
[PASS] seq=crv_seq_3                              cyc=81 op=IDK_FORWARD_BRANCH     instr=0x7490f8e3 pc=0x1cdee43c valid=1 fault=1 wb_w=1 wb_rd=6 ex_r=1 ex_rd=16 -> reg_write=0 illegal=0 stall=0 redirect=0
[PASS] seq=crv_seq_3                              cyc=82 op=IDK_JAL                instr=0xfb93246f pc=0x309149cc valid=1 fault=0 wb_w=1 wb_rd=5 ex_r=1 ex_rd=29 -> reg_write=1 illegal=0 stall=0 redirect=1
[PASS] seq=crv_seq_3                              cyc=83 op=IDK_CSR_OP             instr=0x03fc7d73 pc=0xbd4f52b4 valid=1 fault=0 wb_w=1 wb_rd=23 ex_r=1 ex_rd=13 -> reg_write=1 illegal=0 stall=0 redirect=0
[PASS] seq=crv_seq_3                              cyc=84 op=IDK_BYPASS_RS1         instr=0x17f3643d pc=0x0aa2a554 valid=1 fault=1 wb_w=1 wb_rd=6 ex_r=0 ex_rd=29 -> reg_write=0 illegal=1 stall=0 redirect=0
[PASS] seq=crv_seq_3                              cyc=85 op=IDK_HAZARD_RS2         instr=0x8b8d9916 pc=0xc154e860 valid=1 fault=0 wb_w=0 wb_rd=30 ex_r=1 ex_rd=24 -> reg_write=0 illegal=1 stall=1 redirect=0
[PASS] seq=crv_seq_3                              cyc=86 op=IDK_LEGAL_ALU          instr=0x00070bb3 pc=0xb02db478 valid=1 fault=0 wb_w=1 wb_rd=26 ex_r=1 ex_rd=7 -> reg_write=1 illegal=0 stall=0 redirect=0
[PASS] seq=crv_seq_3                              cyc=87 op=IDK_ILLEGAL            instr=0x03506233 pc=0xd3daae7c valid=1 fault=1 wb_w=0 wb_rd=20 ex_r=1 ex_rd=0 -> reg_write=0 illegal=1 stall=0 redirect=0
[PASS] seq=crv_seq_3                              cyc=88 op=IDK_CSR_OP             instr=0x9311abf3 pc=0xd29e527c valid=1 fault=1 wb_w=0 wb_rd=31 ex_r=0 ex_rd=5 -> reg_write=1 illegal=0 stall=0 redirect=0
[PASS] seq=crv_seq_3                              cyc=89 op=IDK_JAL                instr=0x0619abef pc=0xfcb56f60 valid=1 fault=1 wb_w=1 wb_rd=0 ex_r=1 ex_rd=25 -> reg_write=1 illegal=0 stall=0 redirect=1
[PASS] seq=crv_seq_3                              cyc=90 op=IDK_RANDOM             instr=0xba6206f1 pc=0xf26153dc valid=1 fault=0 wb_w=1 wb_rd=25 ex_r=0 ex_rd=1 -> reg_write=0 illegal=1 stall=0 redirect=0
[PASS] seq=crv_seq_3                              cyc=91 op=IDK_BYPASS_RS2         instr=0x2aeff510 pc=0x5c95b97c valid=1 fault=0 wb_w=1 wb_rd=14 ex_r=0 ex_rd=9 -> reg_write=0 illegal=1 stall=0 redirect=0
[PASS] seq=crv_seq_3                              cyc=92 op=IDK_BYPASS_RS2         instr=0x45210f47 pc=0xe5340f34 valid=1 fault=1 wb_w=1 wb_rd=18 ex_r=1 ex_rd=22 -> reg_write=0 illegal=1 stall=0 redirect=0
[PASS] seq=crv_seq_3                              cyc=93 op=IDK_CSR_OP             instr=0xab861073 pc=0x453d02cc valid=1 fault=0 wb_w=1 wb_rd=17 ex_r=1 ex_rd=26 -> reg_write=1 illegal=0 stall=0 redirect=0
[PASS] seq=crv_seq_3                              cyc=94 op=IDK_BYPASS_BOTH        instr=0x5ad6bc3f pc=0xaa63dbc8 valid=1 fault=1 wb_w=1 wb_rd=13 ex_r=0 ex_rd=31 -> reg_write=0 illegal=1 stall=0 redirect=0
[PASS] seq=crv_seq_3                              cyc=95 op=IDK_RANDOM             instr=0x49b8ac67 pc=0xff1b95e8 valid=1 fault=0 wb_w=0 wb_rd=27 ex_r=1 ex_rd=26 -> reg_write=1 illegal=0 stall=0 redirect=0
[PASS] seq=crv_seq_3                              cyc=96 op=IDK_HAZARD_X0_EXCLUDED instr=0x7cfd9594 pc=0x5ab2acf4 valid=1 fault=0 wb_w=0 wb_rd=1 ex_r=1 ex_rd=0 -> reg_write=0 illegal=1 stall=0 redirect=0
[PASS] seq=crv_seq_3                              cyc=97 op=IDK_RANDOM             instr=0x4f99ebf6 pc=0xd294ea5c valid=1 fault=1 wb_w=0 wb_rd=20 ex_r=0 ex_rd=10 -> reg_write=0 illegal=1 stall=0 redirect=0
[PASS] seq=crv_seq_3                              cyc=98 op=IDK_RANDOM             instr=0xb05cd6af pc=0x518eef64 valid=1 fault=1 wb_w=0 wb_rd=24 ex_r=1 ex_rd=4 -> reg_write=0 illegal=1 stall=0 redirect=0
[PASS] seq=crv_seq_3                              cyc=99 op=IDK_BACKWARD_BRANCH    instr=0x8024a963 pc=0x2a7e611c valid=1 fault=0 wb_w=1 wb_rd=25 ex_r=0 ex_rd=3 -> reg_write=0 illegal=0 stall=0 redirect=1
[PASS] seq=crv_seq_3                              cyc=100 op=IDK_ILLEGAL            instr=0x025c79b3 pc=0xf4b5fae8 valid=1 fault=1 wb_w=1 wb_rd=3 ex_r=0 ex_rd=9 -> reg_write=0 illegal=1 stall=0 redirect=0
[PASS] seq=crv_seq_3                              cyc=101 op=IDK_RANDOM             instr=0x0bd9411c pc=0xcf7ac604 valid=1 fault=0 wb_w=0 wb_rd=28 ex_r=0 ex_rd=1 -> reg_write=0 illegal=1 stall=0 redirect=0
[PASS] seq=crv_seq_3                              cyc=102 op=IDK_ILLEGAL            instr=0x031f7fb3 pc=0x56d2e194 valid=1 fault=0 wb_w=1 wb_rd=3 ex_r=1 ex_rd=0 -> reg_write=0 illegal=1 stall=0 redirect=0
[PASS] seq=crv_seq_3                              cyc=103 op=IDK_BACKWARD_BRANCH    instr=0xa5ba6be3 pc=0x90714c00 valid=1 fault=0 wb_w=0 wb_rd=19 ex_r=1 ex_rd=2 -> reg_write=0 illegal=0 stall=0 redirect=1
[PASS] seq=crv_seq_3                              cyc=104 op=IDK_LEGAL_ALU          instr=0x4182a633 pc=0x16d893a8 valid=1 fault=1 wb_w=0 wb_rd=5 ex_r=1 ex_rd=14 -> reg_write=1 illegal=0 stall=0 redirect=0
[PASS] seq=crv_seq_3                              cyc=105 op=IDK_BYPASS_RS2         instr=0x0020f225 pc=0xbdbc9dd0 valid=1 fault=1 wb_w=1 wb_rd=2 ex_r=0 ex_rd=20 -> reg_write=0 illegal=1 stall=0 redirect=0
[PASS] seq=crv_seq_3                              cyc=106 op=IDK_HAZARD_RS1         instr=0x7012faf4 pc=0xefa420b8 valid=1 fault=1 wb_w=0 wb_rd=16 ex_r=1 ex_rd=5 -> reg_write=0 illegal=1 stall=1 redirect=0
[PASS] seq=crv_seq_3                              cyc=107 op=IDK_BYPASS_RS2         instr=0x35d89b11 pc=0xb96b0bd4 valid=1 fault=1 wb_w=1 wb_rd=29 ex_r=0 ex_rd=20 -> reg_write=0 illegal=1 stall=0 redirect=0
[PASS] seq=crv_seq_3                              cyc=108 op=IDK_BYPASS_RS1         instr=0x508d4333 pc=0xc65c67bc valid=1 fault=0 wb_w=1 wb_rd=26 ex_r=0 ex_rd=22 -> reg_write=0 illegal=1 stall=0 redirect=0
[PASS] seq=crv_seq_3                              cyc=109 op=IDK_ILLEGAL            instr=0x034a41b3 pc=0x93fc7318 valid=1 fault=0 wb_w=1 wb_rd=19 ex_r=1 ex_rd=17 -> reg_write=0 illegal=1 stall=0 redirect=0
[PASS] seq=crv_seq_3                              cyc=110 op=IDK_JALR               instr=0x659e7567 pc=0x8fa2d17c valid=1 fault=1 wb_w=0 wb_rd=13 ex_r=1 ex_rd=29 -> reg_write=1 illegal=0 stall=0 redirect=0
[PASS] seq=crv_seq_3                              cyc=111 op=IDK_LEGAL_ALU          instr=0x41cc4a33 pc=0x11ec6588 valid=1 fault=0 wb_w=0 wb_rd=1 ex_r=0 ex_rd=15 -> reg_write=1 illegal=0 stall=0 redirect=0
[PASS] seq=crv_seq_3                              cyc=112 op=IDK_RANDOM             instr=0xcfb8139f pc=0x1c69d638 valid=1 fault=0 wb_w=1 wb_rd=3 ex_r=1 ex_rd=17 -> reg_write=0 illegal=1 stall=0 redirect=0
[PASS] seq=crv_seq_3                              cyc=113 op=IDK_LEGAL_ALU          instr=0x0008c3b3 pc=0x57370c4c valid=1 fault=1 wb_w=0 wb_rd=15 ex_r=0 ex_rd=3 -> reg_write=1 illegal=0 stall=0 redirect=0
[PASS] seq=crv_seq_3                              cyc=114 op=IDK_FORWARD_BRANCH     instr=0x453eaae3 pc=0x7655aafc valid=1 fault=0 wb_w=0 wb_rd=1 ex_r=1 ex_rd=13 -> reg_write=0 illegal=0 stall=0 redirect=0
[PASS] seq=crv_seq_3                              cyc=115 op=IDK_HAZARD_RS2         instr=0xb5bf972a pc=0x77bb12ac valid=1 fault=1 wb_w=1 wb_rd=30 ex_r=1 ex_rd=27 -> reg_write=0 illegal=1 stall=1 redirect=0
[PASS] seq=crv_seq_3                              cyc=116 op=IDK_HAZARD_RS1         instr=0x3f22f830 pc=0xa3d2e90c valid=1 fault=0 wb_w=0 wb_rd=7 ex_r=1 ex_rd=5 -> reg_write=0 illegal=1 stall=1 redirect=0
[PASS] seq=crv_seq_3                              cyc=117 op=IDK_ILLEGAL            instr=0x02dafc33 pc=0xb967c218 valid=1 fault=1 wb_w=1 wb_rd=14 ex_r=0 ex_rd=27 -> reg_write=0 illegal=1 stall=0 redirect=0
[PASS] seq=crv_seq_3                              cyc=118 op=IDK_BYPASS_RS2         instr=0x276e850f pc=0xae7d64d0 valid=1 fault=0 wb_w=1 wb_rd=22 ex_r=1 ex_rd=11 -> reg_write=0 illegal=1 stall=0 redirect=0
[PASS] seq=crv_seq_3                              cyc=119 op=IDK_HAZARD_RS1         instr=0xfecda52a pc=0xffbac94c valid=1 fault=1 wb_w=1 wb_rd=0 ex_r=1 ex_rd=27 -> reg_write=0 illegal=1 stall=1 redirect=0
[PASS] seq=crv_seq_3                              cyc=120 op=IDK_RANDOM             instr=0xbec1fc45 pc=0x92485f8c valid=1 fault=1 wb_w=1 wb_rd=26 ex_r=0 ex_rd=30 -> reg_write=0 illegal=1 stall=0 redirect=0
[PASS] seq=crv_seq_3                              cyc=121 op=IDK_ILLEGAL            instr=0x034463b3 pc=0x6f674e60 valid=1 fault=0 wb_w=0 wb_rd=16 ex_r=1 ex_rd=5 -> reg_write=0 illegal=1 stall=0 redirect=0
[PASS] seq=crv_seq_3                              cyc=122 op=IDK_HAZARD_BOTH        instr=0x1e6331df pc=0x1555c88c valid=1 fault=0 wb_w=1 wb_rd=6 ex_r=1 ex_rd=6 -> reg_write=0 illegal=1 stall=1 redirect=0
[PASS] seq=crv_seq_3                              cyc=123 op=IDK_JAL                instr=0x423aaaef pc=0x019c972c valid=1 fault=1 wb_w=0 wb_rd=0 ex_r=0 ex_rd=30 -> reg_write=1 illegal=0 stall=0 redirect=1
[PASS] seq=crv_seq_3                              cyc=124 op=IDK_HAZARD_RS1         instr=0xf3815ffe pc=0x62c9b63c valid=1 fault=1 wb_w=0 wb_rd=22 ex_r=1 ex_rd=2 -> reg_write=0 illegal=1 stall=1 redirect=0
[PASS] seq=crv_seq_3                              cyc=125 op=IDK_HAZARD_BOTH        instr=0x99290f24 pc=0xb5928de0 valid=1 fault=0 wb_w=0 wb_rd=20 ex_r=1 ex_rd=18 -> reg_write=0 illegal=1 stall=1 redirect=0
[PASS] seq=crv_seq_3                              cyc=126 op=IDK_RANDOM             instr=0x87fe077e pc=0x92e36408 valid=1 fault=1 wb_w=1 wb_rd=9 ex_r=0 ex_rd=8 -> reg_write=0 illegal=1 stall=0 redirect=0
[PASS] seq=crv_seq_3                              cyc=127 op=IDK_ILLEGAL            instr=0x02d5ffb3 pc=0x540d6d00 valid=1 fault=1 wb_w=1 wb_rd=29 ex_r=0 ex_rd=13 -> reg_write=0 illegal=1 stall=0 redirect=0
[PASS] seq=crv_seq_3                              cyc=128 op=IDK_ILLEGAL            instr=0x02c3f9b3 pc=0x5eab7620 valid=1 fault=1 wb_w=1 wb_rd=6 ex_r=0 ex_rd=23 -> reg_write=0 illegal=1 stall=0 redirect=0
[PASS] seq=crv_seq_3                              cyc=129 op=IDK_BYPASS_RS1         instr=0xcbec1353 pc=0x18733078 valid=1 fault=0 wb_w=1 wb_rd=24 ex_r=0 ex_rd=15 -> reg_write=0 illegal=1 stall=0 redirect=0
[PASS] seq=crv_seq_3                              cyc=130 op=IDK_BYPASS_BOTH        instr=0xf518b3f8 pc=0x86649f98 valid=1 fault=0 wb_w=1 wb_rd=17 ex_r=0 ex_rd=18 -> reg_write=0 illegal=1 stall=0 redirect=0
[PASS] seq=crv_seq_3                              cyc=131 op=IDK_BYPASS_RS2         instr=0x6e4180f6 pc=0x8269f5f0 valid=1 fault=0 wb_w=1 wb_rd=4 ex_r=1 ex_rd=18 -> reg_write=0 illegal=1 stall=0 redirect=0
[PASS] seq=crv_seq_3                              cyc=132 op=IDK_BYPASS_RS2         instr=0xce93d828 pc=0x215e4600 valid=1 fault=1 wb_w=1 wb_rd=9 ex_r=0 ex_rd=23 -> reg_write=0 illegal=1 stall=0 redirect=0
[PASS] seq=crv_seq_3                              cyc=133 op=IDK_RANDOM             instr=0xa7daaa93 pc=0x7e30a398 valid=1 fault=0 wb_w=0 wb_rd=29 ex_r=0 ex_rd=23 -> reg_write=1 illegal=0 stall=0 redirect=0
[PASS] seq=crv_seq_3                              cyc=134 op=IDK_CSR_OP             instr=0xc3b4aa73 pc=0xee7029f8 valid=1 fault=1 wb_w=1 wb_rd=24 ex_r=1 ex_rd=28 -> reg_write=1 illegal=0 stall=0 redirect=0
[PASS] seq=crv_seq_3                              cyc=135 op=IDK_LEGAL_ALU          instr=0x004d2a33 pc=0x5665343c valid=1 fault=1 wb_w=1 wb_rd=21 ex_r=1 ex_rd=3 -> reg_write=1 illegal=0 stall=0 redirect=0
[PASS] seq=crv_seq_3                              cyc=136 op=IDK_LEGAL_ALU          instr=0x40159bb3 pc=0x4d92b6e0 valid=1 fault=0 wb_w=0 wb_rd=15 ex_r=1 ex_rd=13 -> reg_write=1 illegal=0 stall=0 redirect=0
[PASS] seq=crv_seq_3                              cyc=137 op=IDK_HAZARD_RS1         instr=0x33ce2532 pc=0x54656c08 valid=1 fault=1 wb_w=1 wb_rd=24 ex_r=1 ex_rd=28 -> reg_write=0 illegal=1 stall=1 redirect=0
[PASS] seq=crv_seq_3                              cyc=138 op=IDK_BACKWARD_BRANCH    instr=0xf086a1e3 pc=0x9fc3d8a4 valid=1 fault=1 wb_w=0 wb_rd=14 ex_r=0 ex_rd=4 -> reg_write=0 illegal=0 stall=0 redirect=1
[PASS] seq=crv_seq_3                              cyc=139 op=IDK_LEGAL_ALU          instr=0x403d1f33 pc=0xdd7bb9cc valid=1 fault=1 wb_w=0 wb_rd=30 ex_r=0 ex_rd=31 -> reg_write=1 illegal=0 stall=0 redirect=0
[PASS] seq=crv_seq_3                              cyc=140 op=IDK_CSR_OP             instr=0x24354cf3 pc=0x01b504b8 valid=1 fault=0 wb_w=0 wb_rd=26 ex_r=1 ex_rd=29 -> reg_write=1 illegal=0 stall=0 redirect=0
[PASS] seq=crv_seq_3                              cyc=141 op=IDK_HAZARD_RS2         instr=0xa1c831da pc=0x8d3429f4 valid=1 fault=0 wb_w=0 wb_rd=31 ex_r=1 ex_rd=28 -> reg_write=0 illegal=1 stall=1 redirect=0
[PASS] seq=crv_seq_3                              cyc=142 op=IDK_BACKWARD_BRANCH    instr=0xf44618e3 pc=0x87e6a9fc valid=1 fault=0 wb_w=0 wb_rd=13 ex_r=1 ex_rd=17 -> reg_write=0 illegal=0 stall=0 redirect=1
[PASS] seq=crv_seq_3                              cyc=143 op=IDK_BACKWARD_BRANCH    instr=0xc0880ce3 pc=0xe7c8ba64 valid=1 fault=0 wb_w=0 wb_rd=9 ex_r=0 ex_rd=13 -> reg_write=0 illegal=0 stall=0 redirect=1
[PASS] seq=crv_seq_3                              cyc=144 op=IDK_BACKWARD_BRANCH    instr=0x95646563 pc=0xfcadc564 valid=1 fault=0 wb_w=0 wb_rd=26 ex_r=0 ex_rd=2 -> reg_write=0 illegal=0 stall=0 redirect=1
[PASS] seq=crv_seq_3                              cyc=145 op=IDK_HAZARD_RS1         instr=0xb6156637 pc=0x4c38bfa8 valid=1 fault=1 wb_w=1 wb_rd=31 ex_r=1 ex_rd=10 -> reg_write=1 illegal=0 stall=1 redirect=0
[PASS] seq=crv_seq_3                              cyc=146 op=IDK_HAZARD_RS1         instr=0x3f277561 pc=0x2411292c valid=1 fault=1 wb_w=0 wb_rd=9 ex_r=1 ex_rd=14 -> reg_write=0 illegal=1 stall=1 redirect=0
[PASS] seq=crv_seq_3                              cyc=147 op=IDK_HAZARD_RS1         instr=0x5ace37cc pc=0x16d4f844 valid=1 fault=1 wb_w=1 wb_rd=17 ex_r=1 ex_rd=28 -> reg_write=0 illegal=1 stall=1 redirect=0
[PASS] seq=crv_seq_3                              cyc=148 op=IDK_CSR_OP             instr=0xd34e6d73 pc=0xa22acd30 valid=1 fault=1 wb_w=1 wb_rd=22 ex_r=0 ex_rd=24 -> reg_write=1 illegal=0 stall=0 redirect=0
[PASS] seq=crv_seq_3                              cyc=149 op=IDK_CSR_OP             instr=0x52aeb5f3 pc=0x4d4b14c4 valid=1 fault=1 wb_w=1 wb_rd=6 ex_r=1 ex_rd=25 -> reg_write=1 illegal=0 stall=0 redirect=0
[PASS] seq=crv_seq_3                              cyc=150 op=IDK_JALR               instr=0x76d4de67 pc=0x34965aa0 valid=1 fault=0 wb_w=0 wb_rd=13 ex_r=0 ex_rd=17 -> reg_write=1 illegal=0 stall=0 redirect=0
[PASS] seq=crv_seq_3                              cyc=151 op=IDK_BYPASS_BOTH        instr=0x20c61616 pc=0xe04835a4 valid=1 fault=0 wb_w=1 wb_rd=12 ex_r=1 ex_rd=26 -> reg_write=0 illegal=1 stall=0 redirect=0
[PASS] seq=crv_seq_3                              cyc=152 op=IDK_ILLEGAL            instr=0x036d71b3 pc=0xe8e9ec20 valid=1 fault=0 wb_w=0 wb_rd=31 ex_r=1 ex_rd=20 -> reg_write=0 illegal=1 stall=0 redirect=0
[PASS] seq=crv_seq_3                              cyc=153 op=IDK_BYPASS_BOTH        instr=0x2e31ce2c pc=0x94bf3a8c valid=1 fault=1 wb_w=1 wb_rd=3 ex_r=0 ex_rd=16 -> reg_write=0 illegal=1 stall=0 redirect=0
[PASS] seq=crv_seq_3                              cyc=154 op=IDK_RANDOM             instr=0xbe94c77b pc=0x2bf9800c valid=1 fault=0 wb_w=0 wb_rd=10 ex_r=1 ex_rd=4 -> reg_write=0 illegal=1 stall=0 redirect=0
[PASS] seq=crv_seq_3                              cyc=155 op=IDK_LEGAL_ALU          instr=0x40acac33 pc=0xe2e0efa4 valid=1 fault=1 wb_w=1 wb_rd=22 ex_r=1 ex_rd=31 -> reg_write=1 illegal=0 stall=0 redirect=0
[PASS] seq=crv_seq_3                              cyc=156 op=IDK_BYPASS_BOTH        instr=0xb5de8e07 pc=0x01c5e3ec valid=1 fault=0 wb_w=1 wb_rd=29 ex_r=0 ex_rd=19 -> reg_write=0 illegal=1 stall=0 redirect=0
[PASS] seq=crv_seq_3                              cyc=157 op=IDK_LEGAL_ALU          instr=0x01962733 pc=0xf5cdde80 valid=1 fault=1 wb_w=0 wb_rd=10 ex_r=1 ex_rd=29 -> reg_write=1 illegal=0 stall=0 redirect=0
[PASS] seq=crv_seq_3                              cyc=158 op=IDK_LEGAL_ALU          instr=0x40f572b3 pc=0x79574ac4 valid=1 fault=1 wb_w=1 wb_rd=2 ex_r=0 ex_rd=26 -> reg_write=1 illegal=0 stall=0 redirect=0
[PASS] seq=crv_seq_3                              cyc=159 op=IDK_BYPASS_RS2         instr=0xe1f2705e pc=0xc24f6cf4 valid=1 fault=0 wb_w=1 wb_rd=31 ex_r=1 ex_rd=9 -> reg_write=0 illegal=1 stall=0 redirect=0
[PASS] seq=crv_seq_3                              cyc=160 op=IDK_JALR               instr=0xb7fff6e7 pc=0xe78fc9cc valid=1 fault=1 wb_w=1 wb_rd=9 ex_r=0 ex_rd=25 -> reg_write=1 illegal=0 stall=0 redirect=0
[PASS] seq=crv_seq_3                              cyc=161 op=IDK_ILLEGAL            instr=0x039d6733 pc=0x02b4ad4c valid=1 fault=0 wb_w=0 wb_rd=7 ex_r=0 ex_rd=2 -> reg_write=0 illegal=1 stall=0 redirect=0
[PASS] seq=crv_seq_3                              cyc=162 op=IDK_JAL                instr=0x9c247aef pc=0x92b976bc valid=1 fault=1 wb_w=1 wb_rd=26 ex_r=1 ex_rd=24 -> reg_write=1 illegal=0 stall=0 redirect=1
[PASS] seq=crv_seq_3                              cyc=163 op=IDK_HAZARD_RS2         instr=0x8dd4d9b9 pc=0xb1216188 valid=1 fault=1 wb_w=1 wb_rd=2 ex_r=1 ex_rd=29 -> reg_write=0 illegal=1 stall=1 redirect=0
[PASS] seq=crv_seq_3                              cyc=164 op=IDK_JALR               instr=0xdd255d67 pc=0x61d9b954 valid=1 fault=1 wb_w=0 wb_rd=4 ex_r=1 ex_rd=17 -> reg_write=1 illegal=0 stall=0 redirect=0
[PASS] seq=crv_seq_3                              cyc=165 op=IDK_BACKWARD_BRANCH    instr=0xd1628863 pc=0x849bcfa8 valid=1 fault=1 wb_w=1 wb_rd=23 ex_r=1 ex_rd=11 -> reg_write=0 illegal=0 stall=0 redirect=1
[PASS] seq=crv_seq_3                              cyc=166 op=IDK_JALR               instr=0x6c66b867 pc=0xf959149c valid=1 fault=0 wb_w=1 wb_rd=19 ex_r=1 ex_rd=13 -> reg_write=1 illegal=0 stall=1 redirect=0
[PASS] seq=crv_seq_3                              cyc=167 op=IDK_BACKWARD_BRANCH    instr=0x8665db63 pc=0x75edd6c8 valid=1 fault=0 wb_w=0 wb_rd=23 ex_r=0 ex_rd=6 -> reg_write=0 illegal=0 stall=0 redirect=1
[PASS] seq=crv_seq_3                              cyc=168 op=IDK_LEGAL_ALU          instr=0x401efab3 pc=0x24010db4 valid=1 fault=1 wb_w=0 wb_rd=19 ex_r=0 ex_rd=27 -> reg_write=1 illegal=0 stall=0 redirect=0
[PASS] seq=crv_seq_3                              cyc=169 op=IDK_RANDOM             instr=0x502830aa pc=0xc0678a48 valid=1 fault=0 wb_w=0 wb_rd=5 ex_r=1 ex_rd=26 -> reg_write=0 illegal=1 stall=0 redirect=0
[PASS] seq=crv_seq_3                              cyc=170 op=IDK_BACKWARD_BRANCH    instr=0xa0d6ad63 pc=0x8380d538 valid=1 fault=1 wb_w=1 wb_rd=10 ex_r=0 ex_rd=4 -> reg_write=0 illegal=0 stall=0 redirect=1
[PASS] seq=crv_seq_3                              cyc=171 op=IDK_HAZARD_X0_EXCLUDED instr=0x5d267ae3 pc=0x839c280c valid=1 fault=0 wb_w=0 wb_rd=7 ex_r=1 ex_rd=0 -> reg_write=0 illegal=0 stall=0 redirect=0
[PASS] seq=crv_seq_3                              cyc=172 op=IDK_ILLEGAL            instr=0x0255dab3 pc=0x5f08a904 valid=1 fault=1 wb_w=0 wb_rd=5 ex_r=1 ex_rd=8 -> reg_write=0 illegal=1 stall=0 redirect=0
[PASS] seq=crv_seq_3                              cyc=173 op=IDK_BYPASS_BOTH        instr=0xc7ad32b4 pc=0x4a72dda0 valid=1 fault=0 wb_w=1 wb_rd=26 ex_r=0 ex_rd=28 -> reg_write=0 illegal=1 stall=0 redirect=0
[PASS] seq=crv_seq_3                              cyc=174 op=IDK_FORWARD_BRANCH     instr=0x5bcb55e3 pc=0x3172b414 valid=1 fault=0 wb_w=0 wb_rd=10 ex_r=0 ex_rd=27 -> reg_write=0 illegal=0 stall=0 redirect=0
[PASS] seq=crv_seq_3                              cyc=175 op=IDK_JAL                instr=0xd56bcbef pc=0xbd735ad4 valid=1 fault=0 wb_w=0 wb_rd=17 ex_r=1 ex_rd=28 -> reg_write=1 illegal=0 stall=0 redirect=1
[PASS] seq=crv_seq_3                              cyc=176 op=IDK_HAZARD_X0_EXCLUDED instr=0x68c53563 pc=0x91fb65a4 valid=1 fault=1 wb_w=1 wb_rd=30 ex_r=1 ex_rd=0 -> reg_write=0 illegal=0 stall=0 redirect=0
[PASS] seq=crv_seq_3                              cyc=177 op=IDK_FORWARD_BRANCH     instr=0x609d67e3 pc=0x90b16ed4 valid=1 fault=0 wb_w=1 wb_rd=3 ex_r=0 ex_rd=31 -> reg_write=0 illegal=0 stall=0 redirect=0
[PASS] seq=crv_seq_3                              cyc=178 op=IDK_BYPASS_BOTH        instr=0x7d8c5eec pc=0xd0c51e64 valid=1 fault=0 wb_w=1 wb_rd=24 ex_r=1 ex_rd=5 -> reg_write=0 illegal=1 stall=0 redirect=0
[PASS] seq=crv_seq_3                              cyc=179 op=IDK_HAZARD_X0_EXCLUDED instr=0x3c254967 pc=0x1a326d58 valid=1 fault=0 wb_w=0 wb_rd=13 ex_r=1 ex_rd=0 -> reg_write=1 illegal=0 stall=0 redirect=0
[PASS] seq=crv_seq_3                              cyc=180 op=IDK_RANDOM             instr=0x0a63e2b2 pc=0xc0e50328 valid=1 fault=0 wb_w=1 wb_rd=20 ex_r=1 ex_rd=15 -> reg_write=0 illegal=1 stall=0 redirect=0
[PASS] seq=crv_seq_3                              cyc=181 op=IDK_HAZARD_RS1         instr=0x15115122 pc=0xc39a743c valid=1 fault=0 wb_w=0 wb_rd=18 ex_r=1 ex_rd=2 -> reg_write=0 illegal=1 stall=1 redirect=0
[PASS] seq=crv_seq_3                              cyc=182 op=IDK_HAZARD_X0_EXCLUDED instr=0x2ad29788 pc=0xcc36c944 valid=1 fault=1 wb_w=0 wb_rd=6 ex_r=1 ex_rd=0 -> reg_write=0 illegal=1 stall=0 redirect=0
[PASS] seq=crv_seq_3                              cyc=183 op=IDK_ILLEGAL            instr=0x02607833 pc=0xc569e868 valid=1 fault=1 wb_w=0 wb_rd=12 ex_r=1 ex_rd=9 -> reg_write=0 illegal=1 stall=0 redirect=0
[PASS] seq=crv_seq_3                              cyc=184 op=IDK_JAL                instr=0x637da6ef pc=0x0cfb6b70 valid=1 fault=0 wb_w=1 wb_rd=10 ex_r=1 ex_rd=21 -> reg_write=1 illegal=0 stall=0 redirect=1
[PASS] seq=crv_seq_3                              cyc=185 op=IDK_HAZARD_RS2         instr=0xe50f674f pc=0x1e75ce20 valid=1 fault=0 wb_w=0 wb_rd=25 ex_r=1 ex_rd=16 -> reg_write=0 illegal=1 stall=1 redirect=0
[PASS] seq=crv_seq_3                              cyc=186 op=IDK_JAL                instr=0x3c315aef pc=0x7bd40994 valid=1 fault=1 wb_w=1 wb_rd=0 ex_r=0 ex_rd=18 -> reg_write=1 illegal=0 stall=0 redirect=1
[PASS] seq=crv_seq_3                              cyc=187 op=IDK_RANDOM             instr=0x6411bd46 pc=0x9dddf6f8 valid=1 fault=0 wb_w=1 wb_rd=11 ex_r=1 ex_rd=3 -> reg_write=0 illegal=1 stall=1 redirect=0
[PASS] seq=crv_seq_3                              cyc=188 op=IDK_JAL                instr=0x209dbd6f pc=0xe18c38a8 valid=1 fault=1 wb_w=1 wb_rd=21 ex_r=1 ex_rd=22 -> reg_write=1 illegal=0 stall=0 redirect=1
[PASS] seq=crv_seq_3                              cyc=189 op=IDK_RANDOM             instr=0x501ba1ff pc=0xb0315d14 valid=1 fault=0 wb_w=1 wb_rd=29 ex_r=0 ex_rd=14 -> reg_write=0 illegal=1 stall=0 redirect=0
[PASS] seq=crv_seq_3                              cyc=190 op=IDK_JAL                instr=0x5388826f pc=0xef1719d0 valid=1 fault=0 wb_w=0 wb_rd=5 ex_r=1 ex_rd=23 -> reg_write=1 illegal=0 stall=0 redirect=1
[PASS] seq=crv_seq_3                              cyc=191 op=IDK_HAZARD_BOTH        instr=0xd2a50e60 pc=0x34ae8600 valid=1 fault=1 wb_w=0 wb_rd=28 ex_r=1 ex_rd=10 -> reg_write=0 illegal=1 stall=1 redirect=0
[PASS] seq=crv_seq_3                              cyc=192 op=IDK_CSR_OP             instr=0x6f303073 pc=0x6ea4a4e0 valid=1 fault=1 wb_w=0 wb_rd=20 ex_r=1 ex_rd=31 -> reg_write=1 illegal=0 stall=0 redirect=0
[PASS] seq=crv_seq_3                              cyc=193 op=IDK_BYPASS_RS1         instr=0x3d06168e pc=0x4fdc2ad0 valid=1 fault=0 wb_w=1 wb_rd=12 ex_r=0 ex_rd=1 -> reg_write=0 illegal=1 stall=0 redirect=0
[PASS] seq=crv_seq_3                              cyc=194 op=IDK_RANDOM             instr=0x57a56e8a pc=0xa1f52398 valid=1 fault=0 wb_w=1 wb_rd=31 ex_r=1 ex_rd=5 -> reg_write=0 illegal=1 stall=0 redirect=0
[PASS] seq=crv_seq_3                              cyc=195 op=IDK_BACKWARD_BRANCH    instr=0xab0cd4e3 pc=0x6a8d03bc valid=1 fault=1 wb_w=0 wb_rd=17 ex_r=1 ex_rd=16 -> reg_write=0 illegal=0 stall=1 redirect=1
[PASS] seq=crv_seq_3                              cyc=196 op=IDK_HAZARD_BOTH        instr=0x8684741b pc=0x6cf5383c valid=1 fault=0 wb_w=0 wb_rd=24 ex_r=1 ex_rd=8 -> reg_write=0 illegal=1 stall=1 redirect=0
[PASS] seq=crv_seq_3                              cyc=197 op=IDK_HAZARD_RS2         instr=0xf7ba4bef pc=0x2a4c9270 valid=1 fault=1 wb_w=0 wb_rd=21 ex_r=1 ex_rd=27 -> reg_write=1 illegal=0 stall=1 redirect=1
[PASS] seq=crv_seq_3                              cyc=198 op=IDK_BACKWARD_BRANCH    instr=0xd9902ee3 pc=0xfc74782c valid=1 fault=1 wb_w=1 wb_rd=19 ex_r=0 ex_rd=26 -> reg_write=0 illegal=0 stall=0 redirect=1
[PASS] seq=crv_seq_3                              cyc=199 op=IDK_BYPASS_BOTH        instr=0xa9fff5b9 pc=0x2793a118 valid=1 fault=1 wb_w=1 wb_rd=31 ex_r=0 ex_rd=25 -> reg_write=0 illegal=1 stall=0 redirect=0
[PASS] seq=crv_seq_4                              cyc=0 op=IDK_JAL                instr=0xe3c9ffef pc=0xbf06bc6c valid=1 fault=0 wb_w=1 wb_rd=20 ex_r=1 ex_rd=25 -> reg_write=1 illegal=0 stall=0 redirect=1
[PASS] seq=crv_seq_4                              cyc=1 op=IDK_HAZARD_RS1         instr=0x79b6c527 pc=0xe797a8a0 valid=1 fault=0 wb_w=0 wb_rd=15 ex_r=1 ex_rd=13 -> reg_write=0 illegal=1 stall=1 redirect=0
[PASS] seq=crv_seq_4                              cyc=2 op=IDK_HAZARD_BOTH        instr=0xbffffbaa pc=0x2232b9f8 valid=1 fault=0 wb_w=1 wb_rd=9 ex_r=1 ex_rd=31 -> reg_write=0 illegal=1 stall=1 redirect=0
[PASS] seq=crv_seq_4                              cyc=3 op=IDK_CSR_OP             instr=0xdff5adf3 pc=0x5673328c valid=1 fault=1 wb_w=1 wb_rd=20 ex_r=0 ex_rd=9 -> reg_write=1 illegal=0 stall=0 redirect=0
[PASS] seq=crv_seq_4                              cyc=4 op=IDK_LEGAL_ALU          instr=0x41516bb3 pc=0x9688ad60 valid=1 fault=0 wb_w=1 wb_rd=14 ex_r=1 ex_rd=20 -> reg_write=1 illegal=0 stall=0 redirect=0
[PASS] seq=crv_seq_4                              cyc=5 op=IDK_HAZARD_X0_EXCLUDED instr=0xdf763deb pc=0x7948f924 valid=1 fault=1 wb_w=0 wb_rd=23 ex_r=1 ex_rd=0 -> reg_write=0 illegal=1 stall=0 redirect=0
[PASS] seq=crv_seq_4                              cyc=6 op=IDK_RANDOM             instr=0x800216e3 pc=0x10579c1c valid=1 fault=1 wb_w=0 wb_rd=31 ex_r=1 ex_rd=14 -> reg_write=0 illegal=0 stall=0 redirect=1
[PASS] seq=crv_seq_4                              cyc=7 op=IDK_HAZARD_X0_EXCLUDED instr=0x7402b323 pc=0x6b0c4c54 valid=1 fault=0 wb_w=1 wb_rd=21 ex_r=1 ex_rd=0 -> reg_write=0 illegal=0 stall=0 redirect=0
[PASS] seq=crv_seq_4                              cyc=8 op=IDK_JAL                instr=0x1ace01ef pc=0x3c334910 valid=1 fault=1 wb_w=1 wb_rd=20 ex_r=0 ex_rd=26 -> reg_write=1 illegal=0 stall=0 redirect=1
[PASS] seq=crv_seq_4                              cyc=9 op=IDK_RANDOM             instr=0x99efe1da pc=0xd6ee60b4 valid=1 fault=1 wb_w=0 wb_rd=31 ex_r=0 ex_rd=3 -> reg_write=0 illegal=1 stall=0 redirect=0
[PASS] seq=crv_seq_4                              cyc=10 op=IDK_HAZARD_RS1         instr=0x17d1c353 pc=0xa7d71034 valid=1 fault=1 wb_w=0 wb_rd=24 ex_r=1 ex_rd=3 -> reg_write=0 illegal=1 stall=1 redirect=0
[PASS] seq=crv_seq_4                              cyc=11 op=IDK_HAZARD_BOTH        instr=0x50630ad2 pc=0x4a38c5f4 valid=1 fault=1 wb_w=1 wb_rd=5 ex_r=1 ex_rd=6 -> reg_write=0 illegal=1 stall=1 redirect=0
[PASS] seq=crv_seq_4                              cyc=12 op=IDK_BYPASS_BOTH        instr=0x359c832d pc=0xc3c8f4c8 valid=1 fault=1 wb_w=1 wb_rd=25 ex_r=0 ex_rd=20 -> reg_write=0 illegal=1 stall=0 redirect=0
[PASS] seq=crv_seq_4                              cyc=13 op=IDK_FORWARD_BRANCH     instr=0x06f63a63 pc=0x61230e20 valid=1 fault=1 wb_w=1 wb_rd=14 ex_r=1 ex_rd=20 -> reg_write=0 illegal=0 stall=0 redirect=0
[PASS] seq=crv_seq_4                              cyc=14 op=IDK_LEGAL_ALU          instr=0x4078f7b3 pc=0x2bd41bd8 valid=1 fault=1 wb_w=0 wb_rd=9 ex_r=0 ex_rd=25 -> reg_write=1 illegal=0 stall=0 redirect=0
[PASS] seq=crv_seq_4                              cyc=15 op=IDK_HAZARD_RS1         instr=0x0162b2b2 pc=0x1f38c3ac valid=1 fault=0 wb_w=0 wb_rd=29 ex_r=1 ex_rd=5 -> reg_write=0 illegal=1 stall=1 redirect=0
[PASS] seq=crv_seq_4                              cyc=16 op=IDK_LEGAL_ALU          instr=0x01b06cb3 pc=0x19408f60 valid=1 fault=0 wb_w=1 wb_rd=27 ex_r=1 ex_rd=8 -> reg_write=1 illegal=0 stall=0 redirect=0
[PASS] seq=crv_seq_4                              cyc=17 op=IDK_BYPASS_RS1         instr=0xddd661fa pc=0xd61a0fd0 valid=1 fault=0 wb_w=1 wb_rd=12 ex_r=1 ex_rd=12 -> reg_write=0 illegal=1 stall=1 redirect=0
[PASS] seq=crv_seq_4                              cyc=18 op=IDK_ILLEGAL            instr=0x03934b33 pc=0xd3beb438 valid=1 fault=1 wb_w=1 wb_rd=7 ex_r=0 ex_rd=11 -> reg_write=0 illegal=1 stall=0 redirect=0
[PASS] seq=crv_seq_4                              cyc=19 op=IDK_HAZARD_RS1         instr=0x58dfa509 pc=0x045b936c valid=1 fault=0 wb_w=1 wb_rd=14 ex_r=1 ex_rd=31 -> reg_write=0 illegal=1 stall=1 redirect=0
[PASS] seq=crv_seq_4                              cyc=20 op=IDK_JALR               instr=0x3d452b67 pc=0xae5dcd90 valid=1 fault=0 wb_w=1 wb_rd=24 ex_r=0 ex_rd=2 -> reg_write=1 illegal=0 stall=0 redirect=0
[PASS] seq=crv_seq_4                              cyc=21 op=IDK_CSR_OP             instr=0xd66e78f3 pc=0x1329c514 valid=1 fault=1 wb_w=1 wb_rd=0 ex_r=0 ex_rd=17 -> reg_write=1 illegal=0 stall=0 redirect=0
[PASS] seq=crv_seq_4                              cyc=22 op=IDK_BYPASS_RS1         instr=0x5ea1f6b3 pc=0x1d9ff6a0 valid=1 fault=1 wb_w=1 wb_rd=3 ex_r=1 ex_rd=4 -> reg_write=0 illegal=1 stall=0 redirect=0
[PASS] seq=crv_seq_4                              cyc=23 op=IDK_BYPASS_RS1         instr=0x1235cb9a pc=0xe280dc28 valid=1 fault=1 wb_w=1 wb_rd=11 ex_r=0 ex_rd=26 -> reg_write=0 illegal=1 stall=0 redirect=0
[PASS] seq=crv_seq_4                              cyc=24 op=IDK_BYPASS_RS2         instr=0xa0823930 pc=0xed4aec44 valid=1 fault=0 wb_w=1 wb_rd=8 ex_r=1 ex_rd=31 -> reg_write=0 illegal=1 stall=0 redirect=0
[PASS] seq=crv_seq_4                              cyc=25 op=IDK_BACKWARD_BRANCH    instr=0x81bcf5e3 pc=0xe5807c54 valid=1 fault=1 wb_w=0 wb_rd=16 ex_r=1 ex_rd=1 -> reg_write=0 illegal=0 stall=0 redirect=1
[PASS] seq=crv_seq_4                              cyc=26 op=IDK_ILLEGAL            instr=0x02c9e3b3 pc=0x014f8520 valid=1 fault=0 wb_w=1 wb_rd=9 ex_r=1 ex_rd=22 -> reg_write=0 illegal=1 stall=0 redirect=0
[PASS] seq=crv_seq_4                              cyc=27 op=IDK_HAZARD_RS2         instr=0x4e436be3 pc=0x4a737d40 valid=1 fault=0 wb_w=0 wb_rd=8 ex_r=1 ex_rd=4 -> reg_write=0 illegal=0 stall=1 redirect=0
[PASS] seq=crv_seq_4                              cyc=28 op=IDK_RANDOM             instr=0x2117168b pc=0xbc06d394 valid=1 fault=1 wb_w=1 wb_rd=21 ex_r=1 ex_rd=13 -> reg_write=0 illegal=0 stall=0 redirect=0
[PASS] seq=crv_seq_4                              cyc=29 op=IDK_ILLEGAL            instr=0x022af8b3 pc=0x29bd5460 valid=1 fault=1 wb_w=0 wb_rd=6 ex_r=0 ex_rd=22 -> reg_write=0 illegal=1 stall=0 redirect=0
[PASS] seq=crv_seq_4                              cyc=30 op=IDK_LEGAL_ALU          instr=0x013515b3 pc=0x03b79564 valid=1 fault=1 wb_w=1 wb_rd=0 ex_r=1 ex_rd=17 -> reg_write=1 illegal=0 stall=0 redirect=0
[PASS] seq=crv_seq_4                              cyc=31 op=IDK_RANDOM             instr=0x086ef8be pc=0x2ecfb458 valid=1 fault=1 wb_w=0 wb_rd=0 ex_r=0 ex_rd=19 -> reg_write=0 illegal=1 stall=0 redirect=0
[PASS] seq=crv_seq_4                              cyc=32 op=IDK_RANDOM             instr=0xbb7581ad pc=0x5f2e034c valid=1 fault=1 wb_w=1 wb_rd=31 ex_r=1 ex_rd=11 -> reg_write=0 illegal=1 stall=1 redirect=0
[PASS] seq=crv_seq_4                              cyc=33 op=IDK_CSR_OP             instr=0xa6814f73 pc=0x766e06a0 valid=1 fault=1 wb_w=0 wb_rd=0 ex_r=1 ex_rd=2 -> reg_write=1 illegal=0 stall=1 redirect=0
[PASS] seq=crv_seq_4                              cyc=34 op=IDK_BYPASS_RS1         instr=0xbe25490a pc=0xfac84528 valid=1 fault=0 wb_w=1 wb_rd=10 ex_r=0 ex_rd=0 -> reg_write=0 illegal=1 stall=0 redirect=0
[PASS] seq=crv_seq_4                              cyc=35 op=IDK_RANDOM             instr=0xd8a9b31d pc=0x22757a7c valid=1 fault=1 wb_w=0 wb_rd=30 ex_r=1 ex_rd=27 -> reg_write=0 illegal=1 stall=0 redirect=0
[PASS] seq=crv_seq_4                              cyc=36 op=IDK_RANDOM             instr=0x3f546b55 pc=0xcccee244 valid=1 fault=1 wb_w=0 wb_rd=4 ex_r=0 ex_rd=17 -> reg_write=0 illegal=1 stall=0 redirect=0
[PASS] seq=crv_seq_4                              cyc=37 op=IDK_BYPASS_BOTH        instr=0x8e31dff8 pc=0x6b36b090 valid=1 fault=1 wb_w=1 wb_rd=3 ex_r=0 ex_rd=29 -> reg_write=0 illegal=1 stall=0 redirect=0
[PASS] seq=crv_seq_4                              cyc=38 op=IDK_BYPASS_BOTH        instr=0x2b39968b pc=0x995f6a5c valid=1 fault=1 wb_w=1 wb_rd=19 ex_r=0 ex_rd=6 -> reg_write=0 illegal=0 stall=0 redirect=0
[PASS] seq=crv_seq_4                              cyc=39 op=IDK_ILLEGAL            instr=0x027fcc33 pc=0x9944c518 valid=1 fault=1 wb_w=0 wb_rd=15 ex_r=1 ex_rd=15 -> reg_write=0 illegal=1 stall=0 redirect=0
[PASS] seq=crv_seq_4                              cyc=40 op=IDK_BACKWARD_BRANCH    instr=0xb2ec9663 pc=0x7a5e6428 valid=1 fault=0 wb_w=1 wb_rd=27 ex_r=0 ex_rd=10 -> reg_write=0 illegal=0 stall=0 redirect=1
[PASS] seq=crv_seq_4                              cyc=41 op=IDK_ILLEGAL            instr=0x02bef233 pc=0xae7a92b0 valid=1 fault=1 wb_w=0 wb_rd=11 ex_r=0 ex_rd=31 -> reg_write=0 illegal=1 stall=0 redirect=0
[PASS] seq=crv_seq_4                              cyc=42 op=IDK_JALR               instr=0xaba219e7 pc=0x53361208 valid=1 fault=1 wb_w=0 wb_rd=21 ex_r=0 ex_rd=14 -> reg_write=1 illegal=0 stall=0 redirect=0
[PASS] seq=crv_seq_4                              cyc=43 op=IDK_FORWARD_BRANCH     instr=0x27158f63 pc=0x1b3f70bc valid=1 fault=0 wb_w=0 wb_rd=12 ex_r=1 ex_rd=28 -> reg_write=0 illegal=0 stall=0 redirect=0
[PASS] seq=crv_seq_4                              cyc=44 op=IDK_RANDOM             instr=0x47e161f6 pc=0x514b4d94 valid=1 fault=0 wb_w=1 wb_rd=1 ex_r=0 ex_rd=27 -> reg_write=0 illegal=1 stall=0 redirect=0
[PASS] seq=crv_seq_4                              cyc=45 op=IDK_BYPASS_RS1         instr=0x123c8ce5 pc=0xb626b470 valid=1 fault=0 wb_w=1 wb_rd=25 ex_r=0 ex_rd=12 -> reg_write=0 illegal=1 stall=0 redirect=0
[PASS] seq=crv_seq_4                              cyc=46 op=IDK_BYPASS_BOTH        instr=0xb6c6257b pc=0x0ab63c98 valid=1 fault=1 wb_w=1 wb_rd=12 ex_r=0 ex_rd=23 -> reg_write=0 illegal=1 stall=0 redirect=0
[PASS] seq=crv_seq_4                              cyc=47 op=IDK_HAZARD_RS2         instr=0xa21d1063 pc=0xda1c40b8 valid=1 fault=1 wb_w=0 wb_rd=5 ex_r=1 ex_rd=1 -> reg_write=0 illegal=0 stall=1 redirect=1
[PASS] seq=crv_seq_4                              cyc=48 op=IDK_ILLEGAL            instr=0x028ac033 pc=0xd0b5e550 valid=1 fault=0 wb_w=1 wb_rd=12 ex_r=1 ex_rd=2 -> reg_write=0 illegal=1 stall=0 redirect=0
[PASS] seq=crv_seq_4                              cyc=49 op=IDK_RANDOM             instr=0x30ec1d4d pc=0xab6b2484 valid=1 fault=1 wb_w=1 wb_rd=5 ex_r=1 ex_rd=13 -> reg_write=0 illegal=1 stall=0 redirect=0
[PASS] seq=crv_seq_4                              cyc=50 op=IDK_BYPASS_RS1         instr=0x8cd297fd pc=0x618ee4e4 valid=1 fault=0 wb_w=1 wb_rd=5 ex_r=0 ex_rd=26 -> reg_write=0 illegal=1 stall=0 redirect=0
[PASS] seq=crv_seq_4                              cyc=51 op=IDK_HAZARD_BOTH        instr=0xe59cba9a pc=0xe1382bc4 valid=1 fault=1 wb_w=0 wb_rd=23 ex_r=1 ex_rd=25 -> reg_write=0 illegal=1 stall=1 redirect=0
[PASS] seq=crv_seq_4                              cyc=52 op=IDK_RANDOM             instr=0x7bdcecad pc=0xc8dc6fc8 valid=1 fault=0 wb_w=1 wb_rd=22 ex_r=1 ex_rd=6 -> reg_write=0 illegal=1 stall=0 redirect=0
[PASS] seq=crv_seq_4                              cyc=53 op=IDK_CSR_OP             instr=0xdbf92073 pc=0x889a15c4 valid=1 fault=1 wb_w=1 wb_rd=30 ex_r=1 ex_rd=17 -> reg_write=1 illegal=0 stall=0 redirect=0
[PASS] seq=crv_seq_4                              cyc=54 op=IDK_RANDOM             instr=0xb3b88d5d pc=0x397fc1a0 valid=1 fault=1 wb_w=1 wb_rd=30 ex_r=0 ex_rd=20 -> reg_write=0 illegal=1 stall=0 redirect=0
[PASS] seq=crv_seq_4                              cyc=55 op=IDK_HAZARD_RS1         instr=0xc9c14515 pc=0x965d4c3c valid=1 fault=1 wb_w=1 wb_rd=25 ex_r=1 ex_rd=2 -> reg_write=0 illegal=1 stall=1 redirect=0
[PASS] seq=crv_seq_4                              cyc=56 op=IDK_HAZARD_X0_EXCLUDED instr=0xa91f1a1d pc=0xa7c9c424 valid=1 fault=0 wb_w=1 wb_rd=24 ex_r=1 ex_rd=0 -> reg_write=0 illegal=1 stall=0 redirect=0
[PASS] seq=crv_seq_4                              cyc=57 op=IDK_HAZARD_BOTH        instr=0x7d9cb5e5 pc=0x45415230 valid=1 fault=0 wb_w=0 wb_rd=20 ex_r=1 ex_rd=25 -> reg_write=0 illegal=1 stall=1 redirect=0
[PASS] seq=crv_seq_4                              cyc=58 op=IDK_LEGAL_ALU          instr=0x4159c0b3 pc=0x45ec7e20 valid=1 fault=0 wb_w=1 wb_rd=4 ex_r=1 ex_rd=3 -> reg_write=1 illegal=0 stall=0 redirect=0
[PASS] seq=crv_seq_4                              cyc=59 op=IDK_HAZARD_X0_EXCLUDED instr=0x7c5e5e47 pc=0x612701d4 valid=1 fault=1 wb_w=0 wb_rd=26 ex_r=1 ex_rd=0 -> reg_write=0 illegal=1 stall=0 redirect=0
[PASS] seq=crv_seq_4                              cyc=60 op=IDK_BYPASS_RS1         instr=0x59b686ee pc=0x88837330 valid=1 fault=1 wb_w=1 wb_rd=13 ex_r=1 ex_rd=18 -> reg_write=0 illegal=1 stall=0 redirect=0
[PASS] seq=crv_seq_4                              cyc=61 op=IDK_BACKWARD_BRANCH    instr=0x87ea0d63 pc=0xf7ebbdec valid=1 fault=1 wb_w=0 wb_rd=16 ex_r=0 ex_rd=9 -> reg_write=0 illegal=0 stall=0 redirect=1
[PASS] seq=crv_seq_4                              cyc=62 op=IDK_JAL                instr=0xc4a80bef pc=0x0a7193ec valid=1 fault=1 wb_w=1 wb_rd=28 ex_r=0 ex_rd=20 -> reg_write=1 illegal=0 stall=0 redirect=1
[PASS] seq=crv_seq_4                              cyc=63 op=IDK_RANDOM             instr=0xdc3c5e89 pc=0x730ce528 valid=1 fault=0 wb_w=1 wb_rd=25 ex_r=0 ex_rd=18 -> reg_write=0 illegal=1 stall=0 redirect=0
[PASS] seq=crv_seq_4                              cyc=64 op=IDK_RANDOM             instr=0x5a30202f pc=0xab71b150 valid=1 fault=0 wb_w=0 wb_rd=7 ex_r=0 ex_rd=10 -> reg_write=0 illegal=1 stall=0 redirect=0
[PASS] seq=crv_seq_4                              cyc=65 op=IDK_JALR               instr=0x4e4a6167 pc=0x92e235f8 valid=1 fault=1 wb_w=1 wb_rd=29 ex_r=0 ex_rd=24 -> reg_write=1 illegal=0 stall=0 redirect=0
[PASS] seq=crv_seq_4                              cyc=66 op=IDK_FORWARD_BRANCH     instr=0x680b47e3 pc=0xc0b6c964 valid=1 fault=0 wb_w=1 wb_rd=27 ex_r=1 ex_rd=29 -> reg_write=0 illegal=0 stall=0 redirect=0
[PASS] seq=crv_seq_4                              cyc=67 op=IDK_LEGAL_ALU          instr=0x00f80033 pc=0x87fba734 valid=1 fault=1 wb_w=1 wb_rd=24 ex_r=1 ex_rd=23 -> reg_write=1 illegal=0 stall=0 redirect=0
[PASS] seq=crv_seq_4                              cyc=68 op=IDK_CSR_OP             instr=0x56ec9d73 pc=0x3f6bc5cc valid=1 fault=0 wb_w=1 wb_rd=27 ex_r=1 ex_rd=27 -> reg_write=1 illegal=0 stall=0 redirect=0
[PASS] seq=crv_seq_4                              cyc=69 op=IDK_JALR               instr=0x97ee17e7 pc=0x2f00b2c0 valid=1 fault=0 wb_w=1 wb_rd=6 ex_r=1 ex_rd=2 -> reg_write=1 illegal=0 stall=0 redirect=0
[PASS] seq=crv_seq_4                              cyc=70 op=IDK_HAZARD_RS1         instr=0x30d9c398 pc=0x0e7b9f28 valid=1 fault=0 wb_w=0 wb_rd=3 ex_r=1 ex_rd=19 -> reg_write=0 illegal=1 stall=1 redirect=0
[PASS] seq=crv_seq_4                              cyc=71 op=IDK_HAZARD_RS1         instr=0x9d4f1c17 pc=0x7ee3c884 valid=1 fault=1 wb_w=0 wb_rd=27 ex_r=1 ex_rd=30 -> reg_write=1 illegal=0 stall=1 redirect=0
[PASS] seq=crv_seq_4                              cyc=72 op=IDK_BYPASS_RS2         instr=0x7aaf440d pc=0xc1c07cb8 valid=1 fault=0 wb_w=1 wb_rd=10 ex_r=1 ex_rd=2 -> reg_write=0 illegal=1 stall=0 redirect=0
[PASS] seq=crv_seq_4                              cyc=73 op=IDK_LEGAL_ALU          instr=0x007133b3 pc=0x18794818 valid=1 fault=0 wb_w=0 wb_rd=8 ex_r=1 ex_rd=28 -> reg_write=1 illegal=0 stall=0 redirect=0
[PASS] seq=crv_seq_4                              cyc=74 op=IDK_HAZARD_RS1         instr=0x2e7f31c4 pc=0x29b4e110 valid=1 fault=1 wb_w=0 wb_rd=17 ex_r=1 ex_rd=30 -> reg_write=0 illegal=1 stall=1 redirect=0
[PASS] seq=crv_seq_4                              cyc=75 op=IDK_JAL                instr=0x2ae4a26f pc=0x35f75078 valid=1 fault=1 wb_w=0 wb_rd=21 ex_r=1 ex_rd=20 -> reg_write=1 illegal=0 stall=0 redirect=1
[PASS] seq=crv_seq_4                              cyc=76 op=IDK_JALR               instr=0x41f86667 pc=0x82901f74 valid=1 fault=0 wb_w=0 wb_rd=26 ex_r=1 ex_rd=27 -> reg_write=1 illegal=0 stall=0 redirect=0
[PASS] seq=crv_seq_4                              cyc=77 op=IDK_RANDOM             instr=0x7f23b5b1 pc=0x49837584 valid=1 fault=1 wb_w=1 wb_rd=18 ex_r=1 ex_rd=1 -> reg_write=0 illegal=1 stall=0 redirect=0
[PASS] seq=crv_seq_4                              cyc=78 op=IDK_BYPASS_RS1         instr=0x7dd9298e pc=0xa474fa54 valid=1 fault=0 wb_w=1 wb_rd=18 ex_r=1 ex_rd=26 -> reg_write=0 illegal=1 stall=0 redirect=0
[PASS] seq=crv_seq_4                              cyc=79 op=IDK_BACKWARD_BRANCH    instr=0xabf62363 pc=0x53b79d00 valid=1 fault=1 wb_w=0 wb_rd=28 ex_r=1 ex_rd=31 -> reg_write=0 illegal=0 stall=1 redirect=1
[PASS] seq=crv_seq_4                              cyc=80 op=IDK_CSR_OP             instr=0x12bf9973 pc=0xfca59de0 valid=1 fault=0 wb_w=1 wb_rd=31 ex_r=0 ex_rd=13 -> reg_write=1 illegal=0 stall=0 redirect=0
[PASS] seq=crv_seq_4                              cyc=81 op=IDK_HAZARD_RS1         instr=0x43b8f3ea pc=0x5fa74e50 valid=1 fault=1 wb_w=0 wb_rd=15 ex_r=1 ex_rd=17 -> reg_write=0 illegal=1 stall=1 redirect=0
[PASS] seq=crv_seq_4                              cyc=82 op=IDK_RANDOM             instr=0x1a4930c3 pc=0x292681c8 valid=1 fault=1 wb_w=1 wb_rd=21 ex_r=0 ex_rd=5 -> reg_write=0 illegal=1 stall=0 redirect=0
[PASS] seq=crv_seq_4                              cyc=83 op=IDK_HAZARD_RS1         instr=0xe1255d88 pc=0x0ee14efc valid=1 fault=0 wb_w=1 wb_rd=10 ex_r=1 ex_rd=10 -> reg_write=0 illegal=1 stall=1 redirect=0
[PASS] seq=crv_seq_4                              cyc=84 op=IDK_ILLEGAL            instr=0x02447c33 pc=0xad5793ec valid=1 fault=1 wb_w=0 wb_rd=26 ex_r=0 ex_rd=15 -> reg_write=0 illegal=1 stall=0 redirect=0
[PASS] seq=crv_seq_4                              cyc=85 op=IDK_BYPASS_RS2         instr=0xbdf8c2cf pc=0xaca996a0 valid=1 fault=0 wb_w=1 wb_rd=31 ex_r=1 ex_rd=2 -> reg_write=0 illegal=1 stall=0 redirect=0
[PASS] seq=crv_seq_4                              cyc=86 op=IDK_HAZARD_RS1         instr=0xe2d8f0b5 pc=0x3734b924 valid=1 fault=1 wb_w=0 wb_rd=1 ex_r=1 ex_rd=17 -> reg_write=0 illegal=1 stall=1 redirect=0
[PASS] seq=crv_seq_4                              cyc=87 op=IDK_BYPASS_BOTH        instr=0x4d9cf12c pc=0xd5103e28 valid=1 fault=0 wb_w=1 wb_rd=25 ex_r=0 ex_rd=0 -> reg_write=0 illegal=1 stall=0 redirect=0
[PASS] seq=crv_seq_4                              cyc=88 op=IDK_BYPASS_BOTH        instr=0xee42626a pc=0x17ed484c valid=1 fault=1 wb_w=1 wb_rd=4 ex_r=1 ex_rd=8 -> reg_write=0 illegal=1 stall=0 redirect=0
[PASS] seq=crv_seq_4                              cyc=89 op=IDK_FORWARD_BRANCH     instr=0x0abd14e3 pc=0x7cd15318 valid=1 fault=1 wb_w=0 wb_rd=8 ex_r=0 ex_rd=21 -> reg_write=0 illegal=0 stall=0 redirect=0
[PASS] seq=crv_seq_4                              cyc=90 op=IDK_BYPASS_RS2         instr=0x62ec7f7d pc=0x974c2224 valid=1 fault=1 wb_w=1 wb_rd=14 ex_r=0 ex_rd=7 -> reg_write=0 illegal=1 stall=0 redirect=0
[PASS] seq=crv_seq_4                              cyc=91 op=IDK_BACKWARD_BRANCH    instr=0xbfe77863 pc=0x15c4ed88 valid=1 fault=1 wb_w=0 wb_rd=19 ex_r=0 ex_rd=31 -> reg_write=0 illegal=0 stall=0 redirect=1
[PASS] seq=crv_seq_4                              cyc=92 op=IDK_ILLEGAL            instr=0x03e84633 pc=0x940af4cc valid=1 fault=1 wb_w=0 wb_rd=8 ex_r=1 ex_rd=7 -> reg_write=0 illegal=1 stall=0 redirect=0
[PASS] seq=crv_seq_4                              cyc=93 op=IDK_ILLEGAL            instr=0x03d5f5b3 pc=0xf1402cec valid=1 fault=1 wb_w=0 wb_rd=28 ex_r=1 ex_rd=10 -> reg_write=0 illegal=1 stall=0 redirect=0
[PASS] seq=crv_seq_4                              cyc=94 op=IDK_RANDOM             instr=0x0d02de44 pc=0xdfe62cbc valid=1 fault=1 wb_w=0 wb_rd=27 ex_r=0 ex_rd=20 -> reg_write=0 illegal=1 stall=0 redirect=0
[PASS] seq=crv_seq_4                              cyc=95 op=IDK_RANDOM             instr=0x0fe57394 pc=0x5ce559d0 valid=1 fault=1 wb_w=0 wb_rd=11 ex_r=0 ex_rd=15 -> reg_write=0 illegal=1 stall=0 redirect=0
[PASS] seq=crv_seq_4                              cyc=96 op=IDK_RANDOM             instr=0x7e1d5370 pc=0xd11b562c valid=1 fault=0 wb_w=1 wb_rd=21 ex_r=1 ex_rd=30 -> reg_write=0 illegal=1 stall=0 redirect=0
[PASS] seq=crv_seq_4                              cyc=97 op=IDK_HAZARD_RS1         instr=0x188acaec pc=0x7a47a6a8 valid=1 fault=0 wb_w=1 wb_rd=31 ex_r=1 ex_rd=21 -> reg_write=0 illegal=1 stall=1 redirect=0
[PASS] seq=crv_seq_4                              cyc=98 op=IDK_BYPASS_BOTH        instr=0x57296d19 pc=0x4b9c2eac valid=1 fault=1 wb_w=1 wb_rd=18 ex_r=0 ex_rd=25 -> reg_write=0 illegal=1 stall=0 redirect=0
[PASS] seq=crv_seq_4                              cyc=99 op=IDK_RANDOM             instr=0xd97b6ec8 pc=0x81e97be0 valid=1 fault=1 wb_w=1 wb_rd=13 ex_r=0 ex_rd=6 -> reg_write=0 illegal=1 stall=0 redirect=0
[PASS] seq=crv_seq_4                              cyc=100 op=IDK_HAZARD_BOTH        instr=0xdc42733c pc=0x219ddcac valid=1 fault=1 wb_w=0 wb_rd=14 ex_r=1 ex_rd=4 -> reg_write=0 illegal=1 stall=1 redirect=0
[PASS] seq=crv_seq_4                              cyc=101 op=IDK_HAZARD_RS2         instr=0xa85cd2b4 pc=0xa61d6aac valid=1 fault=0 wb_w=1 wb_rd=1 ex_r=1 ex_rd=5 -> reg_write=0 illegal=1 stall=1 redirect=0
[PASS] seq=crv_seq_4                              cyc=102 op=IDK_HAZARD_X0_EXCLUDED instr=0x920dcf3b pc=0x240e5364 valid=1 fault=1 wb_w=0 wb_rd=26 ex_r=1 ex_rd=0 -> reg_write=0 illegal=1 stall=0 redirect=0
[PASS] seq=crv_seq_4                              cyc=103 op=IDK_RANDOM             instr=0xae49f11f pc=0xcd602404 valid=1 fault=0 wb_w=0 wb_rd=14 ex_r=1 ex_rd=0 -> reg_write=0 illegal=1 stall=0 redirect=0
[PASS] seq=crv_seq_4                              cyc=104 op=IDK_BACKWARD_BRANCH    instr=0xbda26263 pc=0x8b3d1e98 valid=1 fault=1 wb_w=1 wb_rd=10 ex_r=0 ex_rd=0 -> reg_write=0 illegal=0 stall=0 redirect=1
[PASS] seq=crv_seq_4                              cyc=105 op=IDK_RANDOM             instr=0x68886528 pc=0x111b9a34 valid=1 fault=0 wb_w=0 wb_rd=31 ex_r=1 ex_rd=14 -> reg_write=0 illegal=1 stall=0 redirect=0
[PASS] seq=crv_seq_4                              cyc=106 op=IDK_ILLEGAL            instr=0x0262e633 pc=0x73cb0ca4 valid=1 fault=0 wb_w=1 wb_rd=1 ex_r=0 ex_rd=1 -> reg_write=0 illegal=1 stall=0 redirect=0
[PASS] seq=crv_seq_4                              cyc=107 op=IDK_ILLEGAL            instr=0x031ee633 pc=0x5153a420 valid=1 fault=0 wb_w=0 wb_rd=19 ex_r=0 ex_rd=10 -> reg_write=0 illegal=1 stall=0 redirect=0
[PASS] seq=crv_seq_4                              cyc=108 op=IDK_BYPASS_RS1         instr=0xd9667553 pc=0x28efc678 valid=1 fault=0 wb_w=1 wb_rd=12 ex_r=1 ex_rd=25 -> reg_write=0 illegal=1 stall=0 redirect=0
[PASS] seq=crv_seq_4                              cyc=109 op=IDK_RANDOM             instr=0x9b762f5c pc=0xfde8cb30 valid=1 fault=0 wb_w=0 wb_rd=17 ex_r=1 ex_rd=22 -> reg_write=0 illegal=1 stall=0 redirect=0
[PASS] seq=crv_seq_4                              cyc=110 op=IDK_RANDOM             instr=0x28df3533 pc=0xd87dfd14 valid=1 fault=0 wb_w=0 wb_rd=18 ex_r=1 ex_rd=8 -> reg_write=0 illegal=1 stall=0 redirect=0
[PASS] seq=crv_seq_4                              cyc=111 op=IDK_HAZARD_RS1         instr=0x62889b9b pc=0x5aab72f8 valid=1 fault=0 wb_w=0 wb_rd=27 ex_r=1 ex_rd=17 -> reg_write=0 illegal=1 stall=1 redirect=0
[PASS] seq=crv_seq_4                              cyc=112 op=IDK_LEGAL_ALU          instr=0x40945c33 pc=0xe03274dc valid=1 fault=0 wb_w=1 wb_rd=15 ex_r=0 ex_rd=3 -> reg_write=1 illegal=0 stall=0 redirect=0
[PASS] seq=crv_seq_4                              cyc=113 op=IDK_BYPASS_RS1         instr=0x92fbf18b pc=0xbb5d7dc0 valid=1 fault=1 wb_w=1 wb_rd=23 ex_r=1 ex_rd=8 -> reg_write=0 illegal=0 stall=0 redirect=0
[PASS] seq=crv_seq_4                              cyc=114 op=IDK_LEGAL_ALU          instr=0x419b47b3 pc=0xe1a503c8 valid=1 fault=1 wb_w=0 wb_rd=5 ex_r=1 ex_rd=14 -> reg_write=1 illegal=0 stall=0 redirect=0
[PASS] seq=crv_seq_4                              cyc=115 op=IDK_BYPASS_BOTH        instr=0x599cd473 pc=0x47d3fd78 valid=1 fault=1 wb_w=1 wb_rd=25 ex_r=1 ex_rd=11 -> reg_write=1 illegal=0 stall=0 redirect=0
[PASS] seq=crv_seq_4                              cyc=116 op=IDK_BACKWARD_BRANCH    instr=0xc6c16ce3 pc=0x5e8df5e8 valid=1 fault=1 wb_w=1 wb_rd=29 ex_r=1 ex_rd=0 -> reg_write=0 illegal=0 stall=0 redirect=1
[PASS] seq=crv_seq_4                              cyc=117 op=IDK_LEGAL_ALU          instr=0x00c6bb33 pc=0x176763fc valid=1 fault=0 wb_w=1 wb_rd=7 ex_r=0 ex_rd=13 -> reg_write=1 illegal=0 stall=0 redirect=0
[PASS] seq=crv_seq_4                              cyc=118 op=IDK_JAL                instr=0xf5bb516f pc=0x61127574 valid=1 fault=0 wb_w=1 wb_rd=1 ex_r=0 ex_rd=24 -> reg_write=1 illegal=0 stall=0 redirect=1
[PASS] seq=crv_seq_4                              cyc=119 op=IDK_RANDOM             instr=0xccd8421f pc=0x1e920974 valid=1 fault=1 wb_w=0 wb_rd=12 ex_r=0 ex_rd=21 -> reg_write=0 illegal=1 stall=0 redirect=0
[PASS] seq=crv_seq_4                              cyc=120 op=IDK_JAL                instr=0xadc4536f pc=0xcc5be980 valid=1 fault=0 wb_w=0 wb_rd=21 ex_r=0 ex_rd=4 -> reg_write=1 illegal=0 stall=0 redirect=1
[PASS] seq=crv_seq_4                              cyc=121 op=IDK_JAL                instr=0x59ec6fef pc=0x5a893684 valid=1 fault=0 wb_w=1 wb_rd=28 ex_r=1 ex_rd=8 -> reg_write=1 illegal=0 stall=0 redirect=1
[PASS] seq=crv_seq_4                              cyc=122 op=IDK_HAZARD_RS2         instr=0xa184ed40 pc=0xa60749d4 valid=1 fault=0 wb_w=1 wb_rd=9 ex_r=1 ex_rd=24 -> reg_write=0 illegal=1 stall=1 redirect=0
[PASS] seq=crv_seq_4                              cyc=123 op=IDK_BYPASS_BOTH        instr=0x4d1891e8 pc=0x21f488c4 valid=1 fault=1 wb_w=1 wb_rd=17 ex_r=1 ex_rd=28 -> reg_write=0 illegal=1 stall=0 redirect=0
[PASS] seq=crv_seq_4                              cyc=124 op=IDK_BYPASS_RS2         instr=0x7af54f5c pc=0x3ed1bfd8 valid=1 fault=1 wb_w=1 wb_rd=15 ex_r=0 ex_rd=9 -> reg_write=0 illegal=1 stall=0 redirect=0
[PASS] seq=crv_seq_4                              cyc=125 op=IDK_HAZARD_BOTH        instr=0x7ad68580 pc=0xf06247d0 valid=1 fault=0 wb_w=1 wb_rd=27 ex_r=1 ex_rd=13 -> reg_write=0 illegal=1 stall=1 redirect=0
[PASS] seq=crv_seq_4                              cyc=126 op=IDK_RANDOM             instr=0x766e362e pc=0x67e0f6a0 valid=1 fault=1 wb_w=0 wb_rd=3 ex_r=0 ex_rd=12 -> reg_write=0 illegal=1 stall=0 redirect=0
[PASS] seq=crv_seq_4                              cyc=127 op=IDK_CSR_OP             instr=0xf284f5f3 pc=0x1c995220 valid=1 fault=1 wb_w=0 wb_rd=6 ex_r=1 ex_rd=30 -> reg_write=1 illegal=0 stall=0 redirect=0
[PASS] seq=crv_seq_4                              cyc=128 op=IDK_HAZARD_X0_EXCLUDED instr=0xffe06e68 pc=0xf3340398 valid=1 fault=1 wb_w=0 wb_rd=30 ex_r=1 ex_rd=0 -> reg_write=0 illegal=1 stall=0 redirect=0
[PASS] seq=crv_seq_4                              cyc=129 op=IDK_BACKWARD_BRANCH    instr=0x8782e463 pc=0xc6af86e8 valid=1 fault=0 wb_w=1 wb_rd=3 ex_r=1 ex_rd=31 -> reg_write=0 illegal=0 stall=0 redirect=1
[PASS] seq=crv_seq_4                              cyc=130 op=IDK_HAZARD_RS2         instr=0x9127f06f pc=0x1ba2cdf4 valid=1 fault=1 wb_w=0 wb_rd=3 ex_r=1 ex_rd=18 -> reg_write=1 illegal=0 stall=1 redirect=1
[PASS] seq=crv_seq_4                              cyc=131 op=IDK_BACKWARD_BRANCH    instr=0xcbe66063 pc=0xafc8829c valid=1 fault=1 wb_w=1 wb_rd=7 ex_r=1 ex_rd=22 -> reg_write=0 illegal=0 stall=0 redirect=1
[PASS] seq=crv_seq_4                              cyc=132 op=IDK_RANDOM             instr=0xd1c08083 pc=0xcf5cf728 valid=1 fault=0 wb_w=0 wb_rd=20 ex_r=0 ex_rd=23 -> reg_write=1 illegal=0 stall=0 redirect=0
[PASS] seq=crv_seq_4                              cyc=133 op=IDK_JAL                instr=0xef0bd76f pc=0xd8821088 valid=1 fault=1 wb_w=0 wb_rd=16 ex_r=1 ex_rd=13 -> reg_write=1 illegal=0 stall=0 redirect=1
[PASS] seq=crv_seq_4                              cyc=134 op=IDK_HAZARD_BOTH        instr=0xe329464a pc=0xe31f4d30 valid=1 fault=1 wb_w=0 wb_rd=19 ex_r=1 ex_rd=18 -> reg_write=0 illegal=1 stall=1 redirect=0
[PASS] seq=crv_seq_4                              cyc=135 op=IDK_HAZARD_BOTH        instr=0xbb5aedcb pc=0xbdc1bca8 valid=1 fault=0 wb_w=0 wb_rd=5 ex_r=1 ex_rd=21 -> reg_write=0 illegal=1 stall=1 redirect=0
[PASS] seq=crv_seq_4                              cyc=136 op=IDK_RANDOM             instr=0xf348e403 pc=0x140b193c valid=1 fault=1 wb_w=0 wb_rd=6 ex_r=0 ex_rd=31 -> reg_write=1 illegal=0 stall=0 redirect=0
[PASS] seq=crv_seq_4                              cyc=137 op=IDK_BYPASS_BOTH        instr=0x3a94b7e0 pc=0x2e1c488c valid=1 fault=0 wb_w=1 wb_rd=9 ex_r=0 ex_rd=24 -> reg_write=0 illegal=1 stall=0 redirect=0
[PASS] seq=crv_seq_4                              cyc=138 op=IDK_LEGAL_ALU          instr=0x413388b3 pc=0x32bd98c4 valid=1 fault=1 wb_w=0 wb_rd=24 ex_r=0 ex_rd=8 -> reg_write=1 illegal=0 stall=0 redirect=0
[PASS] seq=crv_seq_4                              cyc=139 op=IDK_FORWARD_BRANCH     instr=0x26ea6f63 pc=0x049d4c18 valid=1 fault=0 wb_w=0 wb_rd=13 ex_r=0 ex_rd=1 -> reg_write=0 illegal=0 stall=0 redirect=0
[PASS] seq=crv_seq_4                              cyc=140 op=IDK_HAZARD_BOTH        instr=0x1a211d42 pc=0x4fdd3a44 valid=1 fault=0 wb_w=0 wb_rd=21 ex_r=1 ex_rd=2 -> reg_write=0 illegal=1 stall=1 redirect=0
[PASS] seq=crv_seq_4                              cyc=141 op=IDK_LEGAL_ALU          instr=0x406d3d33 pc=0xb18f66d0 valid=1 fault=1 wb_w=0 wb_rd=29 ex_r=0 ex_rd=27 -> reg_write=1 illegal=0 stall=0 redirect=0
[PASS] seq=crv_seq_4                              cyc=142 op=IDK_JALR               instr=0xfa0211e7 pc=0xa7df60d8 valid=1 fault=0 wb_w=1 wb_rd=17 ex_r=0 ex_rd=3 -> reg_write=1 illegal=0 stall=0 redirect=0
[PASS] seq=crv_seq_4                              cyc=143 op=IDK_LEGAL_ALU          instr=0x40b080b3 pc=0x4c3d9988 valid=1 fault=1 wb_w=1 wb_rd=28 ex_r=1 ex_rd=19 -> reg_write=1 illegal=0 stall=0 redirect=0
[PASS] seq=crv_seq_4                              cyc=144 op=IDK_LEGAL_ALU          instr=0x00e070b3 pc=0xb9957c5c valid=1 fault=0 wb_w=1 wb_rd=0 ex_r=1 ex_rd=19 -> reg_write=1 illegal=0 stall=0 redirect=0
[PASS] seq=crv_seq_4                              cyc=145 op=IDK_ILLEGAL            instr=0x0260ceb3 pc=0xb575fd30 valid=1 fault=0 wb_w=0 wb_rd=10 ex_r=1 ex_rd=3 -> reg_write=0 illegal=1 stall=0 redirect=0
[PASS] seq=crv_seq_4                              cyc=146 op=IDK_BYPASS_RS1         instr=0x252fbd5d pc=0x1a94c558 valid=1 fault=1 wb_w=1 wb_rd=31 ex_r=1 ex_rd=22 -> reg_write=0 illegal=1 stall=0 redirect=0
[PASS] seq=crv_seq_4                              cyc=147 op=IDK_BYPASS_BOTH        instr=0x2273a666 pc=0x2cd3f998 valid=1 fault=1 wb_w=1 wb_rd=7 ex_r=0 ex_rd=14 -> reg_write=0 illegal=1 stall=0 redirect=0
[PASS] seq=crv_seq_4                              cyc=148 op=IDK_RANDOM             instr=0x97c54fad pc=0x28f19eb4 valid=1 fault=1 wb_w=0 wb_rd=26 ex_r=1 ex_rd=21 -> reg_write=0 illegal=1 stall=0 redirect=0
[PASS] seq=crv_seq_4                              cyc=149 op=IDK_RANDOM             instr=0xac4243aa pc=0x40a51c00 valid=1 fault=0 wb_w=0 wb_rd=31 ex_r=1 ex_rd=4 -> reg_write=0 illegal=1 stall=1 redirect=0
[PASS] seq=crv_seq_4                              cyc=150 op=IDK_HAZARD_BOTH        instr=0x2ae773c0 pc=0x6440d3d4 valid=1 fault=0 wb_w=0 wb_rd=21 ex_r=1 ex_rd=14 -> reg_write=0 illegal=1 stall=1 redirect=0
[PASS] seq=crv_seq_4                              cyc=151 op=IDK_CSR_OP             instr=0x8d465af3 pc=0x637e194c valid=1 fault=0 wb_w=1 wb_rd=14 ex_r=1 ex_rd=24 -> reg_write=1 illegal=0 stall=0 redirect=0
[PASS] seq=crv_seq_4                              cyc=152 op=IDK_BYPASS_BOTH        instr=0x57ef40e0 pc=0x159bc784 valid=1 fault=0 wb_w=1 wb_rd=30 ex_r=1 ex_rd=17 -> reg_write=0 illegal=1 stall=0 redirect=0
[PASS] seq=crv_seq_4                              cyc=153 op=IDK_JAL                instr=0x1da63eef pc=0xf18a5028 valid=1 fault=0 wb_w=1 wb_rd=29 ex_r=1 ex_rd=26 -> reg_write=1 illegal=0 stall=1 redirect=1
[PASS] seq=crv_seq_4                              cyc=154 op=IDK_BYPASS_BOTH        instr=0xd539a756 pc=0x32afbb18 valid=1 fault=0 wb_w=1 wb_rd=19 ex_r=0 ex_rd=24 -> reg_write=0 illegal=1 stall=0 redirect=0
[PASS] seq=crv_seq_4                              cyc=155 op=IDK_HAZARD_X0_EXCLUDED instr=0x31814bb1 pc=0x3879f5c8 valid=1 fault=0 wb_w=1 wb_rd=18 ex_r=1 ex_rd=0 -> reg_write=0 illegal=1 stall=0 redirect=0
[PASS] seq=crv_seq_4                              cyc=156 op=IDK_JAL                instr=0xa09b89ef pc=0x1f655ab4 valid=1 fault=1 wb_w=0 wb_rd=17 ex_r=0 ex_rd=29 -> reg_write=1 illegal=0 stall=0 redirect=1
[PASS] seq=crv_seq_4                              cyc=157 op=IDK_FORWARD_BRANCH     instr=0x5a8950e3 pc=0xe08f77e8 valid=1 fault=0 wb_w=1 wb_rd=25 ex_r=1 ex_rd=7 -> reg_write=0 illegal=0 stall=0 redirect=0
[PASS] seq=crv_seq_4                              cyc=158 op=IDK_HAZARD_BOTH        instr=0x87294793 pc=0x362ec9c0 valid=1 fault=1 wb_w=1 wb_rd=18 ex_r=1 ex_rd=18 -> reg_write=1 illegal=0 stall=1 redirect=0
[PASS] seq=crv_seq_4                              cyc=159 op=IDK_LEGAL_ALU          instr=0x410bbab3 pc=0x54843cec valid=1 fault=1 wb_w=0 wb_rd=31 ex_r=1 ex_rd=18 -> reg_write=1 illegal=0 stall=0 redirect=0
[PASS] seq=crv_seq_4                              cyc=160 op=IDK_ILLEGAL            instr=0x02c67e33 pc=0x592ccd54 valid=1 fault=1 wb_w=1 wb_rd=15 ex_r=1 ex_rd=13 -> reg_write=0 illegal=1 stall=0 redirect=0
[PASS] seq=crv_seq_4                              cyc=161 op=IDK_ILLEGAL            instr=0x03d76fb3 pc=0x73a4e4a8 valid=1 fault=1 wb_w=0 wb_rd=27 ex_r=0 ex_rd=25 -> reg_write=0 illegal=1 stall=0 redirect=0
[PASS] seq=crv_seq_4                              cyc=162 op=IDK_FORWARD_BRANCH     instr=0x00453c63 pc=0xa9864b78 valid=1 fault=0 wb_w=1 wb_rd=31 ex_r=1 ex_rd=18 -> reg_write=0 illegal=0 stall=0 redirect=0
[PASS] seq=crv_seq_4                              cyc=163 op=IDK_LEGAL_ALU          instr=0x00d075b3 pc=0x438ff76c valid=1 fault=1 wb_w=0 wb_rd=19 ex_r=1 ex_rd=20 -> reg_write=1 illegal=0 stall=0 redirect=0
[PASS] seq=crv_seq_4                              cyc=164 op=IDK_BYPASS_RS1         instr=0x17d5088c pc=0x5c4b1da4 valid=1 fault=1 wb_w=1 wb_rd=10 ex_r=0 ex_rd=23 -> reg_write=0 illegal=1 stall=0 redirect=0
[PASS] seq=crv_seq_4                              cyc=165 op=IDK_ILLEGAL            instr=0x03796f33 pc=0xb2063ce0 valid=1 fault=0 wb_w=1 wb_rd=31 ex_r=1 ex_rd=0 -> reg_write=0 illegal=1 stall=0 redirect=0
[PASS] seq=crv_seq_4                              cyc=166 op=IDK_LEGAL_ALU          instr=0x011f7d33 pc=0x8cb60e14 valid=1 fault=0 wb_w=1 wb_rd=31 ex_r=1 ex_rd=16 -> reg_write=1 illegal=0 stall=0 redirect=0
[PASS] seq=crv_seq_4                              cyc=167 op=IDK_BYPASS_RS1         instr=0xc999c850 pc=0x34a50b48 valid=1 fault=1 wb_w=1 wb_rd=19 ex_r=1 ex_rd=9 -> reg_write=0 illegal=1 stall=0 redirect=0
[PASS] seq=crv_seq_4                              cyc=168 op=IDK_BYPASS_RS2         instr=0x9fac26f0 pc=0x3dbae9d0 valid=1 fault=1 wb_w=1 wb_rd=26 ex_r=1 ex_rd=27 -> reg_write=0 illegal=1 stall=0 redirect=0
[PASS] seq=crv_seq_4                              cyc=169 op=IDK_LEGAL_ALU          instr=0x406591b3 pc=0xa4c2956c valid=1 fault=1 wb_w=0 wb_rd=20 ex_r=1 ex_rd=27 -> reg_write=1 illegal=0 stall=0 redirect=0
[PASS] seq=crv_seq_4                              cyc=170 op=IDK_BACKWARD_BRANCH    instr=0x823d9b63 pc=0x74ffa04c valid=1 fault=0 wb_w=0 wb_rd=25 ex_r=1 ex_rd=3 -> reg_write=0 illegal=0 stall=1 redirect=1
[PASS] seq=crv_seq_4                              cyc=171 op=IDK_RANDOM             instr=0xd59ec02a pc=0x27610ec4 valid=1 fault=0 wb_w=1 wb_rd=16 ex_r=1 ex_rd=16 -> reg_write=0 illegal=1 stall=0 redirect=0
[PASS] seq=crv_seq_4                              cyc=172 op=IDK_ILLEGAL            instr=0x020dc833 pc=0xb1938920 valid=1 fault=0 wb_w=0 wb_rd=24 ex_r=1 ex_rd=21 -> reg_write=0 illegal=1 stall=0 redirect=0
[PASS] seq=crv_seq_4                              cyc=173 op=IDK_ILLEGAL            instr=0x0259cab3 pc=0x580373a0 valid=1 fault=1 wb_w=1 wb_rd=11 ex_r=0 ex_rd=17 -> reg_write=0 illegal=1 stall=0 redirect=0
[PASS] seq=crv_seq_4                              cyc=174 op=IDK_FORWARD_BRANCH     instr=0x3248b4e3 pc=0xe4b91f14 valid=1 fault=0 wb_w=0 wb_rd=16 ex_r=0 ex_rd=4 -> reg_write=0 illegal=0 stall=0 redirect=0
[PASS] seq=crv_seq_4                              cyc=175 op=IDK_BACKWARD_BRANCH    instr=0xbe5af963 pc=0x76cebdb8 valid=1 fault=1 wb_w=1 wb_rd=1 ex_r=0 ex_rd=9 -> reg_write=0 illegal=0 stall=0 redirect=1
[PASS] seq=crv_seq_4                              cyc=176 op=IDK_HAZARD_RS2         instr=0xb28c37c2 pc=0x2583b200 valid=1 fault=0 wb_w=1 wb_rd=31 ex_r=1 ex_rd=8 -> reg_write=0 illegal=1 stall=1 redirect=0
[PASS] seq=crv_seq_4                              cyc=177 op=IDK_ILLEGAL            instr=0x0242c1b3 pc=0x0a3b0264 valid=1 fault=0 wb_w=0 wb_rd=3 ex_r=1 ex_rd=4 -> reg_write=0 illegal=1 stall=1 redirect=0
[PASS] seq=crv_seq_4                              cyc=178 op=IDK_FORWARD_BRANCH     instr=0x7d126f63 pc=0x9778ad00 valid=1 fault=0 wb_w=0 wb_rd=13 ex_r=1 ex_rd=17 -> reg_write=0 illegal=0 stall=1 redirect=0
[PASS] seq=crv_seq_4                              cyc=179 op=IDK_FORWARD_BRANCH     instr=0x71d85063 pc=0xb7fa0d14 valid=1 fault=1 wb_w=1 wb_rd=31 ex_r=1 ex_rd=13 -> reg_write=0 illegal=0 stall=0 redirect=0
[PASS] seq=crv_seq_4                              cyc=180 op=IDK_BYPASS_RS2         instr=0x99043fe5 pc=0xbc4420d8 valid=1 fault=1 wb_w=1 wb_rd=16 ex_r=0 ex_rd=29 -> reg_write=0 illegal=1 stall=0 redirect=0
[PASS] seq=crv_seq_4                              cyc=181 op=IDK_HAZARD_RS1         instr=0x1a69e523 pc=0xe16c3f44 valid=1 fault=1 wb_w=1 wb_rd=20 ex_r=1 ex_rd=19 -> reg_write=0 illegal=0 stall=1 redirect=0
[PASS] seq=crv_seq_4                              cyc=182 op=IDK_BYPASS_RS2         instr=0x2012e087 pc=0x33bb4d10 valid=1 fault=1 wb_w=1 wb_rd=1 ex_r=1 ex_rd=12 -> reg_write=0 illegal=1 stall=0 redirect=0
[PASS] seq=crv_seq_4                              cyc=183 op=IDK_JALR               instr=0x315a1e67 pc=0x37b92c08 valid=1 fault=0 wb_w=1 wb_rd=22 ex_r=0 ex_rd=17 -> reg_write=1 illegal=0 stall=0 redirect=0
[PASS] seq=crv_seq_4                              cyc=184 op=IDK_HAZARD_RS2         instr=0xb5cceba8 pc=0x56be49d4 valid=1 fault=0 wb_w=0 wb_rd=31 ex_r=1 ex_rd=28 -> reg_write=0 illegal=1 stall=1 redirect=0
[PASS] seq=crv_seq_4                              cyc=185 op=IDK_HAZARD_RS1         instr=0xdcd38f42 pc=0x16daf8f8 valid=1 fault=0 wb_w=1 wb_rd=7 ex_r=1 ex_rd=7 -> reg_write=0 illegal=1 stall=1 redirect=0
[PASS] seq=crv_seq_4                              cyc=186 op=IDK_BYPASS_RS2         instr=0xffa4553b pc=0x5b5020c8 valid=1 fault=0 wb_w=1 wb_rd=26 ex_r=0 ex_rd=10 -> reg_write=0 illegal=1 stall=0 redirect=0
[PASS] seq=crv_seq_4                              cyc=187 op=IDK_HAZARD_RS1         instr=0xc0cb7d8f pc=0x64337874 valid=1 fault=0 wb_w=1 wb_rd=19 ex_r=1 ex_rd=22 -> reg_write=0 illegal=1 stall=1 redirect=0
[PASS] seq=crv_seq_4                              cyc=188 op=IDK_ILLEGAL            instr=0x020644b3 pc=0x2eaae084 valid=1 fault=1 wb_w=0 wb_rd=17 ex_r=0 ex_rd=23 -> reg_write=0 illegal=1 stall=0 redirect=0
[PASS] seq=crv_seq_4                              cyc=189 op=IDK_BACKWARD_BRANCH    instr=0x9e9a41e3 pc=0x95dc66ec valid=1 fault=1 wb_w=0 wb_rd=22 ex_r=1 ex_rd=4 -> reg_write=0 illegal=0 stall=0 redirect=1
[PASS] seq=crv_seq_4                              cyc=190 op=IDK_LEGAL_ALU          instr=0x015be4b3 pc=0xa8122298 valid=1 fault=0 wb_w=0 wb_rd=7 ex_r=1 ex_rd=12 -> reg_write=1 illegal=0 stall=0 redirect=0
[PASS] seq=crv_seq_4                              cyc=191 op=IDK_LEGAL_ALU          instr=0x01887eb3 pc=0x8c429330 valid=1 fault=0 wb_w=0 wb_rd=29 ex_r=0 ex_rd=29 -> reg_write=1 illegal=0 stall=0 redirect=0
[PASS] seq=crv_seq_4                              cyc=192 op=IDK_RANDOM             instr=0x64d9af36 pc=0x12ff88d4 valid=1 fault=1 wb_w=0 wb_rd=8 ex_r=1 ex_rd=22 -> reg_write=0 illegal=1 stall=0 redirect=0
[PASS] seq=crv_seq_4                              cyc=193 op=IDK_HAZARD_RS1         instr=0xa7dfe9d8 pc=0x6af58e38 valid=1 fault=0 wb_w=1 wb_rd=29 ex_r=1 ex_rd=31 -> reg_write=0 illegal=1 stall=1 redirect=0
[PASS] seq=crv_seq_4                              cyc=194 op=IDK_ILLEGAL            instr=0x02086333 pc=0x5763fbe4 valid=1 fault=1 wb_w=1 wb_rd=11 ex_r=1 ex_rd=17 -> reg_write=0 illegal=1 stall=0 redirect=0
[PASS] seq=crv_seq_4                              cyc=195 op=IDK_HAZARD_BOTH        instr=0xdcb5c7a8 pc=0xdc1d6c44 valid=1 fault=0 wb_w=0 wb_rd=2 ex_r=1 ex_rd=11 -> reg_write=0 illegal=1 stall=1 redirect=0
[PASS] seq=crv_seq_4                              cyc=196 op=IDK_FORWARD_BRANCH     instr=0x1d8fe1e3 pc=0x77987a80 valid=1 fault=1 wb_w=1 wb_rd=10 ex_r=0 ex_rd=12 -> reg_write=0 illegal=0 stall=0 redirect=0
[PASS] seq=crv_seq_4                              cyc=197 op=IDK_LEGAL_ALU          instr=0x006bb333 pc=0x88a06240 valid=1 fault=0 wb_w=0 wb_rd=11 ex_r=0 ex_rd=8 -> reg_write=1 illegal=0 stall=0 redirect=0
[PASS] seq=crv_seq_4                              cyc=198 op=IDK_HAZARD_RS1         instr=0x64cb6f8e pc=0x50ce316c valid=1 fault=0 wb_w=1 wb_rd=28 ex_r=1 ex_rd=22 -> reg_write=0 illegal=1 stall=1 redirect=0
[PASS] seq=crv_seq_4                              cyc=199 op=IDK_HAZARD_X0_EXCLUDED instr=0xc856f1c6 pc=0x2f74022c valid=1 fault=0 wb_w=1 wb_rd=10 ex_r=1 ex_rd=0 -> reg_write=0 illegal=1 stall=0 redirect=0
[PASS] seq=crv_seq_5                              cyc=0 op=IDK_HAZARD_RS2         instr=0x6f8101fc pc=0xf3ef540c valid=1 fault=1 wb_w=0 wb_rd=25 ex_r=1 ex_rd=24 -> reg_write=0 illegal=1 stall=1 redirect=0
[PASS] seq=crv_seq_5                              cyc=1 op=IDK_FORWARD_BRANCH     instr=0x0d43fde3 pc=0xee4b3e48 valid=1 fault=1 wb_w=1 wb_rd=9 ex_r=1 ex_rd=5 -> reg_write=0 illegal=0 stall=0 redirect=0
[PASS] seq=crv_seq_5                              cyc=2 op=IDK_HAZARD_RS1         instr=0x21f7c4b6 pc=0xd1c0bd20 valid=1 fault=0 wb_w=0 wb_rd=3 ex_r=1 ex_rd=15 -> reg_write=0 illegal=1 stall=1 redirect=0
[PASS] seq=crv_seq_5                              cyc=3 op=IDK_HAZARD_BOTH        instr=0x31bdf981 pc=0x837fc8a0 valid=1 fault=0 wb_w=1 wb_rd=16 ex_r=1 ex_rd=27 -> reg_write=0 illegal=1 stall=1 redirect=0
[PASS] seq=crv_seq_5                              cyc=4 op=IDK_BYPASS_RS1         instr=0x2493d23e pc=0xce5fb524 valid=1 fault=0 wb_w=1 wb_rd=7 ex_r=0 ex_rd=15 -> reg_write=0 illegal=1 stall=0 redirect=0
[PASS] seq=crv_seq_5                              cyc=5 op=IDK_BYPASS_BOTH        instr=0xecf7d6d2 pc=0x08640f40 valid=1 fault=1 wb_w=1 wb_rd=15 ex_r=0 ex_rd=0 -> reg_write=0 illegal=1 stall=0 redirect=0
[PASS] seq=crv_seq_5                              cyc=6 op=IDK_HAZARD_BOTH        instr=0x74e75213 pc=0xb6f6f398 valid=1 fault=1 wb_w=1 wb_rd=9 ex_r=1 ex_rd=14 -> reg_write=1 illegal=0 stall=1 redirect=0
[PASS] seq=crv_seq_5                              cyc=7 op=IDK_RANDOM             instr=0x391e115d pc=0xd787e384 valid=1 fault=1 wb_w=0 wb_rd=14 ex_r=0 ex_rd=1 -> reg_write=0 illegal=1 stall=0 redirect=0
[PASS] seq=crv_seq_5                              cyc=8 op=IDK_BYPASS_RS1         instr=0xd3908ce8 pc=0x090c9f6c valid=1 fault=0 wb_w=1 wb_rd=1 ex_r=1 ex_rd=29 -> reg_write=0 illegal=1 stall=0 redirect=0
[PASS] seq=crv_seq_5                              cyc=9 op=IDK_RANDOM             instr=0xc623c740 pc=0x7486eba0 valid=1 fault=0 wb_w=0 wb_rd=4 ex_r=1 ex_rd=28 -> reg_write=0 illegal=1 stall=0 redirect=0
[PASS] seq=crv_seq_5                              cyc=10 op=IDK_JALR               instr=0xc0702ee7 pc=0x1be6f334 valid=1 fault=1 wb_w=0 wb_rd=0 ex_r=1 ex_rd=1 -> reg_write=1 illegal=0 stall=0 redirect=0
[PASS] seq=crv_seq_5                              cyc=11 op=IDK_RANDOM             instr=0xc06288d2 pc=0xeb608e64 valid=1 fault=0 wb_w=0 wb_rd=3 ex_r=0 ex_rd=31 -> reg_write=0 illegal=1 stall=0 redirect=0
[PASS] seq=crv_seq_5                              cyc=12 op=IDK_CSR_OP             instr=0x9b8920f3 pc=0x39104870 valid=1 fault=0 wb_w=1 wb_rd=26 ex_r=0 ex_rd=6 -> reg_write=1 illegal=0 stall=0 redirect=0
[PASS] seq=crv_seq_5                              cyc=13 op=IDK_CSR_OP             instr=0x7303d273 pc=0x46b1afd0 valid=1 fault=1 wb_w=1 wb_rd=23 ex_r=0 ex_rd=14 -> reg_write=1 illegal=0 stall=0 redirect=0
[PASS] seq=crv_seq_5                              cyc=14 op=IDK_BYPASS_RS2         instr=0xf8bf9a1d pc=0xcde95824 valid=1 fault=0 wb_w=1 wb_rd=11 ex_r=1 ex_rd=13 -> reg_write=0 illegal=1 stall=0 redirect=0
[PASS] seq=crv_seq_5                              cyc=15 op=IDK_ILLEGAL            instr=0x0248ee33 pc=0x3c02d4ec valid=1 fault=1 wb_w=0 wb_rd=27 ex_r=0 ex_rd=29 -> reg_write=0 illegal=1 stall=0 redirect=0
[PASS] seq=crv_seq_5                              cyc=16 op=IDK_BYPASS_RS1         instr=0xcf00fff0 pc=0xbdd86100 valid=1 fault=0 wb_w=1 wb_rd=1 ex_r=0 ex_rd=13 -> reg_write=0 illegal=1 stall=0 redirect=0
[PASS] seq=crv_seq_5                              cyc=17 op=IDK_ILLEGAL            instr=0x031f6233 pc=0x15645d30 valid=1 fault=0 wb_w=1 wb_rd=9 ex_r=0 ex_rd=30 -> reg_write=0 illegal=1 stall=0 redirect=0
[PASS] seq=crv_seq_5                              cyc=18 op=IDK_BYPASS_BOTH        instr=0x8d9cc291 pc=0x6824b4fc valid=1 fault=1 wb_w=1 wb_rd=25 ex_r=1 ex_rd=6 -> reg_write=0 illegal=1 stall=0 redirect=0
[PASS] seq=crv_seq_5                              cyc=19 op=IDK_CSR_OP             instr=0xf5b156f3 pc=0x0a0f6d8c valid=1 fault=0 wb_w=1 wb_rd=31 ex_r=1 ex_rd=8 -> reg_write=1 illegal=0 stall=0 redirect=0
[PASS] seq=crv_seq_5                              cyc=20 op=IDK_ILLEGAL            instr=0x02f5e933 pc=0x64188454 valid=1 fault=1 wb_w=1 wb_rd=26 ex_r=1 ex_rd=5 -> reg_write=0 illegal=1 stall=0 redirect=0
[PASS] seq=crv_seq_5                              cyc=21 op=IDK_BYPASS_BOTH        instr=0x9f080f84 pc=0x5d3fc9e4 valid=1 fault=1 wb_w=1 wb_rd=16 ex_r=0 ex_rd=15 -> reg_write=0 illegal=1 stall=0 redirect=0
[PASS] seq=crv_seq_5                              cyc=22 op=IDK_BACKWARD_BRANCH    instr=0xca232ee3 pc=0xfa3c858c valid=1 fault=0 wb_w=1 wb_rd=14 ex_r=1 ex_rd=20 -> reg_write=0 illegal=0 stall=0 redirect=1
[PASS] seq=crv_seq_5                              cyc=23 op=IDK_BYPASS_RS2         instr=0x8982f356 pc=0x6bdf9000 valid=1 fault=1 wb_w=1 wb_rd=24 ex_r=0 ex_rd=5 -> reg_write=0 illegal=1 stall=0 redirect=0
[PASS] seq=crv_seq_5                              cyc=24 op=IDK_BYPASS_BOTH        instr=0x1a425202 pc=0xedd14a60 valid=1 fault=0 wb_w=1 wb_rd=4 ex_r=1 ex_rd=16 -> reg_write=0 illegal=1 stall=0 redirect=0
[PASS] seq=crv_seq_5                              cyc=25 op=IDK_HAZARD_RS1         instr=0xce710394 pc=0xeadb78c0 valid=1 fault=1 wb_w=1 wb_rd=23 ex_r=1 ex_rd=2 -> reg_write=0 illegal=1 stall=1 redirect=0
[PASS] seq=crv_seq_5                              cyc=26 op=IDK_RANDOM             instr=0xe4ff2ac0 pc=0x8f63f9b0 valid=1 fault=1 wb_w=1 wb_rd=11 ex_r=1 ex_rd=19 -> reg_write=0 illegal=1 stall=0 redirect=0
[PASS] seq=crv_seq_5                              cyc=27 op=IDK_FORWARD_BRANCH     instr=0x3ebe6463 pc=0x47dbfc50 valid=1 fault=1 wb_w=1 wb_rd=3 ex_r=0 ex_rd=6 -> reg_write=0 illegal=0 stall=0 redirect=0
[PASS] seq=crv_seq_5                              cyc=28 op=IDK_BYPASS_BOTH        instr=0x962151d1 pc=0x57012e60 valid=1 fault=0 wb_w=1 wb_rd=2 ex_r=0 ex_rd=17 -> reg_write=0 illegal=1 stall=0 redirect=0
[PASS] seq=crv_seq_5                              cyc=29 op=IDK_RANDOM             instr=0x783fcaef pc=0x540ba820 valid=1 fault=1 wb_w=0 wb_rd=5 ex_r=1 ex_rd=4 -> reg_write=1 illegal=0 stall=0 redirect=1
[PASS] seq=crv_seq_5                              cyc=30 op=IDK_HAZARD_RS2         instr=0xdbd918f8 pc=0x9c0a479c valid=1 fault=0 wb_w=0 wb_rd=16 ex_r=1 ex_rd=29 -> reg_write=0 illegal=1 stall=1 redirect=0
[PASS] seq=crv_seq_5                              cyc=31 op=IDK_RANDOM             instr=0xf6d2f75a pc=0x004d7f8c valid=1 fault=1 wb_w=1 wb_rd=3 ex_r=1 ex_rd=17 -> reg_write=0 illegal=1 stall=0 redirect=0
[PASS] seq=crv_seq_5                              cyc=32 op=IDK_LEGAL_ALU          instr=0x41517033 pc=0xcf4e23bc valid=1 fault=1 wb_w=1 wb_rd=15 ex_r=1 ex_rd=4 -> reg_write=1 illegal=0 stall=0 redirect=0
[PASS] seq=crv_seq_5                              cyc=33 op=IDK_JALR               instr=0x7e199267 pc=0xe203ae90 valid=1 fault=1 wb_w=0 wb_rd=9 ex_r=1 ex_rd=30 -> reg_write=1 illegal=0 stall=0 redirect=0
[PASS] seq=crv_seq_5                              cyc=34 op=IDK_ILLEGAL            instr=0x02bee633 pc=0x22765bd8 valid=1 fault=1 wb_w=1 wb_rd=11 ex_r=1 ex_rd=0 -> reg_write=0 illegal=1 stall=0 redirect=0
[PASS] seq=crv_seq_5                              cyc=35 op=IDK_ILLEGAL            instr=0x0340c3b3 pc=0xb8f050a8 valid=1 fault=0 wb_w=1 wb_rd=25 ex_r=1 ex_rd=24 -> reg_write=0 illegal=1 stall=0 redirect=0
[PASS] seq=crv_seq_5                              cyc=36 op=IDK_RANDOM             instr=0xfb080b0f pc=0x1cdb9ce4 valid=1 fault=1 wb_w=0 wb_rd=12 ex_r=0 ex_rd=15 -> reg_write=0 illegal=1 stall=0 redirect=0
[PASS] seq=crv_seq_5                              cyc=37 op=IDK_RANDOM             instr=0xe53ba1c0 pc=0xd4df1390 valid=1 fault=0 wb_w=1 wb_rd=4 ex_r=1 ex_rd=9 -> reg_write=0 illegal=1 stall=0 redirect=0
[PASS] seq=crv_seq_5                              cyc=38 op=IDK_LEGAL_ALU          instr=0x00d247b3 pc=0xefbd34c0 valid=1 fault=1 wb_w=1 wb_rd=5 ex_r=0 ex_rd=2 -> reg_write=1 illegal=0 stall=0 redirect=0
[PASS] seq=crv_seq_5                              cyc=39 op=IDK_HAZARD_X0_EXCLUDED instr=0xbffde68f pc=0x0d8ae1c0 valid=1 fault=1 wb_w=1 wb_rd=5 ex_r=1 ex_rd=0 -> reg_write=0 illegal=1 stall=0 redirect=0
[PASS] seq=crv_seq_5                              cyc=40 op=IDK_BACKWARD_BRANCH    instr=0xe40b5363 pc=0x1e0abae4 valid=1 fault=0 wb_w=0 wb_rd=28 ex_r=1 ex_rd=28 -> reg_write=0 illegal=0 stall=0 redirect=1
[PASS] seq=crv_seq_5                              cyc=41 op=IDK_HAZARD_X0_EXCLUDED instr=0xbcf27da6 pc=0x1e138540 valid=1 fault=0 wb_w=0 wb_rd=22 ex_r=1 ex_rd=0 -> reg_write=0 illegal=1 stall=0 redirect=0
[PASS] seq=crv_seq_5                              cyc=42 op=IDK_CSR_OP             instr=0x468de973 pc=0x3e54b838 valid=1 fault=1 wb_w=1 wb_rd=22 ex_r=1 ex_rd=10 -> reg_write=1 illegal=0 stall=0 redirect=0
[PASS] seq=crv_seq_5                              cyc=43 op=IDK_HAZARD_X0_EXCLUDED instr=0xe3f5ed37 pc=0x90e440ec valid=1 fault=0 wb_w=0 wb_rd=13 ex_r=1 ex_rd=0 -> reg_write=1 illegal=0 stall=0 redirect=0
[PASS] seq=crv_seq_5                              cyc=44 op=IDK_LEGAL_ALU          instr=0x4030c2b3 pc=0x9429f480 valid=1 fault=1 wb_w=0 wb_rd=6 ex_r=0 ex_rd=14 -> reg_write=1 illegal=0 stall=0 redirect=0
[PASS] seq=crv_seq_5                              cyc=45 op=IDK_FORWARD_BRANCH     instr=0x4836ed63 pc=0x0ce89174 valid=1 fault=1 wb_w=1 wb_rd=12 ex_r=0 ex_rd=8 -> reg_write=0 illegal=0 stall=0 redirect=0
[PASS] seq=crv_seq_5                              cyc=46 op=IDK_ILLEGAL            instr=0x025c7633 pc=0x6bf0288c valid=1 fault=0 wb_w=0 wb_rd=18 ex_r=1 ex_rd=2 -> reg_write=0 illegal=1 stall=0 redirect=0
[PASS] seq=crv_seq_5                              cyc=47 op=IDK_LEGAL_ALU          instr=0x01d614b3 pc=0x6b30a240 valid=1 fault=0 wb_w=1 wb_rd=16 ex_r=1 ex_rd=4 -> reg_write=1 illegal=0 stall=0 redirect=0
[PASS] seq=crv_seq_5                              cyc=48 op=IDK_BYPASS_BOTH        instr=0x47ce6082 pc=0x50d140bc valid=1 fault=0 wb_w=1 wb_rd=28 ex_r=1 ex_rd=15 -> reg_write=0 illegal=1 stall=0 redirect=0
[PASS] seq=crv_seq_5                              cyc=49 op=IDK_ILLEGAL            instr=0x03694bb3 pc=0x29481688 valid=1 fault=0 wb_w=1 wb_rd=20 ex_r=1 ex_rd=26 -> reg_write=0 illegal=1 stall=0 redirect=0
[PASS] seq=crv_seq_5                              cyc=50 op=IDK_HAZARD_RS1         instr=0xd4c465cf pc=0x8d81f8ec valid=1 fault=0 wb_w=0 wb_rd=28 ex_r=1 ex_rd=8 -> reg_write=0 illegal=1 stall=1 redirect=0
[PASS] seq=crv_seq_5                              cyc=51 op=IDK_RANDOM             instr=0x437e84e5 pc=0xfe486774 valid=1 fault=0 wb_w=0 wb_rd=23 ex_r=0 ex_rd=23 -> reg_write=0 illegal=1 stall=0 redirect=0
[PASS] seq=crv_seq_5                              cyc=52 op=IDK_HAZARD_RS1         instr=0x8a9cdecc pc=0xc26eaa0c valid=1 fault=0 wb_w=0 wb_rd=18 ex_r=1 ex_rd=25 -> reg_write=0 illegal=1 stall=1 redirect=0
[PASS] seq=crv_seq_5                              cyc=53 op=IDK_HAZARD_X0_EXCLUDED instr=0x9c874814 pc=0x5fdd64a4 valid=1 fault=1 wb_w=0 wb_rd=11 ex_r=1 ex_rd=0 -> reg_write=0 illegal=1 stall=0 redirect=0
[PASS] seq=crv_seq_5                              cyc=54 op=IDK_RANDOM             instr=0x455f64f6 pc=0x166f0a78 valid=1 fault=0 wb_w=1 wb_rd=0 ex_r=0 ex_rd=18 -> reg_write=0 illegal=1 stall=0 redirect=0
[PASS] seq=crv_seq_5                              cyc=55 op=IDK_BYPASS_RS2         instr=0x41ba3652 pc=0xa63afcbc valid=1 fault=0 wb_w=1 wb_rd=27 ex_r=1 ex_rd=28 -> reg_write=0 illegal=1 stall=0 redirect=0
[PASS] seq=crv_seq_5                              cyc=56 op=IDK_LEGAL_ALU          instr=0x01ac24b3 pc=0xe7555370 valid=1 fault=0 wb_w=1 wb_rd=5 ex_r=0 ex_rd=15 -> reg_write=1 illegal=0 stall=0 redirect=0
[PASS] seq=crv_seq_5                              cyc=57 op=IDK_JALR               instr=0x529a92e7 pc=0x7e3d1800 valid=1 fault=0 wb_w=1 wb_rd=23 ex_r=0 ex_rd=19 -> reg_write=1 illegal=0 stall=0 redirect=0
[PASS] seq=crv_seq_5                              cyc=58 op=IDK_BYPASS_BOTH        instr=0x37deb5db pc=0xc96c53fc valid=1 fault=1 wb_w=1 wb_rd=29 ex_r=0 ex_rd=20 -> reg_write=0 illegal=1 stall=0 redirect=0
[PASS] seq=crv_seq_5                              cyc=59 op=IDK_FORWARD_BRANCH     instr=0x7ad44d63 pc=0x6aff0f70 valid=1 fault=1 wb_w=1 wb_rd=19 ex_r=1 ex_rd=0 -> reg_write=0 illegal=0 stall=0 redirect=0
[PASS] seq=crv_seq_5                              cyc=60 op=IDK_FORWARD_BRANCH     instr=0x17653663 pc=0x673a021c valid=1 fault=1 wb_w=0 wb_rd=12 ex_r=1 ex_rd=31 -> reg_write=0 illegal=0 stall=0 redirect=0
[PASS] seq=crv_seq_5                              cyc=61 op=IDK_HAZARD_RS1         instr=0xb30c1737 pc=0xbef647f8 valid=1 fault=1 wb_w=0 wb_rd=30 ex_r=1 ex_rd=24 -> reg_write=1 illegal=0 stall=1 redirect=0
[PASS] seq=crv_seq_5                              cyc=62 op=IDK_RANDOM             instr=0x7f2b8da5 pc=0xd9112b44 valid=1 fault=1 wb_w=1 wb_rd=29 ex_r=0 ex_rd=8 -> reg_write=0 illegal=1 stall=0 redirect=0
[PASS] seq=crv_seq_5                              cyc=63 op=IDK_RANDOM             instr=0x2173e1b2 pc=0x537c2454 valid=1 fault=0 wb_w=0 wb_rd=5 ex_r=0 ex_rd=26 -> reg_write=0 illegal=1 stall=0 redirect=0
[PASS] seq=crv_seq_5                              cyc=64 op=IDK_BYPASS_RS1         instr=0x37fc53f8 pc=0x8f7000a4 valid=1 fault=1 wb_w=1 wb_rd=24 ex_r=0 ex_rd=15 -> reg_write=0 illegal=1 stall=0 redirect=0
[PASS] seq=crv_seq_5                              cyc=65 op=IDK_JAL                instr=0xf523dfef pc=0x05131bc8 valid=1 fault=0 wb_w=1 wb_rd=1 ex_r=0 ex_rd=19 -> reg_write=1 illegal=0 stall=0 redirect=1
[PASS] seq=crv_seq_5                              cyc=66 op=IDK_HAZARD_RS2         instr=0x5ae14d78 pc=0x338fd0e0 valid=1 fault=0 wb_w=0 wb_rd=17 ex_r=1 ex_rd=14 -> reg_write=0 illegal=1 stall=1 redirect=0
[PASS] seq=crv_seq_5                              cyc=67 op=IDK_HAZARD_RS2         instr=0xa5e18132 pc=0x5ca91cd4 valid=1 fault=0 wb_w=0 wb_rd=5 ex_r=1 ex_rd=30 -> reg_write=0 illegal=1 stall=1 redirect=0
[PASS] seq=crv_seq_5                              cyc=68 op=IDK_LEGAL_ALU          instr=0x404735b3 pc=0x07c03e1c valid=1 fault=0 wb_w=0 wb_rd=20 ex_r=1 ex_rd=7 -> reg_write=1 illegal=0 stall=0 redirect=0
[PASS] seq=crv_seq_5                              cyc=69 op=IDK_BYPASS_RS1         instr=0x5ac68f29 pc=0xf063c7d4 valid=1 fault=0 wb_w=1 wb_rd=13 ex_r=0 ex_rd=19 -> reg_write=0 illegal=1 stall=0 redirect=0
[PASS] seq=crv_seq_5                              cyc=70 op=IDK_LEGAL_ALU          instr=0x41d4c533 pc=0xe0f70570 valid=1 fault=1 wb_w=0 wb_rd=10 ex_r=0 ex_rd=24 -> reg_write=1 illegal=0 stall=0 redirect=0
[PASS] seq=crv_seq_5                              cyc=71 op=IDK_FORWARD_BRANCH     instr=0x507261e3 pc=0xb82db60c valid=1 fault=1 wb_w=0 wb_rd=18 ex_r=1 ex_rd=15 -> reg_write=0 illegal=0 stall=0 redirect=0
[PASS] seq=crv_seq_5                              cyc=72 op=IDK_ILLEGAL            instr=0x02bc6433 pc=0xee519b34 valid=1 fault=1 wb_w=1 wb_rd=26 ex_r=0 ex_rd=30 -> reg_write=0 illegal=1 stall=0 redirect=0
[PASS] seq=crv_seq_5                              cyc=73 op=IDK_HAZARD_RS1         instr=0xf01427e5 pc=0x18bf27e4 valid=1 fault=1 wb_w=0 wb_rd=20 ex_r=1 ex_rd=8 -> reg_write=0 illegal=1 stall=1 redirect=0
[PASS] seq=crv_seq_5                              cyc=74 op=IDK_JAL                instr=0x7b700aef pc=0xdc214480 valid=1 fault=1 wb_w=1 wb_rd=29 ex_r=0 ex_rd=1 -> reg_write=1 illegal=0 stall=0 redirect=1
[PASS] seq=crv_seq_5                              cyc=75 op=IDK_FORWARD_BRANCH     instr=0x5248db63 pc=0x3f5249a0 valid=1 fault=0 wb_w=1 wb_rd=1 ex_r=0 ex_rd=16 -> reg_write=0 illegal=0 stall=0 redirect=0
[PASS] seq=crv_seq_5                              cyc=76 op=IDK_HAZARD_RS1         instr=0x47947ecc pc=0xa2e1380c valid=1 fault=1 wb_w=1 wb_rd=7 ex_r=1 ex_rd=8 -> reg_write=0 illegal=1 stall=1 redirect=0
[PASS] seq=crv_seq_5                              cyc=77 op=IDK_LEGAL_ALU          instr=0x4082c233 pc=0x722e1e64 valid=1 fault=0 wb_w=1 wb_rd=5 ex_r=1 ex_rd=13 -> reg_write=1 illegal=0 stall=0 redirect=0
[PASS] seq=crv_seq_5                              cyc=78 op=IDK_BYPASS_RS1         instr=0xd9af484f pc=0x235baa50 valid=1 fault=0 wb_w=1 wb_rd=30 ex_r=0 ex_rd=17 -> reg_write=0 illegal=1 stall=0 redirect=0
[PASS] seq=crv_seq_5                              cyc=79 op=IDK_HAZARD_X0_EXCLUDED instr=0x99e1f751 pc=0x6d90ec80 valid=1 fault=1 wb_w=1 wb_rd=26 ex_r=1 ex_rd=0 -> reg_write=0 illegal=1 stall=0 redirect=0
[PASS] seq=crv_seq_5                              cyc=80 op=IDK_CSR_OP             instr=0x2fc37573 pc=0x498b3a88 valid=1 fault=0 wb_w=1 wb_rd=16 ex_r=1 ex_rd=4 -> reg_write=1 illegal=0 stall=0 redirect=0
[PASS] seq=crv_seq_5                              cyc=81 op=IDK_JALR               instr=0xe713f167 pc=0xec97f88c valid=1 fault=1 wb_w=0 wb_rd=14 ex_r=0 ex_rd=17 -> reg_write=1 illegal=0 stall=0 redirect=0
[PASS] seq=crv_seq_5                              cyc=82 op=IDK_JAL                instr=0xbf6972ef pc=0x7ec379e0 valid=1 fault=1 wb_w=0 wb_rd=10 ex_r=1 ex_rd=5 -> reg_write=1 illegal=0 stall=0 redirect=1
[PASS] seq=crv_seq_5                              cyc=83 op=IDK_HAZARD_RS1         instr=0xa53fb6ca pc=0x91a508e0 valid=1 fault=0 wb_w=0 wb_rd=20 ex_r=1 ex_rd=31 -> reg_write=0 illegal=1 stall=1 redirect=0
[PASS] seq=crv_seq_5                              cyc=84 op=IDK_ILLEGAL            instr=0x026ce9b3 pc=0x534612c0 valid=1 fault=0 wb_w=0 wb_rd=9 ex_r=0 ex_rd=17 -> reg_write=0 illegal=1 stall=0 redirect=0
[PASS] seq=crv_seq_5                              cyc=85 op=IDK_LEGAL_ALU          instr=0x01f231b3 pc=0x69597cbc valid=1 fault=1 wb_w=0 wb_rd=17 ex_r=1 ex_rd=6 -> reg_write=1 illegal=0 stall=0 redirect=0
[PASS] seq=crv_seq_5                              cyc=86 op=IDK_HAZARD_RS1         instr=0x1ddf4583 pc=0xe6123a90 valid=1 fault=0 wb_w=1 wb_rd=6 ex_r=1 ex_rd=30 -> reg_write=1 illegal=0 stall=1 redirect=0
[PASS] seq=crv_seq_5                              cyc=87 op=IDK_RANDOM             instr=0x55e66b8b pc=0x15e8ab10 valid=1 fault=0 wb_w=1 wb_rd=4 ex_r=0 ex_rd=13 -> reg_write=0 illegal=0 stall=0 redirect=0
[PASS] seq=crv_seq_5                              cyc=88 op=IDK_FORWARD_BRANCH     instr=0x3102d1e3 pc=0xb87e20a8 valid=1 fault=1 wb_w=0 wb_rd=11 ex_r=1 ex_rd=25 -> reg_write=0 illegal=0 stall=0 redirect=0
[PASS] seq=crv_seq_5                              cyc=89 op=IDK_HAZARD_RS1         instr=0x24d76c2f pc=0xfc0f80f0 valid=1 fault=1 wb_w=0 wb_rd=18 ex_r=1 ex_rd=14 -> reg_write=0 illegal=1 stall=1 redirect=0
[PASS] seq=crv_seq_5                              cyc=90 op=IDK_RANDOM             instr=0xcca1fb57 pc=0xa9ca3f24 valid=1 fault=0 wb_w=0 wb_rd=21 ex_r=1 ex_rd=0 -> reg_write=0 illegal=1 stall=0 redirect=0
[PASS] seq=crv_seq_5                              cyc=91 op=IDK_ILLEGAL            instr=0x0285dfb3 pc=0xc24a4634 valid=1 fault=1 wb_w=0 wb_rd=22 ex_r=0 ex_rd=11 -> reg_write=0 illegal=1 stall=0 redirect=0
[PASS] seq=crv_seq_5                              cyc=92 op=IDK_BYPASS_RS1         instr=0x0119a455 pc=0x769126f0 valid=1 fault=1 wb_w=1 wb_rd=19 ex_r=1 ex_rd=29 -> reg_write=0 illegal=1 stall=0 redirect=0
[PASS] seq=crv_seq_5                              cyc=93 op=IDK_LEGAL_ALU          instr=0x004336b3 pc=0xe48aa0dc valid=1 fault=1 wb_w=0 wb_rd=18 ex_r=1 ex_rd=17 -> reg_write=1 illegal=0 stall=0 redirect=0
[PASS] seq=crv_seq_5                              cyc=94 op=IDK_JAL                instr=0xd5834f6f pc=0x4afe21e4 valid=1 fault=0 wb_w=1 wb_rd=6 ex_r=0 ex_rd=0 -> reg_write=1 illegal=0 stall=0 redirect=1
[PASS] seq=crv_seq_5                              cyc=95 op=IDK_RANDOM             instr=0x8bc5b92c pc=0x7cd82924 valid=1 fault=1 wb_w=0 wb_rd=18 ex_r=0 ex_rd=17 -> reg_write=0 illegal=1 stall=0 redirect=0
[PASS] seq=crv_seq_5                              cyc=96 op=IDK_BYPASS_BOTH        instr=0x43294874 pc=0x4fcc32a0 valid=1 fault=0 wb_w=1 wb_rd=18 ex_r=0 ex_rd=31 -> reg_write=0 illegal=1 stall=0 redirect=0
[PASS] seq=crv_seq_5                              cyc=97 op=IDK_JALR               instr=0xd8283367 pc=0xccd8004c valid=1 fault=0 wb_w=0 wb_rd=28 ex_r=1 ex_rd=22 -> reg_write=1 illegal=0 stall=0 redirect=0
[PASS] seq=crv_seq_5                              cyc=98 op=IDK_LEGAL_ALU          instr=0x40296833 pc=0xa019f918 valid=1 fault=1 wb_w=0 wb_rd=23 ex_r=1 ex_rd=1 -> reg_write=1 illegal=0 stall=0 redirect=0
[PASS] seq=crv_seq_5                              cyc=99 op=IDK_HAZARD_RS2         instr=0x6fd3d148 pc=0x3e506fc8 valid=1 fault=1 wb_w=0 wb_rd=18 ex_r=1 ex_rd=29 -> reg_write=0 illegal=1 stall=1 redirect=0
[PASS] seq=crv_seq_5                              cyc=100 op=IDK_HAZARD_BOTH        instr=0xb45283da pc=0xa90e3ec4 valid=1 fault=1 wb_w=0 wb_rd=28 ex_r=1 ex_rd=5 -> reg_write=0 illegal=1 stall=1 redirect=0
[PASS] seq=crv_seq_5                              cyc=101 op=IDK_HAZARD_RS1         instr=0x6a624095 pc=0x3bab5f24 valid=1 fault=0 wb_w=1 wb_rd=28 ex_r=1 ex_rd=4 -> reg_write=0 illegal=1 stall=1 redirect=0
[PASS] seq=crv_seq_5                              cyc=102 op=IDK_HAZARD_RS2         instr=0x722ea59c pc=0x24217414 valid=1 fault=0 wb_w=1 wb_rd=27 ex_r=1 ex_rd=2 -> reg_write=0 illegal=1 stall=1 redirect=0
[PASS] seq=crv_seq_5                              cyc=103 op=IDK_LEGAL_ALU          instr=0x017815b3 pc=0x9a80d8d8 valid=1 fault=1 wb_w=1 wb_rd=7 ex_r=0 ex_rd=8 -> reg_write=1 illegal=0 stall=0 redirect=0
[PASS] seq=crv_seq_5                              cyc=104 op=IDK_HAZARD_RS2         instr=0x8e117472 pc=0xf7347958 valid=1 fault=0 wb_w=1 wb_rd=26 ex_r=1 ex_rd=1 -> reg_write=0 illegal=1 stall=1 redirect=0
[PASS] seq=crv_seq_5                              cyc=105 op=IDK_CSR_OP             instr=0x0e516af3 pc=0xf29d7998 valid=1 fault=1 wb_w=0 wb_rd=4 ex_r=0 ex_rd=31 -> reg_write=1 illegal=0 stall=0 redirect=0
[PASS] seq=crv_seq_5                              cyc=106 op=IDK_HAZARD_RS1         instr=0x41b1e9c8 pc=0x61a81864 valid=1 fault=0 wb_w=1 wb_rd=30 ex_r=1 ex_rd=3 -> reg_write=0 illegal=1 stall=1 redirect=0
[PASS] seq=crv_seq_5                              cyc=107 op=IDK_LEGAL_ALU          instr=0x01c32f33 pc=0xe53ffa14 valid=1 fault=0 wb_w=1 wb_rd=31 ex_r=0 ex_rd=13 -> reg_write=1 illegal=0 stall=0 redirect=0
[PASS] seq=crv_seq_5                              cyc=108 op=IDK_HAZARD_RS2         instr=0xb3ea995e pc=0xf59b9d48 valid=1 fault=0 wb_w=1 wb_rd=24 ex_r=1 ex_rd=30 -> reg_write=0 illegal=1 stall=1 redirect=0
[PASS] seq=crv_seq_5                              cyc=109 op=IDK_LEGAL_ALU          instr=0x40e55433 pc=0xa401b73c valid=1 fault=0 wb_w=1 wb_rd=16 ex_r=0 ex_rd=18 -> reg_write=1 illegal=0 stall=0 redirect=0
[PASS] seq=crv_seq_5                              cyc=110 op=IDK_HAZARD_RS2         instr=0xd8d18541 pc=0x71f685c4 valid=1 fault=1 wb_w=1 wb_rd=13 ex_r=1 ex_rd=13 -> reg_write=0 illegal=1 stall=1 redirect=0
[PASS] seq=crv_seq_5                              cyc=111 op=IDK_RANDOM             instr=0x761c094c pc=0xf3d64440 valid=1 fault=1 wb_w=1 wb_rd=18 ex_r=1 ex_rd=12 -> reg_write=0 illegal=1 stall=0 redirect=0
[PASS] seq=crv_seq_5                              cyc=112 op=IDK_BYPASS_BOTH        instr=0x99086f38 pc=0x2414c8d8 valid=1 fault=0 wb_w=1 wb_rd=16 ex_r=0 ex_rd=11 -> reg_write=0 illegal=1 stall=0 redirect=0
[PASS] seq=crv_seq_5                              cyc=113 op=IDK_LEGAL_ALU          instr=0x0150d8b3 pc=0x2d8b15d4 valid=1 fault=0 wb_w=1 wb_rd=4 ex_r=0 ex_rd=25 -> reg_write=1 illegal=0 stall=0 redirect=0
[PASS] seq=crv_seq_5                              cyc=114 op=IDK_BYPASS_RS1         instr=0xbaecec2a pc=0xd745b600 valid=1 fault=0 wb_w=1 wb_rd=25 ex_r=1 ex_rd=15 -> reg_write=0 illegal=1 stall=0 redirect=0
[PASS] seq=crv_seq_5                              cyc=115 op=IDK_HAZARD_RS1         instr=0xc6038ee8 pc=0x2e63f388 valid=1 fault=0 wb_w=1 wb_rd=3 ex_r=1 ex_rd=7 -> reg_write=0 illegal=1 stall=1 redirect=0
[PASS] seq=crv_seq_5                              cyc=116 op=IDK_LEGAL_ALU          instr=0x40d4a1b3 pc=0xe26d1700 valid=1 fault=1 wb_w=0 wb_rd=13 ex_r=0 ex_rd=7 -> reg_write=1 illegal=0 stall=0 redirect=0
[PASS] seq=crv_seq_5                              cyc=117 op=IDK_LEGAL_ALU          instr=0x41af53b3 pc=0xbd89c08c valid=1 fault=1 wb_w=0 wb_rd=31 ex_r=0 ex_rd=5 -> reg_write=1 illegal=0 stall=0 redirect=0
[PASS] seq=crv_seq_5                              cyc=118 op=IDK_JAL                instr=0x632412ef pc=0x9cc27d58 valid=1 fault=0 wb_w=1 wb_rd=13 ex_r=0 ex_rd=7 -> reg_write=1 illegal=0 stall=0 redirect=1
[PASS] seq=crv_seq_5                              cyc=119 op=IDK_CSR_OP             instr=0xe2304d73 pc=0x8aae00a8 valid=1 fault=0 wb_w=0 wb_rd=23 ex_r=1 ex_rd=7 -> reg_write=1 illegal=0 stall=0 redirect=0
[PASS] seq=crv_seq_5                              cyc=120 op=IDK_ILLEGAL            instr=0x02a75933 pc=0x38a2b78c valid=1 fault=0 wb_w=0 wb_rd=0 ex_r=1 ex_rd=8 -> reg_write=0 illegal=1 stall=0 redirect=0
[PASS] seq=crv_seq_5                              cyc=121 op=IDK_ILLEGAL            instr=0x02f672b3 pc=0xfbc8f284 valid=1 fault=1 wb_w=0 wb_rd=10 ex_r=1 ex_rd=12 -> reg_write=0 illegal=1 stall=1 redirect=0
[PASS] seq=crv_seq_5                              cyc=122 op=IDK_RANDOM             instr=0xd2587fa7 pc=0x45d24670 valid=1 fault=0 wb_w=0 wb_rd=6 ex_r=0 ex_rd=18 -> reg_write=0 illegal=1 stall=0 redirect=0
[PASS] seq=crv_seq_5                              cyc=123 op=IDK_ILLEGAL            instr=0x03436a33 pc=0xdc605e1c valid=1 fault=0 wb_w=0 wb_rd=24 ex_r=1 ex_rd=14 -> reg_write=0 illegal=1 stall=0 redirect=0
[PASS] seq=crv_seq_5                              cyc=124 op=IDK_JAL                instr=0xcfae4bef pc=0xb3d8a410 valid=1 fault=1 wb_w=0 wb_rd=19 ex_r=1 ex_rd=2 -> reg_write=1 illegal=0 stall=0 redirect=1
[PASS] seq=crv_seq_5                              cyc=125 op=IDK_ILLEGAL            instr=0x02da42b3 pc=0x54288888 valid=1 fault=1 wb_w=1 wb_rd=7 ex_r=1 ex_rd=3 -> reg_write=0 illegal=1 stall=0 redirect=0
[PASS] seq=crv_seq_5                              cyc=126 op=IDK_LEGAL_ALU          instr=0x01b37b33 pc=0x6d9e44d8 valid=1 fault=0 wb_w=0 wb_rd=15 ex_r=1 ex_rd=5 -> reg_write=1 illegal=0 stall=0 redirect=0
[PASS] seq=crv_seq_5                              cyc=127 op=IDK_LEGAL_ALU          instr=0x018a8a33 pc=0xb1dce618 valid=1 fault=0 wb_w=0 wb_rd=6 ex_r=1 ex_rd=27 -> reg_write=1 illegal=0 stall=0 redirect=0
[PASS] seq=crv_seq_5                              cyc=128 op=IDK_HAZARD_RS1         instr=0x342b2551 pc=0xc8387180 valid=1 fault=1 wb_w=1 wb_rd=6 ex_r=1 ex_rd=22 -> reg_write=0 illegal=1 stall=1 redirect=0
[PASS] seq=crv_seq_5                              cyc=129 op=IDK_BYPASS_RS2         instr=0xaf31130a pc=0x37d2d7fc valid=1 fault=0 wb_w=1 wb_rd=19 ex_r=0 ex_rd=0 -> reg_write=0 illegal=1 stall=0 redirect=0
[PASS] seq=crv_seq_5                              cyc=130 op=IDK_BYPASS_BOTH        instr=0x8518c12a pc=0xc7c55ae0 valid=1 fault=1 wb_w=1 wb_rd=17 ex_r=0 ex_rd=22 -> reg_write=0 illegal=1 stall=0 redirect=0
[PASS] seq=crv_seq_5                              cyc=131 op=IDK_HAZARD_BOTH        instr=0x3a94cf17 pc=0x41b0bf44 valid=1 fault=1 wb_w=1 wb_rd=2 ex_r=1 ex_rd=9 -> reg_write=1 illegal=0 stall=1 redirect=0
[PASS] seq=crv_seq_5                              cyc=132 op=IDK_FORWARD_BRANCH     instr=0x373d7963 pc=0x725b6834 valid=1 fault=1 wb_w=1 wb_rd=4 ex_r=1 ex_rd=3 -> reg_write=0 illegal=0 stall=0 redirect=0
[PASS] seq=crv_seq_5                              cyc=133 op=IDK_ILLEGAL            instr=0x023af233 pc=0x64ac4a14 valid=1 fault=1 wb_w=0 wb_rd=12 ex_r=1 ex_rd=8 -> reg_write=0 illegal=1 stall=0 redirect=0
[PASS] seq=crv_seq_5                              cyc=134 op=IDK_LEGAL_ALU          instr=0x01c78bb3 pc=0x2f815c54 valid=1 fault=1 wb_w=1 wb_rd=30 ex_r=1 ex_rd=12 -> reg_write=1 illegal=0 stall=0 redirect=0
[PASS] seq=crv_seq_5                              cyc=135 op=IDK_HAZARD_BOTH        instr=0xf718a829 pc=0x20448324 valid=1 fault=1 wb_w=0 wb_rd=7 ex_r=1 ex_rd=17 -> reg_write=0 illegal=1 stall=1 redirect=0
[PASS] seq=crv_seq_5                              cyc=136 op=IDK_HAZARD_BOTH        instr=0x4c422ee4 pc=0x7f401930 valid=1 fault=1 wb_w=1 wb_rd=27 ex_r=1 ex_rd=4 -> reg_write=0 illegal=1 stall=1 redirect=0
[PASS] seq=crv_seq_5                              cyc=137 op=IDK_ILLEGAL            instr=0x03b57e33 pc=0x3b3891a4 valid=1 fault=0 wb_w=1 wb_rd=23 ex_r=1 ex_rd=24 -> reg_write=0 illegal=1 stall=0 redirect=0
[PASS] seq=crv_seq_5                              cyc=138 op=IDK_JALR               instr=0x963c7067 pc=0xcd4b3910 valid=1 fault=1 wb_w=1 wb_rd=13 ex_r=1 ex_rd=31 -> reg_write=1 illegal=0 stall=0 redirect=0
[PASS] seq=crv_seq_5                              cyc=139 op=IDK_RANDOM             instr=0x1c9452d4 pc=0x36d6a8dc valid=1 fault=1 wb_w=1 wb_rd=23 ex_r=1 ex_rd=16 -> reg_write=0 illegal=1 stall=0 redirect=0
[PASS] seq=crv_seq_5                              cyc=140 op=IDK_ILLEGAL            instr=0x0345d6b3 pc=0x2d3d2adc valid=1 fault=0 wb_w=1 wb_rd=16 ex_r=1 ex_rd=17 -> reg_write=0 illegal=1 stall=0 redirect=0
[PASS] seq=crv_seq_5                              cyc=141 op=IDK_LEGAL_ALU          instr=0x4126ff33 pc=0x2be66a08 valid=1 fault=0 wb_w=0 wb_rd=19 ex_r=1 ex_rd=24 -> reg_write=1 illegal=0 stall=0 redirect=0
[PASS] seq=crv_seq_5                              cyc=142 op=IDK_HAZARD_RS1         instr=0x87c148f2 pc=0x066d76ec valid=1 fault=0 wb_w=1 wb_rd=1 ex_r=1 ex_rd=2 -> reg_write=0 illegal=1 stall=1 redirect=0
[PASS] seq=crv_seq_5                              cyc=143 op=IDK_FORWARD_BRANCH     instr=0x07d16f63 pc=0x4f98dfa0 valid=1 fault=1 wb_w=0 wb_rd=12 ex_r=0 ex_rd=28 -> reg_write=0 illegal=0 stall=0 redirect=0
[PASS] seq=crv_seq_5                              cyc=144 op=IDK_BYPASS_RS1         instr=0x657d11b8 pc=0xfddf2f8c valid=1 fault=1 wb_w=1 wb_rd=26 ex_r=0 ex_rd=3 -> reg_write=0 illegal=1 stall=0 redirect=0
[PASS] seq=crv_seq_5                              cyc=145 op=IDK_BACKWARD_BRANCH    instr=0xcff56de3 pc=0x47a9b208 valid=1 fault=0 wb_w=1 wb_rd=12 ex_r=1 ex_rd=5 -> reg_write=0 illegal=0 stall=0 redirect=1
[PASS] seq=crv_seq_5                              cyc=146 op=IDK_LEGAL_ALU          instr=0x00bcf3b3 pc=0x98f97bac valid=1 fault=1 wb_w=1 wb_rd=23 ex_r=0 ex_rd=29 -> reg_write=1 illegal=0 stall=0 redirect=0
[PASS] seq=crv_seq_5                              cyc=147 op=IDK_RANDOM             instr=0x31402576 pc=0x7db3bc24 valid=1 fault=1 wb_w=0 wb_rd=10 ex_r=1 ex_rd=22 -> reg_write=0 illegal=1 stall=0 redirect=0
[PASS] seq=crv_seq_5                              cyc=148 op=IDK_JAL                instr=0x40eb1f6f pc=0x7baff3a8 valid=1 fault=0 wb_w=1 wb_rd=29 ex_r=1 ex_rd=10 -> reg_write=1 illegal=0 stall=0 redirect=1
[PASS] seq=crv_seq_5                              cyc=149 op=IDK_BYPASS_RS2         instr=0xdc90b261 pc=0x47733774 valid=1 fault=0 wb_w=1 wb_rd=9 ex_r=0 ex_rd=11 -> reg_write=0 illegal=1 stall=0 redirect=0
[PASS] seq=crv_seq_5                              cyc=150 op=IDK_BYPASS_BOTH        instr=0xf39cfae9 pc=0x6967dfac valid=1 fault=0 wb_w=1 wb_rd=25 ex_r=1 ex_rd=9 -> reg_write=0 illegal=1 stall=0 redirect=0
[PASS] seq=crv_seq_5                              cyc=151 op=IDK_FORWARD_BRANCH     instr=0x677ae6e3 pc=0x1478efa8 valid=1 fault=1 wb_w=0 wb_rd=5 ex_r=1 ex_rd=23 -> reg_write=0 illegal=0 stall=1 redirect=0
[PASS] seq=crv_seq_5                              cyc=152 op=IDK_CSR_OP             instr=0xf787d6f3 pc=0x76ec7e94 valid=1 fault=0 wb_w=1 wb_rd=5 ex_r=0 ex_rd=8 -> reg_write=1 illegal=0 stall=0 redirect=0
[PASS] seq=crv_seq_5                              cyc=153 op=IDK_BYPASS_RS1         instr=0xeb4e2167 pc=0x05fa039c valid=1 fault=1 wb_w=1 wb_rd=28 ex_r=0 ex_rd=27 -> reg_write=1 illegal=0 stall=0 redirect=0
[PASS] seq=crv_seq_5                              cyc=154 op=IDK_BYPASS_RS1         instr=0x94463195 pc=0x45b4f9dc valid=1 fault=0 wb_w=1 wb_rd=12 ex_r=0 ex_rd=3 -> reg_write=0 illegal=1 stall=0 redirect=0
[PASS] seq=crv_seq_5                              cyc=155 op=IDK_JALR               instr=0x6dd3d767 pc=0x200da01c valid=1 fault=0 wb_w=1 wb_rd=4 ex_r=0 ex_rd=18 -> reg_write=1 illegal=0 stall=0 redirect=0
[PASS] seq=crv_seq_5                              cyc=156 op=IDK_RANDOM             instr=0xf6a76a03 pc=0x62481858 valid=1 fault=1 wb_w=1 wb_rd=8 ex_r=1 ex_rd=4 -> reg_write=1 illegal=0 stall=0 redirect=0
[PASS] seq=crv_seq_5                              cyc=157 op=IDK_LEGAL_ALU          instr=0x414b78b3 pc=0x8b53e2b4 valid=1 fault=0 wb_w=1 wb_rd=11 ex_r=0 ex_rd=31 -> reg_write=1 illegal=0 stall=0 redirect=0
[PASS] seq=crv_seq_5                              cyc=158 op=IDK_RANDOM             instr=0xa0bc3531 pc=0x37f1df70 valid=1 fault=0 wb_w=1 wb_rd=10 ex_r=0 ex_rd=18 -> reg_write=0 illegal=1 stall=0 redirect=0
[PASS] seq=crv_seq_5                              cyc=159 op=IDK_LEGAL_ALU          instr=0x41eca3b3 pc=0x05dd057c valid=1 fault=0 wb_w=1 wb_rd=0 ex_r=0 ex_rd=19 -> reg_write=1 illegal=0 stall=0 redirect=0
[PASS] seq=crv_seq_5                              cyc=160 op=IDK_FORWARD_BRANCH     instr=0x58295fe3 pc=0xf0bb6394 valid=1 fault=1 wb_w=1 wb_rd=11 ex_r=1 ex_rd=3 -> reg_write=0 illegal=0 stall=0 redirect=0
[PASS] seq=crv_seq_5                              cyc=161 op=IDK_FORWARD_BRANCH     instr=0x06ebbe63 pc=0x261b46c4 valid=1 fault=0 wb_w=0 wb_rd=30 ex_r=0 ex_rd=26 -> reg_write=0 illegal=0 stall=0 redirect=0
[PASS] seq=crv_seq_5                              cyc=162 op=IDK_RANDOM             instr=0x5542f7fb pc=0xb017b30c valid=1 fault=0 wb_w=1 wb_rd=12 ex_r=0 ex_rd=9 -> reg_write=0 illegal=1 stall=0 redirect=0
[PASS] seq=crv_seq_5                              cyc=163 op=IDK_RANDOM             instr=0x0e73195a pc=0x890d1cf0 valid=1 fault=1 wb_w=0 wb_rd=27 ex_r=1 ex_rd=27 -> reg_write=0 illegal=1 stall=0 redirect=0
[PASS] seq=crv_seq_5                              cyc=164 op=IDK_JAL                instr=0xbcaefc6f pc=0xb3af36b8 valid=1 fault=1 wb_w=0 wb_rd=19 ex_r=1 ex_rd=31 -> reg_write=1 illegal=0 stall=0 redirect=1
[PASS] seq=crv_seq_5                              cyc=165 op=IDK_RANDOM             instr=0x41b01c12 pc=0xc6b61174 valid=1 fault=0 wb_w=1 wb_rd=3 ex_r=0 ex_rd=13 -> reg_write=0 illegal=1 stall=0 redirect=0
[PASS] seq=crv_seq_5                              cyc=166 op=IDK_ILLEGAL            instr=0x03a3e1b3 pc=0x6d127ea8 valid=1 fault=0 wb_w=1 wb_rd=24 ex_r=1 ex_rd=16 -> reg_write=0 illegal=1 stall=0 redirect=0
[PASS] seq=crv_seq_5                              cyc=167 op=IDK_JAL                instr=0xb727d5ef pc=0xda1f1d3c valid=1 fault=0 wb_w=0 wb_rd=2 ex_r=1 ex_rd=17 -> reg_write=1 illegal=0 stall=0 redirect=1
[PASS] seq=crv_seq_5                              cyc=168 op=IDK_BYPASS_RS1         instr=0xd5c0a415 pc=0x40247518 valid=1 fault=0 wb_w=1 wb_rd=1 ex_r=0 ex_rd=27 -> reg_write=0 illegal=1 stall=0 redirect=0
[PASS] seq=crv_seq_5                              cyc=169 op=IDK_HAZARD_X0_EXCLUDED instr=0xfa58b017 pc=0x70b2e660 valid=1 fault=0 wb_w=0 wb_rd=29 ex_r=1 ex_rd=0 -> reg_write=1 illegal=0 stall=0 redirect=0
[PASS] seq=crv_seq_5                              cyc=170 op=IDK_BACKWARD_BRANCH    instr=0xce05bbe3 pc=0xf2c7a334 valid=1 fault=1 wb_w=1 wb_rd=9 ex_r=1 ex_rd=9 -> reg_write=0 illegal=0 stall=0 redirect=1
[PASS] seq=crv_seq_5                              cyc=171 op=IDK_ILLEGAL            instr=0x03a4f933 pc=0x2ac6e8a4 valid=1 fault=0 wb_w=0 wb_rd=9 ex_r=0 ex_rd=15 -> reg_write=0 illegal=1 stall=0 redirect=0
[PASS] seq=crv_seq_5                              cyc=172 op=IDK_LEGAL_ALU          instr=0x01f3a2b3 pc=0x13035cb8 valid=1 fault=1 wb_w=0 wb_rd=17 ex_r=0 ex_rd=27 -> reg_write=1 illegal=0 stall=0 redirect=0
[PASS] seq=crv_seq_5                              cyc=173 op=IDK_BACKWARD_BRANCH    instr=0x972a1fe3 pc=0xd0b42b48 valid=1 fault=0 wb_w=0 wb_rd=26 ex_r=0 ex_rd=7 -> reg_write=0 illegal=0 stall=0 redirect=1
[PASS] seq=crv_seq_5                              cyc=174 op=IDK_HAZARD_RS2         instr=0xfc6f6e9b pc=0x6c4a1b28 valid=1 fault=1 wb_w=1 wb_rd=12 ex_r=1 ex_rd=6 -> reg_write=0 illegal=1 stall=1 redirect=0
[PASS] seq=crv_seq_5                              cyc=175 op=IDK_HAZARD_BOTH        instr=0x59ef44ec pc=0xc69da500 valid=1 fault=0 wb_w=1 wb_rd=11 ex_r=1 ex_rd=30 -> reg_write=0 illegal=1 stall=1 redirect=0
[PASS] seq=crv_seq_5                              cyc=176 op=IDK_JAL                instr=0x19b9aeef pc=0x20bf2514 valid=1 fault=0 wb_w=0 wb_rd=21 ex_r=0 ex_rd=20 -> reg_write=1 illegal=0 stall=0 redirect=1
[PASS] seq=crv_seq_5                              cyc=177 op=IDK_HAZARD_RS2         instr=0x985da0ab pc=0x5686b4e0 valid=1 fault=0 wb_w=0 wb_rd=20 ex_r=1 ex_rd=5 -> reg_write=0 illegal=1 stall=1 redirect=0
[PASS] seq=crv_seq_5                              cyc=178 op=IDK_CSR_OP             instr=0x91ded573 pc=0xb9d00578 valid=1 fault=1 wb_w=1 wb_rd=27 ex_r=0 ex_rd=5 -> reg_write=1 illegal=0 stall=0 redirect=0
[PASS] seq=crv_seq_5                              cyc=179 op=IDK_BYPASS_RS2         instr=0xde4413ee pc=0x74afb4cc valid=1 fault=0 wb_w=1 wb_rd=4 ex_r=0 ex_rd=29 -> reg_write=0 illegal=1 stall=0 redirect=0
[PASS] seq=crv_seq_5                              cyc=180 op=IDK_RANDOM             instr=0x1579d307 pc=0xd4d460cc valid=1 fault=1 wb_w=0 wb_rd=30 ex_r=1 ex_rd=29 -> reg_write=0 illegal=1 stall=0 redirect=0
[PASS] seq=crv_seq_5                              cyc=181 op=IDK_CSR_OP             instr=0xdc6d45f3 pc=0x4304d304 valid=1 fault=0 wb_w=0 wb_rd=28 ex_r=1 ex_rd=16 -> reg_write=1 illegal=0 stall=0 redirect=0
[PASS] seq=crv_seq_5                              cyc=182 op=IDK_JAL                instr=0xdfa5cfef pc=0xe2bbc3b4 valid=1 fault=1 wb_w=0 wb_rd=15 ex_r=0 ex_rd=27 -> reg_write=1 illegal=0 stall=0 redirect=1
[PASS] seq=crv_seq_5                              cyc=183 op=IDK_LEGAL_ALU          instr=0x40dec433 pc=0xfa75fdc0 valid=1 fault=1 wb_w=1 wb_rd=9 ex_r=1 ex_rd=25 -> reg_write=1 illegal=0 stall=0 redirect=0
[PASS] seq=crv_seq_5                              cyc=184 op=IDK_FORWARD_BRANCH     instr=0x5fcae9e3 pc=0xf43fff08 valid=1 fault=1 wb_w=0 wb_rd=31 ex_r=1 ex_rd=16 -> reg_write=0 illegal=0 stall=0 redirect=0
[PASS] seq=crv_seq_5                              cyc=185 op=IDK_BACKWARD_BRANCH    instr=0xf700b763 pc=0x3c5eaaa0 valid=1 fault=0 wb_w=0 wb_rd=30 ex_r=1 ex_rd=27 -> reg_write=0 illegal=0 stall=0 redirect=1
[PASS] seq=crv_seq_5                              cyc=186 op=IDK_JALR               instr=0x4c9624e7 pc=0x0b251790 valid=1 fault=0 wb_w=1 wb_rd=18 ex_r=0 ex_rd=26 -> reg_write=1 illegal=0 stall=0 redirect=0
[PASS] seq=crv_seq_5                              cyc=187 op=IDK_HAZARD_BOTH        instr=0x5852ad3b pc=0x15b7ce7c valid=1 fault=0 wb_w=0 wb_rd=13 ex_r=1 ex_rd=5 -> reg_write=0 illegal=1 stall=1 redirect=0
[PASS] seq=crv_seq_5                              cyc=188 op=IDK_HAZARD_RS1         instr=0x5415b249 pc=0xbccc2a74 valid=1 fault=0 wb_w=1 wb_rd=24 ex_r=1 ex_rd=11 -> reg_write=0 illegal=1 stall=1 redirect=0
[PASS] seq=crv_seq_5                              cyc=189 op=IDK_BYPASS_RS1         instr=0xb0efa4a8 pc=0x4a204bc8 valid=1 fault=0 wb_w=1 wb_rd=31 ex_r=1 ex_rd=26 -> reg_write=0 illegal=1 stall=0 redirect=0
[PASS] seq=crv_seq_5                              cyc=190 op=IDK_JAL                instr=0x34feb86f pc=0x2ed55ab0 valid=1 fault=1 wb_w=1 wb_rd=8 ex_r=1 ex_rd=24 -> reg_write=1 illegal=0 stall=0 redirect=1
[PASS] seq=crv_seq_5                              cyc=191 op=IDK_BYPASS_BOTH        instr=0xd36b7323 pc=0x602d5310 valid=1 fault=0 wb_w=1 wb_rd=22 ex_r=1 ex_rd=21 -> reg_write=0 illegal=0 stall=0 redirect=0
[PASS] seq=crv_seq_5                              cyc=192 op=IDK_JAL                instr=0x1be8c36f pc=0x16061fd0 valid=1 fault=1 wb_w=1 wb_rd=5 ex_r=0 ex_rd=1 -> reg_write=1 illegal=0 stall=0 redirect=1
[PASS] seq=crv_seq_5                              cyc=193 op=IDK_JAL                instr=0x8971876f pc=0xd2f35660 valid=1 fault=0 wb_w=0 wb_rd=24 ex_r=1 ex_rd=12 -> reg_write=1 illegal=0 stall=0 redirect=1
[PASS] seq=crv_seq_5                              cyc=194 op=IDK_BYPASS_RS1         instr=0x2fd686be pc=0x70287a10 valid=1 fault=1 wb_w=1 wb_rd=13 ex_r=1 ex_rd=5 -> reg_write=0 illegal=1 stall=0 redirect=0
[PASS] seq=crv_seq_5                              cyc=195 op=IDK_BYPASS_RS2         instr=0xb1ab5522 pc=0x1e5263c0 valid=1 fault=0 wb_w=1 wb_rd=26 ex_r=0 ex_rd=26 -> reg_write=0 illegal=1 stall=0 redirect=0
[PASS] seq=crv_seq_5                              cyc=196 op=IDK_HAZARD_RS2         instr=0x785dd481 pc=0x3f853e48 valid=1 fault=1 wb_w=1 wb_rd=20 ex_r=1 ex_rd=5 -> reg_write=0 illegal=1 stall=1 redirect=0
[PASS] seq=crv_seq_5                              cyc=197 op=IDK_BYPASS_RS1         instr=0x5f56ce9e pc=0x4344158c valid=1 fault=1 wb_w=1 wb_rd=13 ex_r=0 ex_rd=8 -> reg_write=0 illegal=1 stall=0 redirect=0
[PASS] seq=crv_seq_5                              cyc=198 op=IDK_JALR               instr=0x72195b67 pc=0x5fb7086c valid=1 fault=1 wb_w=1 wb_rd=26 ex_r=0 ex_rd=14 -> reg_write=1 illegal=0 stall=0 redirect=0
[PASS] seq=crv_seq_5                              cyc=199 op=IDK_HAZARD_X0_EXCLUDED instr=0xb8c85be1 pc=0xa3ae2ebc valid=1 fault=0 wb_w=0 wb_rd=17 ex_r=1 ex_rd=0 -> reg_write=0 illegal=1 stall=0 redirect=0
[PASS] seq=crv_seq_6                              cyc=0 op=IDK_RANDOM             instr=0x2196ed6a pc=0x06d88110 valid=1 fault=0 wb_w=1 wb_rd=23 ex_r=0 ex_rd=9 -> reg_write=0 illegal=1 stall=0 redirect=0
[PASS] seq=crv_seq_6                              cyc=1 op=IDK_BYPASS_RS2         instr=0x478ea98e pc=0xb5ce9a98 valid=1 fault=1 wb_w=1 wb_rd=24 ex_r=1 ex_rd=21 -> reg_write=0 illegal=1 stall=0 redirect=0
[PASS] seq=crv_seq_6                              cyc=2 op=IDK_LEGAL_ALU          instr=0x41ce0633 pc=0xb122ef2c valid=1 fault=0 wb_w=0 wb_rd=14 ex_r=0 ex_rd=21 -> reg_write=1 illegal=0 stall=0 redirect=0
[PASS] seq=crv_seq_6                              cyc=3 op=IDK_LEGAL_ALU          instr=0x402dce33 pc=0x79980b28 valid=1 fault=1 wb_w=0 wb_rd=5 ex_r=0 ex_rd=6 -> reg_write=1 illegal=0 stall=0 redirect=0
[PASS] seq=crv_seq_6                              cyc=4 op=IDK_HAZARD_RS1         instr=0x6d972c0e pc=0x8bb2f0b8 valid=1 fault=1 wb_w=0 wb_rd=11 ex_r=1 ex_rd=14 -> reg_write=0 illegal=1 stall=1 redirect=0
[PASS] seq=crv_seq_6                              cyc=5 op=IDK_HAZARD_BOTH        instr=0x3118a756 pc=0x9af5ec80 valid=1 fault=0 wb_w=0 wb_rd=5 ex_r=1 ex_rd=17 -> reg_write=0 illegal=1 stall=1 redirect=0
[PASS] seq=crv_seq_6                              cyc=6 op=IDK_RANDOM             instr=0x58e05337 pc=0xfaa5b9f8 valid=1 fault=0 wb_w=1 wb_rd=23 ex_r=0 ex_rd=26 -> reg_write=1 illegal=0 stall=0 redirect=0
[PASS] seq=crv_seq_6                              cyc=7 op=IDK_HAZARD_BOTH        instr=0x99bd9995 pc=0x9fc2e8c8 valid=1 fault=0 wb_w=0 wb_rd=16 ex_r=1 ex_rd=27 -> reg_write=0 illegal=1 stall=1 redirect=0
[PASS] seq=crv_seq_6                              cyc=8 op=IDK_LEGAL_ALU          instr=0x406f1ab3 pc=0xde3c3254 valid=1 fault=1 wb_w=1 wb_rd=0 ex_r=1 ex_rd=0 -> reg_write=1 illegal=0 stall=0 redirect=0
[PASS] seq=crv_seq_6                              cyc=9 op=IDK_RANDOM             instr=0xc8413a8d pc=0xfd9c785c valid=1 fault=1 wb_w=0 wb_rd=4 ex_r=1 ex_rd=19 -> reg_write=0 illegal=1 stall=0 redirect=0
[PASS] seq=crv_seq_6                              cyc=10 op=IDK_RANDOM             instr=0xe943c417 pc=0x1dddcf30 valid=1 fault=0 wb_w=1 wb_rd=14 ex_r=1 ex_rd=25 -> reg_write=1 illegal=0 stall=0 redirect=0
[PASS] seq=crv_seq_6                              cyc=11 op=IDK_ILLEGAL            instr=0x03fdd333 pc=0x5638e528 valid=1 fault=1 wb_w=1 wb_rd=24 ex_r=0 ex_rd=18 -> reg_write=0 illegal=1 stall=0 redirect=0
[PASS] seq=crv_seq_6                              cyc=12 op=IDK_ILLEGAL            instr=0x03fa4f33 pc=0xab0ccb44 valid=1 fault=1 wb_w=1 wb_rd=13 ex_r=1 ex_rd=28 -> reg_write=0 illegal=1 stall=0 redirect=0
[PASS] seq=crv_seq_6                              cyc=13 op=IDK_HAZARD_RS2         instr=0x6ba6f478 pc=0x7a5c727c valid=1 fault=1 wb_w=1 wb_rd=21 ex_r=1 ex_rd=26 -> reg_write=0 illegal=1 stall=1 redirect=0
[PASS] seq=crv_seq_6                              cyc=14 op=IDK_HAZARD_RS1         instr=0x193d8f9e pc=0xf0b4d3fc valid=1 fault=0 wb_w=0 wb_rd=20 ex_r=1 ex_rd=27 -> reg_write=0 illegal=1 stall=1 redirect=0
[PASS] seq=crv_seq_6                              cyc=15 op=IDK_RANDOM             instr=0x22aa7ec5 pc=0x52db37f0 valid=1 fault=1 wb_w=0 wb_rd=0 ex_r=0 ex_rd=19 -> reg_write=0 illegal=1 stall=0 redirect=0
[PASS] seq=crv_seq_6                              cyc=16 op=IDK_HAZARD_RS1         instr=0x0ec63619 pc=0x9253a63c valid=1 fault=0 wb_w=0 wb_rd=8 ex_r=1 ex_rd=12 -> reg_write=0 illegal=1 stall=1 redirect=0
[PASS] seq=crv_seq_6                              cyc=17 op=IDK_CSR_OP             instr=0x4eb2c1f3 pc=0x17f5f2d8 valid=1 fault=0 wb_w=0 wb_rd=16 ex_r=0 ex_rd=27 -> reg_write=1 illegal=0 stall=0 redirect=0
[PASS] seq=crv_seq_6                              cyc=18 op=IDK_RANDOM             instr=0x8a9eb491 pc=0x047d7d08 valid=1 fault=1 wb_w=1 wb_rd=19 ex_r=1 ex_rd=12 -> reg_write=0 illegal=1 stall=0 redirect=0
[PASS] seq=crv_seq_6                              cyc=19 op=IDK_HAZARD_RS1         instr=0x76f77ca1 pc=0xfca91ed4 valid=1 fault=1 wb_w=0 wb_rd=31 ex_r=1 ex_rd=14 -> reg_write=0 illegal=1 stall=1 redirect=0
[PASS] seq=crv_seq_6                              cyc=20 op=IDK_BYPASS_BOTH        instr=0x13dee07f pc=0xd9556ccc valid=1 fault=1 wb_w=1 wb_rd=29 ex_r=1 ex_rd=16 -> reg_write=0 illegal=1 stall=0 redirect=0
[PASS] seq=crv_seq_6                              cyc=21 op=IDK_CSR_OP             instr=0xe5b97ef3 pc=0x553f330c valid=1 fault=0 wb_w=1 wb_rd=13 ex_r=0 ex_rd=4 -> reg_write=1 illegal=0 stall=0 redirect=0
[PASS] seq=crv_seq_6                              cyc=22 op=IDK_RANDOM             instr=0x6b93b8e7 pc=0x54e7bdd0 valid=1 fault=0 wb_w=0 wb_rd=29 ex_r=1 ex_rd=8 -> reg_write=1 illegal=0 stall=0 redirect=0
[PASS] seq=crv_seq_6                              cyc=23 op=IDK_HAZARD_BOTH        instr=0x70636bca pc=0x64566468 valid=1 fault=0 wb_w=1 wb_rd=25 ex_r=1 ex_rd=6 -> reg_write=0 illegal=1 stall=1 redirect=0
[PASS] seq=crv_seq_6                              cyc=24 op=IDK_HAZARD_RS2         instr=0x5b1164bf pc=0x28aaed48 valid=1 fault=0 wb_w=0 wb_rd=18 ex_r=1 ex_rd=17 -> reg_write=0 illegal=1 stall=1 redirect=0
[PASS] seq=crv_seq_6                              cyc=25 op=IDK_LEGAL_ALU          instr=0x00a992b3 pc=0x8fc1f48c valid=1 fault=0 wb_w=0 wb_rd=24 ex_r=0 ex_rd=31 -> reg_write=1 illegal=0 stall=0 redirect=0
[PASS] seq=crv_seq_6                              cyc=26 op=IDK_RANDOM             instr=0xa9d0b13b pc=0xb9f02950 valid=1 fault=1 wb_w=1 wb_rd=12 ex_r=1 ex_rd=25 -> reg_write=0 illegal=1 stall=0 redirect=0
[PASS] seq=crv_seq_6                              cyc=27 op=IDK_BACKWARD_BRANCH    instr=0xa3984263 pc=0x1660bcd8 valid=1 fault=1 wb_w=0 wb_rd=3 ex_r=1 ex_rd=1 -> reg_write=0 illegal=0 stall=0 redirect=1
[PASS] seq=crv_seq_6                              cyc=28 op=IDK_RANDOM             instr=0x99a1f77a pc=0xe0b1967c valid=1 fault=1 wb_w=0 wb_rd=21 ex_r=0 ex_rd=5 -> reg_write=0 illegal=1 stall=0 redirect=0
[PASS] seq=crv_seq_6                              cyc=29 op=IDK_FORWARD_BRANCH     instr=0x7c0ab0e3 pc=0x198dc2b8 valid=1 fault=1 wb_w=1 wb_rd=4 ex_r=1 ex_rd=13 -> reg_write=0 illegal=0 stall=0 redirect=0
[PASS] seq=crv_seq_6                              cyc=30 op=IDK_HAZARD_RS2         instr=0x37992c6f pc=0x291ccc68 valid=1 fault=1 wb_w=1 wb_rd=13 ex_r=1 ex_rd=25 -> reg_write=1 illegal=0 stall=1 redirect=1
[PASS] seq=crv_seq_6                              cyc=31 op=IDK_CSR_OP             instr=0xc176ebf3 pc=0x4a62e544 valid=1 fault=0 wb_w=1 wb_rd=10 ex_r=1 ex_rd=7 -> reg_write=1 illegal=0 stall=0 redirect=0
[PASS] seq=crv_seq_6                              cyc=32 op=IDK_RANDOM             instr=0x3f35e315 pc=0x249b45b4 valid=1 fault=0 wb_w=0 wb_rd=7 ex_r=1 ex_rd=23 -> reg_write=0 illegal=1 stall=0 redirect=0
[PASS] seq=crv_seq_6                              cyc=33 op=IDK_BYPASS_RS2         instr=0x5f17cb85 pc=0x33bcfd40 valid=1 fault=1 wb_w=1 wb_rd=17 ex_r=0 ex_rd=10 -> reg_write=0 illegal=1 stall=0 redirect=0
[PASS] seq=crv_seq_6                              cyc=34 op=IDK_HAZARD_RS1         instr=0x2e027468 pc=0xb1a02f7c valid=1 fault=0 wb_w=0 wb_rd=18 ex_r=1 ex_rd=4 -> reg_write=0 illegal=1 stall=1 redirect=0
[PASS] seq=crv_seq_6                              cyc=35 op=IDK_HAZARD_RS2         instr=0x0cbf9615 pc=0x82bb5ffc valid=1 fault=0 wb_w=0 wb_rd=7 ex_r=1 ex_rd=11 -> reg_write=0 illegal=1 stall=1 redirect=0
[PASS] seq=crv_seq_6                              cyc=36 op=IDK_BYPASS_RS1         instr=0xf97d2f96 pc=0xaa1d82f4 valid=1 fault=0 wb_w=1 wb_rd=26 ex_r=0 ex_rd=16 -> reg_write=0 illegal=1 stall=0 redirect=0
[PASS] seq=crv_seq_6                              cyc=37 op=IDK_FORWARD_BRANCH     instr=0x5e0445e3 pc=0x72f6b704 valid=1 fault=0 wb_w=1 wb_rd=23 ex_r=1 ex_rd=13 -> reg_write=0 illegal=0 stall=0 redirect=0
[PASS] seq=crv_seq_6                              cyc=38 op=IDK_BYPASS_BOTH        instr=0x23084a75 pc=0x892a34b4 valid=1 fault=1 wb_w=1 wb_rd=16 ex_r=1 ex_rd=30 -> reg_write=0 illegal=1 stall=0 redirect=0
[PASS] seq=crv_seq_6                              cyc=39 op=IDK_JAL                instr=0xc2532a6f pc=0xe680db08 valid=1 fault=0 wb_w=0 wb_rd=27 ex_r=1 ex_rd=19 -> reg_write=1 illegal=0 stall=0 redirect=1
[PASS] seq=crv_seq_6                              cyc=40 op=IDK_LEGAL_ALU          instr=0x00068e33 pc=0x421c2c94 valid=1 fault=0 wb_w=1 wb_rd=21 ex_r=1 ex_rd=4 -> reg_write=1 illegal=0 stall=0 redirect=0
[PASS] seq=crv_seq_6                              cyc=41 op=IDK_LEGAL_ALU          instr=0x408f8033 pc=0x49d95df0 valid=1 fault=0 wb_w=0 wb_rd=20 ex_r=1 ex_rd=20 -> reg_write=1 illegal=0 stall=0 redirect=0
[PASS] seq=crv_seq_6                              cyc=42 op=IDK_HAZARD_X0_EXCLUDED instr=0xd01c00c6 pc=0xfc8bd0ec valid=1 fault=1 wb_w=0 wb_rd=12 ex_r=1 ex_rd=0 -> reg_write=0 illegal=1 stall=0 redirect=0
[PASS] seq=crv_seq_6                              cyc=43 op=IDK_BYPASS_RS2         instr=0x970d6abe pc=0x6e1e05a4 valid=1 fault=0 wb_w=1 wb_rd=16 ex_r=1 ex_rd=0 -> reg_write=0 illegal=1 stall=0 redirect=0
[PASS] seq=crv_seq_6                              cyc=44 op=IDK_BYPASS_BOTH        instr=0x8d8c6305 pc=0x89950ba8 valid=1 fault=0 wb_w=1 wb_rd=24 ex_r=1 ex_rd=3 -> reg_write=0 illegal=1 stall=0 redirect=0
[PASS] seq=crv_seq_6                              cyc=45 op=IDK_LEGAL_ALU          instr=0x013c53b3 pc=0x373d8f78 valid=1 fault=1 wb_w=0 wb_rd=21 ex_r=1 ex_rd=15 -> reg_write=1 illegal=0 stall=0 redirect=0
[PASS] seq=crv_seq_6                              cyc=46 op=IDK_BACKWARD_BRANCH    instr=0xf97d5763 pc=0xe5f1d8f8 valid=1 fault=1 wb_w=0 wb_rd=6 ex_r=0 ex_rd=29 -> reg_write=0 illegal=0 stall=0 redirect=1
[PASS] seq=crv_seq_6                              cyc=47 op=IDK_RANDOM             instr=0x3dd3381c pc=0x7d11a7c8 valid=1 fault=1 wb_w=0 wb_rd=15 ex_r=1 ex_rd=20 -> reg_write=0 illegal=1 stall=0 redirect=0
[PASS] seq=crv_seq_6                              cyc=48 op=IDK_BYPASS_RS2         instr=0x4fa76e18 pc=0xbcc0c9e8 valid=1 fault=0 wb_w=1 wb_rd=26 ex_r=1 ex_rd=11 -> reg_write=0 illegal=1 stall=0 redirect=0
[PASS] seq=crv_seq_6                              cyc=49 op=IDK_FORWARD_BRANCH     instr=0x026da663 pc=0x0a118118 valid=1 fault=0 wb_w=1 wb_rd=30 ex_r=0 ex_rd=13 -> reg_write=0 illegal=0 stall=0 redirect=0
[PASS] seq=crv_seq_6                              cyc=50 op=IDK_RANDOM             instr=0x817d0815 pc=0x2a40e148 valid=1 fault=0 wb_w=1 wb_rd=30 ex_r=0 ex_rd=5 -> reg_write=0 illegal=1 stall=0 redirect=0
[PASS] seq=crv_seq_6                              cyc=51 op=IDK_BACKWARD_BRANCH    instr=0xbe3f14e3 pc=0x98b7ea88 valid=1 fault=0 wb_w=0 wb_rd=15 ex_r=0 ex_rd=27 -> reg_write=0 illegal=0 stall=0 redirect=1
[PASS] seq=crv_seq_6                              cyc=52 op=IDK_LEGAL_ALU          instr=0x40c5ef33 pc=0xd35a8854 valid=1 fault=0 wb_w=0 wb_rd=11 ex_r=1 ex_rd=11 -> reg_write=1 illegal=0 stall=1 redirect=0
[PASS] seq=crv_seq_6                              cyc=53 op=IDK_HAZARD_RS1         instr=0x37d206ed pc=0x0143e2b0 valid=1 fault=1 wb_w=0 wb_rd=1 ex_r=1 ex_rd=4 -> reg_write=0 illegal=1 stall=1 redirect=0
[PASS] seq=crv_seq_6                              cyc=54 op=IDK_JAL                instr=0x64a8996f pc=0x8f150a20 valid=1 fault=1 wb_w=1 wb_rd=7 ex_r=1 ex_rd=6 -> reg_write=1 illegal=0 stall=0 redirect=1
[PASS] seq=crv_seq_6                              cyc=55 op=IDK_LEGAL_ALU          instr=0x018b8f33 pc=0xb8e3c6f8 valid=1 fault=0 wb_w=1 wb_rd=19 ex_r=0 ex_rd=6 -> reg_write=1 illegal=0 stall=0 redirect=0
[PASS] seq=crv_seq_6                              cyc=56 op=IDK_LEGAL_ALU          instr=0x408e3d33 pc=0x1cb37558 valid=1 fault=0 wb_w=0 wb_rd=18 ex_r=0 ex_rd=22 -> reg_write=1 illegal=0 stall=0 redirect=0
[PASS] seq=crv_seq_6                              cyc=57 op=IDK_HAZARD_RS1         instr=0x8eedd5e0 pc=0x981f895c valid=1 fault=0 wb_w=1 wb_rd=29 ex_r=1 ex_rd=27 -> reg_write=0 illegal=1 stall=1 redirect=0
[PASS] seq=crv_seq_6                              cyc=58 op=IDK_ILLEGAL            instr=0x030a6733 pc=0xc3a54a74 valid=1 fault=0 wb_w=1 wb_rd=27 ex_r=0 ex_rd=19 -> reg_write=0 illegal=1 stall=0 redirect=0
[PASS] seq=crv_seq_6                              cyc=59 op=IDK_BACKWARD_BRANCH    instr=0xac1c7163 pc=0x56cf34d8 valid=1 fault=1 wb_w=0 wb_rd=30 ex_r=0 ex_rd=3 -> reg_write=0 illegal=0 stall=0 redirect=1
[PASS] seq=crv_seq_6                              cyc=60 op=IDK_ILLEGAL            instr=0x03bc7133 pc=0xd03531d8 valid=1 fault=0 wb_w=0 wb_rd=19 ex_r=1 ex_rd=31 -> reg_write=0 illegal=1 stall=0 redirect=0
[PASS] seq=crv_seq_6                              cyc=61 op=IDK_BYPASS_BOTH        instr=0xab39fe25 pc=0x226a406c valid=1 fault=1 wb_w=1 wb_rd=19 ex_r=1 ex_rd=27 -> reg_write=0 illegal=1 stall=0 redirect=0
[PASS] seq=crv_seq_6                              cyc=62 op=IDK_JALR               instr=0x60f14267 pc=0xf5ab0c44 valid=1 fault=1 wb_w=0 wb_rd=17 ex_r=0 ex_rd=23 -> reg_write=1 illegal=0 stall=0 redirect=0
[PASS] seq=crv_seq_6                              cyc=63 op=IDK_HAZARD_BOTH        instr=0xd02173e0 pc=0x445da94c valid=1 fault=1 wb_w=0 wb_rd=13 ex_r=1 ex_rd=2 -> reg_write=0 illegal=1 stall=1 redirect=0
[PASS] seq=crv_seq_6                              cyc=64 op=IDK_ILLEGAL            instr=0x02c3e1b3 pc=0x09f2d0d4 valid=1 fault=1 wb_w=1 wb_rd=23 ex_r=1 ex_rd=30 -> reg_write=0 illegal=1 stall=0 redirect=0
[PASS] seq=crv_seq_6                              cyc=65 op=IDK_LEGAL_ALU          instr=0x012996b3 pc=0x49488330 valid=1 fault=1 wb_w=1 wb_rd=20 ex_r=1 ex_rd=18 -> reg_write=1 illegal=0 stall=1 redirect=0
[PASS] seq=crv_seq_6                              cyc=66 op=IDK_BACKWARD_BRANCH    instr=0x9f210063 pc=0xf3dac4f8 valid=1 fault=1 wb_w=0 wb_rd=10 ex_r=1 ex_rd=26 -> reg_write=0 illegal=0 stall=0 redirect=1
[PASS] seq=crv_seq_6                              cyc=67 op=IDK_HAZARD_RS2         instr=0x6ea5391e pc=0xa896c670 valid=1 fault=0 wb_w=0 wb_rd=8 ex_r=1 ex_rd=10 -> reg_write=0 illegal=1 stall=1 redirect=0
[PASS] seq=crv_seq_6                              cyc=68 op=IDK_RANDOM             instr=0xf0c195bf pc=0x0be1b058 valid=1 fault=1 wb_w=1 wb_rd=16 ex_r=0 ex_rd=20 -> reg_write=0 illegal=1 stall=0 redirect=0
[PASS] seq=crv_seq_6                              cyc=69 op=IDK_RANDOM             instr=0x0749debc pc=0xeafc5f18 valid=1 fault=1 wb_w=1 wb_rd=22 ex_r=1 ex_rd=25 -> reg_write=0 illegal=1 stall=0 redirect=0
[PASS] seq=crv_seq_6                              cyc=70 op=IDK_RANDOM             instr=0xf7855b5b pc=0x93a19988 valid=1 fault=1 wb_w=1 wb_rd=12 ex_r=0 ex_rd=2 -> reg_write=0 illegal=1 stall=0 redirect=0
[PASS] seq=crv_seq_6                              cyc=71 op=IDK_RANDOM             instr=0xb7c5f05e pc=0xfba559fc valid=1 fault=1 wb_w=1 wb_rd=7 ex_r=0 ex_rd=20 -> reg_write=0 illegal=1 stall=0 redirect=0
[PASS] seq=crv_seq_6                              cyc=72 op=IDK_ILLEGAL            instr=0x02e3ceb3 pc=0x331ec40c valid=1 fault=0 wb_w=0 wb_rd=2 ex_r=0 ex_rd=12 -> reg_write=0 illegal=1 stall=0 redirect=0
[PASS] seq=crv_seq_6                              cyc=73 op=IDK_BYPASS_RS2         instr=0x33d48f67 pc=0x86d4a8ac valid=1 fault=1 wb_w=1 wb_rd=29 ex_r=0 ex_rd=24 -> reg_write=1 illegal=0 stall=0 redirect=0
[PASS] seq=crv_seq_6                              cyc=74 op=IDK_CSR_OP             instr=0x595327f3 pc=0x302db250 valid=1 fault=1 wb_w=0 wb_rd=2 ex_r=0 ex_rd=17 -> reg_write=1 illegal=0 stall=0 redirect=0
[PASS] seq=crv_seq_6                              cyc=75 op=IDK_ILLEGAL            instr=0x02e8cc33 pc=0x6ff37698 valid=1 fault=1 wb_w=1 wb_rd=13 ex_r=0 ex_rd=13 -> reg_write=0 illegal=1 stall=0 redirect=0
[PASS] seq=crv_seq_6                              cyc=76 op=IDK_HAZARD_RS1         instr=0x68ee8fd7 pc=0xf18e7ed0 valid=1 fault=0 wb_w=1 wb_rd=23 ex_r=1 ex_rd=29 -> reg_write=0 illegal=1 stall=1 redirect=0
[PASS] seq=crv_seq_6                              cyc=77 op=IDK_HAZARD_RS1         instr=0x12289965 pc=0x9a34cf08 valid=1 fault=1 wb_w=0 wb_rd=27 ex_r=1 ex_rd=17 -> reg_write=0 illegal=1 stall=1 redirect=0
[PASS] seq=crv_seq_6                              cyc=78 op=IDK_HAZARD_RS1         instr=0x711a4b82 pc=0xf428cd18 valid=1 fault=0 wb_w=0 wb_rd=24 ex_r=1 ex_rd=20 -> reg_write=0 illegal=1 stall=1 redirect=0
[PASS] seq=crv_seq_6                              cyc=79 op=IDK_BYPASS_RS1         instr=0x9de1f1fd pc=0x30157a24 valid=1 fault=1 wb_w=1 wb_rd=3 ex_r=0 ex_rd=6 -> reg_write=0 illegal=1 stall=0 redirect=0
[PASS] seq=crv_seq_6                              cyc=80 op=IDK_ILLEGAL            instr=0x0230e733 pc=0x08243784 valid=1 fault=0 wb_w=1 wb_rd=4 ex_r=0 ex_rd=13 -> reg_write=0 illegal=1 stall=0 redirect=0
[PASS] seq=crv_seq_6                              cyc=81 op=IDK_JALR               instr=0x9f6f1fe7 pc=0xf16987fc valid=1 fault=0 wb_w=1 wb_rd=5 ex_r=1 ex_rd=29 -> reg_write=1 illegal=0 stall=0 redirect=0
[PASS] seq=crv_seq_6                              cyc=82 op=IDK_RANDOM             instr=0xffe57f57 pc=0xaa9870ec valid=1 fault=0 wb_w=0 wb_rd=11 ex_r=1 ex_rd=20 -> reg_write=0 illegal=1 stall=0 redirect=0
[PASS] seq=crv_seq_6                              cyc=83 op=IDK_FORWARD_BRANCH     instr=0x224a1b63 pc=0xb74214dc valid=1 fault=0 wb_w=0 wb_rd=5 ex_r=0 ex_rd=6 -> reg_write=0 illegal=0 stall=0 redirect=0
[PASS] seq=crv_seq_6                              cyc=84 op=IDK_HAZARD_RS2         instr=0xb530bc15 pc=0x4d99da40 valid=1 fault=1 wb_w=0 wb_rd=28 ex_r=1 ex_rd=19 -> reg_write=0 illegal=1 stall=1 redirect=0
[PASS] seq=crv_seq_6                              cyc=85 op=IDK_ILLEGAL            instr=0x027dc833 pc=0x8334f540 valid=1 fault=0 wb_w=1 wb_rd=4 ex_r=0 ex_rd=11 -> reg_write=0 illegal=1 stall=0 redirect=0
[PASS] seq=crv_seq_6                              cyc=86 op=IDK_ILLEGAL            instr=0x03485f33 pc=0x4b0d5c10 valid=1 fault=0 wb_w=1 wb_rd=16 ex_r=0 ex_rd=30 -> reg_write=0 illegal=1 stall=0 redirect=0
[PASS] seq=crv_seq_6                              cyc=87 op=IDK_JALR               instr=0x83ade4e7 pc=0x16466e20 valid=1 fault=1 wb_w=0 wb_rd=28 ex_r=1 ex_rd=6 -> reg_write=1 illegal=0 stall=0 redirect=0
[PASS] seq=crv_seq_6                              cyc=88 op=IDK_ILLEGAL            instr=0x0325f0b3 pc=0xc7c63d50 valid=1 fault=1 wb_w=0 wb_rd=11 ex_r=0 ex_rd=30 -> reg_write=0 illegal=1 stall=0 redirect=0
[PASS] seq=crv_seq_6                              cyc=89 op=IDK_JAL                instr=0x3cc907ef pc=0x52980e84 valid=1 fault=0 wb_w=0 wb_rd=15 ex_r=0 ex_rd=5 -> reg_write=1 illegal=0 stall=0 redirect=1
[PASS] seq=crv_seq_6                              cyc=90 op=IDK_HAZARD_RS1         instr=0xff3b2420 pc=0x4e9795cc valid=1 fault=0 wb_w=1 wb_rd=11 ex_r=1 ex_rd=22 -> reg_write=0 illegal=1 stall=1 redirect=0
[PASS] seq=crv_seq_6                              cyc=91 op=IDK_RANDOM             instr=0x81c4bdd8 pc=0x472a47cc valid=1 fault=0 wb_w=0 wb_rd=13 ex_r=0 ex_rd=2 -> reg_write=0 illegal=1 stall=0 redirect=0
[PASS] seq=crv_seq_6                              cyc=92 op=IDK_BYPASS_BOTH        instr=0x64e74be4 pc=0x22e3126c valid=1 fault=0 wb_w=1 wb_rd=14 ex_r=1 ex_rd=13 -> reg_write=0 illegal=1 stall=0 redirect=0
[PASS] seq=crv_seq_6                              cyc=93 op=IDK_JALR               instr=0x6878ce67 pc=0xb773a650 valid=1 fault=1 wb_w=0 wb_rd=28 ex_r=0 ex_rd=12 -> reg_write=1 illegal=0 stall=0 redirect=0
[PASS] seq=crv_seq_6                              cyc=94 op=IDK_ILLEGAL            instr=0x0222e933 pc=0xb3625064 valid=1 fault=1 wb_w=1 wb_rd=30 ex_r=0 ex_rd=7 -> reg_write=0 illegal=1 stall=0 redirect=0
[PASS] seq=crv_seq_6                              cyc=95 op=IDK_JALR               instr=0x08b182e7 pc=0x84fa5f28 valid=1 fault=1 wb_w=1 wb_rd=22 ex_r=0 ex_rd=13 -> reg_write=1 illegal=0 stall=0 redirect=0
[PASS] seq=crv_seq_6                              cyc=96 op=IDK_RANDOM             instr=0xc2d534d6 pc=0xf9f0093c valid=1 fault=0 wb_w=0 wb_rd=27 ex_r=1 ex_rd=12 -> reg_write=0 illegal=1 stall=0 redirect=0
[PASS] seq=crv_seq_6                              cyc=97 op=IDK_BYPASS_RS1         instr=0x8023d484 pc=0xe07e667c valid=1 fault=0 wb_w=1 wb_rd=7 ex_r=1 ex_rd=4 -> reg_write=0 illegal=1 stall=0 redirect=0
[PASS] seq=crv_seq_6                              cyc=98 op=IDK_RANDOM             instr=0x4e0ec665 pc=0xe291b148 valid=1 fault=1 wb_w=1 wb_rd=23 ex_r=1 ex_rd=23 -> reg_write=0 illegal=1 stall=0 redirect=0
[PASS] seq=crv_seq_6                              cyc=99 op=IDK_HAZARD_RS2         instr=0xa2a29ae1 pc=0x391e1828 valid=1 fault=1 wb_w=1 wb_rd=31 ex_r=1 ex_rd=10 -> reg_write=0 illegal=1 stall=1 redirect=0
[PASS] seq=crv_seq_6                              cyc=100 op=IDK_RANDOM             instr=0x94ce571f pc=0x591ac09c valid=1 fault=0 wb_w=1 wb_rd=18 ex_r=1 ex_rd=27 -> reg_write=0 illegal=1 stall=0 redirect=0
[PASS] seq=crv_seq_6                              cyc=101 op=IDK_BACKWARD_BRANCH    instr=0xf0650963 pc=0x132002cc valid=1 fault=0 wb_w=0 wb_rd=22 ex_r=1 ex_rd=2 -> reg_write=0 illegal=0 stall=0 redirect=1
[PASS] seq=crv_seq_6                              cyc=102 op=IDK_RANDOM             instr=0x9dbdcc5a pc=0x7817606c valid=1 fault=1 wb_w=1 wb_rd=31 ex_r=1 ex_rd=29 -> reg_write=0 illegal=1 stall=0 redirect=0
[PASS] seq=crv_seq_6                              cyc=103 op=IDK_BYPASS_BOTH        instr=0x11296ea0 pc=0xa19eeef8 valid=1 fault=0 wb_w=1 wb_rd=18 ex_r=0 ex_rd=19 -> reg_write=0 illegal=1 stall=0 redirect=0
[PASS] seq=crv_seq_6                              cyc=104 op=IDK_LEGAL_ALU          instr=0x411a1933 pc=0xdac6234c valid=1 fault=0 wb_w=1 wb_rd=21 ex_r=0 ex_rd=14 -> reg_write=1 illegal=0 stall=0 redirect=0
[PASS] seq=crv_seq_6                              cyc=105 op=IDK_HAZARD_RS1         instr=0xe26f61cb pc=0x5c71418c valid=1 fault=0 wb_w=0 wb_rd=12 ex_r=1 ex_rd=30 -> reg_write=0 illegal=1 stall=1 redirect=0
[PASS] seq=crv_seq_6                              cyc=106 op=IDK_HAZARD_RS1         instr=0x29af4e2c pc=0xefeb4198 valid=1 fault=0 wb_w=0 wb_rd=28 ex_r=1 ex_rd=30 -> reg_write=0 illegal=1 stall=1 redirect=0
[PASS] seq=crv_seq_6                              cyc=107 op=IDK_RANDOM             instr=0xeffcceda pc=0x4e94fc04 valid=1 fault=0 wb_w=0 wb_rd=3 ex_r=0 ex_rd=21 -> reg_write=0 illegal=1 stall=0 redirect=0
[PASS] seq=crv_seq_6                              cyc=108 op=IDK_JAL                instr=0x36bf4e6f pc=0x97a08224 valid=1 fault=1 wb_w=1 wb_rd=31 ex_r=1 ex_rd=4 -> reg_write=1 illegal=0 stall=0 redirect=1
[PASS] seq=crv_seq_6                              cyc=109 op=IDK_HAZARD_RS2         instr=0x2fe06b33 pc=0x648ef314 valid=1 fault=1 wb_w=1 wb_rd=30 ex_r=1 ex_rd=30 -> reg_write=0 illegal=1 stall=1 redirect=0
[PASS] seq=crv_seq_6                              cyc=110 op=IDK_JALR               instr=0xc9d1ed67 pc=0x9b6e4dcc valid=1 fault=0 wb_w=1 wb_rd=16 ex_r=0 ex_rd=29 -> reg_write=1 illegal=0 stall=0 redirect=0
[PASS] seq=crv_seq_6                              cyc=111 op=IDK_FORWARD_BRANCH     instr=0x5a2c3fe3 pc=0xd32450d4 valid=1 fault=0 wb_w=1 wb_rd=24 ex_r=1 ex_rd=24 -> reg_write=0 illegal=0 stall=1 redirect=0
[PASS] seq=crv_seq_6                              cyc=112 op=IDK_BYPASS_RS2         instr=0x9901b282 pc=0xe7e3b854 valid=1 fault=0 wb_w=1 wb_rd=16 ex_r=0 ex_rd=25 -> reg_write=0 illegal=1 stall=0 redirect=0
[PASS] seq=crv_seq_6                              cyc=113 op=IDK_RANDOM             instr=0xa5886bf6 pc=0x42e84d60 valid=1 fault=1 wb_w=0 wb_rd=11 ex_r=1 ex_rd=3 -> reg_write=0 illegal=1 stall=0 redirect=0
[PASS] seq=crv_seq_6                              cyc=114 op=IDK_JALR               instr=0x249ab267 pc=0xb5439d54 valid=1 fault=0 wb_w=0 wb_rd=31 ex_r=1 ex_rd=17 -> reg_write=1 illegal=0 stall=0 redirect=0
[PASS] seq=crv_seq_6                              cyc=115 op=IDK_BYPASS_RS1         instr=0xe9db483f pc=0x66778a34 valid=1 fault=1 wb_w=1 wb_rd=22 ex_r=0 ex_rd=6 -> reg_write=0 illegal=1 stall=0 redirect=0
[PASS] seq=crv_seq_6                              cyc=116 op=IDK_HAZARD_RS1         instr=0x13136444 pc=0xcf092d1c valid=1 fault=1 wb_w=1 wb_rd=31 ex_r=1 ex_rd=6 -> reg_write=0 illegal=1 stall=1 redirect=0
[PASS] seq=crv_seq_6                              cyc=117 op=IDK_FORWARD_BRANCH     instr=0x423e9263 pc=0x7143891c valid=1 fault=0 wb_w=0 wb_rd=11 ex_r=1 ex_rd=15 -> reg_write=0 illegal=0 stall=0 redirect=0
[PASS] seq=crv_seq_6                              cyc=118 op=IDK_JAL                instr=0x6e294fef pc=0x9c6fbe88 valid=1 fault=0 wb_w=0 wb_rd=27 ex_r=0 ex_rd=8 -> reg_write=1 illegal=0 stall=0 redirect=1
[PASS] seq=crv_seq_6                              cyc=119 op=IDK_ILLEGAL            instr=0x02fd7633 pc=0xc3e9eaf0 valid=1 fault=0 wb_w=0 wb_rd=30 ex_r=1 ex_rd=27 -> reg_write=0 illegal=1 stall=0 redirect=0
[PASS] seq=crv_seq_6                              cyc=120 op=IDK_HAZARD_RS1         instr=0x4e49d223 pc=0x53f1990c valid=1 fault=0 wb_w=0 wb_rd=14 ex_r=1 ex_rd=19 -> reg_write=0 illegal=0 stall=1 redirect=0
[PASS] seq=crv_seq_6                              cyc=121 op=IDK_RANDOM             instr=0xa8e64841 pc=0x222491c8 valid=1 fault=1 wb_w=1 wb_rd=6 ex_r=1 ex_rd=21 -> reg_write=0 illegal=1 stall=0 redirect=0
[PASS] seq=crv_seq_6                              cyc=122 op=IDK_ILLEGAL            instr=0x0235c9b3 pc=0x5eda4c74 valid=1 fault=1 wb_w=0 wb_rd=4 ex_r=0 ex_rd=27 -> reg_write=0 illegal=1 stall=0 redirect=0
[PASS] seq=crv_seq_6                              cyc=123 op=IDK_CSR_OP             instr=0x9af6bd73 pc=0xcaf4703c valid=1 fault=1 wb_w=0 wb_rd=6 ex_r=1 ex_rd=18 -> reg_write=1 illegal=0 stall=0 redirect=0
[PASS] seq=crv_seq_6                              cyc=124 op=IDK_HAZARD_RS1         instr=0xca22455b pc=0xc42c60d8 valid=1 fault=0 wb_w=0 wb_rd=14 ex_r=1 ex_rd=4 -> reg_write=0 illegal=1 stall=1 redirect=0
[PASS] seq=crv_seq_6                              cyc=125 op=IDK_BYPASS_RS1         instr=0x4980b37a pc=0x2fcf9498 valid=1 fault=0 wb_w=1 wb_rd=1 ex_r=0 ex_rd=8 -> reg_write=0 illegal=1 stall=0 redirect=0
[PASS] seq=crv_seq_6                              cyc=126 op=IDK_FORWARD_BRANCH     instr=0x1887ce63 pc=0x81298340 valid=1 fault=0 wb_w=1 wb_rd=17 ex_r=1 ex_rd=24 -> reg_write=0 illegal=0 stall=0 redirect=0
[PASS] seq=crv_seq_6                              cyc=127 op=IDK_JAL                instr=0x70dc436f pc=0x79d6f804 valid=1 fault=0 wb_w=0 wb_rd=12 ex_r=0 ex_rd=22 -> reg_write=1 illegal=0 stall=0 redirect=1
[PASS] seq=crv_seq_6                              cyc=128 op=IDK_BYPASS_RS1         instr=0xb4acd12b pc=0xaaafefe0 valid=1 fault=1 wb_w=1 wb_rd=25 ex_r=1 ex_rd=19 -> reg_write=0 illegal=1 stall=0 redirect=0
[PASS] seq=crv_seq_6                              cyc=129 op=IDK_LEGAL_ALU          instr=0x005afe33 pc=0x5678bad4 valid=1 fault=1 wb_w=1 wb_rd=8 ex_r=1 ex_rd=25 -> reg_write=1 illegal=0 stall=0 redirect=0
[PASS] seq=crv_seq_6                              cyc=130 op=IDK_ILLEGAL            instr=0x0262e1b3 pc=0x5242cfc0 valid=1 fault=0 wb_w=1 wb_rd=2 ex_r=0 ex_rd=18 -> reg_write=0 illegal=1 stall=0 redirect=0
[PASS] seq=crv_seq_6                              cyc=131 op=IDK_LEGAL_ALU          instr=0x40aae7b3 pc=0x00a9f95c valid=1 fault=0 wb_w=1 wb_rd=26 ex_r=1 ex_rd=29 -> reg_write=1 illegal=0 stall=0 redirect=0
[PASS] seq=crv_seq_6                              cyc=132 op=IDK_FORWARD_BRANCH     instr=0x65ad5ee3 pc=0x6fb2f310 valid=1 fault=1 wb_w=0 wb_rd=2 ex_r=1 ex_rd=13 -> reg_write=0 illegal=0 stall=0 redirect=0
[PASS] seq=crv_seq_6                              cyc=133 op=IDK_ILLEGAL            instr=0x028d64b3 pc=0xa355fd8c valid=1 fault=0 wb_w=1 wb_rd=1 ex_r=1 ex_rd=5 -> reg_write=0 illegal=1 stall=0 redirect=0
[PASS] seq=crv_seq_6                              cyc=134 op=IDK_HAZARD_BOTH        instr=0x7ab5bfad pc=0x68625758 valid=1 fault=0 wb_w=0 wb_rd=11 ex_r=1 ex_rd=11 -> reg_write=0 illegal=1 stall=1 redirect=0
[PASS] seq=crv_seq_6                              cyc=135 op=IDK_JALR               instr=0x1fe46f67 pc=0x8783ecc8 valid=1 fault=0 wb_w=1 wb_rd=11 ex_r=0 ex_rd=9 -> reg_write=1 illegal=0 stall=0 redirect=0
[PASS] seq=crv_seq_6                              cyc=136 op=IDK_LEGAL_ALU          instr=0x40572833 pc=0xc5048130 valid=1 fault=1 wb_w=1 wb_rd=2 ex_r=0 ex_rd=22 -> reg_write=1 illegal=0 stall=0 redirect=0
[PASS] seq=crv_seq_6                              cyc=137 op=IDK_BYPASS_RS1         instr=0xe2a82657 pc=0x4f28c4f8 valid=1 fault=0 wb_w=1 wb_rd=16 ex_r=0 ex_rd=4 -> reg_write=0 illegal=1 stall=0 redirect=0
[PASS] seq=crv_seq_6                              cyc=138 op=IDK_ILLEGAL            instr=0x0276d333 pc=0xc17f9ff0 valid=1 fault=1 wb_w=0 wb_rd=4 ex_r=0 ex_rd=26 -> reg_write=0 illegal=1 stall=0 redirect=0
[PASS] seq=crv_seq_6                              cyc=139 op=IDK_RANDOM             instr=0x96f1c808 pc=0x26b7a518 valid=1 fault=1 wb_w=1 wb_rd=24 ex_r=1 ex_rd=8 -> reg_write=0 illegal=1 stall=0 redirect=0
[PASS] seq=crv_seq_6                              cyc=140 op=IDK_BACKWARD_BRANCH    instr=0xe4e007e3 pc=0x4e901aa4 valid=1 fault=1 wb_w=0 wb_rd=29 ex_r=1 ex_rd=8 -> reg_write=0 illegal=0 stall=0 redirect=1
[PASS] seq=crv_seq_6                              cyc=141 op=IDK_HAZARD_RS1         instr=0x030591e7 pc=0xa71dcb24 valid=1 fault=1 wb_w=0 wb_rd=12 ex_r=1 ex_rd=11 -> reg_write=1 illegal=0 stall=1 redirect=0
[PASS] seq=crv_seq_6                              cyc=142 op=IDK_BYPASS_RS2         instr=0xbc1a09dc pc=0x5a1ee90c valid=1 fault=0 wb_w=1 wb_rd=1 ex_r=1 ex_rd=0 -> reg_write=0 illegal=1 stall=0 redirect=0
[PASS] seq=crv_seq_6                              cyc=143 op=IDK_LEGAL_ALU          instr=0x01cfa533 pc=0x1d0f1ed4 valid=1 fault=1 wb_w=1 wb_rd=8 ex_r=0 ex_rd=9 -> reg_write=1 illegal=0 stall=0 redirect=0
[PASS] seq=crv_seq_6                              cyc=144 op=IDK_BYPASS_RS1         instr=0x5cb89742 pc=0x44221814 valid=1 fault=0 wb_w=1 wb_rd=17 ex_r=0 ex_rd=7 -> reg_write=0 illegal=1 stall=0 redirect=0
[PASS] seq=crv_seq_6                              cyc=145 op=IDK_CSR_OP             instr=0xc12fd873 pc=0x6838fa1c valid=1 fault=0 wb_w=0 wb_rd=26 ex_r=1 ex_rd=6 -> reg_write=1 illegal=0 stall=0 redirect=0
[PASS] seq=crv_seq_6                              cyc=146 op=IDK_ILLEGAL            instr=0x03def433 pc=0x68dc41dc valid=1 fault=0 wb_w=0 wb_rd=8 ex_r=0 ex_rd=18 -> reg_write=0 illegal=1 stall=0 redirect=0
[PASS] seq=crv_seq_6                              cyc=147 op=IDK_ILLEGAL            instr=0x038ec833 pc=0xa3f2a648 valid=1 fault=0 wb_w=0 wb_rd=29 ex_r=1 ex_rd=30 -> reg_write=0 illegal=1 stall=0 redirect=0
[PASS] seq=crv_seq_6                              cyc=148 op=IDK_LEGAL_ALU          instr=0x41c87433 pc=0x9e70a6a0 valid=1 fault=0 wb_w=1 wb_rd=10 ex_r=1 ex_rd=1 -> reg_write=1 illegal=0 stall=0 redirect=0
[PASS] seq=crv_seq_6                              cyc=149 op=IDK_LEGAL_ALU          instr=0x40771133 pc=0x96a0a3c8 valid=1 fault=1 wb_w=1 wb_rd=24 ex_r=0 ex_rd=1 -> reg_write=1 illegal=0 stall=0 redirect=0
[PASS] seq=crv_seq_6                              cyc=150 op=IDK_BACKWARD_BRANCH    instr=0xd7908d63 pc=0x906b2d94 valid=1 fault=1 wb_w=1 wb_rd=13 ex_r=1 ex_rd=6 -> reg_write=0 illegal=0 stall=0 redirect=1
[PASS] seq=crv_seq_6                              cyc=151 op=IDK_BACKWARD_BRANCH    instr=0xd55c61e3 pc=0x7da06d68 valid=1 fault=1 wb_w=0 wb_rd=12 ex_r=0 ex_rd=26 -> reg_write=0 illegal=0 stall=0 redirect=1
[PASS] seq=crv_seq_6                              cyc=152 op=IDK_LEGAL_ALU          instr=0x010185b3 pc=0x15deb7c8 valid=1 fault=1 wb_w=0 wb_rd=14 ex_r=1 ex_rd=15 -> reg_write=1 illegal=0 stall=0 redirect=0
[PASS] seq=crv_seq_6                              cyc=153 op=IDK_RANDOM             instr=0x912f6446 pc=0xd499b880 valid=1 fault=0 wb_w=1 wb_rd=19 ex_r=1 ex_rd=12 -> reg_write=0 illegal=1 stall=0 redirect=0
[PASS] seq=crv_seq_6                              cyc=154 op=IDK_BACKWARD_BRANCH    instr=0xdbc50563 pc=0x63607fd0 valid=1 fault=1 wb_w=1 wb_rd=3 ex_r=0 ex_rd=3 -> reg_write=0 illegal=0 stall=0 redirect=1
[PASS] seq=crv_seq_6                              cyc=155 op=IDK_LEGAL_ALU          instr=0x01273ab3 pc=0xcf5e2580 valid=1 fault=1 wb_w=1 wb_rd=29 ex_r=1 ex_rd=12 -> reg_write=1 illegal=0 stall=0 redirect=0
[PASS] seq=crv_seq_6                              cyc=156 op=IDK_HAZARD_RS1         instr=0x5707d01e pc=0x0e5b27d0 valid=1 fault=1 wb_w=1 wb_rd=4 ex_r=1 ex_rd=15 -> reg_write=0 illegal=1 stall=1 redirect=0
[PASS] seq=crv_seq_6                              cyc=157 op=IDK_BYPASS_BOTH        instr=0xa694e784 pc=0xd446a778 valid=1 fault=1 wb_w=1 wb_rd=9 ex_r=1 ex_rd=15 -> reg_write=0 illegal=1 stall=0 redirect=0
[PASS] seq=crv_seq_6                              cyc=158 op=IDK_HAZARD_BOTH        instr=0xc7ce5445 pc=0x3881d7d0 valid=1 fault=1 wb_w=0 wb_rd=20 ex_r=1 ex_rd=28 -> reg_write=0 illegal=1 stall=1 redirect=0
[PASS] seq=crv_seq_6                              cyc=159 op=IDK_BACKWARD_BRANCH    instr=0xca85c063 pc=0x472f88bc valid=1 fault=0 wb_w=0 wb_rd=6 ex_r=0 ex_rd=11 -> reg_write=0 illegal=0 stall=0 redirect=1
[PASS] seq=crv_seq_6                              cyc=160 op=IDK_RANDOM             instr=0x7a9dcd55 pc=0xec23de60 valid=1 fault=0 wb_w=1 wb_rd=20 ex_r=1 ex_rd=5 -> reg_write=0 illegal=1 stall=0 redirect=0
[PASS] seq=crv_seq_6                              cyc=161 op=IDK_RANDOM             instr=0x08d7c0c5 pc=0xa4fb13c4 valid=1 fault=1 wb_w=1 wb_rd=21 ex_r=0 ex_rd=1 -> reg_write=0 illegal=1 stall=0 redirect=0
[PASS] seq=crv_seq_6                              cyc=162 op=IDK_BYPASS_BOTH        instr=0x6cf7b278 pc=0xb6f61f44 valid=1 fault=1 wb_w=1 wb_rd=15 ex_r=0 ex_rd=16 -> reg_write=0 illegal=1 stall=0 redirect=0
[PASS] seq=crv_seq_6                              cyc=163 op=IDK_FORWARD_BRANCH     instr=0x419eb963 pc=0x1e89bacc valid=1 fault=1 wb_w=1 wb_rd=4 ex_r=0 ex_rd=19 -> reg_write=0 illegal=0 stall=0 redirect=0
[PASS] seq=crv_seq_6                              cyc=164 op=IDK_BYPASS_BOTH        instr=0xa2108935 pc=0xbfa7feb0 valid=1 fault=1 wb_w=1 wb_rd=1 ex_r=0 ex_rd=25 -> reg_write=0 illegal=1 stall=0 redirect=0
[PASS] seq=crv_seq_6                              cyc=165 op=IDK_BACKWARD_BRANCH    instr=0xac0b03e3 pc=0x039d0ad0 valid=1 fault=1 wb_w=1 wb_rd=9 ex_r=1 ex_rd=8 -> reg_write=0 illegal=0 stall=0 redirect=1
[PASS] seq=crv_seq_6                              cyc=166 op=IDK_HAZARD_BOTH        instr=0x76d69b71 pc=0xd8acce6c valid=1 fault=1 wb_w=1 wb_rd=29 ex_r=1 ex_rd=13 -> reg_write=0 illegal=1 stall=1 redirect=0
[PASS] seq=crv_seq_6                              cyc=167 op=IDK_HAZARD_RS1         instr=0xba7e3fbe pc=0x334760d0 valid=1 fault=0 wb_w=1 wb_rd=28 ex_r=1 ex_rd=28 -> reg_write=0 illegal=1 stall=1 redirect=0
[PASS] seq=crv_seq_6                              cyc=168 op=IDK_BYPASS_BOTH        instr=0xdae74ee2 pc=0x85a1431c valid=1 fault=0 wb_w=1 wb_rd=14 ex_r=0 ex_rd=10 -> reg_write=0 illegal=1 stall=0 redirect=0
[PASS] seq=crv_seq_6                              cyc=169 op=IDK_HAZARD_RS2         instr=0x561d41ff pc=0xe8b1360c valid=1 fault=1 wb_w=0 wb_rd=17 ex_r=1 ex_rd=1 -> reg_write=0 illegal=1 stall=1 redirect=0
[PASS] seq=crv_seq_6                              cyc=170 op=IDK_BACKWARD_BRANCH    instr=0xd8353963 pc=0xced9f9ac valid=1 fault=0 wb_w=0 wb_rd=4 ex_r=1 ex_rd=3 -> reg_write=0 illegal=0 stall=1 redirect=1
[PASS] seq=crv_seq_6                              cyc=171 op=IDK_BACKWARD_BRANCH    instr=0xf07e2463 pc=0xfe571234 valid=1 fault=1 wb_w=0 wb_rd=0 ex_r=1 ex_rd=29 -> reg_write=0 illegal=0 stall=0 redirect=1
[PASS] seq=crv_seq_6                              cyc=172 op=IDK_LEGAL_ALU          instr=0x01c2cfb3 pc=0x9e7482b8 valid=1 fault=0 wb_w=1 wb_rd=22 ex_r=1 ex_rd=21 -> reg_write=1 illegal=0 stall=0 redirect=0
[PASS] seq=crv_seq_6                              cyc=173 op=IDK_RANDOM             instr=0xb1c98b1c pc=0xc12da914 valid=1 fault=1 wb_w=0 wb_rd=1 ex_r=0 ex_rd=4 -> reg_write=0 illegal=1 stall=0 redirect=0
[PASS] seq=crv_seq_6                              cyc=174 op=IDK_JALR               instr=0xed63f7e7 pc=0x2d1b0b2c valid=1 fault=1 wb_w=0 wb_rd=25 ex_r=1 ex_rd=28 -> reg_write=1 illegal=0 stall=0 redirect=0
[PASS] seq=crv_seq_6                              cyc=175 op=IDK_ILLEGAL            instr=0x03c3f333 pc=0x7dd72340 valid=1 fault=0 wb_w=1 wb_rd=6 ex_r=0 ex_rd=16 -> reg_write=0 illegal=1 stall=0 redirect=0
[PASS] seq=crv_seq_6                              cyc=176 op=IDK_BYPASS_RS1         instr=0x6acebbd2 pc=0x594a33a0 valid=1 fault=0 wb_w=1 wb_rd=29 ex_r=0 ex_rd=18 -> reg_write=0 illegal=1 stall=0 redirect=0
[PASS] seq=crv_seq_6                              cyc=177 op=IDK_BYPASS_RS2         instr=0x5aeb3424 pc=0x4a4366d4 valid=1 fault=1 wb_w=1 wb_rd=14 ex_r=1 ex_rd=13 -> reg_write=0 illegal=1 stall=0 redirect=0
[PASS] seq=crv_seq_6                              cyc=178 op=IDK_CSR_OP             instr=0xf31047f3 pc=0xa68c39bc valid=1 fault=1 wb_w=0 wb_rd=28 ex_r=1 ex_rd=24 -> reg_write=1 illegal=0 stall=0 redirect=0
[PASS] seq=crv_seq_6                              cyc=179 op=IDK_BYPASS_BOTH        instr=0xe8b5ce1c pc=0x2247683c valid=1 fault=0 wb_w=1 wb_rd=11 ex_r=0 ex_rd=30 -> reg_write=0 illegal=1 stall=0 redirect=0
[PASS] seq=crv_seq_6                              cyc=180 op=IDK_BACKWARD_BRANCH    instr=0x967e6163 pc=0x583a7c48 valid=1 fault=0 wb_w=0 wb_rd=1 ex_r=1 ex_rd=14 -> reg_write=0 illegal=0 stall=0 redirect=1
[PASS] seq=crv_seq_6                              cyc=181 op=IDK_BACKWARD_BRANCH    instr=0xda974163 pc=0x503236c0 valid=1 fault=1 wb_w=1 wb_rd=18 ex_r=1 ex_rd=23 -> reg_write=0 illegal=0 stall=0 redirect=1
[PASS] seq=crv_seq_6                              cyc=182 op=IDK_BYPASS_RS1         instr=0x36d38b14 pc=0xa789ccac valid=1 fault=0 wb_w=1 wb_rd=7 ex_r=0 ex_rd=1 -> reg_write=0 illegal=1 stall=0 redirect=0
[PASS] seq=crv_seq_6                              cyc=183 op=IDK_RANDOM             instr=0xb6a0d4ae pc=0xf80fc9d4 valid=1 fault=0 wb_w=0 wb_rd=10 ex_r=0 ex_rd=14 -> reg_write=0 illegal=1 stall=0 redirect=0
[PASS] seq=crv_seq_6                              cyc=184 op=IDK_LEGAL_ALU          instr=0x01add4b3 pc=0x1365ebe4 valid=1 fault=1 wb_w=1 wb_rd=1 ex_r=1 ex_rd=9 -> reg_write=1 illegal=0 stall=0 redirect=0
[PASS] seq=crv_seq_6                              cyc=185 op=IDK_BACKWARD_BRANCH    instr=0xde6233e3 pc=0x500dd1b4 valid=1 fault=0 wb_w=0 wb_rd=31 ex_r=0 ex_rd=12 -> reg_write=0 illegal=0 stall=0 redirect=1
[PASS] seq=crv_seq_6                              cyc=186 op=IDK_RANDOM             instr=0x4c302309 pc=0x417d34dc valid=1 fault=1 wb_w=1 wb_rd=30 ex_r=1 ex_rd=19 -> reg_write=0 illegal=1 stall=0 redirect=0
[PASS] seq=crv_seq_6                              cyc=187 op=IDK_CSR_OP             instr=0xfd05f673 pc=0x11f8c9a4 valid=1 fault=0 wb_w=1 wb_rd=23 ex_r=0 ex_rd=25 -> reg_write=1 illegal=0 stall=0 redirect=0
[PASS] seq=crv_seq_6                              cyc=188 op=IDK_BYPASS_RS2         instr=0x9a810837 pc=0x7ef40b3c valid=1 fault=0 wb_w=1 wb_rd=8 ex_r=0 ex_rd=7 -> reg_write=1 illegal=0 stall=0 redirect=0
[PASS] seq=crv_seq_6                              cyc=189 op=IDK_HAZARD_BOTH        instr=0x2094bc28 pc=0x2e880598 valid=1 fault=0 wb_w=1 wb_rd=12 ex_r=1 ex_rd=9 -> reg_write=0 illegal=1 stall=1 redirect=0
[PASS] seq=crv_seq_6                              cyc=190 op=IDK_HAZARD_RS2         instr=0xa1a52cb0 pc=0xa203f23c valid=1 fault=1 wb_w=0 wb_rd=31 ex_r=1 ex_rd=26 -> reg_write=0 illegal=1 stall=1 redirect=0
[PASS] seq=crv_seq_6                              cyc=191 op=IDK_RANDOM             instr=0x65d75d83 pc=0x557106e8 valid=1 fault=0 wb_w=0 wb_rd=6 ex_r=1 ex_rd=26 -> reg_write=1 illegal=0 stall=0 redirect=0
[PASS] seq=crv_seq_6                              cyc=192 op=IDK_JALR               instr=0x1227c767 pc=0xb9d2bbcc valid=1 fault=1 wb_w=1 wb_rd=29 ex_r=0 ex_rd=8 -> reg_write=1 illegal=0 stall=0 redirect=0
[PASS] seq=crv_seq_6                              cyc=193 op=IDK_RANDOM             instr=0x032fee41 pc=0x57746878 valid=1 fault=0 wb_w=0 wb_rd=11 ex_r=1 ex_rd=8 -> reg_write=0 illegal=1 stall=0 redirect=0
[PASS] seq=crv_seq_6                              cyc=194 op=IDK_RANDOM             instr=0xaa6d9088 pc=0xff475a18 valid=1 fault=1 wb_w=0 wb_rd=29 ex_r=1 ex_rd=26 -> reg_write=0 illegal=1 stall=0 redirect=0
[PASS] seq=crv_seq_6                              cyc=195 op=IDK_BYPASS_RS1         instr=0xd6e3517c pc=0xee1d264c valid=1 fault=1 wb_w=1 wb_rd=6 ex_r=1 ex_rd=25 -> reg_write=0 illegal=1 stall=0 redirect=0
[PASS] seq=crv_seq_6                              cyc=196 op=IDK_FORWARD_BRANCH     instr=0x3783b5e3 pc=0x97e6e0bc valid=1 fault=0 wb_w=0 wb_rd=7 ex_r=0 ex_rd=26 -> reg_write=0 illegal=0 stall=0 redirect=0
[PASS] seq=crv_seq_6                              cyc=197 op=IDK_RANDOM             instr=0xe5615a1c pc=0xb45d67cc valid=1 fault=1 wb_w=1 wb_rd=16 ex_r=1 ex_rd=23 -> reg_write=0 illegal=1 stall=0 redirect=0
[PASS] seq=crv_seq_6                              cyc=198 op=IDK_JAL                instr=0x1c9d87ef pc=0x780c2e88 valid=1 fault=1 wb_w=1 wb_rd=27 ex_r=1 ex_rd=6 -> reg_write=1 illegal=0 stall=0 redirect=1
[PASS] seq=crv_seq_6                              cyc=199 op=IDK_FORWARD_BRANCH     instr=0x07688fe3 pc=0x45a85994 valid=1 fault=0 wb_w=1 wb_rd=11 ex_r=1 ex_rd=17 -> reg_write=0 illegal=0 stall=1 redirect=0
[PASS] seq=crv_seq_7                              cyc=0 op=IDK_BYPASS_RS2         instr=0x61644f97 pc=0x347377e8 valid=1 fault=1 wb_w=1 wb_rd=22 ex_r=1 ex_rd=0 -> reg_write=1 illegal=0 stall=0 redirect=0
[PASS] seq=crv_seq_7                              cyc=1 op=IDK_ILLEGAL            instr=0x02116ab3 pc=0x262260a0 valid=1 fault=0 wb_w=0 wb_rd=16 ex_r=1 ex_rd=22 -> reg_write=0 illegal=1 stall=0 redirect=0
[PASS] seq=crv_seq_7                              cyc=2 op=IDK_ILLEGAL            instr=0x027367b3 pc=0x584a2974 valid=1 fault=1 wb_w=1 wb_rd=0 ex_r=0 ex_rd=31 -> reg_write=0 illegal=1 stall=0 redirect=0
[PASS] seq=crv_seq_7                              cyc=3 op=IDK_HAZARD_X0_EXCLUDED instr=0x98803ea7 pc=0x639bdb9c valid=1 fault=0 wb_w=1 wb_rd=16 ex_r=1 ex_rd=0 -> reg_write=0 illegal=1 stall=0 redirect=0
[PASS] seq=crv_seq_7                              cyc=4 op=IDK_BACKWARD_BRANCH    instr=0xa77524e3 pc=0xb598ac98 valid=1 fault=1 wb_w=1 wb_rd=16 ex_r=0 ex_rd=0 -> reg_write=0 illegal=0 stall=0 redirect=1
[PASS] seq=crv_seq_7                              cyc=5 op=IDK_CSR_OP             instr=0x7d5be273 pc=0xa10b9438 valid=1 fault=0 wb_w=1 wb_rd=19 ex_r=1 ex_rd=27 -> reg_write=1 illegal=0 stall=0 redirect=0
[PASS] seq=crv_seq_7                              cyc=6 op=IDK_CSR_OP             instr=0x166ab8f3 pc=0xf27695cc valid=1 fault=1 wb_w=0 wb_rd=29 ex_r=1 ex_rd=31 -> reg_write=1 illegal=0 stall=0 redirect=0
[PASS] seq=crv_seq_7                              cyc=7 op=IDK_ILLEGAL            instr=0x0390cbb3 pc=0xe9b1ebb4 valid=1 fault=1 wb_w=1 wb_rd=13 ex_r=0 ex_rd=20 -> reg_write=0 illegal=1 stall=0 redirect=0
[PASS] seq=crv_seq_7                              cyc=8 op=IDK_BACKWARD_BRANCH    instr=0x84513fe3 pc=0x1376d5c4 valid=1 fault=0 wb_w=0 wb_rd=2 ex_r=0 ex_rd=10 -> reg_write=0 illegal=0 stall=0 redirect=1
[PASS] seq=crv_seq_7                              cyc=9 op=IDK_HAZARD_RS2         instr=0x78a16d87 pc=0x4254820c valid=1 fault=1 wb_w=0 wb_rd=12 ex_r=1 ex_rd=10 -> reg_write=0 illegal=1 stall=1 redirect=0
[PASS] seq=crv_seq_7                              cyc=10 op=IDK_BYPASS_BOTH        instr=0x7aa543b4 pc=0x6c7c5084 valid=1 fault=1 wb_w=1 wb_rd=10 ex_r=0 ex_rd=18 -> reg_write=0 illegal=1 stall=0 redirect=0
[PASS] seq=crv_seq_7                              cyc=11 op=IDK_ILLEGAL            instr=0x03edd0b3 pc=0xf9034f50 valid=1 fault=0 wb_w=1 wb_rd=2 ex_r=0 ex_rd=24 -> reg_write=0 illegal=1 stall=0 redirect=0
[PASS] seq=crv_seq_7                              cyc=12 op=IDK_JALR               instr=0x1af8a867 pc=0xd0172f54 valid=1 fault=0 wb_w=1 wb_rd=21 ex_r=1 ex_rd=13 -> reg_write=1 illegal=0 stall=0 redirect=0
[PASS] seq=crv_seq_7                              cyc=13 op=IDK_HAZARD_BOTH        instr=0x0d6b0daa pc=0x87224728 valid=1 fault=1 wb_w=0 wb_rd=12 ex_r=1 ex_rd=22 -> reg_write=0 illegal=1 stall=1 redirect=0
[PASS] seq=crv_seq_7                              cyc=14 op=IDK_RANDOM             instr=0x7759ed0c pc=0x6256bbd8 valid=1 fault=1 wb_w=1 wb_rd=20 ex_r=1 ex_rd=6 -> reg_write=0 illegal=1 stall=0 redirect=0
[PASS] seq=crv_seq_7                              cyc=15 op=IDK_JALR               instr=0x65af69e7 pc=0x71ca33dc valid=1 fault=1 wb_w=0 wb_rd=21 ex_r=0 ex_rd=17 -> reg_write=1 illegal=0 stall=0 redirect=0
[PASS] seq=crv_seq_7                              cyc=16 op=IDK_ILLEGAL            instr=0x0322d933 pc=0x6e8dde34 valid=1 fault=0 wb_w=0 wb_rd=16 ex_r=1 ex_rd=10 -> reg_write=0 illegal=1 stall=0 redirect=0
[PASS] seq=crv_seq_7                              cyc=17 op=IDK_BYPASS_RS1         instr=0x8d93dd25 pc=0x0f0c0b20 valid=1 fault=0 wb_w=1 wb_rd=7 ex_r=1 ex_rd=21 -> reg_write=0 illegal=1 stall=0 redirect=0
[PASS] seq=crv_seq_7                              cyc=18 op=IDK_BYPASS_BOTH        instr=0x2ac65c92 pc=0xf16a64ac valid=1 fault=1 wb_w=1 wb_rd=12 ex_r=1 ex_rd=18 -> reg_write=0 illegal=1 stall=0 redirect=0
[PASS] seq=crv_seq_7                              cyc=19 op=IDK_CSR_OP             instr=0x6f2670f3 pc=0x947b1b94 valid=1 fault=0 wb_w=0 wb_rd=22 ex_r=0 ex_rd=24 -> reg_write=1 illegal=0 stall=0 redirect=0
[PASS] seq=crv_seq_7                              cyc=20 op=IDK_JALR               instr=0x31f99167 pc=0x1144c5c4 valid=1 fault=1 wb_w=0 wb_rd=12 ex_r=0 ex_rd=24 -> reg_write=1 illegal=0 stall=0 redirect=0
[PASS] seq=crv_seq_7                              cyc=21 op=IDK_CSR_OP             instr=0xc9063773 pc=0x3fff9620 valid=1 fault=1 wb_w=0 wb_rd=14 ex_r=1 ex_rd=4 -> reg_write=1 illegal=0 stall=0 redirect=0
[PASS] seq=crv_seq_7                              cyc=22 op=IDK_JAL                instr=0xb00a7def pc=0xb58d061c valid=1 fault=1 wb_w=1 wb_rd=6 ex_r=1 ex_rd=18 -> reg_write=1 illegal=0 stall=0 redirect=1
[PASS] seq=crv_seq_7                              cyc=23 op=IDK_RANDOM             instr=0xb8d0ccbb pc=0xaf3b1710 valid=1 fault=0 wb_w=1 wb_rd=24 ex_r=1 ex_rd=28 -> reg_write=0 illegal=1 stall=0 redirect=0
[PASS] seq=crv_seq_7                              cyc=24 op=IDK_RANDOM             instr=0xda2f9494 pc=0x0beb5d34 valid=1 fault=0 wb_w=0 wb_rd=9 ex_r=0 ex_rd=30 -> reg_write=0 illegal=1 stall=0 redirect=0
[PASS] seq=crv_seq_7                              cyc=25 op=IDK_BYPASS_RS1         instr=0xb578c41d pc=0x099a94a4 valid=1 fault=0 wb_w=1 wb_rd=17 ex_r=0 ex_rd=10 -> reg_write=0 illegal=1 stall=0 redirect=0
[PASS] seq=crv_seq_7                              cyc=26 op=IDK_HAZARD_RS2         instr=0x621aa6b7 pc=0x6c2b4768 valid=1 fault=0 wb_w=0 wb_rd=17 ex_r=1 ex_rd=1 -> reg_write=1 illegal=0 stall=1 redirect=0
[PASS] seq=crv_seq_7                              cyc=27 op=IDK_BACKWARD_BRANCH    instr=0xdbb570e3 pc=0xeb72f7b0 valid=1 fault=1 wb_w=1 wb_rd=24 ex_r=0 ex_rd=23 -> reg_write=0 illegal=0 stall=0 redirect=1
[PASS] seq=crv_seq_7                              cyc=28 op=IDK_ILLEGAL            instr=0x038ef6b3 pc=0x406cf9ac valid=1 fault=1 wb_w=0 wb_rd=29 ex_r=0 ex_rd=4 -> reg_write=0 illegal=1 stall=0 redirect=0
[PASS] seq=crv_seq_7                              cyc=29 op=IDK_RANDOM             instr=0xa09e0002 pc=0x0b2a95f8 valid=1 fault=1 wb_w=1 wb_rd=15 ex_r=1 ex_rd=31 -> reg_write=0 illegal=1 stall=0 redirect=0
[PASS] seq=crv_seq_7                              cyc=30 op=IDK_JAL                instr=0xf03d22ef pc=0x8063c224 valid=1 fault=0 wb_w=0 wb_rd=5 ex_r=0 ex_rd=23 -> reg_write=1 illegal=0 stall=0 redirect=1
[PASS] seq=crv_seq_7                              cyc=31 op=IDK_LEGAL_ALU          instr=0x01c79633 pc=0xf03d2000 valid=1 fault=1 wb_w=0 wb_rd=1 ex_r=1 ex_rd=7 -> reg_write=1 illegal=0 stall=0 redirect=0
[PASS] seq=crv_seq_7                              cyc=32 op=IDK_RANDOM             instr=0x9c78bd27 pc=0xf8a7423c valid=1 fault=1 wb_w=1 wb_rd=6 ex_r=0 ex_rd=27 -> reg_write=0 illegal=1 stall=0 redirect=0
[PASS] seq=crv_seq_7                              cyc=33 op=IDK_LEGAL_ALU          instr=0x01bb0fb3 pc=0xad0f92d0 valid=1 fault=0 wb_w=1 wb_rd=23 ex_r=1 ex_rd=18 -> reg_write=1 illegal=0 stall=0 redirect=0
[PASS] seq=crv_seq_7                              cyc=34 op=IDK_FORWARD_BRANCH     instr=0x0fa8ae63 pc=0x3dbae148 valid=1 fault=1 wb_w=1 wb_rd=24 ex_r=1 ex_rd=20 -> reg_write=0 illegal=0 stall=0 redirect=0
[PASS] seq=crv_seq_7                              cyc=35 op=IDK_HAZARD_RS1         instr=0xf9ae44fb pc=0x23ea7128 valid=1 fault=1 wb_w=1 wb_rd=25 ex_r=1 ex_rd=28 -> reg_write=0 illegal=1 stall=1 redirect=0
[PASS] seq=crv_seq_7                              cyc=36 op=IDK_BYPASS_BOTH        instr=0xf94a1c05 pc=0x54d3a75c valid=1 fault=1 wb_w=1 wb_rd=20 ex_r=1 ex_rd=25 -> reg_write=0 illegal=1 stall=0 redirect=0
[PASS] seq=crv_seq_7                              cyc=37 op=IDK_CSR_OP             instr=0x4d49bbf3 pc=0xbecd3d70 valid=1 fault=0 wb_w=1 wb_rd=7 ex_r=0 ex_rd=17 -> reg_write=1 illegal=0 stall=0 redirect=0
[PASS] seq=crv_seq_7                              cyc=38 op=IDK_JALR               instr=0x33d77ce7 pc=0x6d2c5f44 valid=1 fault=0 wb_w=0 wb_rd=25 ex_r=0 ex_rd=28 -> reg_write=1 illegal=0 stall=0 redirect=0
[PASS] seq=crv_seq_7                              cyc=39 op=IDK_BYPASS_RS1         instr=0x13255d8b pc=0xda8bac58 valid=1 fault=1 wb_w=1 wb_rd=10 ex_r=0 ex_rd=31 -> reg_write=0 illegal=0 stall=0 redirect=0
[PASS] seq=crv_seq_7                              cyc=40 op=IDK_RANDOM             instr=0x71b6f671 pc=0x64593cb8 valid=1 fault=0 wb_w=0 wb_rd=30 ex_r=0 ex_rd=28 -> reg_write=0 illegal=1 stall=0 redirect=0
[PASS] seq=crv_seq_7                              cyc=41 op=IDK_LEGAL_ALU          instr=0x013d0a33 pc=0xb14e43e4 valid=1 fault=1 wb_w=1 wb_rd=10 ex_r=0 ex_rd=30 -> reg_write=1 illegal=0 stall=0 redirect=0
[PASS] seq=crv_seq_7                              cyc=42 op=IDK_BYPASS_RS1         instr=0xb30161b2 pc=0xd20609d0 valid=1 fault=0 wb_w=1 wb_rd=2 ex_r=0 ex_rd=22 -> reg_write=0 illegal=1 stall=0 redirect=0
[PASS] seq=crv_seq_7                              cyc=43 op=IDK_BYPASS_BOTH        instr=0x3c52f503 pc=0xeb093828 valid=1 fault=0 wb_w=1 wb_rd=5 ex_r=1 ex_rd=5 -> reg_write=1 illegal=0 stall=1 redirect=0
[PASS] seq=crv_seq_7                              cyc=44 op=IDK_BACKWARD_BRANCH    instr=0x8fa2b663 pc=0x1db7190c valid=1 fault=0 wb_w=1 wb_rd=16 ex_r=0 ex_rd=16 -> reg_write=0 illegal=0 stall=0 redirect=1
[PASS] seq=crv_seq_7                              cyc=45 op=IDK_ILLEGAL            instr=0x035d7cb3 pc=0x8b1d8a08 valid=1 fault=0 wb_w=0 wb_rd=18 ex_r=1 ex_rd=19 -> reg_write=0 illegal=1 stall=0 redirect=0
[PASS] seq=crv_seq_7                              cyc=46 op=IDK_RANDOM             instr=0x82510d87 pc=0x3c7e9860 valid=1 fault=0 wb_w=1 wb_rd=4 ex_r=0 ex_rd=18 -> reg_write=0 illegal=1 stall=0 redirect=0
[PASS] seq=crv_seq_7                              cyc=47 op=IDK_RANDOM             instr=0x7b8f0c66 pc=0x04ccdbd8 valid=1 fault=0 wb_w=0 wb_rd=0 ex_r=1 ex_rd=17 -> reg_write=0 illegal=1 stall=0 redirect=0
[PASS] seq=crv_seq_7                              cyc=48 op=IDK_BACKWARD_BRANCH    instr=0x809c76e3 pc=0x999fec08 valid=1 fault=1 wb_w=0 wb_rd=19 ex_r=0 ex_rd=12 -> reg_write=0 illegal=0 stall=0 redirect=1
[PASS] seq=crv_seq_7                              cyc=49 op=IDK_ILLEGAL            instr=0x02a3fab3 pc=0x5b37ee30 valid=1 fault=0 wb_w=1 wb_rd=24 ex_r=1 ex_rd=20 -> reg_write=0 illegal=1 stall=0 redirect=0
[PASS] seq=crv_seq_7                              cyc=50 op=IDK_RANDOM             instr=0x0629e8b2 pc=0x8d73f49c valid=1 fault=1 wb_w=0 wb_rd=6 ex_r=1 ex_rd=7 -> reg_write=0 illegal=1 stall=0 redirect=0
[PASS] seq=crv_seq_7                              cyc=51 op=IDK_FORWARD_BRANCH     instr=0x5b99bd63 pc=0x3618ed54 valid=1 fault=0 wb_w=1 wb_rd=3 ex_r=0 ex_rd=29 -> reg_write=0 illegal=0 stall=0 redirect=0
[PASS] seq=crv_seq_7                              cyc=52 op=IDK_HAZARD_RS1         instr=0x1817595d pc=0x4e033f6c valid=1 fault=0 wb_w=1 wb_rd=21 ex_r=1 ex_rd=14 -> reg_write=0 illegal=1 stall=1 redirect=0
[PASS] seq=crv_seq_7                              cyc=53 op=IDK_RANDOM             instr=0x05a3b1f9 pc=0x215f855c valid=1 fault=0 wb_w=1 wb_rd=19 ex_r=0 ex_rd=18 -> reg_write=0 illegal=1 stall=0 redirect=0
[PASS] seq=crv_seq_7                              cyc=54 op=IDK_BYPASS_RS1         instr=0xf49bab5a pc=0x74e3bcc4 valid=1 fault=0 wb_w=1 wb_rd=23 ex_r=1 ex_rd=19 -> reg_write=0 illegal=1 stall=0 redirect=0
[PASS] seq=crv_seq_7                              cyc=55 op=IDK_HAZARD_RS1         instr=0x661b42f8 pc=0xd33b86e8 valid=1 fault=1 wb_w=0 wb_rd=15 ex_r=1 ex_rd=22 -> reg_write=0 illegal=1 stall=1 redirect=0
[PASS] seq=crv_seq_7                              cyc=56 op=IDK_BACKWARD_BRANCH    instr=0xe72eeb63 pc=0x9332fa3c valid=1 fault=0 wb_w=1 wb_rd=27 ex_r=0 ex_rd=19 -> reg_write=0 illegal=0 stall=0 redirect=1
[PASS] seq=crv_seq_7                              cyc=57 op=IDK_RANDOM             instr=0xa2bd0708 pc=0xcbfff470 valid=1 fault=1 wb_w=0 wb_rd=18 ex_r=0 ex_rd=28 -> reg_write=0 illegal=1 stall=0 redirect=0
[PASS] seq=crv_seq_7                              cyc=58 op=IDK_BYPASS_BOTH        instr=0x2d2937c7 pc=0xa1c4f664 valid=1 fault=0 wb_w=1 wb_rd=18 ex_r=1 ex_rd=28 -> reg_write=0 illegal=1 stall=0 redirect=0
[PASS] seq=crv_seq_7                              cyc=59 op=IDK_RANDOM             instr=0x84a25497 pc=0x0e6dc2b4 valid=1 fault=0 wb_w=1 wb_rd=25 ex_r=0 ex_rd=0 -> reg_write=1 illegal=0 stall=0 redirect=0
[PASS] seq=crv_seq_7                              cyc=60 op=IDK_CSR_OP             instr=0xe3a4e273 pc=0x686fb68c valid=1 fault=0 wb_w=0 wb_rd=10 ex_r=1 ex_rd=2 -> reg_write=1 illegal=0 stall=0 redirect=0
[PASS] seq=crv_seq_7                              cyc=61 op=IDK_RANDOM             instr=0xa2878cf0 pc=0x5d52ecc8 valid=1 fault=0 wb_w=0 wb_rd=8 ex_r=0 ex_rd=0 -> reg_write=0 illegal=1 stall=0 redirect=0
[PASS] seq=crv_seq_7                              cyc=62 op=IDK_FORWARD_BRANCH     instr=0x04486163 pc=0xb99b5970 valid=1 fault=0 wb_w=1 wb_rd=29 ex_r=0 ex_rd=16 -> reg_write=0 illegal=0 stall=0 redirect=0
[PASS] seq=crv_seq_7                              cyc=63 op=IDK_LEGAL_ALU          instr=0x016f0833 pc=0x05c8f7bc valid=1 fault=1 wb_w=0 wb_rd=29 ex_r=0 ex_rd=16 -> reg_write=1 illegal=0 stall=0 redirect=0
[PASS] seq=crv_seq_7                              cyc=64 op=IDK_HAZARD_RS1         instr=0xe221d8ca pc=0xd4c33080 valid=1 fault=1 wb_w=1 wb_rd=25 ex_r=1 ex_rd=3 -> reg_write=0 illegal=1 stall=1 redirect=0
[PASS] seq=crv_seq_7                              cyc=65 op=IDK_RANDOM             instr=0x811aae3f pc=0xf4d63d94 valid=1 fault=1 wb_w=0 wb_rd=10 ex_r=0 ex_rd=3 -> reg_write=0 illegal=1 stall=0 redirect=0
[PASS] seq=crv_seq_7                              cyc=66 op=IDK_LEGAL_ALU          instr=0x414458b3 pc=0x7c63d9c8 valid=1 fault=0 wb_w=0 wb_rd=18 ex_r=0 ex_rd=2 -> reg_write=1 illegal=0 stall=0 redirect=0
[PASS] seq=crv_seq_7                              cyc=67 op=IDK_RANDOM             instr=0xcdaa2f17 pc=0xe3c4e974 valid=1 fault=1 wb_w=1 wb_rd=2 ex_r=1 ex_rd=7 -> reg_write=1 illegal=0 stall=0 redirect=0
[PASS] seq=crv_seq_7                              cyc=68 op=IDK_LEGAL_ALU          instr=0x011948b3 pc=0xef87a754 valid=1 fault=1 wb_w=1 wb_rd=28 ex_r=1 ex_rd=11 -> reg_write=1 illegal=0 stall=0 redirect=0
[PASS] seq=crv_seq_7                              cyc=69 op=IDK_BYPASS_RS2         instr=0x3aa6325b pc=0x55e55d6c valid=1 fault=0 wb_w=1 wb_rd=10 ex_r=1 ex_rd=31 -> reg_write=0 illegal=1 stall=0 redirect=0
[PASS] seq=crv_seq_7                              cyc=70 op=IDK_ILLEGAL            instr=0x033c4b33 pc=0x9d63d7ac valid=1 fault=1 wb_w=1 wb_rd=22 ex_r=0 ex_rd=17 -> reg_write=0 illegal=1 stall=0 redirect=0
[PASS] seq=crv_seq_7                              cyc=71 op=IDK_BYPASS_RS2         instr=0xb8e86c38 pc=0x81378170 valid=1 fault=0 wb_w=1 wb_rd=14 ex_r=0 ex_rd=12 -> reg_write=0 illegal=1 stall=0 redirect=0
[PASS] seq=crv_seq_7                              cyc=72 op=IDK_BYPASS_RS1         instr=0x3b6aff50 pc=0x6c65c060 valid=1 fault=1 wb_w=1 wb_rd=21 ex_r=1 ex_rd=9 -> reg_write=0 illegal=1 stall=0 redirect=0
[PASS] seq=crv_seq_7                              cyc=73 op=IDK_RANDOM             instr=0x4bef7bf9 pc=0x132510e4 valid=1 fault=1 wb_w=1 wb_rd=10 ex_r=1 ex_rd=23 -> reg_write=0 illegal=1 stall=0 redirect=0
[PASS] seq=crv_seq_7                              cyc=74 op=IDK_HAZARD_RS2         instr=0x796daf16 pc=0xaf6c6464 valid=1 fault=1 wb_w=0 wb_rd=15 ex_r=1 ex_rd=22 -> reg_write=0 illegal=1 stall=1 redirect=0
[PASS] seq=crv_seq_7                              cyc=75 op=IDK_LEGAL_ALU          instr=0x018cd8b3 pc=0xebe46e58 valid=1 fault=1 wb_w=1 wb_rd=25 ex_r=0 ex_rd=7 -> reg_write=1 illegal=0 stall=0 redirect=0
[PASS] seq=crv_seq_7                              cyc=76 op=IDK_BACKWARD_BRANCH    instr=0xc37c64e3 pc=0xa0716cbc valid=1 fault=1 wb_w=0 wb_rd=24 ex_r=1 ex_rd=15 -> reg_write=0 illegal=0 stall=0 redirect=1
[PASS] seq=crv_seq_7                              cyc=77 op=IDK_RANDOM             instr=0xfa17cc55 pc=0x0066d1bc valid=1 fault=0 wb_w=1 wb_rd=4 ex_r=0 ex_rd=18 -> reg_write=0 illegal=1 stall=0 redirect=0
[PASS] seq=crv_seq_7                              cyc=78 op=IDK_RANDOM             instr=0x17de7183 pc=0x541bea04 valid=1 fault=1 wb_w=1 wb_rd=6 ex_r=1 ex_rd=10 -> reg_write=1 illegal=0 stall=0 redirect=0
[PASS] seq=crv_seq_7                              cyc=79 op=IDK_HAZARD_RS1         instr=0x38e6c67e pc=0xa2b26ba8 valid=1 fault=1 wb_w=0 wb_rd=10 ex_r=1 ex_rd=13 -> reg_write=0 illegal=1 stall=1 redirect=0
[PASS] seq=crv_seq_7                              cyc=80 op=IDK_ILLEGAL            instr=0x036342b3 pc=0x642f3248 valid=1 fault=1 wb_w=1 wb_rd=6 ex_r=1 ex_rd=31 -> reg_write=0 illegal=1 stall=0 redirect=0
[PASS] seq=crv_seq_7                              cyc=81 op=IDK_HAZARD_X0_EXCLUDED instr=0xfcce7ffc pc=0x561b5988 valid=1 fault=0 wb_w=1 wb_rd=26 ex_r=1 ex_rd=0 -> reg_write=0 illegal=1 stall=0 redirect=0
[PASS] seq=crv_seq_7                              cyc=82 op=IDK_HAZARD_X0_EXCLUDED instr=0x7353b55a pc=0x2e792744 valid=1 fault=1 wb_w=0 wb_rd=10 ex_r=1 ex_rd=0 -> reg_write=0 illegal=1 stall=0 redirect=0
[PASS] seq=crv_seq_7                              cyc=83 op=IDK_HAZARD_RS1         instr=0x50f55818 pc=0x7b41c1fc valid=1 fault=1 wb_w=0 wb_rd=9 ex_r=1 ex_rd=10 -> reg_write=0 illegal=1 stall=1 redirect=0
[PASS] seq=crv_seq_7                              cyc=84 op=IDK_BYPASS_RS2         instr=0xe8a26f11 pc=0xa859e7e8 valid=1 fault=1 wb_w=1 wb_rd=10 ex_r=0 ex_rd=29 -> reg_write=0 illegal=1 stall=0 redirect=0
[PASS] seq=crv_seq_7                              cyc=85 op=IDK_CSR_OP             instr=0x0209ebf3 pc=0x0db56eb0 valid=1 fault=1 wb_w=1 wb_rd=1 ex_r=0 ex_rd=15 -> reg_write=1 illegal=0 stall=0 redirect=0
[PASS] seq=crv_seq_7                              cyc=86 op=IDK_JAL                instr=0x2da34cef pc=0x2675a1f4 valid=1 fault=1 wb_w=0 wb_rd=9 ex_r=1 ex_rd=9 -> reg_write=1 illegal=0 stall=0 redirect=1
[PASS] seq=crv_seq_7                              cyc=87 op=IDK_BYPASS_RS1         instr=0x9e260136 pc=0x981906b8 valid=1 fault=1 wb_w=1 wb_rd=12 ex_r=1 ex_rd=11 -> reg_write=0 illegal=1 stall=0 redirect=0
[PASS] seq=crv_seq_7                              cyc=88 op=IDK_FORWARD_BRANCH     instr=0x02b18763 pc=0x2f5a75f4 valid=1 fault=0 wb_w=0 wb_rd=19 ex_r=1 ex_rd=14 -> reg_write=0 illegal=0 stall=0 redirect=0
[PASS] seq=crv_seq_7                              cyc=89 op=IDK_LEGAL_ALU          instr=0x01dee1b3 pc=0xd721cf2c valid=1 fault=1 wb_w=1 wb_rd=19 ex_r=0 ex_rd=20 -> reg_write=1 illegal=0 stall=0 redirect=0
[PASS] seq=crv_seq_7                              cyc=90 op=IDK_CSR_OP             instr=0x2faa43f3 pc=0x58303448 valid=1 fault=0 wb_w=0 wb_rd=28 ex_r=1 ex_rd=9 -> reg_write=1 illegal=0 stall=0 redirect=0
[PASS] seq=crv_seq_7                              cyc=91 op=IDK_RANDOM             instr=0x581bcd39 pc=0x7263b244 valid=1 fault=1 wb_w=1 wb_rd=1 ex_r=0 ex_rd=16 -> reg_write=0 illegal=1 stall=0 redirect=0
[PASS] seq=crv_seq_7                              cyc=92 op=IDK_ILLEGAL            instr=0x0373ceb3 pc=0x3bee7200 valid=1 fault=1 wb_w=0 wb_rd=30 ex_r=1 ex_rd=6 -> reg_write=0 illegal=1 stall=0 redirect=0
[PASS] seq=crv_seq_7                              cyc=93 op=IDK_BACKWARD_BRANCH    instr=0xe6baca63 pc=0xd115dd1c valid=1 fault=1 wb_w=0 wb_rd=10 ex_r=1 ex_rd=4 -> reg_write=0 illegal=0 stall=0 redirect=1
[PASS] seq=crv_seq_7                              cyc=94 op=IDK_RANDOM             instr=0x646edc0a pc=0x06ae4ac8 valid=1 fault=1 wb_w=0 wb_rd=2 ex_r=1 ex_rd=2 -> reg_write=0 illegal=1 stall=0 redirect=0
[PASS] seq=crv_seq_7                              cyc=95 op=IDK_HAZARD_RS2         instr=0xf39cc9bf pc=0x06e78ed0 valid=1 fault=0 wb_w=1 wb_rd=15 ex_r=1 ex_rd=25 -> reg_write=0 illegal=1 stall=1 redirect=0
[PASS] seq=crv_seq_7                              cyc=96 op=IDK_BYPASS_RS1         instr=0xc308ebb3 pc=0x5d67822c valid=1 fault=0 wb_w=1 wb_rd=17 ex_r=1 ex_rd=25 -> reg_write=0 illegal=1 stall=0 redirect=0
[PASS] seq=crv_seq_7                              cyc=97 op=IDK_JALR               instr=0xed5ee367 pc=0x96023140 valid=1 fault=0 wb_w=0 wb_rd=29 ex_r=0 ex_rd=5 -> reg_write=1 illegal=0 stall=0 redirect=0
[PASS] seq=crv_seq_7                              cyc=98 op=IDK_BACKWARD_BRANCH    instr=0xe0c43fe3 pc=0x3d4b1fb4 valid=1 fault=1 wb_w=0 wb_rd=13 ex_r=0 ex_rd=17 -> reg_write=0 illegal=0 stall=0 redirect=1
[PASS] seq=crv_seq_7                              cyc=99 op=IDK_FORWARD_BRANCH     instr=0x6de29763 pc=0xcf4c8610 valid=1 fault=0 wb_w=0 wb_rd=20 ex_r=0 ex_rd=13 -> reg_write=0 illegal=0 stall=0 redirect=0
[PASS] seq=crv_seq_7                              cyc=100 op=IDK_HAZARD_RS2         instr=0x2a325e6a pc=0x3fbc3260 valid=1 fault=1 wb_w=1 wb_rd=7 ex_r=1 ex_rd=3 -> reg_write=0 illegal=1 stall=1 redirect=0
[PASS] seq=crv_seq_7                              cyc=101 op=IDK_HAZARD_RS1         instr=0xc6167e9f pc=0xcfb5e16c valid=1 fault=1 wb_w=0 wb_rd=29 ex_r=1 ex_rd=12 -> reg_write=0 illegal=1 stall=1 redirect=0
[PASS] seq=crv_seq_7                              cyc=102 op=IDK_HAZARD_RS2         instr=0x9d39ebbc pc=0xd3897c0c valid=1 fault=1 wb_w=0 wb_rd=11 ex_r=1 ex_rd=19 -> reg_write=0 illegal=1 stall=1 redirect=0
[PASS] seq=crv_seq_7                              cyc=103 op=IDK_BYPASS_BOTH        instr=0x7ed6e2c3 pc=0x16f403e8 valid=1 fault=1 wb_w=1 wb_rd=13 ex_r=0 ex_rd=13 -> reg_write=0 illegal=1 stall=0 redirect=0
[PASS] seq=crv_seq_7                              cyc=104 op=IDK_HAZARD_X0_EXCLUDED instr=0x1d6f28fc pc=0x01d8fc2c valid=1 fault=1 wb_w=1 wb_rd=18 ex_r=1 ex_rd=0 -> reg_write=0 illegal=1 stall=0 redirect=0
[PASS] seq=crv_seq_7                              cyc=105 op=IDK_HAZARD_BOTH        instr=0x8a2105a0 pc=0x71477f80 valid=1 fault=1 wb_w=0 wb_rd=8 ex_r=1 ex_rd=2 -> reg_write=0 illegal=1 stall=1 redirect=0
[PASS] seq=crv_seq_7                              cyc=106 op=IDK_RANDOM             instr=0xac4d20dd pc=0x4dafa228 valid=1 fault=1 wb_w=0 wb_rd=12 ex_r=0 ex_rd=1 -> reg_write=0 illegal=1 stall=0 redirect=0
[PASS] seq=crv_seq_7                              cyc=107 op=IDK_CSR_OP             instr=0x34a469f3 pc=0x398b7808 valid=1 fault=1 wb_w=1 wb_rd=21 ex_r=1 ex_rd=28 -> reg_write=1 illegal=0 stall=0 redirect=0
[PASS] seq=crv_seq_7                              cyc=108 op=IDK_BYPASS_RS2         instr=0x0663ae76 pc=0xed4ee48c valid=1 fault=1 wb_w=1 wb_rd=6 ex_r=1 ex_rd=23 -> reg_write=0 illegal=1 stall=0 redirect=0
[PASS] seq=crv_seq_7                              cyc=109 op=IDK_ILLEGAL            instr=0x029358b3 pc=0xfa4dfe1c valid=1 fault=0 wb_w=1 wb_rd=17 ex_r=1 ex_rd=18 -> reg_write=0 illegal=1 stall=0 redirect=0
[PASS] seq=crv_seq_7                              cyc=110 op=IDK_HAZARD_RS2         instr=0x3f89b57b pc=0xb34285b4 valid=1 fault=0 wb_w=0 wb_rd=25 ex_r=1 ex_rd=24 -> reg_write=0 illegal=1 stall=1 redirect=0
[PASS] seq=crv_seq_7                              cyc=111 op=IDK_ILLEGAL            instr=0x02a96433 pc=0xbcf9f608 valid=1 fault=0 wb_w=0 wb_rd=26 ex_r=0 ex_rd=16 -> reg_write=0 illegal=1 stall=0 redirect=0
[PASS] seq=crv_seq_7                              cyc=112 op=IDK_RANDOM             instr=0xde32e775 pc=0x148ffebc valid=1 fault=1 wb_w=0 wb_rd=12 ex_r=1 ex_rd=2 -> reg_write=0 illegal=1 stall=0 redirect=0
[PASS] seq=crv_seq_7                              cyc=113 op=IDK_HAZARD_RS2         instr=0x9bbf734a pc=0xde4bf9bc valid=1 fault=0 wb_w=0 wb_rd=29 ex_r=1 ex_rd=27 -> reg_write=0 illegal=1 stall=1 redirect=0
[PASS] seq=crv_seq_7                              cyc=114 op=IDK_BYPASS_BOTH        instr=0xcb084870 pc=0x0e954c9c valid=1 fault=0 wb_w=1 wb_rd=16 ex_r=0 ex_rd=7 -> reg_write=0 illegal=1 stall=0 redirect=0
[PASS] seq=crv_seq_7                              cyc=115 op=IDK_HAZARD_BOTH        instr=0x30a556ac pc=0x675244b4 valid=1 fault=0 wb_w=1 wb_rd=17 ex_r=1 ex_rd=10 -> reg_write=0 illegal=1 stall=1 redirect=0
[PASS] seq=crv_seq_7                              cyc=116 op=IDK_RANDOM             instr=0x27d225aa pc=0x22e8c498 valid=1 fault=1 wb_w=0 wb_rd=30 ex_r=1 ex_rd=1 -> reg_write=0 illegal=1 stall=0 redirect=0
[PASS] seq=crv_seq_7                              cyc=117 op=IDK_LEGAL_ALU          instr=0x0119ee33 pc=0xce7c7218 valid=1 fault=0 wb_w=0 wb_rd=3 ex_r=1 ex_rd=9 -> reg_write=1 illegal=0 stall=0 redirect=0
[PASS] seq=crv_seq_7                              cyc=118 op=IDK_BYPASS_RS2         instr=0x9ca00a8c pc=0xc5773b40 valid=1 fault=1 wb_w=1 wb_rd=10 ex_r=0 ex_rd=18 -> reg_write=0 illegal=1 stall=0 redirect=0
[PASS] seq=crv_seq_7                              cyc=119 op=IDK_BYPASS_BOTH        instr=0x3518f68b pc=0x7604cfdc valid=1 fault=1 wb_w=1 wb_rd=17 ex_r=1 ex_rd=4 -> reg_write=0 illegal=0 stall=0 redirect=0
[PASS] seq=crv_seq_7                              cyc=120 op=IDK_RANDOM             instr=0xbd68e055 pc=0x64b18214 valid=1 fault=1 wb_w=1 wb_rd=16 ex_r=1 ex_rd=30 -> reg_write=0 illegal=1 stall=0 redirect=0
[PASS] seq=crv_seq_7                              cyc=121 op=IDK_HAZARD_X0_EXCLUDED instr=0x3954ea3e pc=0xec6bceb0 valid=1 fault=1 wb_w=1 wb_rd=20 ex_r=1 ex_rd=0 -> reg_write=0 illegal=1 stall=0 redirect=0
[PASS] seq=crv_seq_7                              cyc=122 op=IDK_ILLEGAL            instr=0x02c54733 pc=0xe789649c valid=1 fault=0 wb_w=0 wb_rd=6 ex_r=1 ex_rd=19 -> reg_write=0 illegal=1 stall=0 redirect=0
[PASS] seq=crv_seq_7                              cyc=123 op=IDK_HAZARD_RS2         instr=0x0939ef94 pc=0x88dd9aa4 valid=1 fault=1 wb_w=0 wb_rd=15 ex_r=1 ex_rd=19 -> reg_write=0 illegal=1 stall=1 redirect=0
[PASS] seq=crv_seq_7                              cyc=124 op=IDK_HAZARD_RS1         instr=0x6d658d11 pc=0x3677ec64 valid=1 fault=1 wb_w=0 wb_rd=6 ex_r=1 ex_rd=11 -> reg_write=0 illegal=1 stall=1 redirect=0
[PASS] seq=crv_seq_7                              cyc=125 op=IDK_HAZARD_RS2         instr=0xb4c4b2b5 pc=0x768b2e28 valid=1 fault=0 wb_w=0 wb_rd=15 ex_r=1 ex_rd=12 -> reg_write=0 illegal=1 stall=1 redirect=0
[PASS] seq=crv_seq_7                              cyc=126 op=IDK_RANDOM             instr=0xde46f406 pc=0x09f5ffac valid=1 fault=1 wb_w=1 wb_rd=26 ex_r=1 ex_rd=8 -> reg_write=0 illegal=1 stall=0 redirect=0
[PASS] seq=crv_seq_7                              cyc=127 op=IDK_RANDOM             instr=0x5f97d1c3 pc=0xd91e33d8 valid=1 fault=1 wb_w=1 wb_rd=17 ex_r=1 ex_rd=12 -> reg_write=0 illegal=1 stall=0 redirect=0
[PASS] seq=crv_seq_7                              cyc=128 op=IDK_ILLEGAL            instr=0x039b78b3 pc=0x155a5b48 valid=1 fault=1 wb_w=0 wb_rd=4 ex_r=1 ex_rd=7 -> reg_write=0 illegal=1 stall=0 redirect=0
[PASS] seq=crv_seq_7                              cyc=129 op=IDK_RANDOM             instr=0x238b892b pc=0x788a3250 valid=1 fault=1 wb_w=1 wb_rd=6 ex_r=1 ex_rd=22 -> reg_write=0 illegal=1 stall=0 redirect=0
[PASS] seq=crv_seq_7                              cyc=130 op=IDK_LEGAL_ALU          instr=0x40debbb3 pc=0x5436c0f8 valid=1 fault=0 wb_w=1 wb_rd=29 ex_r=1 ex_rd=15 -> reg_write=1 illegal=0 stall=0 redirect=0
[PASS] seq=crv_seq_7                              cyc=131 op=IDK_RANDOM             instr=0xadb23cfb pc=0xb379bd68 valid=1 fault=0 wb_w=1 wb_rd=3 ex_r=0 ex_rd=26 -> reg_write=0 illegal=1 stall=0 redirect=0
[PASS] seq=crv_seq_7                              cyc=132 op=IDK_BYPASS_RS1         instr=0xaba8d371 pc=0xfdd5bdfc valid=1 fault=0 wb_w=1 wb_rd=17 ex_r=1 ex_rd=13 -> reg_write=0 illegal=1 stall=0 redirect=0
[PASS] seq=crv_seq_7                              cyc=133 op=IDK_FORWARD_BRANCH     instr=0x1474f7e3 pc=0x6c463ea4 valid=1 fault=1 wb_w=1 wb_rd=15 ex_r=0 ex_rd=1 -> reg_write=0 illegal=0 stall=0 redirect=0
[PASS] seq=crv_seq_7                              cyc=134 op=IDK_FORWARD_BRANCH     instr=0x0f6f52e3 pc=0x2b91233c valid=1 fault=1 wb_w=1 wb_rd=14 ex_r=0 ex_rd=21 -> reg_write=0 illegal=0 stall=0 redirect=0
[PASS] seq=crv_seq_7                              cyc=135 op=IDK_HAZARD_RS1         instr=0x171ea38d pc=0x580d0850 valid=1 fault=1 wb_w=0 wb_rd=6 ex_r=1 ex_rd=29 -> reg_write=0 illegal=1 stall=1 redirect=0
[PASS] seq=crv_seq_7                              cyc=136 op=IDK_LEGAL_ALU          instr=0x414991b3 pc=0x191bd398 valid=1 fault=0 wb_w=1 wb_rd=29 ex_r=0 ex_rd=17 -> reg_write=1 illegal=0 stall=0 redirect=0
[PASS] seq=crv_seq_7                              cyc=137 op=IDK_RANDOM             instr=0xe66196e4 pc=0xb092bcc0 valid=1 fault=0 wb_w=0 wb_rd=24 ex_r=1 ex_rd=6 -> reg_write=0 illegal=1 stall=1 redirect=0
[PASS] seq=crv_seq_7                              cyc=138 op=IDK_BYPASS_RS1         instr=0x6889ce48 pc=0xc2bda828 valid=1 fault=1 wb_w=1 wb_rd=19 ex_r=0 ex_rd=31 -> reg_write=0 illegal=1 stall=0 redirect=0
[PASS] seq=crv_seq_7                              cyc=139 op=IDK_HAZARD_RS2         instr=0xf39a3891 pc=0x57f3db84 valid=1 fault=1 wb_w=0 wb_rd=1 ex_r=1 ex_rd=25 -> reg_write=0 illegal=1 stall=1 redirect=0
[PASS] seq=crv_seq_7                              cyc=140 op=IDK_LEGAL_ALU          instr=0x41c88bb3 pc=0x935d0304 valid=1 fault=1 wb_w=1 wb_rd=25 ex_r=1 ex_rd=18 -> reg_write=1 illegal=0 stall=0 redirect=0
[PASS] seq=crv_seq_7                              cyc=141 op=IDK_HAZARD_RS1         instr=0x8a214c65 pc=0x4e0589a8 valid=1 fault=1 wb_w=1 wb_rd=4 ex_r=1 ex_rd=2 -> reg_write=0 illegal=1 stall=1 redirect=0
[PASS] seq=crv_seq_7                              cyc=142 op=IDK_RANDOM             instr=0x5b97e41c pc=0x4a77df8c valid=1 fault=0 wb_w=1 wb_rd=13 ex_r=0 ex_rd=1 -> reg_write=0 illegal=1 stall=0 redirect=0
[PASS] seq=crv_seq_7                              cyc=143 op=IDK_BYPASS_RS1         instr=0xe5c7cc53 pc=0xc5d45748 valid=1 fault=1 wb_w=1 wb_rd=15 ex_r=0 ex_rd=27 -> reg_write=0 illegal=1 stall=0 redirect=0
[PASS] seq=crv_seq_7                              cyc=144 op=IDK_HAZARD_BOTH        instr=0x8f18ba7e pc=0x95ba8878 valid=1 fault=0 wb_w=0 wb_rd=27 ex_r=1 ex_rd=17 -> reg_write=0 illegal=1 stall=1 redirect=0
[PASS] seq=crv_seq_7                              cyc=145 op=IDK_CSR_OP             instr=0xebc2e073 pc=0x75a9bf60 valid=1 fault=1 wb_w=1 wb_rd=22 ex_r=1 ex_rd=22 -> reg_write=1 illegal=0 stall=0 redirect=0
[PASS] seq=crv_seq_7                              cyc=146 op=IDK_HAZARD_BOTH        instr=0x475a8487 pc=0xb65144d0 valid=1 fault=0 wb_w=1 wb_rd=10 ex_r=1 ex_rd=21 -> reg_write=0 illegal=1 stall=1 redirect=0
[PASS] seq=crv_seq_7                              cyc=147 op=IDK_HAZARD_RS2         instr=0x5590a738 pc=0x28505ad4 valid=1 fault=1 wb_w=0 wb_rd=17 ex_r=1 ex_rd=25 -> reg_write=0 illegal=1 stall=1 redirect=0
[PASS] seq=crv_seq_7                              cyc=148 op=IDK_BYPASS_BOTH        instr=0x88213396 pc=0x5b841454 valid=1 fault=0 wb_w=1 wb_rd=2 ex_r=1 ex_rd=20 -> reg_write=0 illegal=1 stall=0 redirect=0
[PASS] seq=crv_seq_7                              cyc=149 op=IDK_RANDOM             instr=0xa8a9ec5d pc=0xfb0d05ac valid=1 fault=0 wb_w=0 wb_rd=16 ex_r=0 ex_rd=3 -> reg_write=0 illegal=1 stall=0 redirect=0
[PASS] seq=crv_seq_7                              cyc=150 op=IDK_BYPASS_RS2         instr=0x6b793c18 pc=0xe358e320 valid=1 fault=0 wb_w=1 wb_rd=23 ex_r=0 ex_rd=8 -> reg_write=0 illegal=1 stall=0 redirect=0
[PASS] seq=crv_seq_7                              cyc=151 op=IDK_BACKWARD_BRANCH    instr=0xb4e7fbe3 pc=0xf1484d34 valid=1 fault=1 wb_w=0 wb_rd=14 ex_r=0 ex_rd=3 -> reg_write=0 illegal=0 stall=0 redirect=1
[PASS] seq=crv_seq_7                              cyc=152 op=IDK_BYPASS_BOTH        instr=0xa07395d3 pc=0x1c725a9c valid=1 fault=0 wb_w=1 wb_rd=7 ex_r=1 ex_rd=22 -> reg_write=0 illegal=1 stall=0 redirect=0
[PASS] seq=crv_seq_7                              cyc=153 op=IDK_HAZARD_RS1         instr=0xb63def25 pc=0x65f59d4c valid=1 fault=1 wb_w=1 wb_rd=12 ex_r=1 ex_rd=27 -> reg_write=0 illegal=1 stall=1 redirect=0
[PASS] seq=crv_seq_7                              cyc=154 op=IDK_RANDOM             instr=0x71d6c865 pc=0xae4daf54 valid=1 fault=0 wb_w=1 wb_rd=27 ex_r=1 ex_rd=4 -> reg_write=0 illegal=1 stall=0 redirect=0
[PASS] seq=crv_seq_7                              cyc=155 op=IDK_HAZARD_X0_EXCLUDED instr=0x87a4657b pc=0xe4f282d8 valid=1 fault=1 wb_w=1 wb_rd=9 ex_r=1 ex_rd=0 -> reg_write=0 illegal=1 stall=0 redirect=0
[PASS] seq=crv_seq_7                              cyc=156 op=IDK_RANDOM             instr=0xd341d0f4 pc=0xfc766104 valid=1 fault=1 wb_w=0 wb_rd=28 ex_r=0 ex_rd=19 -> reg_write=0 illegal=1 stall=0 redirect=0
[PASS] seq=crv_seq_7                              cyc=157 op=IDK_HAZARD_RS2         instr=0xa1488ed6 pc=0x8c0d0224 valid=1 fault=1 wb_w=1 wb_rd=18 ex_r=1 ex_rd=20 -> reg_write=0 illegal=1 stall=1 redirect=0
[PASS] seq=crv_seq_7                              cyc=158 op=IDK_JALR               instr=0x1f756267 pc=0x11fdd610 valid=1 fault=0 wb_w=1 wb_rd=10 ex_r=1 ex_rd=7 -> reg_write=1 illegal=0 stall=0 redirect=0
[PASS] seq=crv_seq_7                              cyc=159 op=IDK_ILLEGAL            instr=0x03976533 pc=0xb9f4248c valid=1 fault=1 wb_w=1 wb_rd=17 ex_r=0 ex_rd=11 -> reg_write=0 illegal=1 stall=0 redirect=0
[PASS] seq=crv_seq_7                              cyc=160 op=IDK_HAZARD_RS1         instr=0xf52eac5b pc=0x742bc254 valid=1 fault=1 wb_w=1 wb_rd=28 ex_r=1 ex_rd=29 -> reg_write=0 illegal=1 stall=1 redirect=0
[PASS] seq=crv_seq_7                              cyc=161 op=IDK_BYPASS_RS1         instr=0x1300e383 pc=0x727f1218 valid=1 fault=0 wb_w=1 wb_rd=1 ex_r=0 ex_rd=5 -> reg_write=1 illegal=0 stall=0 redirect=0
[PASS] seq=crv_seq_7                              cyc=162 op=IDK_HAZARD_X0_EXCLUDED instr=0x0bb0b846 pc=0x04fbdacc valid=1 fault=1 wb_w=0 wb_rd=11 ex_r=1 ex_rd=0 -> reg_write=0 illegal=1 stall=0 redirect=0
[PASS] seq=crv_seq_7                              cyc=163 op=IDK_RANDOM             instr=0x244741dc pc=0xc5691df8 valid=1 fault=1 wb_w=1 wb_rd=20 ex_r=0 ex_rd=11 -> reg_write=0 illegal=1 stall=0 redirect=0
[PASS] seq=crv_seq_7                              cyc=164 op=IDK_BYPASS_RS1         instr=0x2b3c9487 pc=0x569c7afc valid=1 fault=0 wb_w=1 wb_rd=25 ex_r=0 ex_rd=2 -> reg_write=0 illegal=1 stall=0 redirect=0
[PASS] seq=crv_seq_7                              cyc=165 op=IDK_HAZARD_BOTH        instr=0xc8d69703 pc=0x9efae560 valid=1 fault=1 wb_w=0 wb_rd=28 ex_r=1 ex_rd=13 -> reg_write=1 illegal=0 stall=1 redirect=0
[PASS] seq=crv_seq_7                              cyc=166 op=IDK_HAZARD_RS2         instr=0xb85e67fa pc=0xf95b8bc0 valid=1 fault=0 wb_w=1 wb_rd=30 ex_r=1 ex_rd=5 -> reg_write=0 illegal=1 stall=1 redirect=0
[PASS] seq=crv_seq_7                              cyc=167 op=IDK_LEGAL_ALU          instr=0x0166adb3 pc=0xd07e1a18 valid=1 fault=1 wb_w=0 wb_rd=14 ex_r=0 ex_rd=9 -> reg_write=1 illegal=0 stall=0 redirect=0
[PASS] seq=crv_seq_7                              cyc=168 op=IDK_BACKWARD_BRANCH    instr=0xe4e13763 pc=0x34dee414 valid=1 fault=1 wb_w=1 wb_rd=12 ex_r=0 ex_rd=15 -> reg_write=0 illegal=0 stall=0 redirect=1
[PASS] seq=crv_seq_7                              cyc=169 op=IDK_BYPASS_BOTH        instr=0xcdce7e73 pc=0x03f12f34 valid=1 fault=0 wb_w=1 wb_rd=28 ex_r=1 ex_rd=4 -> reg_write=1 illegal=0 stall=0 redirect=0
[PASS] seq=crv_seq_7                              cyc=170 op=IDK_BACKWARD_BRANCH    instr=0xdca960e3 pc=0x2c82c150 valid=1 fault=1 wb_w=0 wb_rd=4 ex_r=1 ex_rd=16 -> reg_write=0 illegal=0 stall=0 redirect=1
[PASS] seq=crv_seq_7                              cyc=171 op=IDK_HAZARD_X0_EXCLUDED instr=0x01be9b5d pc=0x270e0870 valid=1 fault=0 wb_w=0 wb_rd=17 ex_r=1 ex_rd=0 -> reg_write=0 illegal=1 stall=0 redirect=0
[PASS] seq=crv_seq_7                              cyc=172 op=IDK_HAZARD_RS1         instr=0x4689bcdf pc=0xc1143784 valid=1 fault=0 wb_w=0 wb_rd=25 ex_r=1 ex_rd=19 -> reg_write=0 illegal=1 stall=1 redirect=0
[PASS] seq=crv_seq_7                              cyc=173 op=IDK_CSR_OP             instr=0xf03056f3 pc=0xf6f1ffd0 valid=1 fault=0 wb_w=1 wb_rd=27 ex_r=1 ex_rd=8 -> reg_write=1 illegal=0 stall=0 redirect=0
[PASS] seq=crv_seq_7                              cyc=174 op=IDK_BYPASS_RS2         instr=0x47890234 pc=0xc1b22ff4 valid=1 fault=0 wb_w=1 wb_rd=24 ex_r=0 ex_rd=5 -> reg_write=0 illegal=1 stall=0 redirect=0
[PASS] seq=crv_seq_7                              cyc=175 op=IDK_BACKWARD_BRANCH    instr=0xd06b62e3 pc=0x66146024 valid=1 fault=1 wb_w=0 wb_rd=25 ex_r=1 ex_rd=17 -> reg_write=0 illegal=0 stall=0 redirect=1
[PASS] seq=crv_seq_7                              cyc=176 op=IDK_CSR_OP             instr=0x2f66ef73 pc=0xe080c900 valid=1 fault=1 wb_w=1 wb_rd=5 ex_r=1 ex_rd=30 -> reg_write=1 illegal=0 stall=0 redirect=0
[PASS] seq=crv_seq_7                              cyc=177 op=IDK_RANDOM             instr=0x11695c96 pc=0x42efd428 valid=1 fault=0 wb_w=0 wb_rd=19 ex_r=0 ex_rd=10 -> reg_write=0 illegal=1 stall=0 redirect=0
[PASS] seq=crv_seq_7                              cyc=178 op=IDK_LEGAL_ALU          instr=0x0039d833 pc=0x0848647c valid=1 fault=1 wb_w=0 wb_rd=28 ex_r=0 ex_rd=13 -> reg_write=1 illegal=0 stall=0 redirect=0
[PASS] seq=crv_seq_7                              cyc=179 op=IDK_ILLEGAL            instr=0x0307dc33 pc=0xe436f7bc valid=1 fault=0 wb_w=1 wb_rd=10 ex_r=1 ex_rd=11 -> reg_write=0 illegal=1 stall=0 redirect=0
[PASS] seq=crv_seq_7                              cyc=180 op=IDK_LEGAL_ALU          instr=0x00bcb833 pc=0xb49f42d8 valid=1 fault=0 wb_w=0 wb_rd=14 ex_r=1 ex_rd=22 -> reg_write=1 illegal=0 stall=0 redirect=0
[PASS] seq=crv_seq_7                              cyc=181 op=IDK_FORWARD_BRANCH     instr=0x273327e3 pc=0x8d58d4d8 valid=1 fault=1 wb_w=1 wb_rd=16 ex_r=1 ex_rd=20 -> reg_write=0 illegal=0 stall=0 redirect=0
[PASS] seq=crv_seq_7                              cyc=182 op=IDK_HAZARD_RS2         instr=0x238bf917 pc=0xcd288c00 valid=1 fault=1 wb_w=0 wb_rd=3 ex_r=1 ex_rd=24 -> reg_write=1 illegal=0 stall=1 redirect=0
[PASS] seq=crv_seq_7                              cyc=183 op=IDK_ILLEGAL            instr=0x03e56bb3 pc=0x9b5cebb8 valid=1 fault=0 wb_w=0 wb_rd=12 ex_r=1 ex_rd=2 -> reg_write=0 illegal=1 stall=0 redirect=0
[PASS] seq=crv_seq_7                              cyc=184 op=IDK_BACKWARD_BRANCH    instr=0xe1006be3 pc=0x8f194234 valid=1 fault=1 wb_w=1 wb_rd=10 ex_r=1 ex_rd=27 -> reg_write=0 illegal=0 stall=0 redirect=1
[PASS] seq=crv_seq_7                              cyc=185 op=IDK_BYPASS_RS2         instr=0xded972d2 pc=0x28f012bc valid=1 fault=1 wb_w=1 wb_rd=13 ex_r=1 ex_rd=19 -> reg_write=0 illegal=1 stall=0 redirect=0
[PASS] seq=crv_seq_7                              cyc=186 op=IDK_BACKWARD_BRANCH    instr=0xe3c9cee3 pc=0x3d88f12c valid=1 fault=1 wb_w=0 wb_rd=22 ex_r=1 ex_rd=11 -> reg_write=0 illegal=0 stall=0 redirect=1
[PASS] seq=crv_seq_7                              cyc=187 op=IDK_HAZARD_X0_EXCLUDED instr=0xdecdd765 pc=0x14502ffc valid=1 fault=1 wb_w=1 wb_rd=18 ex_r=1 ex_rd=0 -> reg_write=0 illegal=1 stall=0 redirect=0
[PASS] seq=crv_seq_7                              cyc=188 op=IDK_ILLEGAL            instr=0x028d45b3 pc=0xa7eadaec valid=1 fault=0 wb_w=0 wb_rd=17 ex_r=0 ex_rd=21 -> reg_write=0 illegal=1 stall=0 redirect=0
[PASS] seq=crv_seq_7                              cyc=189 op=IDK_HAZARD_RS2         instr=0x770257a7 pc=0x4da3da74 valid=1 fault=1 wb_w=1 wb_rd=5 ex_r=1 ex_rd=16 -> reg_write=0 illegal=1 stall=1 redirect=0
[PASS] seq=crv_seq_7                              cyc=190 op=IDK_HAZARD_RS1         instr=0xa4b7c582 pc=0xc64e3114 valid=1 fault=0 wb_w=1 wb_rd=13 ex_r=1 ex_rd=15 -> reg_write=0 illegal=1 stall=1 redirect=0
[PASS] seq=crv_seq_7                              cyc=191 op=IDK_LEGAL_ALU          instr=0x00ca4cb3 pc=0x7a8f47c0 valid=1 fault=1 wb_w=1 wb_rd=5 ex_r=1 ex_rd=6 -> reg_write=1 illegal=0 stall=0 redirect=0
[PASS] seq=crv_seq_7                              cyc=192 op=IDK_HAZARD_X0_EXCLUDED instr=0x156b2888 pc=0xef9ea4c0 valid=1 fault=1 wb_w=1 wb_rd=12 ex_r=1 ex_rd=0 -> reg_write=0 illegal=1 stall=0 redirect=0
[PASS] seq=crv_seq_7                              cyc=193 op=IDK_HAZARD_RS1         instr=0x2572b678 pc=0x0f1ff1dc valid=1 fault=0 wb_w=1 wb_rd=4 ex_r=1 ex_rd=5 -> reg_write=0 illegal=1 stall=1 redirect=0
[PASS] seq=crv_seq_7                              cyc=194 op=IDK_BACKWARD_BRANCH    instr=0xe56e7ce3 pc=0x57d52778 valid=1 fault=0 wb_w=0 wb_rd=28 ex_r=1 ex_rd=1 -> reg_write=0 illegal=0 stall=0 redirect=1
[PASS] seq=crv_seq_7                              cyc=195 op=IDK_RANDOM             instr=0xba8fc477 pc=0x9b050b80 valid=1 fault=0 wb_w=1 wb_rd=11 ex_r=0 ex_rd=30 -> reg_write=0 illegal=1 stall=0 redirect=0
[PASS] seq=crv_seq_7                              cyc=196 op=IDK_JAL                instr=0x9bbb9e6f pc=0x9209eb14 valid=1 fault=1 wb_w=1 wb_rd=24 ex_r=1 ex_rd=29 -> reg_write=1 illegal=0 stall=0 redirect=1
[PASS] seq=crv_seq_7                              cyc=197 op=IDK_HAZARD_RS1         instr=0xd368e5e4 pc=0xa89a49bc valid=1 fault=1 wb_w=1 wb_rd=2 ex_r=1 ex_rd=17 -> reg_write=0 illegal=1 stall=1 redirect=0
[PASS] seq=crv_seq_7                              cyc=198 op=IDK_HAZARD_X0_EXCLUDED instr=0x82157f17 pc=0x7734b3a4 valid=1 fault=1 wb_w=1 wb_rd=18 ex_r=1 ex_rd=0 -> reg_write=1 illegal=0 stall=0 redirect=0
[PASS] seq=crv_seq_7                              cyc=199 op=IDK_BYPASS_BOTH        instr=0x8463490a pc=0xb28ee0d8 valid=1 fault=1 wb_w=1 wb_rd=6 ex_r=0 ex_rd=16 -> reg_write=0 illegal=1 stall=0 redirect=0
[PASS] seq=crv_seq_8                              cyc=0 op=IDK_BYPASS_RS1         instr=0xdb854889 pc=0x5e687e94 valid=1 fault=1 wb_w=1 wb_rd=10 ex_r=1 ex_rd=28 -> reg_write=0 illegal=1 stall=0 redirect=0
[PASS] seq=crv_seq_8                              cyc=1 op=IDK_HAZARD_RS1         instr=0xb425fbe7 pc=0x3458cbf0 valid=1 fault=0 wb_w=1 wb_rd=13 ex_r=1 ex_rd=11 -> reg_write=1 illegal=0 stall=1 redirect=0
[PASS] seq=crv_seq_8                              cyc=2 op=IDK_BYPASS_BOTH        instr=0xff6b077b pc=0xad015e38 valid=1 fault=1 wb_w=1 wb_rd=22 ex_r=1 ex_rd=1 -> reg_write=0 illegal=1 stall=0 redirect=0
[PASS] seq=crv_seq_8                              cyc=3 op=IDK_BYPASS_RS2         instr=0xc25255d5 pc=0x30274a88 valid=1 fault=1 wb_w=1 wb_rd=5 ex_r=1 ex_rd=19 -> reg_write=0 illegal=1 stall=0 redirect=0
[PASS] seq=crv_seq_8                              cyc=4 op=IDK_FORWARD_BRANCH     instr=0x06131463 pc=0x2d0dbd3c valid=1 fault=0 wb_w=0 wb_rd=9 ex_r=0 ex_rd=3 -> reg_write=0 illegal=0 stall=0 redirect=0
[PASS] seq=crv_seq_8                              cyc=5 op=IDK_FORWARD_BRANCH     instr=0x5399a7e3 pc=0x02bcec34 valid=1 fault=1 wb_w=0 wb_rd=19 ex_r=0 ex_rd=1 -> reg_write=0 illegal=0 stall=0 redirect=0
[PASS] seq=crv_seq_8                              cyc=6 op=IDK_ILLEGAL            instr=0x039c60b3 pc=0xa1ea6ef4 valid=1 fault=1 wb_w=1 wb_rd=16 ex_r=1 ex_rd=9 -> reg_write=0 illegal=1 stall=0 redirect=0
[PASS] seq=crv_seq_8                              cyc=7 op=IDK_HAZARD_RS1         instr=0xc5fd5234 pc=0x3cd408bc valid=1 fault=0 wb_w=0 wb_rd=22 ex_r=1 ex_rd=26 -> reg_write=0 illegal=1 stall=1 redirect=0
[PASS] seq=crv_seq_8                              cyc=8 op=IDK_BYPASS_RS1         instr=0xfdb8905e pc=0x16ea9954 valid=1 fault=1 wb_w=1 wb_rd=17 ex_r=1 ex_rd=17 -> reg_write=0 illegal=1 stall=1 redirect=0
[PASS] seq=crv_seq_8                              cyc=9 op=IDK_FORWARD_BRANCH     instr=0x1b5c5c63 pc=0xdbcf3f64 valid=1 fault=0 wb_w=0 wb_rd=1 ex_r=1 ex_rd=5 -> reg_write=0 illegal=0 stall=0 redirect=0
[PASS] seq=crv_seq_8                              cyc=10 op=IDK_HAZARD_BOTH        instr=0x53ad36c0 pc=0x9c655274 valid=1 fault=1 wb_w=0 wb_rd=31 ex_r=1 ex_rd=26 -> reg_write=0 illegal=1 stall=1 redirect=0
[PASS] seq=crv_seq_8                              cyc=11 op=IDK_RANDOM             instr=0x68b77279 pc=0x757396c4 valid=1 fault=1 wb_w=0 wb_rd=18 ex_r=1 ex_rd=12 -> reg_write=0 illegal=1 stall=0 redirect=0
[PASS] seq=crv_seq_8                              cyc=12 op=IDK_RANDOM             instr=0x8c7f1a1c pc=0x1a102714 valid=1 fault=0 wb_w=1 wb_rd=31 ex_r=1 ex_rd=9 -> reg_write=0 illegal=1 stall=0 redirect=0
[PASS] seq=crv_seq_8                              cyc=13 op=IDK_HAZARD_BOTH        instr=0x0fce1278 pc=0x11ef7c78 valid=1 fault=1 wb_w=0 wb_rd=31 ex_r=1 ex_rd=28 -> reg_write=0 illegal=1 stall=1 redirect=0
[PASS] seq=crv_seq_8                              cyc=14 op=IDK_LEGAL_ALU          instr=0x41c0cfb3 pc=0xd34d9fac valid=1 fault=1 wb_w=0 wb_rd=11 ex_r=1 ex_rd=16 -> reg_write=1 illegal=0 stall=0 redirect=0
[PASS] seq=crv_seq_8                              cyc=15 op=IDK_ILLEGAL            instr=0x02876033 pc=0x69829588 valid=1 fault=1 wb_w=0 wb_rd=7 ex_r=1 ex_rd=25 -> reg_write=0 illegal=1 stall=0 redirect=0
[PASS] seq=crv_seq_8                              cyc=16 op=IDK_HAZARD_RS2         instr=0x4877e734 pc=0x6e01acd8 valid=1 fault=0 wb_w=1 wb_rd=3 ex_r=1 ex_rd=7 -> reg_write=0 illegal=1 stall=1 redirect=0
[PASS] seq=crv_seq_8                              cyc=17 op=IDK_JAL                instr=0x31475def pc=0xa9b6cc70 valid=1 fault=1 wb_w=0 wb_rd=11 ex_r=0 ex_rd=3 -> reg_write=1 illegal=0 stall=0 redirect=1
[PASS] seq=crv_seq_8                              cyc=18 op=IDK_HAZARD_RS2         instr=0x5aebfcbb pc=0xafb759c0 valid=1 fault=1 wb_w=1 wb_rd=21 ex_r=1 ex_rd=14 -> reg_write=0 illegal=1 stall=1 redirect=0
[PASS] seq=crv_seq_8                              cyc=19 op=IDK_HAZARD_X0_EXCLUDED instr=0xe2a258a8 pc=0x5c2a063c valid=1 fault=0 wb_w=0 wb_rd=12 ex_r=1 ex_rd=0 -> reg_write=0 illegal=1 stall=0 redirect=0
[PASS] seq=crv_seq_8                              cyc=20 op=IDK_RANDOM             instr=0xc55d6e19 pc=0x002edf58 valid=1 fault=0 wb_w=0 wb_rd=31 ex_r=1 ex_rd=0 -> reg_write=0 illegal=1 stall=0 redirect=0
[PASS] seq=crv_seq_8                              cyc=21 op=IDK_CSR_OP             instr=0x8daf58f3 pc=0x44382248 valid=1 fault=0 wb_w=0 wb_rd=30 ex_r=0 ex_rd=18 -> reg_write=1 illegal=0 stall=0 redirect=0
[PASS] seq=crv_seq_8                              cyc=22 op=IDK_BYPASS_RS1         instr=0xd2949bcd pc=0x04698c28 valid=1 fault=1 wb_w=1 wb_rd=9 ex_r=1 ex_rd=16 -> reg_write=0 illegal=1 stall=0 redirect=0
[PASS] seq=crv_seq_8                              cyc=23 op=IDK_ILLEGAL            instr=0x03124833 pc=0xc4e35d44 valid=1 fault=1 wb_w=0 wb_rd=7 ex_r=1 ex_rd=6 -> reg_write=0 illegal=1 stall=0 redirect=0
[PASS] seq=crv_seq_8                              cyc=24 op=IDK_BACKWARD_BRANCH    instr=0x8d442ae3 pc=0x7222d764 valid=1 fault=1 wb_w=1 wb_rd=27 ex_r=1 ex_rd=13 -> reg_write=0 illegal=0 stall=0 redirect=1
[PASS] seq=crv_seq_8                              cyc=25 op=IDK_HAZARD_BOTH        instr=0x479cd21a pc=0x11470588 valid=1 fault=1 wb_w=0 wb_rd=15 ex_r=1 ex_rd=25 -> reg_write=0 illegal=1 stall=1 redirect=0
[PASS] seq=crv_seq_8                              cyc=26 op=IDK_BYPASS_BOTH        instr=0x1e844a67 pc=0x3c0423a0 valid=1 fault=0 wb_w=1 wb_rd=8 ex_r=1 ex_rd=30 -> reg_write=1 illegal=0 stall=0 redirect=0
[PASS] seq=crv_seq_8                              cyc=27 op=IDK_RANDOM             instr=0x68fa2197 pc=0x2eeddfdc valid=1 fault=0 wb_w=0 wb_rd=20 ex_r=1 ex_rd=4 -> reg_write=1 illegal=0 stall=0 redirect=0
[PASS] seq=crv_seq_8                              cyc=28 op=IDK_JALR               instr=0xc985b667 pc=0x7fd788f0 valid=1 fault=1 wb_w=0 wb_rd=0 ex_r=1 ex_rd=24 -> reg_write=1 illegal=0 stall=1 redirect=0
[PASS] seq=crv_seq_8                              cyc=29 op=IDK_RANDOM             instr=0xb778a04c pc=0xef27da88 valid=1 fault=1 wb_w=1 wb_rd=25 ex_r=1 ex_rd=17 -> reg_write=0 illegal=1 stall=1 redirect=0
[PASS] seq=crv_seq_8                              cyc=30 op=IDK_ILLEGAL            instr=0x02c3c333 pc=0x0ac8b680 valid=1 fault=0 wb_w=0 wb_rd=7 ex_r=1 ex_rd=20 -> reg_write=0 illegal=1 stall=0 redirect=0
[PASS] seq=crv_seq_8                              cyc=31 op=IDK_ILLEGAL            instr=0x03fecfb3 pc=0x40f69e7c valid=1 fault=1 wb_w=1 wb_rd=0 ex_r=1 ex_rd=7 -> reg_write=0 illegal=1 stall=0 redirect=0
[PASS] seq=crv_seq_8                              cyc=32 op=IDK_BYPASS_RS2         instr=0x816d1a87 pc=0xff3f6254 valid=1 fault=1 wb_w=1 wb_rd=22 ex_r=0 ex_rd=5 -> reg_write=0 illegal=1 stall=0 redirect=0
[PASS] seq=crv_seq_8                              cyc=33 op=IDK_RANDOM             instr=0x408a1c92 pc=0x03fd1ec8 valid=1 fault=1 wb_w=1 wb_rd=3 ex_r=1 ex_rd=25 -> reg_write=0 illegal=1 stall=0 redirect=0
[PASS] seq=crv_seq_8                              cyc=34 op=IDK_LEGAL_ALU          instr=0x41d838b3 pc=0x49208a00 valid=1 fault=1 wb_w=0 wb_rd=20 ex_r=0 ex_rd=16 -> reg_write=1 illegal=0 stall=0 redirect=0
[PASS] seq=crv_seq_8                              cyc=35 op=IDK_FORWARD_BRANCH     instr=0x785b9b63 pc=0xe8870d04 valid=1 fault=0 wb_w=0 wb_rd=24 ex_r=1 ex_rd=4 -> reg_write=0 illegal=0 stall=0 redirect=0
[PASS] seq=crv_seq_8                              cyc=36 op=IDK_BYPASS_BOTH        instr=0x5a73b630 pc=0x23f49b20 valid=1 fault=0 wb_w=1 wb_rd=7 ex_r=0 ex_rd=23 -> reg_write=0 illegal=1 stall=0 redirect=0
[PASS] seq=crv_seq_8                              cyc=37 op=IDK_RANDOM             instr=0x91ab1bec pc=0x9ad3a0e0 valid=1 fault=1 wb_w=1 wb_rd=14 ex_r=1 ex_rd=20 -> reg_write=0 illegal=1 stall=0 redirect=0
[PASS] seq=crv_seq_8                              cyc=38 op=IDK_HAZARD_X0_EXCLUDED instr=0xd647137d pc=0xc9abb650 valid=1 fault=0 wb_w=0 wb_rd=3 ex_r=1 ex_rd=0 -> reg_write=0 illegal=1 stall=0 redirect=0
[PASS] seq=crv_seq_8                              cyc=39 op=IDK_HAZARD_RS1         instr=0xa0112476 pc=0x7854789c valid=1 fault=0 wb_w=0 wb_rd=5 ex_r=1 ex_rd=2 -> reg_write=0 illegal=1 stall=1 redirect=0
[PASS] seq=crv_seq_8                              cyc=40 op=IDK_LEGAL_ALU          instr=0x00f465b3 pc=0xbda60e00 valid=1 fault=1 wb_w=1 wb_rd=8 ex_r=0 ex_rd=7 -> reg_write=1 illegal=0 stall=0 redirect=0
[PASS] seq=crv_seq_8                              cyc=41 op=IDK_BYPASS_RS2         instr=0x6829d4fa pc=0x420a9c04 valid=1 fault=1 wb_w=1 wb_rd=2 ex_r=0 ex_rd=5 -> reg_write=0 illegal=1 stall=0 redirect=0
[PASS] seq=crv_seq_8                              cyc=42 op=IDK_ILLEGAL            instr=0x034eed33 pc=0xaca66e28 valid=1 fault=0 wb_w=0 wb_rd=27 ex_r=0 ex_rd=25 -> reg_write=0 illegal=1 stall=0 redirect=0
[PASS] seq=crv_seq_8                              cyc=43 op=IDK_BYPASS_BOTH        instr=0xb8f7f3a6 pc=0x2c925ba0 valid=1 fault=1 wb_w=1 wb_rd=15 ex_r=1 ex_rd=2 -> reg_write=0 illegal=1 stall=0 redirect=0
[PASS] seq=crv_seq_8                              cyc=44 op=IDK_LEGAL_ALU          instr=0x41ccf5b3 pc=0x77ce20e8 valid=1 fault=1 wb_w=0 wb_rd=7 ex_r=0 ex_rd=27 -> reg_write=1 illegal=0 stall=0 redirect=0
[PASS] seq=crv_seq_8                              cyc=45 op=IDK_BYPASS_RS1         instr=0xa9929cd1 pc=0x8eda6f70 valid=1 fault=1 wb_w=1 wb_rd=5 ex_r=0 ex_rd=22 -> reg_write=0 illegal=1 stall=0 redirect=0
[PASS] seq=crv_seq_8                              cyc=46 op=IDK_ILLEGAL            instr=0x02b86733 pc=0x81522190 valid=1 fault=0 wb_w=0 wb_rd=13 ex_r=0 ex_rd=23 -> reg_write=0 illegal=1 stall=0 redirect=0
[PASS] seq=crv_seq_8                              cyc=47 op=IDK_LEGAL_ALU          instr=0x40a68ab3 pc=0xeb046cb8 valid=1 fault=1 wb_w=1 wb_rd=6 ex_r=0 ex_rd=27 -> reg_write=1 illegal=0 stall=0 redirect=0
[PASS] seq=crv_seq_8                              cyc=48 op=IDK_BACKWARD_BRANCH    instr=0xb557a1e3 pc=0x48c17610 valid=1 fault=0 wb_w=0 wb_rd=30 ex_r=1 ex_rd=13 -> reg_write=0 illegal=0 stall=0 redirect=1
[PASS] seq=crv_seq_8                              cyc=49 op=IDK_HAZARD_RS1         instr=0xe090bfac pc=0x3dd6884c valid=1 fault=1 wb_w=1 wb_rd=30 ex_r=1 ex_rd=1 -> reg_write=0 illegal=1 stall=1 redirect=0
[PASS] seq=crv_seq_8                              cyc=50 op=IDK_JALR               instr=0x8973f6e7 pc=0x971668d8 valid=1 fault=1 wb_w=1 wb_rd=5 ex_r=0 ex_rd=26 -> reg_write=1 illegal=0 stall=0 redirect=0
[PASS] seq=crv_seq_8                              cyc=51 op=IDK_LEGAL_ALU          instr=0x405307b3 pc=0xf2638574 valid=1 fault=0 wb_w=0 wb_rd=30 ex_r=0 ex_rd=10 -> reg_write=1 illegal=0 stall=0 redirect=0
[PASS] seq=crv_seq_8                              cyc=52 op=IDK_BACKWARD_BRANCH    instr=0x9f7b8963 pc=0x82910e20 valid=1 fault=1 wb_w=1 wb_rd=2 ex_r=1 ex_rd=6 -> reg_write=0 illegal=0 stall=0 redirect=1
[PASS] seq=crv_seq_8                              cyc=53 op=IDK_HAZARD_X0_EXCLUDED instr=0x687b7ce1 pc=0x00817f34 valid=1 fault=1 wb_w=0 wb_rd=2 ex_r=1 ex_rd=0 -> reg_write=0 illegal=1 stall=0 redirect=0
[PASS] seq=crv_seq_8                              cyc=54 op=IDK_JAL                instr=0x3f8ab76f pc=0x25fcc47c valid=1 fault=0 wb_w=1 wb_rd=20 ex_r=0 ex_rd=16 -> reg_write=1 illegal=0 stall=0 redirect=1
[PASS] seq=crv_seq_8                              cyc=55 op=IDK_LEGAL_ALU          instr=0x01bdd833 pc=0xf56a2aa8 valid=1 fault=0 wb_w=1 wb_rd=26 ex_r=1 ex_rd=4 -> reg_write=1 illegal=0 stall=0 redirect=0
[PASS] seq=crv_seq_8                              cyc=56 op=IDK_BACKWARD_BRANCH    instr=0xd5752463 pc=0x1e1e8298 valid=1 fault=1 wb_w=0 wb_rd=9 ex_r=0 ex_rd=6 -> reg_write=0 illegal=0 stall=0 redirect=1
[PASS] seq=crv_seq_8                              cyc=57 op=IDK_HAZARD_RS1         instr=0x630196a9 pc=0xe67b8104 valid=1 fault=1 wb_w=1 wb_rd=14 ex_r=1 ex_rd=3 -> reg_write=0 illegal=1 stall=1 redirect=0
[PASS] seq=crv_seq_8                              cyc=58 op=IDK_JALR               instr=0x94deece7 pc=0x85f338b4 valid=1 fault=1 wb_w=1 wb_rd=9 ex_r=0 ex_rd=10 -> reg_write=1 illegal=0 stall=0 redirect=0
[PASS] seq=crv_seq_8                              cyc=59 op=IDK_HAZARD_RS2         instr=0x5919dff7 pc=0xed9404b4 valid=1 fault=1 wb_w=1 wb_rd=30 ex_r=1 ex_rd=17 -> reg_write=0 illegal=1 stall=1 redirect=0
[PASS] seq=crv_seq_8                              cyc=60 op=IDK_HAZARD_X0_EXCLUDED instr=0x72833935 pc=0x4b2d5f48 valid=1 fault=0 wb_w=0 wb_rd=8 ex_r=1 ex_rd=0 -> reg_write=0 illegal=1 stall=0 redirect=0
[PASS] seq=crv_seq_8                              cyc=61 op=IDK_RANDOM             instr=0x34a6d810 pc=0x04d02f74 valid=1 fault=0 wb_w=0 wb_rd=14 ex_r=1 ex_rd=0 -> reg_write=0 illegal=1 stall=0 redirect=0
[PASS] seq=crv_seq_8                              cyc=62 op=IDK_BACKWARD_BRANCH    instr=0xaacfc363 pc=0xd1ece514 valid=1 fault=0 wb_w=0 wb_rd=9 ex_r=1 ex_rd=31 -> reg_write=0 illegal=0 stall=1 redirect=1
[PASS] seq=crv_seq_8                              cyc=63 op=IDK_LEGAL_ALU          instr=0x01b2d833 pc=0x2b744a20 valid=1 fault=0 wb_w=1 wb_rd=10 ex_r=1 ex_rd=20 -> reg_write=1 illegal=0 stall=0 redirect=0
[PASS] seq=crv_seq_8                              cyc=64 op=IDK_BYPASS_RS2         instr=0xcd48183e pc=0xb8c176e8 valid=1 fault=0 wb_w=1 wb_rd=20 ex_r=0 ex_rd=19 -> reg_write=0 illegal=1 stall=0 redirect=0
[PASS] seq=crv_seq_8                              cyc=65 op=IDK_LEGAL_ALU          instr=0x40196633 pc=0x4e143968 valid=1 fault=0 wb_w=1 wb_rd=22 ex_r=1 ex_rd=10 -> reg_write=1 illegal=0 stall=0 redirect=0
[PASS] seq=crv_seq_8                              cyc=66 op=IDK_FORWARD_BRANCH     instr=0x5e116ae3 pc=0x8d7605ec valid=1 fault=0 wb_w=1 wb_rd=22 ex_r=0 ex_rd=5 -> reg_write=0 illegal=0 stall=0 redirect=0
[PASS] seq=crv_seq_8                              cyc=67 op=IDK_HAZARD_RS2         instr=0xe381ab01 pc=0x1e44fb78 valid=1 fault=1 wb_w=1 wb_rd=3 ex_r=1 ex_rd=24 -> reg_write=0 illegal=1 stall=1 redirect=0
[PASS] seq=crv_seq_8                              cyc=68 op=IDK_RANDOM             instr=0xf1222a9d pc=0xcdf5f02c valid=1 fault=1 wb_w=1 wb_rd=2 ex_r=0 ex_rd=6 -> reg_write=0 illegal=1 stall=0 redirect=0
[PASS] seq=crv_seq_8                              cyc=69 op=IDK_ILLEGAL            instr=0x0291e133 pc=0xe970a534 valid=1 fault=0 wb_w=0 wb_rd=2 ex_r=1 ex_rd=9 -> reg_write=0 illegal=1 stall=1 redirect=0
[PASS] seq=crv_seq_8                              cyc=70 op=IDK_CSR_OP             instr=0x29a4e9f3 pc=0xc733b580 valid=1 fault=1 wb_w=0 wb_rd=4 ex_r=1 ex_rd=19 -> reg_write=1 illegal=0 stall=0 redirect=0
[PASS] seq=crv_seq_8                              cyc=71 op=IDK_HAZARD_RS2         instr=0xc0d7cb49 pc=0xdcfe9df8 valid=1 fault=1 wb_w=0 wb_rd=8 ex_r=1 ex_rd=13 -> reg_write=0 illegal=1 stall=1 redirect=0
[PASS] seq=crv_seq_8                              cyc=72 op=IDK_HAZARD_X0_EXCLUDED instr=0xe5fc7ad0 pc=0x3ee0c354 valid=1 fault=0 wb_w=0 wb_rd=18 ex_r=1 ex_rd=0 -> reg_write=0 illegal=1 stall=0 redirect=0
[PASS] seq=crv_seq_8                              cyc=73 op=IDK_RANDOM             instr=0xd8a60828 pc=0x6d5948bc valid=1 fault=1 wb_w=0 wb_rd=6 ex_r=0 ex_rd=20 -> reg_write=0 illegal=1 stall=0 redirect=0
[PASS] seq=crv_seq_8                              cyc=74 op=IDK_RANDOM             instr=0xb853541c pc=0xda45ff68 valid=1 fault=0 wb_w=0 wb_rd=17 ex_r=1 ex_rd=2 -> reg_write=0 illegal=1 stall=0 redirect=0
[PASS] seq=crv_seq_8                              cyc=75 op=IDK_JAL                instr=0x778350ef pc=0xfffe8d1c valid=1 fault=0 wb_w=0 wb_rd=1 ex_r=0 ex_rd=26 -> reg_write=1 illegal=0 stall=0 redirect=1
[PASS] seq=crv_seq_8                              cyc=76 op=IDK_ILLEGAL            instr=0x0278e233 pc=0xad5264a4 valid=1 fault=1 wb_w=1 wb_rd=30 ex_r=1 ex_rd=20 -> reg_write=0 illegal=1 stall=0 redirect=0
[PASS] seq=crv_seq_8                              cyc=77 op=IDK_RANDOM             instr=0xa37547d3 pc=0x51cdd0f4 valid=1 fault=1 wb_w=0 wb_rd=4 ex_r=1 ex_rd=7 -> reg_write=0 illegal=1 stall=0 redirect=0
[PASS] seq=crv_seq_8                              cyc=78 op=IDK_LEGAL_ALU          instr=0x41e5e333 pc=0x61e016dc valid=1 fault=1 wb_w=0 wb_rd=19 ex_r=0 ex_rd=8 -> reg_write=1 illegal=0 stall=0 redirect=0
[PASS] seq=crv_seq_8                              cyc=79 op=IDK_CSR_OP             instr=0xa681ebf3 pc=0xb067a1dc valid=1 fault=1 wb_w=0 wb_rd=11 ex_r=0 ex_rd=0 -> reg_write=1 illegal=0 stall=0 redirect=0
[PASS] seq=crv_seq_8                              cyc=80 op=IDK_BACKWARD_BRANCH    instr=0xf639a2e3 pc=0x52d5ba08 valid=1 fault=0 wb_w=1 wb_rd=26 ex_r=1 ex_rd=28 -> reg_write=0 illegal=0 stall=0 redirect=1
[PASS] seq=crv_seq_8                              cyc=81 op=IDK_CSR_OP             instr=0xc5006273 pc=0x851b4adc valid=1 fault=1 wb_w=0 wb_rd=10 ex_r=0 ex_rd=24 -> reg_write=1 illegal=0 stall=0 redirect=0
[PASS] seq=crv_seq_8                              cyc=82 op=IDK_HAZARD_RS2         instr=0xe2921cd1 pc=0x9a3755c0 valid=1 fault=0 wb_w=0 wb_rd=6 ex_r=1 ex_rd=9 -> reg_write=0 illegal=1 stall=1 redirect=0
[PASS] seq=crv_seq_8                              cyc=83 op=IDK_BACKWARD_BRANCH    instr=0xdddba8e3 pc=0x5f4a190c valid=1 fault=0 wb_w=1 wb_rd=28 ex_r=0 ex_rd=15 -> reg_write=0 illegal=0 stall=0 redirect=1
[PASS] seq=crv_seq_8                              cyc=84 op=IDK_HAZARD_RS2         instr=0x406bae93 pc=0xbb31ebf0 valid=1 fault=0 wb_w=1 wb_rd=31 ex_r=1 ex_rd=6 -> reg_write=1 illegal=0 stall=1 redirect=0
[PASS] seq=crv_seq_8                              cyc=85 op=IDK_RANDOM             instr=0x833b1a3a pc=0xfcaa85d8 valid=1 fault=0 wb_w=1 wb_rd=10 ex_r=1 ex_rd=19 -> reg_write=0 illegal=1 stall=1 redirect=0
[PASS] seq=crv_seq_8                              cyc=86 op=IDK_LEGAL_ALU          instr=0x4088c0b3 pc=0x3dd32c60 valid=1 fault=1 wb_w=1 wb_rd=27 ex_r=0 ex_rd=23 -> reg_write=1 illegal=0 stall=0 redirect=0
[PASS] seq=crv_seq_8                              cyc=87 op=IDK_RANDOM             instr=0x6308d9f3 pc=0x3d6e599c valid=1 fault=0 wb_w=0 wb_rd=19 ex_r=1 ex_rd=22 -> reg_write=1 illegal=0 stall=0 redirect=0
[PASS] seq=crv_seq_8                              cyc=88 op=IDK_ILLEGAL            instr=0x02187fb3 pc=0xd977fc84 valid=1 fault=1 wb_w=0 wb_rd=24 ex_r=1 ex_rd=29 -> reg_write=0 illegal=1 stall=0 redirect=0
[PASS] seq=crv_seq_8                              cyc=89 op=IDK_HAZARD_RS1         instr=0xa1fe5443 pc=0x68e1e20c valid=1 fault=0 wb_w=1 wb_rd=27 ex_r=1 ex_rd=28 -> reg_write=0 illegal=1 stall=1 redirect=0
[PASS] seq=crv_seq_8                              cyc=90 op=IDK_RANDOM             instr=0x20494a2e pc=0xc2544cac valid=1 fault=0 wb_w=1 wb_rd=29 ex_r=1 ex_rd=3 -> reg_write=0 illegal=1 stall=0 redirect=0
[PASS] seq=crv_seq_8                              cyc=91 op=IDK_LEGAL_ALU          instr=0x0034dcb3 pc=0xa96373dc valid=1 fault=0 wb_w=1 wb_rd=24 ex_r=0 ex_rd=3 -> reg_write=1 illegal=0 stall=0 redirect=0
[PASS] seq=crv_seq_8                              cyc=92 op=IDK_ILLEGAL            instr=0x0362f2b3 pc=0x9692c5d4 valid=1 fault=1 wb_w=0 wb_rd=14 ex_r=0 ex_rd=27 -> reg_write=0 illegal=1 stall=0 redirect=0
[PASS] seq=crv_seq_8                              cyc=93 op=IDK_HAZARD_X0_EXCLUDED instr=0xdde463e6 pc=0x4b7dcf1c valid=1 fault=1 wb_w=0 wb_rd=24 ex_r=1 ex_rd=0 -> reg_write=0 illegal=1 stall=0 redirect=0
[PASS] seq=crv_seq_8                              cyc=94 op=IDK_HAZARD_BOTH        instr=0x1518eb6d pc=0xb0f007a4 valid=1 fault=1 wb_w=1 wb_rd=3 ex_r=1 ex_rd=17 -> reg_write=0 illegal=1 stall=1 redirect=0
[PASS] seq=crv_seq_8                              cyc=95 op=IDK_FORWARD_BRANCH     instr=0x7a9fcbe3 pc=0x0e81f158 valid=1 fault=0 wb_w=1 wb_rd=24 ex_r=0 ex_rd=20 -> reg_write=0 illegal=0 stall=0 redirect=0
[PASS] seq=crv_seq_8                              cyc=96 op=IDK_BACKWARD_BRANCH    instr=0xc47e01e3 pc=0xf6ccbfc8 valid=1 fault=0 wb_w=1 wb_rd=16 ex_r=1 ex_rd=13 -> reg_write=0 illegal=0 stall=0 redirect=1
[PASS] seq=crv_seq_8                              cyc=97 op=IDK_RANDOM             instr=0x7fa118f2 pc=0xe1a37274 valid=1 fault=0 wb_w=1 wb_rd=11 ex_r=1 ex_rd=26 -> reg_write=0 illegal=1 stall=1 redirect=0
[PASS] seq=crv_seq_8                              cyc=98 op=IDK_ILLEGAL            instr=0x02917033 pc=0x45925548 valid=1 fault=1 wb_w=1 wb_rd=11 ex_r=0 ex_rd=24 -> reg_write=0 illegal=1 stall=0 redirect=0
[PASS] seq=crv_seq_8                              cyc=99 op=IDK_HAZARD_X0_EXCLUDED instr=0x9b80d8d4 pc=0x9916be94 valid=1 fault=0 wb_w=0 wb_rd=28 ex_r=1 ex_rd=0 -> reg_write=0 illegal=1 stall=0 redirect=0
[PASS] seq=crv_seq_8                              cyc=100 op=IDK_BACKWARD_BRANCH    instr=0xb5d7ffe3 pc=0x6696364c valid=1 fault=0 wb_w=1 wb_rd=2 ex_r=0 ex_rd=6 -> reg_write=0 illegal=0 stall=0 redirect=1
[PASS] seq=crv_seq_8                              cyc=101 op=IDK_JALR               instr=0x4cb39a67 pc=0xeb499b9c valid=1 fault=0 wb_w=1 wb_rd=26 ex_r=1 ex_rd=3 -> reg_write=1 illegal=0 stall=0 redirect=0
[PASS] seq=crv_seq_8                              cyc=102 op=IDK_JALR               instr=0x1b5773e7 pc=0x81ccc0c8 valid=1 fault=0 wb_w=0 wb_rd=3 ex_r=1 ex_rd=20 -> reg_write=1 illegal=0 stall=0 redirect=0
[PASS] seq=crv_seq_8                              cyc=103 op=IDK_RANDOM             instr=0x529bf141 pc=0x8d5fedf8 valid=1 fault=1 wb_w=1 wb_rd=12 ex_r=0 ex_rd=13 -> reg_write=0 illegal=1 stall=0 redirect=0
[PASS] seq=crv_seq_8                              cyc=104 op=IDK_FORWARD_BRANCH     instr=0x5ac6c1e3 pc=0x6374f3dc valid=1 fault=1 wb_w=1 wb_rd=0 ex_r=0 ex_rd=1 -> reg_write=0 illegal=0 stall=0 redirect=0
[PASS] seq=crv_seq_8                              cyc=105 op=IDK_CSR_OP             instr=0x2b522a73 pc=0x7cb7bf3c valid=1 fault=1 wb_w=1 wb_rd=23 ex_r=1 ex_rd=26 -> reg_write=1 illegal=0 stall=0 redirect=0
[PASS] seq=crv_seq_8                              cyc=106 op=IDK_HAZARD_RS1         instr=0xc4ad20c0 pc=0xe4915aa8 valid=1 fault=1 wb_w=0 wb_rd=22 ex_r=1 ex_rd=26 -> reg_write=0 illegal=1 stall=1 redirect=0
[PASS] seq=crv_seq_8                              cyc=107 op=IDK_CSR_OP             instr=0x69b3c9f3 pc=0x4f47427c valid=1 fault=0 wb_w=0 wb_rd=8 ex_r=1 ex_rd=30 -> reg_write=1 illegal=0 stall=0 redirect=0
[PASS] seq=crv_seq_8                              cyc=108 op=IDK_HAZARD_RS1         instr=0x4c752f63 pc=0x1e9219e0 valid=1 fault=0 wb_w=0 wb_rd=26 ex_r=1 ex_rd=10 -> reg_write=0 illegal=0 stall=1 redirect=0
[PASS] seq=crv_seq_8                              cyc=109 op=IDK_ILLEGAL            instr=0x0338d3b3 pc=0x2ce5fa00 valid=1 fault=0 wb_w=1 wb_rd=24 ex_r=0 ex_rd=2 -> reg_write=0 illegal=1 stall=0 redirect=0
[PASS] seq=crv_seq_8                              cyc=110 op=IDK_FORWARD_BRANCH     instr=0x6fa14d63 pc=0x45b66f74 valid=1 fault=0 wb_w=1 wb_rd=9 ex_r=1 ex_rd=25 -> reg_write=0 illegal=0 stall=0 redirect=0
[PASS] seq=crv_seq_8                              cyc=111 op=IDK_LEGAL_ALU          instr=0x4144feb3 pc=0x5655e080 valid=1 fault=1 wb_w=0 wb_rd=22 ex_r=0 ex_rd=11 -> reg_write=1 illegal=0 stall=0 redirect=0
[PASS] seq=crv_seq_8                              cyc=112 op=IDK_BACKWARD_BRANCH    instr=0x8d37df63 pc=0x0836dfcc valid=1 fault=1 wb_w=1 wb_rd=29 ex_r=0 ex_rd=6 -> reg_write=0 illegal=0 stall=0 redirect=1
[PASS] seq=crv_seq_8                              cyc=113 op=IDK_BYPASS_BOTH        instr=0x7539a9e7 pc=0xb455e418 valid=1 fault=0 wb_w=1 wb_rd=19 ex_r=0 ex_rd=20 -> reg_write=1 illegal=0 stall=0 redirect=0
[PASS] seq=crv_seq_8                              cyc=114 op=IDK_BACKWARD_BRANCH    instr=0xd97a7b63 pc=0xd7cc6c08 valid=1 fault=1 wb_w=1 wb_rd=8 ex_r=0 ex_rd=15 -> reg_write=0 illegal=0 stall=0 redirect=1
[PASS] seq=crv_seq_8                              cyc=115 op=IDK_BYPASS_RS2         instr=0xe3747cb3 pc=0x9258c1cc valid=1 fault=1 wb_w=1 wb_rd=23 ex_r=1 ex_rd=17 -> reg_write=0 illegal=1 stall=0 redirect=0
[PASS] seq=crv_seq_8                              cyc=116 op=IDK_HAZARD_BOTH        instr=0xed5aee9c pc=0x30b9f5e4 valid=1 fault=0 wb_w=1 wb_rd=26 ex_r=1 ex_rd=21 -> reg_write=0 illegal=1 stall=1 redirect=0
[PASS] seq=crv_seq_8                              cyc=117 op=IDK_ILLEGAL            instr=0x0350ce33 pc=0x338d3228 valid=1 fault=1 wb_w=1 wb_rd=19 ex_r=1 ex_rd=14 -> reg_write=0 illegal=1 stall=0 redirect=0
[PASS] seq=crv_seq_8                              cyc=118 op=IDK_BYPASS_RS2         instr=0x97b9fa38 pc=0x17772180 valid=1 fault=0 wb_w=1 wb_rd=27 ex_r=1 ex_rd=9 -> reg_write=0 illegal=1 stall=0 redirect=0
[PASS] seq=crv_seq_8                              cyc=119 op=IDK_RANDOM             instr=0xcbb28cea pc=0xb5845268 valid=1 fault=0 wb_w=1 wb_rd=9 ex_r=1 ex_rd=14 -> reg_write=0 illegal=1 stall=0 redirect=0
[PASS] seq=crv_seq_8                              cyc=120 op=IDK_BYPASS_BOTH        instr=0x834a2b45 pc=0x82caa130 valid=1 fault=0 wb_w=1 wb_rd=20 ex_r=0 ex_rd=21 -> reg_write=0 illegal=1 stall=0 redirect=0
[PASS] seq=crv_seq_8                              cyc=121 op=IDK_RANDOM             instr=0xf6b83995 pc=0xbdfa532c valid=1 fault=1 wb_w=0 wb_rd=19 ex_r=0 ex_rd=27 -> reg_write=0 illegal=1 stall=0 redirect=0
[PASS] seq=crv_seq_8                              cyc=122 op=IDK_FORWARD_BRANCH     instr=0x1511de63 pc=0x2ba3a04c valid=1 fault=0 wb_w=1 wb_rd=5 ex_r=1 ex_rd=14 -> reg_write=0 illegal=0 stall=0 redirect=0
[PASS] seq=crv_seq_8                              cyc=123 op=IDK_BACKWARD_BRANCH    instr=0xec21a4e3 pc=0x921aebf4 valid=1 fault=0 wb_w=1 wb_rd=20 ex_r=0 ex_rd=25 -> reg_write=0 illegal=0 stall=0 redirect=1
[PASS] seq=crv_seq_8                              cyc=124 op=IDK_BYPASS_RS1         instr=0x6f0b430f pc=0x51347240 valid=1 fault=0 wb_w=1 wb_rd=22 ex_r=0 ex_rd=5 -> reg_write=0 illegal=1 stall=0 redirect=0
[PASS] seq=crv_seq_8                              cyc=125 op=IDK_RANDOM             instr=0x1e43f018 pc=0x0819122c valid=1 fault=0 wb_w=1 wb_rd=13 ex_r=1 ex_rd=0 -> reg_write=0 illegal=1 stall=0 redirect=0
[PASS] seq=crv_seq_8                              cyc=126 op=IDK_BYPASS_RS1         instr=0x4d62540f pc=0x5b45001c valid=1 fault=1 wb_w=1 wb_rd=4 ex_r=1 ex_rd=26 -> reg_write=0 illegal=1 stall=0 redirect=0
[PASS] seq=crv_seq_8                              cyc=127 op=IDK_JAL                instr=0xf6df4e6f pc=0x73fdbe78 valid=1 fault=0 wb_w=0 wb_rd=25 ex_r=1 ex_rd=13 -> reg_write=1 illegal=0 stall=1 redirect=1
[PASS] seq=crv_seq_8                              cyc=128 op=IDK_HAZARD_BOTH        instr=0xd1de9cc8 pc=0x78d4f894 valid=1 fault=0 wb_w=1 wb_rd=27 ex_r=1 ex_rd=29 -> reg_write=0 illegal=1 stall=1 redirect=0
[PASS] seq=crv_seq_8                              cyc=129 op=IDK_BYPASS_RS2         instr=0x38f0085a pc=0xdede7ebc valid=1 fault=0 wb_w=1 wb_rd=15 ex_r=0 ex_rd=26 -> reg_write=0 illegal=1 stall=0 redirect=0
[PASS] seq=crv_seq_8                              cyc=130 op=IDK_RANDOM             instr=0x254a5608 pc=0x4723a778 valid=1 fault=0 wb_w=0 wb_rd=8 ex_r=0 ex_rd=15 -> reg_write=0 illegal=1 stall=0 redirect=0
[PASS] seq=crv_seq_8                              cyc=131 op=IDK_RANDOM             instr=0x8c5faf88 pc=0xe783cb00 valid=1 fault=0 wb_w=0 wb_rd=7 ex_r=0 ex_rd=23 -> reg_write=0 illegal=1 stall=0 redirect=0
[PASS] seq=crv_seq_8                              cyc=132 op=IDK_ILLEGAL            instr=0x03495ab3 pc=0x5fb4c4f0 valid=1 fault=0 wb_w=1 wb_rd=9 ex_r=0 ex_rd=16 -> reg_write=0 illegal=1 stall=0 redirect=0
[PASS] seq=crv_seq_8                              cyc=133 op=IDK_LEGAL_ALU          instr=0x01e2ddb3 pc=0x99575738 valid=1 fault=0 wb_w=0 wb_rd=14 ex_r=0 ex_rd=10 -> reg_write=1 illegal=0 stall=0 redirect=0
[PASS] seq=crv_seq_8                              cyc=134 op=IDK_LEGAL_ALU          instr=0x005719b3 pc=0x1a8f3c98 valid=1 fault=0 wb_w=0 wb_rd=22 ex_r=0 ex_rd=2 -> reg_write=1 illegal=0 stall=0 redirect=0
[PASS] seq=crv_seq_8                              cyc=135 op=IDK_HAZARD_X0_EXCLUDED instr=0xca751cc3 pc=0x3173e034 valid=1 fault=0 wb_w=1 wb_rd=1 ex_r=1 ex_rd=0 -> reg_write=0 illegal=1 stall=0 redirect=0
[PASS] seq=crv_seq_8                              cyc=136 op=IDK_RANDOM             instr=0x2d785d0c pc=0x9c6a0d0c valid=1 fault=1 wb_w=0 wb_rd=19 ex_r=0 ex_rd=21 -> reg_write=0 illegal=1 stall=0 redirect=0
[PASS] seq=crv_seq_8                              cyc=137 op=IDK_HAZARD_RS1         instr=0x32727434 pc=0x57024590 valid=1 fault=1 wb_w=0 wb_rd=5 ex_r=1 ex_rd=4 -> reg_write=0 illegal=1 stall=1 redirect=0
[PASS] seq=crv_seq_8                              cyc=138 op=IDK_RANDOM             instr=0xfba6242e pc=0xf03ae830 valid=1 fault=1 wb_w=0 wb_rd=12 ex_r=1 ex_rd=16 -> reg_write=0 illegal=1 stall=0 redirect=0
[PASS] seq=crv_seq_8                              cyc=139 op=IDK_RANDOM             instr=0x5ff6aea7 pc=0x657c9660 valid=1 fault=1 wb_w=0 wb_rd=22 ex_r=1 ex_rd=30 -> reg_write=0 illegal=1 stall=0 redirect=0
[PASS] seq=crv_seq_8                              cyc=140 op=IDK_HAZARD_RS2         instr=0xae56321e pc=0xc2c9b404 valid=1 fault=1 wb_w=1 wb_rd=13 ex_r=1 ex_rd=5 -> reg_write=0 illegal=1 stall=1 redirect=0
[PASS] seq=crv_seq_8                              cyc=141 op=IDK_BYPASS_BOTH        instr=0xafbdb807 pc=0xbe2283a0 valid=1 fault=0 wb_w=1 wb_rd=27 ex_r=1 ex_rd=30 -> reg_write=0 illegal=1 stall=0 redirect=0
[PASS] seq=crv_seq_8                              cyc=142 op=IDK_HAZARD_RS1         instr=0x556396b6 pc=0xc5f57e5c valid=1 fault=0 wb_w=0 wb_rd=30 ex_r=1 ex_rd=7 -> reg_write=0 illegal=1 stall=1 redirect=0
[PASS] seq=crv_seq_8                              cyc=143 op=IDK_HAZARD_BOTH        instr=0xe55a8a80 pc=0xfd089960 valid=1 fault=1 wb_w=1 wb_rd=25 ex_r=1 ex_rd=21 -> reg_write=0 illegal=1 stall=1 redirect=0
[PASS] seq=crv_seq_8                              cyc=144 op=IDK_ILLEGAL            instr=0x020bf3b3 pc=0xfbcbb09c valid=1 fault=1 wb_w=0 wb_rd=15 ex_r=0 ex_rd=25 -> reg_write=0 illegal=1 stall=0 redirect=0
[PASS] seq=crv_seq_8                              cyc=145 op=IDK_HAZARD_RS1         instr=0x4d851009 pc=0x7fa2d648 valid=1 fault=1 wb_w=1 wb_rd=16 ex_r=1 ex_rd=10 -> reg_write=0 illegal=1 stall=1 redirect=0
[PASS] seq=crv_seq_8                              cyc=146 op=IDK_LEGAL_ALU          instr=0x0071d933 pc=0x6d0ab248 valid=1 fault=1 wb_w=1 wb_rd=8 ex_r=1 ex_rd=12 -> reg_write=1 illegal=0 stall=0 redirect=0
[PASS] seq=crv_seq_8                              cyc=147 op=IDK_FORWARD_BRANCH     instr=0x15a79763 pc=0x606a0208 valid=1 fault=1 wb_w=0 wb_rd=24 ex_r=0 ex_rd=18 -> reg_write=0 illegal=0 stall=0 redirect=0
[PASS] seq=crv_seq_8                              cyc=148 op=IDK_LEGAL_ALU          instr=0x410cb833 pc=0xe9d31950 valid=1 fault=0 wb_w=0 wb_rd=27 ex_r=0 ex_rd=28 -> reg_write=1 illegal=0 stall=0 redirect=0
[PASS] seq=crv_seq_8                              cyc=149 op=IDK_RANDOM             instr=0xd0325c4a pc=0xcdd7158c valid=1 fault=1 wb_w=0 wb_rd=20 ex_r=1 ex_rd=1 -> reg_write=0 illegal=1 stall=0 redirect=0
[PASS] seq=crv_seq_8                              cyc=150 op=IDK_CSR_OP             instr=0xd20727f3 pc=0xccf71af8 valid=1 fault=1 wb_w=1 wb_rd=0 ex_r=1 ex_rd=6 -> reg_write=1 illegal=0 stall=0 redirect=0
[PASS] seq=crv_seq_8                              cyc=151 op=IDK_JAL                instr=0x867c126f pc=0x276530a4 valid=1 fault=0 wb_w=0 wb_rd=0 ex_r=1 ex_rd=26 -> reg_write=1 illegal=0 stall=0 redirect=1
[PASS] seq=crv_seq_8                              cyc=152 op=IDK_ILLEGAL            instr=0x0227e433 pc=0xc54bea48 valid=1 fault=1 wb_w=1 wb_rd=8 ex_r=0 ex_rd=25 -> reg_write=0 illegal=1 stall=0 redirect=0
[PASS] seq=crv_seq_8                              cyc=153 op=IDK_HAZARD_RS1         instr=0x6c1da275 pc=0xc6729fd4 valid=1 fault=0 wb_w=0 wb_rd=14 ex_r=1 ex_rd=27 -> reg_write=0 illegal=1 stall=1 redirect=0
[PASS] seq=crv_seq_8                              cyc=154 op=IDK_RANDOM             instr=0x4b90eac6 pc=0x62eccb00 valid=1 fault=1 wb_w=1 wb_rd=30 ex_r=1 ex_rd=16 -> reg_write=0 illegal=1 stall=0 redirect=0
[PASS] seq=crv_seq_8                              cyc=155 op=IDK_BYPASS_RS2         instr=0x1880b357 pc=0x52dd7d54 valid=1 fault=0 wb_w=1 wb_rd=8 ex_r=1 ex_rd=16 -> reg_write=0 illegal=1 stall=0 redirect=0
[PASS] seq=crv_seq_8                              cyc=156 op=IDK_JAL                instr=0xb4b7b9ef pc=0xa6f47658 valid=1 fault=1 wb_w=0 wb_rd=10 ex_r=0 ex_rd=25 -> reg_write=1 illegal=0 stall=0 redirect=1
[PASS] seq=crv_seq_8                              cyc=157 op=IDK_HAZARD_X0_EXCLUDED instr=0x6d7d7193 pc=0x9a0a2248 valid=1 fault=0 wb_w=0 wb_rd=26 ex_r=1 ex_rd=0 -> reg_write=1 illegal=0 stall=0 redirect=0
[PASS] seq=crv_seq_8                              cyc=158 op=IDK_RANDOM             instr=0x583ec5ce pc=0x8697d7c8 valid=1 fault=1 wb_w=0 wb_rd=5 ex_r=0 ex_rd=6 -> reg_write=0 illegal=1 stall=0 redirect=0
[PASS] seq=crv_seq_8                              cyc=159 op=IDK_BYPASS_RS1         instr=0x60d4a1c8 pc=0x454cf360 valid=1 fault=1 wb_w=1 wb_rd=9 ex_r=0 ex_rd=8 -> reg_write=0 illegal=1 stall=0 redirect=0
[PASS] seq=crv_seq_8                              cyc=160 op=IDK_RANDOM             instr=0x8b85ab7b pc=0xc89fa6e8 valid=1 fault=0 wb_w=1 wb_rd=4 ex_r=1 ex_rd=9 -> reg_write=0 illegal=1 stall=0 redirect=0
[PASS] seq=crv_seq_8                              cyc=161 op=IDK_BYPASS_BOTH        instr=0xebde80b7 pc=0xbefab5c4 valid=1 fault=0 wb_w=1 wb_rd=29 ex_r=0 ex_rd=4 -> reg_write=1 illegal=0 stall=0 redirect=0
[PASS] seq=crv_seq_8                              cyc=162 op=IDK_HAZARD_X0_EXCLUDED instr=0xe1c3ab58 pc=0x85878f40 valid=1 fault=0 wb_w=0 wb_rd=2 ex_r=1 ex_rd=0 -> reg_write=0 illegal=1 stall=0 redirect=0
[PASS] seq=crv_seq_8                              cyc=163 op=IDK_HAZARD_RS2         instr=0x8816fc57 pc=0x56192910 valid=1 fault=0 wb_w=1 wb_rd=3 ex_r=1 ex_rd=1 -> reg_write=0 illegal=1 stall=1 redirect=0
[PASS] seq=crv_seq_8                              cyc=164 op=IDK_BYPASS_RS1         instr=0x440a7015 pc=0x4bb6905c valid=1 fault=0 wb_w=1 wb_rd=20 ex_r=1 ex_rd=22 -> reg_write=0 illegal=1 stall=0 redirect=0
[PASS] seq=crv_seq_8                              cyc=165 op=IDK_HAZARD_X0_EXCLUDED instr=0x8f60a8e4 pc=0x1b9ed024 valid=1 fault=0 wb_w=0 wb_rd=18 ex_r=1 ex_rd=0 -> reg_write=0 illegal=1 stall=0 redirect=0
[PASS] seq=crv_seq_8                              cyc=166 op=IDK_FORWARD_BRANCH     instr=0x632699e3 pc=0xa7fc291c valid=1 fault=0 wb_w=1 wb_rd=11 ex_r=0 ex_rd=10 -> reg_write=0 illegal=0 stall=0 redirect=0
[PASS] seq=crv_seq_8                              cyc=167 op=IDK_LEGAL_ALU          instr=0x000c48b3 pc=0xb02f0994 valid=1 fault=1 wb_w=0 wb_rd=12 ex_r=0 ex_rd=30 -> reg_write=1 illegal=0 stall=0 redirect=0
[PASS] seq=crv_seq_8                              cyc=168 op=IDK_LEGAL_ALU          instr=0x40d9ca33 pc=0xb672089c valid=1 fault=0 wb_w=1 wb_rd=20 ex_r=1 ex_rd=23 -> reg_write=1 illegal=0 stall=0 redirect=0
[PASS] seq=crv_seq_8                              cyc=169 op=IDK_HAZARD_RS2         instr=0x00ef0a7a pc=0x065c9740 valid=1 fault=1 wb_w=0 wb_rd=22 ex_r=1 ex_rd=14 -> reg_write=0 illegal=1 stall=1 redirect=0
[PASS] seq=crv_seq_8                              cyc=170 op=IDK_HAZARD_BOTH        instr=0x4652e781 pc=0xd304b2a8 valid=1 fault=1 wb_w=1 wb_rd=29 ex_r=1 ex_rd=5 -> reg_write=0 illegal=1 stall=1 redirect=0
[PASS] seq=crv_seq_8                              cyc=171 op=IDK_ILLEGAL            instr=0x028759b3 pc=0x8f8e0bd8 valid=1 fault=0 wb_w=1 wb_rd=23 ex_r=1 ex_rd=28 -> reg_write=0 illegal=1 stall=0 redirect=0
[PASS] seq=crv_seq_8                              cyc=172 op=IDK_LEGAL_ALU          instr=0x009a4233 pc=0x4155dc64 valid=1 fault=0 wb_w=0 wb_rd=8 ex_r=0 ex_rd=24 -> reg_write=1 illegal=0 stall=0 redirect=0
[PASS] seq=crv_seq_8                              cyc=173 op=IDK_JAL                instr=0x627478ef pc=0xff0e3668 valid=1 fault=0 wb_w=1 wb_rd=22 ex_r=0 ex_rd=7 -> reg_write=1 illegal=0 stall=0 redirect=1
[PASS] seq=crv_seq_8                              cyc=174 op=IDK_HAZARD_X0_EXCLUDED instr=0x88023079 pc=0xfaa278ac valid=1 fault=0 wb_w=1 wb_rd=1 ex_r=1 ex_rd=0 -> reg_write=0 illegal=1 stall=0 redirect=0
[PASS] seq=crv_seq_8                              cyc=175 op=IDK_RANDOM             instr=0xc735a481 pc=0x8ab8fa5c valid=1 fault=1 wb_w=0 wb_rd=16 ex_r=0 ex_rd=11 -> reg_write=0 illegal=1 stall=0 redirect=0
[PASS] seq=crv_seq_8                              cyc=176 op=IDK_HAZARD_BOTH        instr=0x89ad7a64 pc=0x5c0392f4 valid=1 fault=0 wb_w=0 wb_rd=21 ex_r=1 ex_rd=26 -> reg_write=0 illegal=1 stall=1 redirect=0
[PASS] seq=crv_seq_8                              cyc=177 op=IDK_HAZARD_BOTH        instr=0x20a5540b pc=0x5c136c18 valid=1 fault=0 wb_w=0 wb_rd=14 ex_r=1 ex_rd=10 -> reg_write=0 illegal=0 stall=1 redirect=0
[PASS] seq=crv_seq_8                              cyc=178 op=IDK_JAL                instr=0x85be05ef pc=0xa47c745c valid=1 fault=0 wb_w=1 wb_rd=6 ex_r=1 ex_rd=16 -> reg_write=1 illegal=0 stall=0 redirect=1
[PASS] seq=crv_seq_8                              cyc=179 op=IDK_HAZARD_RS1         instr=0xfbde0e1e pc=0x2d57e0b8 valid=1 fault=0 wb_w=1 wb_rd=24 ex_r=1 ex_rd=28 -> reg_write=0 illegal=1 stall=1 redirect=0
[PASS] seq=crv_seq_8                              cyc=180 op=IDK_RANDOM             instr=0x7b940ade pc=0x4672ff50 valid=1 fault=1 wb_w=0 wb_rd=10 ex_r=0 ex_rd=5 -> reg_write=0 illegal=1 stall=0 redirect=0
[PASS] seq=crv_seq_8                              cyc=181 op=IDK_ILLEGAL            instr=0x027662b3 pc=0x40584bf8 valid=1 fault=1 wb_w=1 wb_rd=4 ex_r=1 ex_rd=17 -> reg_write=0 illegal=1 stall=0 redirect=0
[PASS] seq=crv_seq_8                              cyc=182 op=IDK_JAL                instr=0x6834b7ef pc=0x8dd123a0 valid=1 fault=1 wb_w=0 wb_rd=0 ex_r=0 ex_rd=21 -> reg_write=1 illegal=0 stall=0 redirect=1
[PASS] seq=crv_seq_8                              cyc=183 op=IDK_FORWARD_BRANCH     instr=0x5ecf0e63 pc=0xc09abdf4 valid=1 fault=1 wb_w=1 wb_rd=24 ex_r=1 ex_rd=24 -> reg_write=0 illegal=0 stall=0 redirect=0
[PASS] seq=crv_seq_8                              cyc=184 op=IDK_RANDOM             instr=0x4d126053 pc=0x3192f728 valid=1 fault=0 wb_w=1 wb_rd=19 ex_r=1 ex_rd=12 -> reg_write=0 illegal=1 stall=0 redirect=0
[PASS] seq=crv_seq_8                              cyc=185 op=IDK_RANDOM             instr=0x4d21317e pc=0xda2b9190 valid=1 fault=1 wb_w=1 wb_rd=15 ex_r=0 ex_rd=2 -> reg_write=0 illegal=1 stall=0 redirect=0
[PASS] seq=crv_seq_8                              cyc=186 op=IDK_HAZARD_RS2         instr=0xea65228a pc=0x026ab9d8 valid=1 fault=0 wb_w=1 wb_rd=22 ex_r=1 ex_rd=6 -> reg_write=0 illegal=1 stall=1 redirect=0
[PASS] seq=crv_seq_8                              cyc=187 op=IDK_HAZARD_RS1         instr=0x1ece96a3 pc=0x31cd41b8 valid=1 fault=1 wb_w=1 wb_rd=23 ex_r=1 ex_rd=29 -> reg_write=0 illegal=0 stall=1 redirect=0
[PASS] seq=crv_seq_8                              cyc=188 op=IDK_HAZARD_RS1         instr=0xa00ca2b0 pc=0x8d74d9ac valid=1 fault=1 wb_w=0 wb_rd=24 ex_r=1 ex_rd=25 -> reg_write=0 illegal=1 stall=1 redirect=0
[PASS] seq=crv_seq_8                              cyc=189 op=IDK_JAL                instr=0x025f5a6f pc=0xee2a6f7c valid=1 fault=0 wb_w=0 wb_rd=27 ex_r=1 ex_rd=28 -> reg_write=1 illegal=0 stall=0 redirect=1
[PASS] seq=crv_seq_8                              cyc=190 op=IDK_JAL                instr=0x4f5fc56f pc=0x4623f9a0 valid=1 fault=1 wb_w=0 wb_rd=24 ex_r=1 ex_rd=23 -> reg_write=1 illegal=0 stall=0 redirect=1
[PASS] seq=crv_seq_8                              cyc=191 op=IDK_HAZARD_RS2         instr=0xda74b6fd pc=0x4ddd52d8 valid=1 fault=1 wb_w=0 wb_rd=29 ex_r=1 ex_rd=7 -> reg_write=0 illegal=1 stall=1 redirect=0
[PASS] seq=crv_seq_8                              cyc=192 op=IDK_HAZARD_X0_EXCLUDED instr=0x05cd8eed pc=0xfd75c970 valid=1 fault=0 wb_w=1 wb_rd=24 ex_r=1 ex_rd=0 -> reg_write=0 illegal=1 stall=0 redirect=0
[PASS] seq=crv_seq_8                              cyc=193 op=IDK_FORWARD_BRANCH     instr=0x77d8b263 pc=0x77734f48 valid=1 fault=0 wb_w=1 wb_rd=18 ex_r=0 ex_rd=5 -> reg_write=0 illegal=0 stall=0 redirect=0
[PASS] seq=crv_seq_8                              cyc=194 op=IDK_ILLEGAL            instr=0x0350c333 pc=0xfadf2874 valid=1 fault=1 wb_w=0 wb_rd=6 ex_r=0 ex_rd=13 -> reg_write=0 illegal=1 stall=0 redirect=0
[PASS] seq=crv_seq_8                              cyc=195 op=IDK_CSR_OP             instr=0x500d51f3 pc=0x8bc8e7f0 valid=1 fault=1 wb_w=1 wb_rd=4 ex_r=0 ex_rd=25 -> reg_write=1 illegal=0 stall=0 redirect=0
[PASS] seq=crv_seq_8                              cyc=196 op=IDK_FORWARD_BRANCH     instr=0x5c42c3e3 pc=0xfe4c3c2c valid=1 fault=1 wb_w=1 wb_rd=22 ex_r=0 ex_rd=29 -> reg_write=0 illegal=0 stall=0 redirect=0
[PASS] seq=crv_seq_8                              cyc=197 op=IDK_JALR               instr=0x4e09e567 pc=0xfb8b95c4 valid=1 fault=1 wb_w=0 wb_rd=22 ex_r=0 ex_rd=19 -> reg_write=1 illegal=0 stall=0 redirect=0
[PASS] seq=crv_seq_8                              cyc=198 op=IDK_JALR               instr=0x40c092e7 pc=0xe65d0f44 valid=1 fault=1 wb_w=1 wb_rd=1 ex_r=1 ex_rd=13 -> reg_write=1 illegal=0 stall=0 redirect=0
[PASS] seq=crv_seq_8                              cyc=199 op=IDK_LEGAL_ALU          instr=0x407448b3 pc=0xdf8af1c4 valid=1 fault=0 wb_w=1 wb_rd=16 ex_r=0 ex_rd=3 -> reg_write=1 illegal=0 stall=0 redirect=0
[PASS] seq=crv_seq_9                              cyc=0 op=IDK_HAZARD_RS1         instr=0x1a03c2a2 pc=0x66adfc20 valid=1 fault=0 wb_w=0 wb_rd=11 ex_r=1 ex_rd=7 -> reg_write=0 illegal=1 stall=1 redirect=0
[PASS] seq=crv_seq_9                              cyc=1 op=IDK_RANDOM             instr=0xb3a2780e pc=0x46ae49d0 valid=1 fault=0 wb_w=0 wb_rd=3 ex_r=1 ex_rd=9 -> reg_write=0 illegal=1 stall=0 redirect=0
[PASS] seq=crv_seq_9                              cyc=2 op=IDK_BYPASS_RS2         instr=0x6c30c5f6 pc=0x7123e924 valid=1 fault=1 wb_w=1 wb_rd=3 ex_r=0 ex_rd=30 -> reg_write=0 illegal=1 stall=0 redirect=0
[PASS] seq=crv_seq_9                              cyc=3 op=IDK_RANDOM             instr=0xcfc3158b pc=0xcdb8cc40 valid=1 fault=0 wb_w=0 wb_rd=15 ex_r=0 ex_rd=5 -> reg_write=0 illegal=0 stall=0 redirect=0
[PASS] seq=crv_seq_9                              cyc=4 op=IDK_BACKWARD_BRANCH    instr=0x9df1bd63 pc=0xe5e6658c valid=1 fault=0 wb_w=1 wb_rd=12 ex_r=1 ex_rd=2 -> reg_write=0 illegal=0 stall=0 redirect=1
[PASS] seq=crv_seq_9                              cyc=5 op=IDK_RANDOM             instr=0x8b99e72b pc=0xe9cef3cc valid=1 fault=1 wb_w=1 wb_rd=19 ex_r=0 ex_rd=4 -> reg_write=0 illegal=1 stall=0 redirect=0
[PASS] seq=crv_seq_9                              cyc=6 op=IDK_CSR_OP             instr=0x5fb13ff3 pc=0xf0fc6c30 valid=1 fault=0 wb_w=1 wb_rd=20 ex_r=0 ex_rd=29 -> reg_write=1 illegal=0 stall=0 redirect=0
[PASS] seq=crv_seq_9                              cyc=7 op=IDK_HAZARD_RS2         instr=0x1650b2ef pc=0x6d94d0b4 valid=1 fault=0 wb_w=1 wb_rd=8 ex_r=1 ex_rd=5 -> reg_write=1 illegal=0 stall=1 redirect=1
[PASS] seq=crv_seq_9                              cyc=8 op=IDK_ILLEGAL            instr=0x02d4d8b3 pc=0x86b7e5e4 valid=1 fault=1 wb_w=1 wb_rd=17 ex_r=1 ex_rd=21 -> reg_write=0 illegal=1 stall=0 redirect=0
[PASS] seq=crv_seq_9                              cyc=9 op=IDK_ILLEGAL            instr=0x0309c0b3 pc=0xbd26b5cc valid=1 fault=0 wb_w=1 wb_rd=11 ex_r=1 ex_rd=18 -> reg_write=0 illegal=1 stall=0 redirect=0
[PASS] seq=crv_seq_9                              cyc=10 op=IDK_BYPASS_RS1         instr=0x81009093 pc=0x74b55ec4 valid=1 fault=0 wb_w=1 wb_rd=1 ex_r=1 ex_rd=5 -> reg_write=1 illegal=0 stall=0 redirect=0
[PASS] seq=crv_seq_9                              cyc=11 op=IDK_BYPASS_RS1         instr=0x8cdd1e48 pc=0xdf98b934 valid=1 fault=0 wb_w=1 wb_rd=26 ex_r=0 ex_rd=27 -> reg_write=0 illegal=1 stall=0 redirect=0
[PASS] seq=crv_seq_9                              cyc=12 op=IDK_BYPASS_RS1         instr=0x79bce35b pc=0xd11b85e4 valid=1 fault=1 wb_w=1 wb_rd=25 ex_r=1 ex_rd=6 -> reg_write=0 illegal=1 stall=0 redirect=0
[PASS] seq=crv_seq_9                              cyc=13 op=IDK_HAZARD_BOTH        instr=0x9d9cf26b pc=0x9e911e7c valid=1 fault=0 wb_w=0 wb_rd=18 ex_r=1 ex_rd=25 -> reg_write=0 illegal=1 stall=1 redirect=0
[PASS] seq=crv_seq_9                              cyc=14 op=IDK_JALR               instr=0xdaec0867 pc=0xf2c66dc8 valid=1 fault=1 wb_w=0 wb_rd=16 ex_r=0 ex_rd=22 -> reg_write=1 illegal=0 stall=0 redirect=0
[PASS] seq=crv_seq_9                              cyc=15 op=IDK_HAZARD_RS2         instr=0xc350cfd0 pc=0xdbfda06c valid=1 fault=0 wb_w=0 wb_rd=12 ex_r=1 ex_rd=21 -> reg_write=0 illegal=1 stall=1 redirect=0
[PASS] seq=crv_seq_9                              cyc=16 op=IDK_BACKWARD_BRANCH    instr=0xd2723c63 pc=0x910b7aa4 valid=1 fault=1 wb_w=0 wb_rd=16 ex_r=1 ex_rd=6 -> reg_write=0 illegal=0 stall=0 redirect=1
[PASS] seq=crv_seq_9                              cyc=17 op=IDK_HAZARD_RS1         instr=0xe59d0c28 pc=0xc4e4737c valid=1 fault=1 wb_w=0 wb_rd=28 ex_r=1 ex_rd=26 -> reg_write=0 illegal=1 stall=1 redirect=0
[PASS] seq=crv_seq_9                              cyc=18 op=IDK_FORWARD_BRANCH     instr=0x342edde3 pc=0x1dd27aac valid=1 fault=1 wb_w=0 wb_rd=29 ex_r=1 ex_rd=10 -> reg_write=0 illegal=0 stall=0 redirect=0
[PASS] seq=crv_seq_9                              cyc=19 op=IDK_JALR               instr=0x2e5c7d67 pc=0x0ca0c5ec valid=1 fault=0 wb_w=1 wb_rd=20 ex_r=0 ex_rd=0 -> reg_write=1 illegal=0 stall=0 redirect=0
[PASS] seq=crv_seq_9                              cyc=20 op=IDK_BYPASS_RS2         instr=0x309605f3 pc=0x24e9f144 valid=1 fault=0 wb_w=1 wb_rd=9 ex_r=1 ex_rd=17 -> reg_write=0 illegal=0 stall=0 redirect=0
[PASS] seq=crv_seq_9                              cyc=21 op=IDK_LEGAL_ALU          instr=0x01a212b3 pc=0x3aab0808 valid=1 fault=0 wb_w=0 wb_rd=20 ex_r=1 ex_rd=28 -> reg_write=1 illegal=0 stall=0 redirect=0
[PASS] seq=crv_seq_9                              cyc=22 op=IDK_ILLEGAL            instr=0x03ee7033 pc=0x1c7d3a5c valid=1 fault=1 wb_w=1 wb_rd=4 ex_r=0 ex_rd=10 -> reg_write=0 illegal=1 stall=0 redirect=0
[PASS] seq=crv_seq_9                              cyc=23 op=IDK_BYPASS_RS1         instr=0xf44cc1b0 pc=0x1f257adc valid=1 fault=1 wb_w=1 wb_rd=25 ex_r=1 ex_rd=14 -> reg_write=0 illegal=1 stall=0 redirect=0
[PASS] seq=crv_seq_9                              cyc=24 op=IDK_HAZARD_BOTH        instr=0xfab5e6ff pc=0x25d4af1c valid=1 fault=0 wb_w=1 wb_rd=31 ex_r=1 ex_rd=11 -> reg_write=0 illegal=1 stall=1 redirect=0
[PASS] seq=crv_seq_9                              cyc=25 op=IDK_HAZARD_BOTH        instr=0x30c62ea5 pc=0xc67a28e8 valid=1 fault=0 wb_w=0 wb_rd=5 ex_r=1 ex_rd=12 -> reg_write=0 illegal=1 stall=1 redirect=0
[PASS] seq=crv_seq_9                              cyc=26 op=IDK_HAZARD_BOTH        instr=0x92b5b704 pc=0x6b4cc464 valid=1 fault=0 wb_w=1 wb_rd=4 ex_r=1 ex_rd=11 -> reg_write=0 illegal=1 stall=1 redirect=0
[PASS] seq=crv_seq_9                              cyc=27 op=IDK_BYPASS_BOTH        instr=0xa95a9aaa pc=0xddc9dbe4 valid=1 fault=1 wb_w=1 wb_rd=21 ex_r=1 ex_rd=13 -> reg_write=0 illegal=1 stall=0 redirect=0
[PASS] seq=crv_seq_9                              cyc=28 op=IDK_BACKWARD_BRANCH    instr=0xdf7a3463 pc=0xd5545068 valid=1 fault=1 wb_w=1 wb_rd=23 ex_r=1 ex_rd=0 -> reg_write=0 illegal=0 stall=0 redirect=1
[PASS] seq=crv_seq_9                              cyc=29 op=IDK_RANDOM             instr=0x3bccfd9a pc=0x8482b780 valid=1 fault=1 wb_w=1 wb_rd=24 ex_r=0 ex_rd=9 -> reg_write=0 illegal=1 stall=0 redirect=0
[PASS] seq=crv_seq_9                              cyc=30 op=IDK_JAL                instr=0x5434a16f pc=0x52fb0690 valid=1 fault=0 wb_w=0 wb_rd=1 ex_r=1 ex_rd=3 -> reg_write=1 illegal=0 stall=1 redirect=1
[PASS] seq=crv_seq_9                              cyc=31 op=IDK_HAZARD_BOTH        instr=0x5ef7c5af pc=0x9d1ba254 valid=1 fault=0 wb_w=0 wb_rd=1 ex_r=1 ex_rd=15 -> reg_write=0 illegal=1 stall=1 redirect=0
[PASS] seq=crv_seq_9                              cyc=32 op=IDK_ILLEGAL            instr=0x02344a33 pc=0x7d3f89dc valid=1 fault=0 wb_w=1 wb_rd=26 ex_r=0 ex_rd=12 -> reg_write=0 illegal=1 stall=0 redirect=0
[PASS] seq=crv_seq_9                              cyc=33 op=IDK_LEGAL_ALU          instr=0x4149feb3 pc=0xe3e1c958 valid=1 fault=1 wb_w=1 wb_rd=20 ex_r=0 ex_rd=26 -> reg_write=1 illegal=0 stall=0 redirect=0
[PASS] seq=crv_seq_9                              cyc=34 op=IDK_HAZARD_RS1         instr=0x3bb3bd5d pc=0x021f5720 valid=1 fault=1 wb_w=1 wb_rd=1 ex_r=1 ex_rd=7 -> reg_write=0 illegal=1 stall=1 redirect=0
[PASS] seq=crv_seq_9                              cyc=35 op=IDK_HAZARD_RS1         instr=0x762a077d pc=0x7d87cb50 valid=1 fault=1 wb_w=0 wb_rd=13 ex_r=1 ex_rd=20 -> reg_write=0 illegal=1 stall=1 redirect=0
[PASS] seq=crv_seq_9                              cyc=36 op=IDK_BYPASS_RS2         instr=0x48401798 pc=0x048fa38c valid=1 fault=0 wb_w=1 wb_rd=4 ex_r=0 ex_rd=7 -> reg_write=0 illegal=1 stall=0 redirect=0
[PASS] seq=crv_seq_9                              cyc=37 op=IDK_LEGAL_ALU          instr=0x4199d133 pc=0x672ca894 valid=1 fault=0 wb_w=0 wb_rd=21 ex_r=1 ex_rd=8 -> reg_write=1 illegal=0 stall=0 redirect=0
[PASS] seq=crv_seq_9                              cyc=38 op=IDK_BYPASS_RS1         instr=0x6cf0c72e pc=0xb621a6b8 valid=1 fault=1 wb_w=1 wb_rd=1 ex_r=0 ex_rd=6 -> reg_write=0 illegal=1 stall=0 redirect=0
[PASS] seq=crv_seq_9                              cyc=39 op=IDK_HAZARD_X0_EXCLUDED instr=0x77a5042a pc=0x2d7d9700 valid=1 fault=0 wb_w=0 wb_rd=20 ex_r=1 ex_rd=0 -> reg_write=0 illegal=1 stall=0 redirect=0
[PASS] seq=crv_seq_9                              cyc=40 op=IDK_RANDOM             instr=0x5bf248c0 pc=0xce85e754 valid=1 fault=0 wb_w=0 wb_rd=4 ex_r=1 ex_rd=8 -> reg_write=0 illegal=1 stall=0 redirect=0
[PASS] seq=crv_seq_9                              cyc=41 op=IDK_HAZARD_RS1         instr=0x6cab0aa0 pc=0xd097f93c valid=1 fault=1 wb_w=0 wb_rd=31 ex_r=1 ex_rd=22 -> reg_write=0 illegal=1 stall=1 redirect=0
[PASS] seq=crv_seq_9                              cyc=42 op=IDK_BACKWARD_BRANCH    instr=0xb7c4d9e3 pc=0x30eb7c5c valid=1 fault=1 wb_w=1 wb_rd=0 ex_r=0 ex_rd=29 -> reg_write=0 illegal=0 stall=0 redirect=1
[PASS] seq=crv_seq_9                              cyc=43 op=IDK_BYPASS_RS2         instr=0x557b6586 pc=0x9f2e147c valid=1 fault=1 wb_w=1 wb_rd=23 ex_r=0 ex_rd=1 -> reg_write=0 illegal=1 stall=0 redirect=0
[PASS] seq=crv_seq_9                              cyc=44 op=IDK_BYPASS_RS2         instr=0xaa847e5c pc=0x2e82865c valid=1 fault=1 wb_w=1 wb_rd=8 ex_r=1 ex_rd=13 -> reg_write=0 illegal=1 stall=0 redirect=0
[PASS] seq=crv_seq_9                              cyc=45 op=IDK_HAZARD_BOTH        instr=0x702120d1 pc=0x210c8a84 valid=1 fault=1 wb_w=1 wb_rd=26 ex_r=1 ex_rd=2 -> reg_write=0 illegal=1 stall=1 redirect=0
[PASS] seq=crv_seq_9                              cyc=46 op=IDK_FORWARD_BRANCH     instr=0x727c9ce3 pc=0x94bd15e0 valid=1 fault=0 wb_w=0 wb_rd=18 ex_r=1 ex_rd=4 -> reg_write=0 illegal=0 stall=0 redirect=0
[PASS] seq=crv_seq_9                              cyc=47 op=IDK_CSR_OP             instr=0xb0743df3 pc=0x15836268 valid=1 fault=0 wb_w=1 wb_rd=30 ex_r=1 ex_rd=18 -> reg_write=1 illegal=0 stall=0 redirect=0
[PASS] seq=crv_seq_9                              cyc=48 op=IDK_CSR_OP             instr=0x367730f3 pc=0x0d63d258 valid=1 fault=0 wb_w=1 wb_rd=10 ex_r=1 ex_rd=9 -> reg_write=1 illegal=0 stall=0 redirect=0
[PASS] seq=crv_seq_9                              cyc=49 op=IDK_LEGAL_ALU          instr=0x40db6ab3 pc=0x165c0d48 valid=1 fault=1 wb_w=0 wb_rd=5 ex_r=1 ex_rd=21 -> reg_write=1 illegal=0 stall=0 redirect=0
[PASS] seq=crv_seq_9                              cyc=50 op=IDK_FORWARD_BRANCH     instr=0x1e353de3 pc=0xb01d3d5c valid=1 fault=0 wb_w=0 wb_rd=9 ex_r=1 ex_rd=27 -> reg_write=0 illegal=0 stall=0 redirect=0
[PASS] seq=crv_seq_9                              cyc=51 op=IDK_FORWARD_BRANCH     instr=0x7d3dece3 pc=0x24f38044 valid=1 fault=0 wb_w=1 wb_rd=6 ex_r=1 ex_rd=6 -> reg_write=0 illegal=0 stall=0 redirect=0
[PASS] seq=crv_seq_9                              cyc=52 op=IDK_LEGAL_ALU          instr=0x407286b3 pc=0x17f40584 valid=1 fault=1 wb_w=1 wb_rd=4 ex_r=1 ex_rd=6 -> reg_write=1 illegal=0 stall=0 redirect=0
[PASS] seq=crv_seq_9                              cyc=53 op=IDK_LEGAL_ALU          instr=0x4140ea33 pc=0x8564d178 valid=1 fault=0 wb_w=1 wb_rd=30 ex_r=1 ex_rd=31 -> reg_write=1 illegal=0 stall=0 redirect=0
[PASS] seq=crv_seq_9                              cyc=54 op=IDK_BYPASS_RS1         instr=0x4b36470e pc=0x41750c44 valid=1 fault=0 wb_w=1 wb_rd=12 ex_r=1 ex_rd=3 -> reg_write=0 illegal=1 stall=0 redirect=0
[PASS] seq=crv_seq_9                              cyc=55 op=IDK_BYPASS_RS1         instr=0x00eafb1a pc=0x5cbfedc8 valid=1 fault=1 wb_w=1 wb_rd=21 ex_r=0 ex_rd=13 -> reg_write=0 illegal=1 stall=0 redirect=0
[PASS] seq=crv_seq_9                              cyc=56 op=IDK_BYPASS_RS2         instr=0x12d67c61 pc=0x194cd438 valid=1 fault=0 wb_w=1 wb_rd=13 ex_r=0 ex_rd=17 -> reg_write=0 illegal=1 stall=0 redirect=0
[PASS] seq=crv_seq_9                              cyc=57 op=IDK_ILLEGAL            instr=0x0229ceb3 pc=0xfd1fe018 valid=1 fault=1 wb_w=1 wb_rd=15 ex_r=0 ex_rd=31 -> reg_write=0 illegal=1 stall=0 redirect=0
[PASS] seq=crv_seq_9                              cyc=58 op=IDK_RANDOM             instr=0x67386d1c pc=0x10c87b58 valid=1 fault=0 wb_w=1 wb_rd=14 ex_r=0 ex_rd=1 -> reg_write=0 illegal=1 stall=0 redirect=0
[PASS] seq=crv_seq_9                              cyc=59 op=IDK_RANDOM             instr=0xb772f87f pc=0x24fd9b6c valid=1 fault=0 wb_w=0 wb_rd=21 ex_r=1 ex_rd=29 -> reg_write=0 illegal=1 stall=0 redirect=0
[PASS] seq=crv_seq_9                              cyc=60 op=IDK_RANDOM             instr=0x221c7d14 pc=0x9ef42b78 valid=1 fault=0 wb_w=1 wb_rd=19 ex_r=0 ex_rd=17 -> reg_write=0 illegal=1 stall=0 redirect=0
[PASS] seq=crv_seq_9                              cyc=61 op=IDK_HAZARD_RS2         instr=0x0b806c70 pc=0xa621c82c valid=1 fault=0 wb_w=1 wb_rd=16 ex_r=1 ex_rd=24 -> reg_write=0 illegal=1 stall=1 redirect=0
[PASS] seq=crv_seq_9                              cyc=62 op=IDK_RANDOM             instr=0x1efef22a pc=0x8f9db70c valid=1 fault=1 wb_w=1 wb_rd=6 ex_r=1 ex_rd=9 -> reg_write=0 illegal=1 stall=0 redirect=0
[PASS] seq=crv_seq_9                              cyc=63 op=IDK_LEGAL_ALU          instr=0x01e50c33 pc=0xf4d702b8 valid=1 fault=1 wb_w=1 wb_rd=10 ex_r=1 ex_rd=31 -> reg_write=1 illegal=0 stall=0 redirect=0
[PASS] seq=crv_seq_9                              cyc=64 op=IDK_RANDOM             instr=0x4b52a1c6 pc=0xfbca0060 valid=1 fault=1 wb_w=0 wb_rd=7 ex_r=1 ex_rd=8 -> reg_write=0 illegal=1 stall=0 redirect=0
[PASS] seq=crv_seq_9                              cyc=65 op=IDK_JALR               instr=0x5e4e5e67 pc=0x4c271bc0 valid=1 fault=0 wb_w=1 wb_rd=18 ex_r=0 ex_rd=21 -> reg_write=1 illegal=0 stall=0 redirect=0
[PASS] seq=crv_seq_9                              cyc=66 op=IDK_HAZARD_X0_EXCLUDED instr=0xe858b570 pc=0x5d8e5100 valid=1 fault=0 wb_w=1 wb_rd=30 ex_r=1 ex_rd=0 -> reg_write=0 illegal=1 stall=0 redirect=0
[PASS] seq=crv_seq_9                              cyc=67 op=IDK_ILLEGAL            instr=0x03f5fab3 pc=0x6555e360 valid=1 fault=1 wb_w=1 wb_rd=30 ex_r=1 ex_rd=16 -> reg_write=0 illegal=1 stall=0 redirect=0
[PASS] seq=crv_seq_9                              cyc=68 op=IDK_JALR               instr=0x1a69d4e7 pc=0x3358e144 valid=1 fault=0 wb_w=1 wb_rd=15 ex_r=1 ex_rd=5 -> reg_write=1 illegal=0 stall=0 redirect=0
[PASS] seq=crv_seq_9                              cyc=69 op=IDK_RANDOM             instr=0x9e02077a pc=0x31bf818c valid=1 fault=1 wb_w=1 wb_rd=9 ex_r=0 ex_rd=12 -> reg_write=0 illegal=1 stall=0 redirect=0
[PASS] seq=crv_seq_9                              cyc=70 op=IDK_HAZARD_BOTH        instr=0x25ef372b pc=0x6e4d01bc valid=1 fault=0 wb_w=1 wb_rd=16 ex_r=1 ex_rd=30 -> reg_write=0 illegal=1 stall=1 redirect=0
[PASS] seq=crv_seq_9                              cyc=71 op=IDK_BYPASS_RS1         instr=0xce19e31a pc=0xea1f8f90 valid=1 fault=1 wb_w=1 wb_rd=19 ex_r=0 ex_rd=26 -> reg_write=0 illegal=1 stall=0 redirect=0
[PASS] seq=crv_seq_9                              cyc=72 op=IDK_JAL                instr=0x1ff0786f pc=0xe0c32cfc valid=1 fault=1 wb_w=1 wb_rd=11 ex_r=1 ex_rd=17 -> reg_write=1 illegal=0 stall=0 redirect=1
[PASS] seq=crv_seq_9                              cyc=73 op=IDK_BYPASS_RS1         instr=0xa3bf5023 pc=0x8518c678 valid=1 fault=0 wb_w=1 wb_rd=30 ex_r=1 ex_rd=16 -> reg_write=0 illegal=0 stall=0 redirect=0
[PASS] seq=crv_seq_9                              cyc=74 op=IDK_BYPASS_BOTH        instr=0xa6a526a1 pc=0xcd0cbc54 valid=1 fault=0 wb_w=1 wb_rd=10 ex_r=1 ex_rd=22 -> reg_write=0 illegal=1 stall=0 redirect=0
[PASS] seq=crv_seq_9                              cyc=75 op=IDK_JAL                instr=0xd398386f pc=0xf64778ac valid=1 fault=1 wb_w=0 wb_rd=23 ex_r=1 ex_rd=26 -> reg_write=1 illegal=0 stall=0 redirect=1
[PASS] seq=crv_seq_9                              cyc=76 op=IDK_ILLEGAL            instr=0x0258c233 pc=0xc71f9f9c valid=1 fault=1 wb_w=1 wb_rd=18 ex_r=1 ex_rd=30 -> reg_write=0 illegal=1 stall=0 redirect=0
[PASS] seq=crv_seq_9                              cyc=77 op=IDK_RANDOM             instr=0x4467814b pc=0xefd143a4 valid=1 fault=1 wb_w=1 wb_rd=0 ex_r=1 ex_rd=21 -> reg_write=0 illegal=1 stall=0 redirect=0
[PASS] seq=crv_seq_9                              cyc=78 op=IDK_BYPASS_BOTH        instr=0x24b5d167 pc=0x653bc330 valid=1 fault=1 wb_w=1 wb_rd=11 ex_r=1 ex_rd=1 -> reg_write=1 illegal=0 stall=0 redirect=0
[PASS] seq=crv_seq_9                              cyc=79 op=IDK_HAZARD_X0_EXCLUDED instr=0x063b1d96 pc=0x5b81a0e0 valid=1 fault=1 wb_w=0 wb_rd=7 ex_r=1 ex_rd=0 -> reg_write=0 illegal=1 stall=0 redirect=0
[PASS] seq=crv_seq_9                              cyc=80 op=IDK_HAZARD_BOTH        instr=0xb9297f9c pc=0xb891b128 valid=1 fault=0 wb_w=1 wb_rd=22 ex_r=1 ex_rd=18 -> reg_write=0 illegal=1 stall=1 redirect=0
[PASS] seq=crv_seq_9                              cyc=81 op=IDK_BYPASS_RS1         instr=0xa3847c8c pc=0x3a5bdb84 valid=1 fault=1 wb_w=1 wb_rd=8 ex_r=1 ex_rd=20 -> reg_write=0 illegal=1 stall=0 redirect=0
[PASS] seq=crv_seq_9                              cyc=82 op=IDK_RANDOM             instr=0x9a6643f5 pc=0x57432040 valid=1 fault=0 wb_w=1 wb_rd=18 ex_r=1 ex_rd=13 -> reg_write=0 illegal=1 stall=0 redirect=0
[PASS] seq=crv_seq_9                              cyc=83 op=IDK_LEGAL_ALU          instr=0x01888d33 pc=0x50734024 valid=1 fault=0 wb_w=0 wb_rd=26 ex_r=1 ex_rd=16 -> reg_write=1 illegal=0 stall=0 redirect=0
[PASS] seq=crv_seq_9                              cyc=84 op=IDK_HAZARD_BOTH        instr=0xb39c8dd3 pc=0x11b08638 valid=1 fault=1 wb_w=0 wb_rd=2 ex_r=1 ex_rd=25 -> reg_write=0 illegal=1 stall=1 redirect=0
[PASS] seq=crv_seq_9                              cyc=85 op=IDK_LEGAL_ALU          instr=0x4128ecb3 pc=0xa1dbbe24 valid=1 fault=1 wb_w=0 wb_rd=12 ex_r=1 ex_rd=22 -> reg_write=1 illegal=0 stall=0 redirect=0
[PASS] seq=crv_seq_9                              cyc=86 op=IDK_BYPASS_RS1         instr=0x67c1bc07 pc=0x2fcd4da8 valid=1 fault=1 wb_w=1 wb_rd=3 ex_r=0 ex_rd=26 -> reg_write=0 illegal=1 stall=0 redirect=0
[PASS] seq=crv_seq_9                              cyc=87 op=IDK_FORWARD_BRANCH     instr=0x0fccc2e3 pc=0xff703c24 valid=1 fault=0 wb_w=1 wb_rd=7 ex_r=1 ex_rd=6 -> reg_write=0 illegal=0 stall=0 redirect=0
[PASS] seq=crv_seq_9                              cyc=88 op=IDK_BACKWARD_BRANCH    instr=0x824d7be3 pc=0xba23622c valid=1 fault=1 wb_w=1 wb_rd=26 ex_r=0 ex_rd=30 -> reg_write=0 illegal=0 stall=0 redirect=1
[PASS] seq=crv_seq_9                              cyc=89 op=IDK_LEGAL_ALU          instr=0x00b15eb3 pc=0xada611b8 valid=1 fault=1 wb_w=1 wb_rd=30 ex_r=0 ex_rd=9 -> reg_write=1 illegal=0 stall=0 redirect=0
[PASS] seq=crv_seq_9                              cyc=90 op=IDK_BYPASS_BOTH        instr=0x6d39940a pc=0x8a5b072c valid=1 fault=1 wb_w=1 wb_rd=19 ex_r=1 ex_rd=30 -> reg_write=0 illegal=1 stall=0 redirect=0
[PASS] seq=crv_seq_9                              cyc=91 op=IDK_HAZARD_BOTH        instr=0x79ad6fb9 pc=0x73704f60 valid=1 fault=1 wb_w=1 wb_rd=16 ex_r=1 ex_rd=26 -> reg_write=0 illegal=1 stall=1 redirect=0
[PASS] seq=crv_seq_9                              cyc=92 op=IDK_BYPASS_RS2         instr=0x6387f6bc pc=0x183bd448 valid=1 fault=1 wb_w=1 wb_rd=24 ex_r=0 ex_rd=27 -> reg_write=0 illegal=1 stall=0 redirect=0
[PASS] seq=crv_seq_9                              cyc=93 op=IDK_LEGAL_ALU          instr=0x002de5b3 pc=0x90676f48 valid=1 fault=0 wb_w=0 wb_rd=21 ex_r=1 ex_rd=0 -> reg_write=1 illegal=0 stall=0 redirect=0
[PASS] seq=crv_seq_9                              cyc=94 op=IDK_BYPASS_RS2         instr=0x65ed01b3 pc=0x62fa0f74 valid=1 fault=1 wb_w=1 wb_rd=30 ex_r=0 ex_rd=7 -> reg_write=0 illegal=1 stall=0 redirect=0
[PASS] seq=crv_seq_9                              cyc=95 op=IDK_HAZARD_RS1         instr=0xc80deb5a pc=0x085ea580 valid=1 fault=0 wb_w=1 wb_rd=30 ex_r=1 ex_rd=27 -> reg_write=0 illegal=1 stall=1 redirect=0
[PASS] seq=crv_seq_9                              cyc=96 op=IDK_CSR_OP             instr=0x7a55a7f3 pc=0xfeb779ac valid=1 fault=0 wb_w=0 wb_rd=4 ex_r=0 ex_rd=1 -> reg_write=1 illegal=0 stall=0 redirect=0
[PASS] seq=crv_seq_9                              cyc=97 op=IDK_LEGAL_ALU          instr=0x413f6db3 pc=0xdacb9f40 valid=1 fault=1 wb_w=1 wb_rd=8 ex_r=1 ex_rd=19 -> reg_write=1 illegal=0 stall=1 redirect=0
[PASS] seq=crv_seq_9                              cyc=98 op=IDK_HAZARD_X0_EXCLUDED instr=0xcac2ee12 pc=0x824ba89c valid=1 fault=1 wb_w=1 wb_rd=12 ex_r=1 ex_rd=0 -> reg_write=0 illegal=1 stall=0 redirect=0
[PASS] seq=crv_seq_9                              cyc=99 op=IDK_CSR_OP             instr=0x62fa6ef3 pc=0xa4a0ccec valid=1 fault=1 wb_w=1 wb_rd=26 ex_r=0 ex_rd=29 -> reg_write=1 illegal=0 stall=0 redirect=0
[PASS] seq=crv_seq_9                              cyc=100 op=IDK_LEGAL_ALU          instr=0x01767833 pc=0x877abaa8 valid=1 fault=0 wb_w=1 wb_rd=12 ex_r=0 ex_rd=5 -> reg_write=1 illegal=0 stall=0 redirect=0
[PASS] seq=crv_seq_9                              cyc=101 op=IDK_ILLEGAL            instr=0x03cae0b3 pc=0xc302f87c valid=1 fault=0 wb_w=1 wb_rd=13 ex_r=1 ex_rd=6 -> reg_write=0 illegal=1 stall=0 redirect=0
[PASS] seq=crv_seq_9                              cyc=102 op=IDK_FORWARD_BRANCH     instr=0x60835363 pc=0x8bedd05c valid=1 fault=1 wb_w=1 wb_rd=27 ex_r=1 ex_rd=12 -> reg_write=0 illegal=0 stall=0 redirect=0
[PASS] seq=crv_seq_9                              cyc=103 op=IDK_BYPASS_RS2         instr=0xc6330eab pc=0x7aa454f4 valid=1 fault=0 wb_w=1 wb_rd=3 ex_r=0 ex_rd=11 -> reg_write=0 illegal=1 stall=0 redirect=0
[PASS] seq=crv_seq_9                              cyc=104 op=IDK_ILLEGAL            instr=0x03c96ab3 pc=0x6f189864 valid=1 fault=0 wb_w=1 wb_rd=13 ex_r=0 ex_rd=14 -> reg_write=0 illegal=1 stall=0 redirect=0
[PASS] seq=crv_seq_9                              cyc=105 op=IDK_HAZARD_RS1         instr=0x318e8ab9 pc=0xd459b1b4 valid=1 fault=1 wb_w=0 wb_rd=8 ex_r=1 ex_rd=29 -> reg_write=0 illegal=1 stall=1 redirect=0
[PASS] seq=crv_seq_9                              cyc=106 op=IDK_RANDOM             instr=0x26ccd4a2 pc=0x2066afc8 valid=1 fault=0 wb_w=0 wb_rd=11 ex_r=1 ex_rd=29 -> reg_write=0 illegal=1 stall=0 redirect=0
[PASS] seq=crv_seq_9                              cyc=107 op=IDK_ILLEGAL            instr=0x0207f033 pc=0x23840a84 valid=1 fault=0 wb_w=0 wb_rd=10 ex_r=0 ex_rd=30 -> reg_write=0 illegal=1 stall=0 redirect=0
[PASS] seq=crv_seq_9                              cyc=108 op=IDK_RANDOM             instr=0x2db38b7a pc=0x14dcf148 valid=1 fault=1 wb_w=1 wb_rd=20 ex_r=1 ex_rd=31 -> reg_write=0 illegal=1 stall=0 redirect=0
[PASS] seq=crv_seq_9                              cyc=109 op=IDK_HAZARD_X0_EXCLUDED instr=0x4300b442 pc=0xb21f7c78 valid=1 fault=0 wb_w=1 wb_rd=12 ex_r=1 ex_rd=0 -> reg_write=0 illegal=1 stall=0 redirect=0
[PASS] seq=crv_seq_9                              cyc=110 op=IDK_HAZARD_RS1         instr=0x62f1fbf5 pc=0xdf8be400 valid=1 fault=1 wb_w=0 wb_rd=17 ex_r=1 ex_rd=3 -> reg_write=0 illegal=1 stall=1 redirect=0
[PASS] seq=crv_seq_9                              cyc=111 op=IDK_ILLEGAL            instr=0x02cfe633 pc=0xcfa4a214 valid=1 fault=1 wb_w=0 wb_rd=18 ex_r=1 ex_rd=16 -> reg_write=0 illegal=1 stall=0 redirect=0
[PASS] seq=crv_seq_9                              cyc=112 op=IDK_LEGAL_ALU          instr=0x01402733 pc=0xfbe8bd88 valid=1 fault=1 wb_w=0 wb_rd=24 ex_r=0 ex_rd=16 -> reg_write=1 illegal=0 stall=0 redirect=0
[PASS] seq=crv_seq_9                              cyc=113 op=IDK_BYPASS_RS2         instr=0xd776daf7 pc=0x31617dec valid=1 fault=0 wb_w=1 wb_rd=23 ex_r=0 ex_rd=20 -> reg_write=0 illegal=1 stall=0 redirect=0
[PASS] seq=crv_seq_9                              cyc=114 op=IDK_BACKWARD_BRANCH    instr=0x9968fde3 pc=0xcb54257c valid=1 fault=0 wb_w=0 wb_rd=22 ex_r=0 ex_rd=11 -> reg_write=0 illegal=0 stall=0 redirect=1
[PASS] seq=crv_seq_9                              cyc=115 op=IDK_CSR_OP             instr=0x44e47373 pc=0x7420bd04 valid=1 fault=1 wb_w=1 wb_rd=23 ex_r=1 ex_rd=7 -> reg_write=1 illegal=0 stall=0 redirect=0
[PASS] seq=crv_seq_9                              cyc=116 op=IDK_BYPASS_RS1         instr=0x4ccdf515 pc=0xd4453ef8 valid=1 fault=1 wb_w=1 wb_rd=27 ex_r=1 ex_rd=11 -> reg_write=0 illegal=1 stall=0 redirect=0
[PASS] seq=crv_seq_9                              cyc=117 op=IDK_LEGAL_ALU          instr=0x41b402b3 pc=0xef8c59b8 valid=1 fault=1 wb_w=1 wb_rd=21 ex_r=1 ex_rd=23 -> reg_write=1 illegal=0 stall=0 redirect=0
[PASS] seq=crv_seq_9                              cyc=118 op=IDK_HAZARD_BOTH        instr=0xa3ad0b45 pc=0xf2e7315c valid=1 fault=1 wb_w=0 wb_rd=14 ex_r=1 ex_rd=26 -> reg_write=0 illegal=1 stall=1 redirect=0
[PASS] seq=crv_seq_9                              cyc=119 op=IDK_ILLEGAL            instr=0x0298d8b3 pc=0x3295cb0c valid=1 fault=0 wb_w=0 wb_rd=19 ex_r=0 ex_rd=1 -> reg_write=0 illegal=1 stall=0 redirect=0
[PASS] seq=crv_seq_9                              cyc=120 op=IDK_JAL                instr=0x8a7c586f pc=0x6c7b8d44 valid=1 fault=1 wb_w=1 wb_rd=8 ex_r=0 ex_rd=3 -> reg_write=1 illegal=0 stall=0 redirect=1
[PASS] seq=crv_seq_9                              cyc=121 op=IDK_BYPASS_RS2         instr=0x67da8616 pc=0x7bc11e74 valid=1 fault=1 wb_w=1 wb_rd=29 ex_r=1 ex_rd=9 -> reg_write=0 illegal=1 stall=0 redirect=0
[PASS] seq=crv_seq_9                              cyc=122 op=IDK_ILLEGAL            instr=0x034c4533 pc=0x17b53840 valid=1 fault=0 wb_w=1 wb_rd=2 ex_r=1 ex_rd=1 -> reg_write=0 illegal=1 stall=0 redirect=0
[PASS] seq=crv_seq_9                              cyc=123 op=IDK_LEGAL_ALU          instr=0x00a0ac33 pc=0xce7fd1a4 valid=1 fault=0 wb_w=1 wb_rd=20 ex_r=0 ex_rd=22 -> reg_write=1 illegal=0 stall=0 redirect=0
[PASS] seq=crv_seq_9                              cyc=124 op=IDK_BYPASS_RS1         instr=0x9b07459b pc=0x1efd6a04 valid=1 fault=1 wb_w=1 wb_rd=14 ex_r=0 ex_rd=14 -> reg_write=0 illegal=1 stall=0 redirect=0
[PASS] seq=crv_seq_9                              cyc=125 op=IDK_BYPASS_RS1         instr=0x0ff77a36 pc=0x3e508084 valid=1 fault=0 wb_w=1 wb_rd=14 ex_r=1 ex_rd=11 -> reg_write=0 illegal=1 stall=0 redirect=0
[PASS] seq=crv_seq_9                              cyc=126 op=IDK_RANDOM             instr=0xe32ad2c4 pc=0xffc43574 valid=1 fault=1 wb_w=0 wb_rd=15 ex_r=1 ex_rd=20 -> reg_write=0 illegal=1 stall=0 redirect=0
[PASS] seq=crv_seq_9                              cyc=127 op=IDK_RANDOM             instr=0x705a01ee pc=0x4c7662f8 valid=1 fault=1 wb_w=1 wb_rd=22 ex_r=0 ex_rd=17 -> reg_write=0 illegal=1 stall=0 redirect=0
[PASS] seq=crv_seq_9                              cyc=128 op=IDK_BYPASS_BOTH        instr=0x694a422f pc=0x9be1a6f4 valid=1 fault=0 wb_w=1 wb_rd=20 ex_r=0 ex_rd=30 -> reg_write=0 illegal=1 stall=0 redirect=0
[PASS] seq=crv_seq_9                              cyc=129 op=IDK_FORWARD_BRANCH     instr=0x04da1ae3 pc=0xe5aac31c valid=1 fault=0 wb_w=1 wb_rd=29 ex_r=0 ex_rd=26 -> reg_write=0 illegal=0 stall=0 redirect=0
[PASS] seq=crv_seq_9                              cyc=130 op=IDK_LEGAL_ALU          instr=0x0041c7b3 pc=0x5a2eea28 valid=1 fault=1 wb_w=1 wb_rd=10 ex_r=1 ex_rd=17 -> reg_write=1 illegal=0 stall=0 redirect=0
[PASS] seq=crv_seq_9                              cyc=131 op=IDK_BYPASS_BOTH        instr=0x78f7dbdc pc=0x938b9a0c valid=1 fault=1 wb_w=1 wb_rd=15 ex_r=0 ex_rd=7 -> reg_write=0 illegal=1 stall=0 redirect=0
[PASS] seq=crv_seq_9                              cyc=132 op=IDK_LEGAL_ALU          instr=0x4188a833 pc=0xf5b918c4 valid=1 fault=0 wb_w=0 wb_rd=10 ex_r=0 ex_rd=8 -> reg_write=1 illegal=0 stall=0 redirect=0
[PASS] seq=crv_seq_9                              cyc=133 op=IDK_JALR               instr=0x4255c4e7 pc=0x4332a778 valid=1 fault=0 wb_w=0 wb_rd=5 ex_r=1 ex_rd=24 -> reg_write=1 illegal=0 stall=0 redirect=0
[PASS] seq=crv_seq_9                              cyc=134 op=IDK_LEGAL_ALU          instr=0x40ce9b33 pc=0xc3f18fa0 valid=1 fault=1 wb_w=1 wb_rd=26 ex_r=1 ex_rd=12 -> reg_write=1 illegal=0 stall=1 redirect=0
[PASS] seq=crv_seq_9                              cyc=135 op=IDK_HAZARD_X0_EXCLUDED instr=0x82e9fea9 pc=0xa1defc60 valid=1 fault=1 wb_w=1 wb_rd=31 ex_r=1 ex_rd=0 -> reg_write=0 illegal=1 stall=0 redirect=0
[PASS] seq=crv_seq_9                              cyc=136 op=IDK_HAZARD_RS1         instr=0x60b57a35 pc=0x12a22e14 valid=1 fault=0 wb_w=0 wb_rd=23 ex_r=1 ex_rd=10 -> reg_write=0 illegal=1 stall=1 redirect=0
[PASS] seq=crv_seq_9                              cyc=137 op=IDK_LEGAL_ALU          instr=0x4097a5b3 pc=0x2a507d7c valid=1 fault=0 wb_w=0 wb_rd=7 ex_r=1 ex_rd=21 -> reg_write=1 illegal=0 stall=0 redirect=0
[PASS] seq=crv_seq_9                              cyc=138 op=IDK_BYPASS_RS2         instr=0xaecd7540 pc=0xfea6ecd8 valid=1 fault=1 wb_w=1 wb_rd=12 ex_r=0 ex_rd=13 -> reg_write=0 illegal=1 stall=0 redirect=0
[PASS] seq=crv_seq_9                              cyc=139 op=IDK_ILLEGAL            instr=0x03e36cb3 pc=0x0f8806a4 valid=1 fault=1 wb_w=1 wb_rd=8 ex_r=0 ex_rd=10 -> reg_write=0 illegal=1 stall=0 redirect=0
[PASS] seq=crv_seq_9                              cyc=140 op=IDK_BACKWARD_BRANCH    instr=0x88a0e1e3 pc=0x9544a1fc valid=1 fault=0 wb_w=1 wb_rd=28 ex_r=0 ex_rd=16 -> reg_write=0 illegal=0 stall=0 redirect=1
[PASS] seq=crv_seq_9                              cyc=141 op=IDK_HAZARD_RS1         instr=0xf55a1b5a pc=0xbb29ff74 valid=1 fault=0 wb_w=0 wb_rd=15 ex_r=1 ex_rd=20 -> reg_write=0 illegal=1 stall=1 redirect=0
[PASS] seq=crv_seq_9                              cyc=142 op=IDK_ILLEGAL            instr=0x0365ecb3 pc=0x15d794c0 valid=1 fault=1 wb_w=1 wb_rd=15 ex_r=0 ex_rd=1 -> reg_write=0 illegal=1 stall=0 redirect=0
[PASS] seq=crv_seq_9                              cyc=143 op=IDK_LEGAL_ALU          instr=0x0019e933 pc=0x33741d2c valid=1 fault=0 wb_w=1 wb_rd=1 ex_r=1 ex_rd=19 -> reg_write=1 illegal=0 stall=1 redirect=0
[PASS] seq=crv_seq_9                              cyc=144 op=IDK_LEGAL_ALU          instr=0x40db3eb3 pc=0xac111100 valid=1 fault=1 wb_w=0 wb_rd=20 ex_r=0 ex_rd=2 -> reg_write=1 illegal=0 stall=0 redirect=0
[PASS] seq=crv_seq_9                              cyc=145 op=IDK_HAZARD_RS1         instr=0x74f7550a pc=0xa34409b4 valid=1 fault=0 wb_w=0 wb_rd=29 ex_r=1 ex_rd=14 -> reg_write=0 illegal=1 stall=1 redirect=0
[PASS] seq=crv_seq_9                              cyc=146 op=IDK_CSR_OP             instr=0x6e4c10f3 pc=0xed6e8b34 valid=1 fault=0 wb_w=1 wb_rd=19 ex_r=0 ex_rd=14 -> reg_write=1 illegal=0 stall=0 redirect=0
[PASS] seq=crv_seq_9                              cyc=147 op=IDK_LEGAL_ALU          instr=0x40f5d5b3 pc=0x752e343c valid=1 fault=1 wb_w=1 wb_rd=21 ex_r=0 ex_rd=30 -> reg_write=1 illegal=0 stall=0 redirect=0
[PASS] seq=crv_seq_9                              cyc=148 op=IDK_LEGAL_ALU          instr=0x015eb333 pc=0x6de4332c valid=1 fault=0 wb_w=1 wb_rd=20 ex_r=1 ex_rd=8 -> reg_write=1 illegal=0 stall=0 redirect=0
[PASS] seq=crv_seq_9                              cyc=149 op=IDK_JAL                instr=0x594bb0ef pc=0xe48efad4 valid=1 fault=1 wb_w=1 wb_rd=31 ex_r=1 ex_rd=11 -> reg_write=1 illegal=0 stall=0 redirect=1
[PASS] seq=crv_seq_9                              cyc=150 op=IDK_HAZARD_RS1         instr=0x644f37c3 pc=0x761e8438 valid=1 fault=0 wb_w=0 wb_rd=18 ex_r=1 ex_rd=30 -> reg_write=0 illegal=1 stall=1 redirect=0
[PASS] seq=crv_seq_9                              cyc=151 op=IDK_HAZARD_RS1         instr=0xb0677020 pc=0x7883667c valid=1 fault=0 wb_w=0 wb_rd=9 ex_r=1 ex_rd=14 -> reg_write=0 illegal=1 stall=1 redirect=0
[PASS] seq=crv_seq_9                              cyc=152 op=IDK_JALR               instr=0x9705f0e7 pc=0x20dd314c valid=1 fault=1 wb_w=0 wb_rd=7 ex_r=0 ex_rd=10 -> reg_write=1 illegal=0 stall=0 redirect=0
[PASS] seq=crv_seq_9                              cyc=153 op=IDK_HAZARD_RS2         instr=0xfb9946a7 pc=0xe0b35cf0 valid=1 fault=0 wb_w=1 wb_rd=0 ex_r=1 ex_rd=25 -> reg_write=0 illegal=1 stall=1 redirect=0
[PASS] seq=crv_seq_9                              cyc=154 op=IDK_RANDOM             instr=0x6c26adc9 pc=0xc26fe29c valid=1 fault=1 wb_w=1 wb_rd=31 ex_r=0 ex_rd=9 -> reg_write=0 illegal=1 stall=0 redirect=0
[PASS] seq=crv_seq_9                              cyc=155 op=IDK_RANDOM             instr=0x61895b00 pc=0xb123456c valid=1 fault=1 wb_w=1 wb_rd=10 ex_r=0 ex_rd=16 -> reg_write=0 illegal=1 stall=0 redirect=0
[PASS] seq=crv_seq_9                              cyc=156 op=IDK_ILLEGAL            instr=0x03fcf9b3 pc=0x62cd37ac valid=1 fault=1 wb_w=0 wb_rd=6 ex_r=1 ex_rd=29 -> reg_write=0 illegal=1 stall=0 redirect=0
[PASS] seq=crv_seq_9                              cyc=157 op=IDK_HAZARD_RS2         instr=0xe024f656 pc=0xd2d5f54c valid=1 fault=0 wb_w=0 wb_rd=13 ex_r=1 ex_rd=2 -> reg_write=0 illegal=1 stall=1 redirect=0
[PASS] seq=crv_seq_9                              cyc=158 op=IDK_FORWARD_BRANCH     instr=0x05e52963 pc=0x8384b984 valid=1 fault=1 wb_w=1 wb_rd=28 ex_r=0 ex_rd=23 -> reg_write=0 illegal=0 stall=0 redirect=0
[PASS] seq=crv_seq_9                              cyc=159 op=IDK_JAL                instr=0x3a70136f pc=0x489fb7f4 valid=1 fault=1 wb_w=1 wb_rd=11 ex_r=1 ex_rd=7 -> reg_write=1 illegal=0 stall=1 redirect=1
[PASS] seq=crv_seq_9                              cyc=160 op=IDK_BYPASS_RS2         instr=0x7e3c6c15 pc=0x3191162c valid=1 fault=1 wb_w=1 wb_rd=3 ex_r=0 ex_rd=4 -> reg_write=0 illegal=1 stall=0 redirect=0
[PASS] seq=crv_seq_9                              cyc=161 op=IDK_BYPASS_RS1         instr=0x6a5cef8b pc=0xccae5078 valid=1 fault=0 wb_w=1 wb_rd=25 ex_r=1 ex_rd=19 -> reg_write=0 illegal=0 stall=0 redirect=0
[PASS] seq=crv_seq_9                              cyc=162 op=IDK_BYPASS_RS1         instr=0xe8b7ceec pc=0xba6019ac valid=1 fault=0 wb_w=1 wb_rd=15 ex_r=0 ex_rd=10 -> reg_write=0 illegal=1 stall=0 redirect=0
[PASS] seq=crv_seq_9                              cyc=163 op=IDK_JALR               instr=0x9246dde7 pc=0x16707ff4 valid=1 fault=0 wb_w=1 wb_rd=13 ex_r=1 ex_rd=31 -> reg_write=1 illegal=0 stall=0 redirect=0
[PASS] seq=crv_seq_9                              cyc=164 op=IDK_BACKWARD_BRANCH    instr=0xe81e4363 pc=0xe3c97dc4 valid=1 fault=0 wb_w=0 wb_rd=26 ex_r=0 ex_rd=16 -> reg_write=0 illegal=0 stall=0 redirect=1
[PASS] seq=crv_seq_9                              cyc=165 op=IDK_HAZARD_RS1         instr=0x515e8a86 pc=0x1ad33608 valid=1 fault=1 wb_w=1 wb_rd=16 ex_r=1 ex_rd=29 -> reg_write=0 illegal=1 stall=1 redirect=0
[PASS] seq=crv_seq_9                              cyc=166 op=IDK_RANDOM             instr=0xd71fc942 pc=0x1c3eaa5c valid=1 fault=0 wb_w=0 wb_rd=22 ex_r=1 ex_rd=22 -> reg_write=0 illegal=1 stall=0 redirect=0
[PASS] seq=crv_seq_9                              cyc=167 op=IDK_BYPASS_RS1         instr=0x0d750cb1 pc=0xeb0ddf18 valid=1 fault=0 wb_w=1 wb_rd=10 ex_r=1 ex_rd=21 -> reg_write=0 illegal=1 stall=0 redirect=0
[PASS] seq=crv_seq_9                              cyc=168 op=IDK_BYPASS_RS1         instr=0x4e2eff08 pc=0x9fce7a58 valid=1 fault=1 wb_w=1 wb_rd=29 ex_r=0 ex_rd=19 -> reg_write=0 illegal=1 stall=0 redirect=0
[PASS] seq=crv_seq_9                              cyc=169 op=IDK_ILLEGAL            instr=0x03c5ffb3 pc=0xb131c308 valid=1 fault=1 wb_w=0 wb_rd=17 ex_r=1 ex_rd=13 -> reg_write=0 illegal=1 stall=0 redirect=0
[PASS] seq=crv_seq_9                              cyc=170 op=IDK_ILLEGAL            instr=0x03dcddb3 pc=0x3a620130 valid=1 fault=0 wb_w=1 wb_rd=19 ex_r=1 ex_rd=23 -> reg_write=0 illegal=1 stall=0 redirect=0
[PASS] seq=crv_seq_9                              cyc=171 op=IDK_CSR_OP             instr=0x2df6cbf3 pc=0xc4f7d2dc valid=1 fault=0 wb_w=1 wb_rd=8 ex_r=1 ex_rd=18 -> reg_write=1 illegal=0 stall=0 redirect=0
[PASS] seq=crv_seq_9                              cyc=172 op=IDK_CSR_OP             instr=0x7875a973 pc=0xa8660298 valid=1 fault=1 wb_w=0 wb_rd=31 ex_r=1 ex_rd=18 -> reg_write=1 illegal=0 stall=0 redirect=0
[PASS] seq=crv_seq_9                              cyc=173 op=IDK_RANDOM             instr=0x9d5ba791 pc=0xd3b9ba4c valid=1 fault=1 wb_w=0 wb_rd=17 ex_r=0 ex_rd=6 -> reg_write=0 illegal=1 stall=0 redirect=0
[PASS] seq=crv_seq_9                              cyc=174 op=IDK_LEGAL_ALU          instr=0x40d6c5b3 pc=0x04998450 valid=1 fault=1 wb_w=0 wb_rd=15 ex_r=0 ex_rd=9 -> reg_write=1 illegal=0 stall=0 redirect=0
[PASS] seq=crv_seq_9                              cyc=175 op=IDK_HAZARD_X0_EXCLUDED instr=0x3254e3cf pc=0xaf4f9948 valid=1 fault=1 wb_w=1 wb_rd=15 ex_r=1 ex_rd=0 -> reg_write=0 illegal=1 stall=0 redirect=0
[PASS] seq=crv_seq_9                              cyc=176 op=IDK_CSR_OP             instr=0xed609a73 pc=0x06496678 valid=1 fault=0 wb_w=1 wb_rd=5 ex_r=1 ex_rd=14 -> reg_write=1 illegal=0 stall=0 redirect=0
[PASS] seq=crv_seq_9                              cyc=177 op=IDK_HAZARD_RS2         instr=0x0a6e8031 pc=0xbf3371f4 valid=1 fault=0 wb_w=1 wb_rd=17 ex_r=1 ex_rd=6 -> reg_write=0 illegal=1 stall=1 redirect=0
[PASS] seq=crv_seq_9                              cyc=178 op=IDK_HAZARD_BOTH        instr=0x02a50f89 pc=0xa657f2a0 valid=1 fault=1 wb_w=1 wb_rd=6 ex_r=1 ex_rd=10 -> reg_write=0 illegal=1 stall=1 redirect=0
[PASS] seq=crv_seq_9                              cyc=179 op=IDK_LEGAL_ALU          instr=0x01aafc33 pc=0xdeabc374 valid=1 fault=1 wb_w=1 wb_rd=18 ex_r=1 ex_rd=15 -> reg_write=1 illegal=0 stall=0 redirect=0
[PASS] seq=crv_seq_9                              cyc=180 op=IDK_HAZARD_RS1         instr=0x0de77f55 pc=0x76079770 valid=1 fault=0 wb_w=0 wb_rd=12 ex_r=1 ex_rd=14 -> reg_write=0 illegal=1 stall=1 redirect=0
[PASS] seq=crv_seq_9                              cyc=181 op=IDK_RANDOM             instr=0x487c0288 pc=0x1fa62dc8 valid=1 fault=0 wb_w=0 wb_rd=26 ex_r=1 ex_rd=2 -> reg_write=0 illegal=1 stall=0 redirect=0
[PASS] seq=crv_seq_9                              cyc=182 op=IDK_RANDOM             instr=0x54924348 pc=0x7c984760 valid=1 fault=0 wb_w=1 wb_rd=22 ex_r=0 ex_rd=2 -> reg_write=0 illegal=1 stall=0 redirect=0
[PASS] seq=crv_seq_9                              cyc=183 op=IDK_JAL                instr=0x0a1dcc6f pc=0x4d098ff0 valid=1 fault=0 wb_w=0 wb_rd=29 ex_r=0 ex_rd=9 -> reg_write=1 illegal=0 stall=0 redirect=1
[PASS] seq=crv_seq_9                              cyc=184 op=IDK_HAZARD_RS2         instr=0xd678bbc1 pc=0xb7ba20b0 valid=1 fault=1 wb_w=1 wb_rd=21 ex_r=1 ex_rd=7 -> reg_write=0 illegal=1 stall=1 redirect=0
[PASS] seq=crv_seq_9                              cyc=185 op=IDK_RANDOM             instr=0x847677c0 pc=0x3c8b22bc valid=1 fault=1 wb_w=1 wb_rd=18 ex_r=0 ex_rd=27 -> reg_write=0 illegal=1 stall=0 redirect=0
[PASS] seq=crv_seq_9                              cyc=186 op=IDK_ILLEGAL            instr=0x02dff9b3 pc=0x63c26290 valid=1 fault=0 wb_w=0 wb_rd=5 ex_r=0 ex_rd=22 -> reg_write=0 illegal=1 stall=0 redirect=0
[PASS] seq=crv_seq_9                              cyc=187 op=IDK_ILLEGAL            instr=0x03adf8b3 pc=0x7aa2cbf8 valid=1 fault=0 wb_w=1 wb_rd=6 ex_r=1 ex_rd=15 -> reg_write=0 illegal=1 stall=0 redirect=0
[PASS] seq=crv_seq_9                              cyc=188 op=IDK_HAZARD_RS1         instr=0xc62b93cf pc=0x698f6df0 valid=1 fault=1 wb_w=0 wb_rd=12 ex_r=1 ex_rd=23 -> reg_write=0 illegal=1 stall=1 redirect=0
[PASS] seq=crv_seq_9                              cyc=189 op=IDK_BACKWARD_BRANCH    instr=0x930313e3 pc=0x7e3d44a0 valid=1 fault=0 wb_w=0 wb_rd=20 ex_r=1 ex_rd=0 -> reg_write=0 illegal=0 stall=0 redirect=1
[PASS] seq=crv_seq_9                              cyc=190 op=IDK_HAZARD_RS1         instr=0x53fe2d1a pc=0x5ab257c8 valid=1 fault=1 wb_w=1 wb_rd=9 ex_r=1 ex_rd=28 -> reg_write=0 illegal=1 stall=1 redirect=0
[PASS] seq=crv_seq_9                              cyc=191 op=IDK_FORWARD_BRANCH     instr=0x72f214e3 pc=0xb99f8884 valid=1 fault=0 wb_w=1 wb_rd=24 ex_r=1 ex_rd=15 -> reg_write=0 illegal=0 stall=1 redirect=0
[PASS] seq=crv_seq_9                              cyc=192 op=IDK_HAZARD_BOTH        instr=0x1063066a pc=0xcaaf2fac valid=1 fault=0 wb_w=1 wb_rd=17 ex_r=1 ex_rd=6 -> reg_write=0 illegal=1 stall=1 redirect=0
[PASS] seq=crv_seq_9                              cyc=193 op=IDK_HAZARD_RS1         instr=0x9e17413d pc=0xca867334 valid=1 fault=1 wb_w=0 wb_rd=19 ex_r=1 ex_rd=14 -> reg_write=0 illegal=1 stall=1 redirect=0
[PASS] seq=crv_seq_9                              cyc=194 op=IDK_HAZARD_BOTH        instr=0xeea5452f pc=0x99b9bee4 valid=1 fault=0 wb_w=0 wb_rd=13 ex_r=1 ex_rd=10 -> reg_write=0 illegal=1 stall=1 redirect=0
[PASS] seq=crv_seq_9                              cyc=195 op=IDK_BYPASS_BOTH        instr=0x4fbddec4 pc=0x62cc67e8 valid=1 fault=0 wb_w=1 wb_rd=27 ex_r=0 ex_rd=17 -> reg_write=0 illegal=1 stall=0 redirect=0
[PASS] seq=crv_seq_9                              cyc=196 op=IDK_BACKWARD_BRANCH    instr=0xa7091363 pc=0xc6c416a4 valid=1 fault=1 wb_w=1 wb_rd=9 ex_r=0 ex_rd=20 -> reg_write=0 illegal=0 stall=0 redirect=1
[PASS] seq=crv_seq_9                              cyc=197 op=IDK_HAZARD_RS1         instr=0xf48b75ce pc=0x3aaaa178 valid=1 fault=0 wb_w=1 wb_rd=6 ex_r=1 ex_rd=22 -> reg_write=0 illegal=1 stall=1 redirect=0
[PASS] seq=crv_seq_9                              cyc=198 op=IDK_BYPASS_RS2         instr=0xf2b06fba pc=0x03798b54 valid=1 fault=0 wb_w=1 wb_rd=11 ex_r=0 ex_rd=14 -> reg_write=0 illegal=1 stall=0 redirect=0
[PASS] seq=crv_seq_9                              cyc=199 op=IDK_LEGAL_ALU          instr=0x4159aab3 pc=0x8ad0d39c valid=1 fault=1 wb_w=1 wb_rd=7 ex_r=1 ex_rd=3 -> reg_write=1 illegal=0 stall=0 redirect=0
[PASS] seq=crv_seq_10                             cyc=0 op=IDK_ILLEGAL            instr=0x02f674b3 pc=0x6ce35604 valid=1 fault=1 wb_w=0 wb_rd=0 ex_r=1 ex_rd=18 -> reg_write=0 illegal=1 stall=0 redirect=0
[PASS] seq=crv_seq_10                             cyc=1 op=IDK_BACKWARD_BRANCH    instr=0x914d43e3 pc=0x3ef4fd78 valid=1 fault=0 wb_w=1 wb_rd=19 ex_r=1 ex_rd=26 -> reg_write=0 illegal=0 stall=1 redirect=1
[PASS] seq=crv_seq_10                             cyc=2 op=IDK_BYPASS_BOTH        instr=0xd56b199f pc=0xc44ce008 valid=1 fault=0 wb_w=1 wb_rd=22 ex_r=0 ex_rd=7 -> reg_write=0 illegal=1 stall=0 redirect=0
[PASS] seq=crv_seq_10                             cyc=3 op=IDK_JAL                instr=0x0434e16f pc=0x105d6abc valid=1 fault=0 wb_w=0 wb_rd=4 ex_r=0 ex_rd=31 -> reg_write=1 illegal=0 stall=0 redirect=1
[PASS] seq=crv_seq_10                             cyc=4 op=IDK_ILLEGAL            instr=0x0393d7b3 pc=0x5934c144 valid=1 fault=0 wb_w=0 wb_rd=7 ex_r=1 ex_rd=20 -> reg_write=0 illegal=1 stall=0 redirect=0
[PASS] seq=crv_seq_10                             cyc=5 op=IDK_JALR               instr=0xbab7e467 pc=0x6d13e808 valid=1 fault=1 wb_w=1 wb_rd=31 ex_r=1 ex_rd=19 -> reg_write=1 illegal=0 stall=0 redirect=0
[PASS] seq=crv_seq_10                             cyc=6 op=IDK_HAZARD_RS1         instr=0xa41b16ce pc=0xf3ca1264 valid=1 fault=0 wb_w=0 wb_rd=4 ex_r=1 ex_rd=22 -> reg_write=0 illegal=1 stall=1 redirect=0
[PASS] seq=crv_seq_10                             cyc=7 op=IDK_HAZARD_RS2         instr=0x55b45383 pc=0x9247a944 valid=1 fault=0 wb_w=1 wb_rd=15 ex_r=1 ex_rd=27 -> reg_write=1 illegal=0 stall=1 redirect=0
[PASS] seq=crv_seq_10                             cyc=8 op=IDK_BACKWARD_BRANCH    instr=0xe1a368e3 pc=0xeedb64ac valid=1 fault=0 wb_w=0 wb_rd=4 ex_r=0 ex_rd=26 -> reg_write=0 illegal=0 stall=0 redirect=1
[PASS] seq=crv_seq_10                             cyc=9 op=IDK_RANDOM             instr=0xa916bb66 pc=0xba56246c valid=1 fault=1 wb_w=1 wb_rd=29 ex_r=0 ex_rd=3 -> reg_write=0 illegal=1 stall=0 redirect=0
[PASS] seq=crv_seq_10                             cyc=10 op=IDK_LEGAL_ALU          instr=0x403ee433 pc=0xf03f4fd4 valid=1 fault=0 wb_w=1 wb_rd=31 ex_r=1 ex_rd=24 -> reg_write=1 illegal=0 stall=0 redirect=0
[PASS] seq=crv_seq_10                             cyc=11 op=IDK_HAZARD_RS1         instr=0xc0b34169 pc=0xc5147680 valid=1 fault=0 wb_w=1 wb_rd=13 ex_r=1 ex_rd=6 -> reg_write=0 illegal=1 stall=1 redirect=0
[PASS] seq=crv_seq_10                             cyc=12 op=IDK_JAL                instr=0x5302fc6f pc=0x2017c1d0 valid=1 fault=0 wb_w=1 wb_rd=30 ex_r=1 ex_rd=16 -> reg_write=1 illegal=0 stall=1 redirect=1
[PASS] seq=crv_seq_10                             cyc=13 op=IDK_JAL                instr=0xab5fa7ef pc=0x464ac774 valid=1 fault=1 wb_w=1 wb_rd=22 ex_r=0 ex_rd=2 -> reg_write=1 illegal=0 stall=0 redirect=1
[PASS] seq=crv_seq_10                             cyc=14 op=IDK_BACKWARD_BRANCH    instr=0xbe826c63 pc=0x5a96622c valid=1 fault=0 wb_w=0 wb_rd=15 ex_r=1 ex_rd=22 -> reg_write=0 illegal=0 stall=0 redirect=1
[PASS] seq=crv_seq_10                             cyc=15 op=IDK_RANDOM             instr=0x333ec01c pc=0xdfb28948 valid=1 fault=0 wb_w=0 wb_rd=6 ex_r=1 ex_rd=10 -> reg_write=0 illegal=1 stall=0 redirect=0
[PASS] seq=crv_seq_10                             cyc=16 op=IDK_BYPASS_RS1         instr=0x81027beb pc=0x091d7004 valid=1 fault=0 wb_w=1 wb_rd=4 ex_r=0 ex_rd=23 -> reg_write=0 illegal=1 stall=0 redirect=0
[PASS] seq=crv_seq_10                             cyc=17 op=IDK_BYPASS_BOTH        instr=0x11297349 pc=0x759437c4 valid=1 fault=1 wb_w=1 wb_rd=18 ex_r=1 ex_rd=18 -> reg_write=0 illegal=1 stall=1 redirect=0
[PASS] seq=crv_seq_10                             cyc=18 op=IDK_BYPASS_BOTH        instr=0xfbfffe77 pc=0x1596b100 valid=1 fault=0 wb_w=1 wb_rd=31 ex_r=0 ex_rd=24 -> reg_write=0 illegal=1 stall=0 redirect=0
[PASS] seq=crv_seq_10                             cyc=19 op=IDK_ILLEGAL            instr=0x02fcf233 pc=0xbe5f768c valid=1 fault=1 wb_w=0 wb_rd=0 ex_r=1 ex_rd=3 -> reg_write=0 illegal=1 stall=0 redirect=0
[PASS] seq=crv_seq_10                             cyc=20 op=IDK_BYPASS_BOTH        instr=0x54f7a410 pc=0x5ef7b274 valid=1 fault=1 wb_w=1 wb_rd=15 ex_r=1 ex_rd=20 -> reg_write=0 illegal=1 stall=0 redirect=0
[PASS] seq=crv_seq_10                             cyc=21 op=IDK_JAL                instr=0x5d5c21ef pc=0xdeff5834 valid=1 fault=0 wb_w=1 wb_rd=11 ex_r=1 ex_rd=11 -> reg_write=1 illegal=0 stall=0 redirect=1
[PASS] seq=crv_seq_10                             cyc=22 op=IDK_BACKWARD_BRANCH    instr=0xcf5c5863 pc=0x7cf0aca8 valid=1 fault=1 wb_w=0 wb_rd=16 ex_r=0 ex_rd=31 -> reg_write=0 illegal=0 stall=0 redirect=1
[PASS] seq=crv_seq_10                             cyc=23 op=IDK_CSR_OP             instr=0xc414b6f3 pc=0xbf5c5b64 valid=1 fault=0 wb_w=0 wb_rd=20 ex_r=0 ex_rd=20 -> reg_write=1 illegal=0 stall=0 redirect=0
[PASS] seq=crv_seq_10                             cyc=24 op=IDK_FORWARD_BRANCH     instr=0x20f494e3 pc=0xb9ded0e4 valid=1 fault=0 wb_w=0 wb_rd=11 ex_r=1 ex_rd=3 -> reg_write=0 illegal=0 stall=0 redirect=0
[PASS] seq=crv_seq_10                             cyc=25 op=IDK_HAZARD_RS2         instr=0x77eedb50 pc=0xbae7cae8 valid=1 fault=0 wb_w=1 wb_rd=29 ex_r=1 ex_rd=30 -> reg_write=0 illegal=1 stall=1 redirect=0
[PASS] seq=crv_seq_10                             cyc=26 op=IDK_HAZARD_X0_EXCLUDED instr=0x8d09388d pc=0x8e14beb4 valid=1 fault=0 wb_w=0 wb_rd=22 ex_r=1 ex_rd=0 -> reg_write=0 illegal=1 stall=0 redirect=0
[PASS] seq=crv_seq_10                             cyc=27 op=IDK_FORWARD_BRANCH     instr=0x70d55363 pc=0x7dbd67ec valid=1 fault=1 wb_w=0 wb_rd=9 ex_r=1 ex_rd=21 -> reg_write=0 illegal=0 stall=0 redirect=0
[PASS] seq=crv_seq_10                             cyc=28 op=IDK_HAZARD_RS1         instr=0x84f98ea0 pc=0xba8c6b7c valid=1 fault=0 wb_w=0 wb_rd=5 ex_r=1 ex_rd=19 -> reg_write=0 illegal=1 stall=1 redirect=0
[PASS] seq=crv_seq_10                             cyc=29 op=IDK_FORWARD_BRANCH     instr=0x3e4e4963 pc=0x950fd118 valid=1 fault=1 wb_w=0 wb_rd=25 ex_r=0 ex_rd=28 -> reg_write=0 illegal=0 stall=0 redirect=0
[PASS] seq=crv_seq_10                             cyc=30 op=IDK_RANDOM             instr=0x708cc30b pc=0x41be954c valid=1 fault=0 wb_w=0 wb_rd=30 ex_r=0 ex_rd=6 -> reg_write=0 illegal=0 stall=0 redirect=0
[PASS] seq=crv_seq_10                             cyc=31 op=IDK_BYPASS_RS2         instr=0x50e2bc1d pc=0xb8f049e0 valid=1 fault=1 wb_w=1 wb_rd=14 ex_r=1 ex_rd=12 -> reg_write=0 illegal=1 stall=0 redirect=0
[PASS] seq=crv_seq_10                             cyc=32 op=IDK_BYPASS_RS1         instr=0x6779d3e3 pc=0x7210ad04 valid=1 fault=1 wb_w=1 wb_rd=19 ex_r=1 ex_rd=5 -> reg_write=0 illegal=0 stall=0 redirect=0
[PASS] seq=crv_seq_10                             cyc=33 op=IDK_JAL                instr=0x33cda86f pc=0x218c2a40 valid=1 fault=0 wb_w=0 wb_rd=20 ex_r=0 ex_rd=28 -> reg_write=1 illegal=0 stall=0 redirect=1
[PASS] seq=crv_seq_10                             cyc=34 op=IDK_BYPASS_BOTH        instr=0x3694eac6 pc=0x2b179404 valid=1 fault=1 wb_w=1 wb_rd=9 ex_r=1 ex_rd=7 -> reg_write=0 illegal=1 stall=0 redirect=0
[PASS] seq=crv_seq_10                             cyc=35 op=IDK_JAL                instr=0xa772646f pc=0xe72e35f0 valid=1 fault=1 wb_w=1 wb_rd=13 ex_r=0 ex_rd=17 -> reg_write=1 illegal=0 stall=0 redirect=1
[PASS] seq=crv_seq_10                             cyc=36 op=IDK_JAL                instr=0xcb60346f pc=0xaab95d28 valid=1 fault=0 wb_w=0 wb_rd=8 ex_r=1 ex_rd=1 -> reg_write=1 illegal=0 stall=0 redirect=1
[PASS] seq=crv_seq_10                             cyc=37 op=IDK_HAZARD_BOTH        instr=0x4252b272 pc=0x5c814388 valid=1 fault=1 wb_w=0 wb_rd=31 ex_r=1 ex_rd=5 -> reg_write=0 illegal=1 stall=1 redirect=0
[PASS] seq=crv_seq_10                             cyc=38 op=IDK_ILLEGAL            instr=0x03c4e1b3 pc=0x6a8035a8 valid=1 fault=1 wb_w=0 wb_rd=5 ex_r=0 ex_rd=17 -> reg_write=0 illegal=1 stall=0 redirect=0
[PASS] seq=crv_seq_10                             cyc=39 op=IDK_ILLEGAL            instr=0x0252d733 pc=0xb67a9ab4 valid=1 fault=0 wb_w=0 wb_rd=20 ex_r=1 ex_rd=27 -> reg_write=0 illegal=1 stall=0 redirect=0
[PASS] seq=crv_seq_10                             cyc=40 op=IDK_LEGAL_ALU          instr=0x00a099b3 pc=0x576aeb20 valid=1 fault=0 wb_w=1 wb_rd=31 ex_r=0 ex_rd=9 -> reg_write=1 illegal=0 stall=0 redirect=0
[PASS] seq=crv_seq_10                             cyc=41 op=IDK_BYPASS_RS2         instr=0xcf1ef2b5 pc=0xb87b4018 valid=1 fault=1 wb_w=1 wb_rd=17 ex_r=0 ex_rd=17 -> reg_write=0 illegal=1 stall=0 redirect=0
[PASS] seq=crv_seq_10                             cyc=42 op=IDK_HAZARD_RS1         instr=0xc5222e50 pc=0x41698944 valid=1 fault=1 wb_w=1 wb_rd=26 ex_r=1 ex_rd=4 -> reg_write=0 illegal=1 stall=1 redirect=0
[PASS] seq=crv_seq_10                             cyc=43 op=IDK_RANDOM             instr=0x47602554 pc=0xaea7c2dc valid=1 fault=1 wb_w=0 wb_rd=27 ex_r=1 ex_rd=25 -> reg_write=0 illegal=1 stall=0 redirect=0
[PASS] seq=crv_seq_10                             cyc=44 op=IDK_BYPASS_BOTH        instr=0x3ed6e840 pc=0xadfe1d10 valid=1 fault=1 wb_w=1 wb_rd=13 ex_r=1 ex_rd=22 -> reg_write=0 illegal=1 stall=0 redirect=0
[PASS] seq=crv_seq_10                             cyc=45 op=IDK_RANDOM             instr=0x9492a841 pc=0xb8e88808 valid=1 fault=1 wb_w=0 wb_rd=17 ex_r=1 ex_rd=29 -> reg_write=0 illegal=1 stall=0 redirect=0
[PASS] seq=crv_seq_10                             cyc=46 op=IDK_HAZARD_RS2         instr=0xf17051e8 pc=0xf9a56004 valid=1 fault=0 wb_w=1 wb_rd=18 ex_r=1 ex_rd=23 -> reg_write=0 illegal=1 stall=1 redirect=0
[PASS] seq=crv_seq_10                             cyc=47 op=IDK_ILLEGAL            instr=0x0276e433 pc=0x6439bb30 valid=1 fault=1 wb_w=0 wb_rd=10 ex_r=0 ex_rd=22 -> reg_write=0 illegal=1 stall=0 redirect=0
[PASS] seq=crv_seq_10                             cyc=48 op=IDK_HAZARD_BOTH        instr=0x28f7ab82 pc=0x31f3c5a0 valid=1 fault=0 wb_w=0 wb_rd=9 ex_r=1 ex_rd=15 -> reg_write=0 illegal=1 stall=1 redirect=0
[PASS] seq=crv_seq_10                             cyc=49 op=IDK_BYPASS_RS2         instr=0xf4f41d76 pc=0xaa5f9a60 valid=1 fault=1 wb_w=1 wb_rd=15 ex_r=1 ex_rd=11 -> reg_write=0 illegal=1 stall=0 redirect=0
[PASS] seq=crv_seq_10                             cyc=50 op=IDK_JALR               instr=0xdd65e467 pc=0x1f2da000 valid=1 fault=0 wb_w=0 wb_rd=1 ex_r=1 ex_rd=9 -> reg_write=1 illegal=0 stall=0 redirect=0
[PASS] seq=crv_seq_10                             cyc=51 op=IDK_LEGAL_ALU          instr=0x01551f33 pc=0x3d9ef4c8 valid=1 fault=1 wb_w=1 wb_rd=20 ex_r=1 ex_rd=1 -> reg_write=1 illegal=0 stall=0 redirect=0
[PASS] seq=crv_seq_10                             cyc=52 op=IDK_LEGAL_ALU          instr=0x40603333 pc=0x96d5b2cc valid=1 fault=0 wb_w=1 wb_rd=20 ex_r=0 ex_rd=4 -> reg_write=1 illegal=0 stall=0 redirect=0
[PASS] seq=crv_seq_10                             cyc=53 op=IDK_HAZARD_RS2         instr=0xb7abdf7d pc=0x22c62294 valid=1 fault=1 wb_w=0 wb_rd=1 ex_r=1 ex_rd=26 -> reg_write=0 illegal=1 stall=1 redirect=0
[PASS] seq=crv_seq_10                             cyc=54 op=IDK_BYPASS_RS2         instr=0x05cb58f9 pc=0xf62ac0c0 valid=1 fault=1 wb_w=1 wb_rd=28 ex_r=1 ex_rd=26 -> reg_write=0 illegal=1 stall=0 redirect=0
[PASS] seq=crv_seq_10                             cyc=55 op=IDK_RANDOM             instr=0x8d360eab pc=0x0cb5e90c valid=1 fault=0 wb_w=1 wb_rd=9 ex_r=0 ex_rd=25 -> reg_write=0 illegal=1 stall=0 redirect=0
[PASS] seq=crv_seq_10                             cyc=56 op=IDK_BYPASS_RS2         instr=0xb33e6635 pc=0xb9be89f8 valid=1 fault=0 wb_w=1 wb_rd=19 ex_r=0 ex_rd=20 -> reg_write=0 illegal=1 stall=0 redirect=0
[PASS] seq=crv_seq_10                             cyc=57 op=IDK_LEGAL_ALU          instr=0x01aed4b3 pc=0xaae0cc14 valid=1 fault=0 wb_w=1 wb_rd=20 ex_r=1 ex_rd=14 -> reg_write=1 illegal=0 stall=0 redirect=0
[PASS] seq=crv_seq_10                             cyc=58 op=IDK_BYPASS_BOTH        instr=0x5a42148e pc=0x475e518c valid=1 fault=0 wb_w=1 wb_rd=4 ex_r=0 ex_rd=20 -> reg_write=0 illegal=1 stall=0 redirect=0
[PASS] seq=crv_seq_10                             cyc=59 op=IDK_BYPASS_BOTH        instr=0x818c5643 pc=0xcb0a6b60 valid=1 fault=1 wb_w=1 wb_rd=24 ex_r=0 ex_rd=18 -> reg_write=0 illegal=1 stall=0 redirect=0
[PASS] seq=crv_seq_10                             cyc=60 op=IDK_BACKWARD_BRANCH    instr=0xc0cc6a63 pc=0xc0ef9750 valid=1 fault=1 wb_w=0 wb_rd=30 ex_r=1 ex_rd=5 -> reg_write=0 illegal=0 stall=0 redirect=1
[PASS] seq=crv_seq_10                             cyc=61 op=IDK_FORWARD_BRANCH     instr=0x08b67fe3 pc=0x06ddd978 valid=1 fault=1 wb_w=1 wb_rd=7 ex_r=0 ex_rd=28 -> reg_write=0 illegal=0 stall=0 redirect=0
[PASS] seq=crv_seq_10                             cyc=62 op=IDK_BYPASS_RS2         instr=0x762720d2 pc=0xe8d88580 valid=1 fault=0 wb_w=1 wb_rd=2 ex_r=0 ex_rd=10 -> reg_write=0 illegal=1 stall=0 redirect=0
[PASS] seq=crv_seq_10                             cyc=63 op=IDK_HAZARD_RS1         instr=0x0dc10399 pc=0xcc585208 valid=1 fault=0 wb_w=1 wb_rd=28 ex_r=1 ex_rd=2 -> reg_write=0 illegal=1 stall=1 redirect=0
[PASS] seq=crv_seq_10                             cyc=64 op=IDK_ILLEGAL            instr=0x03676a33 pc=0xebbebe98 valid=1 fault=0 wb_w=1 wb_rd=24 ex_r=0 ex_rd=19 -> reg_write=0 illegal=1 stall=0 redirect=0
[PASS] seq=crv_seq_10                             cyc=65 op=IDK_HAZARD_BOTH        instr=0x08212495 pc=0xcc16480c valid=1 fault=0 wb_w=0 wb_rd=2 ex_r=1 ex_rd=2 -> reg_write=0 illegal=1 stall=1 redirect=0
[PASS] seq=crv_seq_10                             cyc=66 op=IDK_LEGAL_ALU          instr=0x001265b3 pc=0x4fa1b4b0 valid=1 fault=0 wb_w=1 wb_rd=19 ex_r=0 ex_rd=1 -> reg_write=1 illegal=0 stall=0 redirect=0
[PASS] seq=crv_seq_10                             cyc=67 op=IDK_CSR_OP             instr=0xe314ad73 pc=0x3195ca54 valid=1 fault=1 wb_w=1 wb_rd=12 ex_r=0 ex_rd=15 -> reg_write=1 illegal=0 stall=0 redirect=0
[PASS] seq=crv_seq_10                             cyc=68 op=IDK_ILLEGAL            instr=0x03ab55b3 pc=0x396899a0 valid=1 fault=1 wb_w=0 wb_rd=12 ex_r=0 ex_rd=15 -> reg_write=0 illegal=1 stall=0 redirect=0
[PASS] seq=crv_seq_10                             cyc=69 op=IDK_CSR_OP             instr=0xc350fcf3 pc=0x004aa764 valid=1 fault=1 wb_w=1 wb_rd=23 ex_r=0 ex_rd=29 -> reg_write=1 illegal=0 stall=0 redirect=0
[PASS] seq=crv_seq_10                             cyc=70 op=IDK_HAZARD_RS1         instr=0x04b378a8 pc=0xabafb4d8 valid=1 fault=0 wb_w=1 wb_rd=7 ex_r=1 ex_rd=6 -> reg_write=0 illegal=1 stall=1 redirect=0
[PASS] seq=crv_seq_10                             cyc=71 op=IDK_HAZARD_X0_EXCLUDED instr=0x04ed409a pc=0xe728dcf0 valid=1 fault=1 wb_w=0 wb_rd=0 ex_r=1 ex_rd=0 -> reg_write=0 illegal=1 stall=0 redirect=0
[PASS] seq=crv_seq_10                             cyc=72 op=IDK_RANDOM             instr=0x1fa0e8f0 pc=0x97091624 valid=1 fault=0 wb_w=0 wb_rd=7 ex_r=0 ex_rd=8 -> reg_write=0 illegal=1 stall=0 redirect=0
[PASS] seq=crv_seq_10                             cyc=73 op=IDK_RANDOM             instr=0x4ba6868c pc=0x5169fe94 valid=1 fault=1 wb_w=0 wb_rd=24 ex_r=1 ex_rd=11 -> reg_write=0 illegal=1 stall=0 redirect=0
[PASS] seq=crv_seq_10                             cyc=74 op=IDK_HAZARD_RS1         instr=0x90f71d4f pc=0x287fb320 valid=1 fault=0 wb_w=0 wb_rd=27 ex_r=1 ex_rd=14 -> reg_write=0 illegal=1 stall=1 redirect=0
[PASS] seq=crv_seq_10                             cyc=75 op=IDK_LEGAL_ALU          instr=0x01cab133 pc=0xab1759f8 valid=1 fault=1 wb_w=0 wb_rd=21 ex_r=0 ex_rd=20 -> reg_write=1 illegal=0 stall=0 redirect=0
[PASS] seq=crv_seq_10                             cyc=76 op=IDK_HAZARD_RS1         instr=0xbd23fa39 pc=0x2aaae65c valid=1 fault=1 wb_w=1 wb_rd=31 ex_r=1 ex_rd=7 -> reg_write=0 illegal=1 stall=1 redirect=0
[PASS] seq=crv_seq_10                             cyc=77 op=IDK_BACKWARD_BRANCH    instr=0x9d1f90e3 pc=0x710aa154 valid=1 fault=1 wb_w=0 wb_rd=5 ex_r=1 ex_rd=1 -> reg_write=0 illegal=0 stall=0 redirect=1
[PASS] seq=crv_seq_10                             cyc=78 op=IDK_HAZARD_BOTH        instr=0xfb6b1b43 pc=0xa1d6e2cc valid=1 fault=1 wb_w=1 wb_rd=2 ex_r=1 ex_rd=22 -> reg_write=0 illegal=1 stall=1 redirect=0
[PASS] seq=crv_seq_10                             cyc=79 op=IDK_HAZARD_BOTH        instr=0x6f9ca936 pc=0x7917f76c valid=1 fault=0 wb_w=0 wb_rd=4 ex_r=1 ex_rd=25 -> reg_write=0 illegal=1 stall=1 redirect=0
[PASS] seq=crv_seq_10                             cyc=80 op=IDK_RANDOM             instr=0x170d4294 pc=0xe41149ac valid=1 fault=1 wb_w=1 wb_rd=24 ex_r=0 ex_rd=16 -> reg_write=0 illegal=1 stall=0 redirect=0
[PASS] seq=crv_seq_10                             cyc=81 op=IDK_BACKWARD_BRANCH    instr=0xc803b9e3 pc=0xb239bf5c valid=1 fault=1 wb_w=1 wb_rd=1 ex_r=1 ex_rd=4 -> reg_write=0 illegal=0 stall=0 redirect=1
[PASS] seq=crv_seq_10                             cyc=82 op=IDK_FORWARD_BRANCH     instr=0x340e5a63 pc=0x7ae41274 valid=1 fault=0 wb_w=1 wb_rd=12 ex_r=0 ex_rd=21 -> reg_write=0 illegal=0 stall=0 redirect=0
[PASS] seq=crv_seq_10                             cyc=83 op=IDK_BACKWARD_BRANCH    instr=0x88884863 pc=0xc91ce688 valid=1 fault=0 wb_w=1 wb_rd=20 ex_r=0 ex_rd=28 -> reg_write=0 illegal=0 stall=0 redirect=1
[PASS] seq=crv_seq_10                             cyc=84 op=IDK_HAZARD_RS2         instr=0xedbc4d64 pc=0x2e25b35c valid=1 fault=1 wb_w=1 wb_rd=29 ex_r=1 ex_rd=27 -> reg_write=0 illegal=1 stall=1 redirect=0
[PASS] seq=crv_seq_10                             cyc=85 op=IDK_FORWARD_BRANCH     instr=0x5f4feae3 pc=0x3338dae0 valid=1 fault=1 wb_w=1 wb_rd=5 ex_r=1 ex_rd=16 -> reg_write=0 illegal=0 stall=0 redirect=0
[PASS] seq=crv_seq_10                             cyc=86 op=IDK_LEGAL_ALU          instr=0x40fc1733 pc=0x7ecaac44 valid=1 fault=1 wb_w=0 wb_rd=0 ex_r=1 ex_rd=20 -> reg_write=1 illegal=0 stall=0 redirect=0
[PASS] seq=crv_seq_10                             cyc=87 op=IDK_JAL                instr=0xc1151a6f pc=0xdaadfec4 valid=1 fault=1 wb_w=1 wb_rd=7 ex_r=1 ex_rd=15 -> reg_write=1 illegal=0 stall=0 redirect=1
[PASS] seq=crv_seq_10                             cyc=88 op=IDK_BACKWARD_BRANCH    instr=0x8cf3e063 pc=0x63a42aac valid=1 fault=1 wb_w=0 wb_rd=4 ex_r=1 ex_rd=14 -> reg_write=0 illegal=0 stall=0 redirect=1
[PASS] seq=crv_seq_10                             cyc=89 op=IDK_ILLEGAL            instr=0x03f147b3 pc=0x280b66fc valid=1 fault=1 wb_w=0 wb_rd=5 ex_r=1 ex_rd=22 -> reg_write=0 illegal=1 stall=0 redirect=0
[PASS] seq=crv_seq_10                             cyc=90 op=IDK_LEGAL_ALU          instr=0x019c1e33 pc=0x6b15b23c valid=1 fault=1 wb_w=0 wb_rd=7 ex_r=0 ex_rd=16 -> reg_write=1 illegal=0 stall=0 redirect=0
[PASS] seq=crv_seq_10                             cyc=91 op=IDK_HAZARD_RS2         instr=0xe133789e pc=0xb7b433cc valid=1 fault=1 wb_w=1 wb_rd=29 ex_r=1 ex_rd=19 -> reg_write=0 illegal=1 stall=1 redirect=0
[PASS] seq=crv_seq_10                             cyc=92 op=IDK_JALR               instr=0x8ab7e6e7 pc=0x1cf8ee50 valid=1 fault=1 wb_w=0 wb_rd=17 ex_r=1 ex_rd=8 -> reg_write=1 illegal=0 stall=0 redirect=0
[PASS] seq=crv_seq_10                             cyc=93 op=IDK_RANDOM             instr=0x69254782 pc=0xef31f8bc valid=1 fault=0 wb_w=0 wb_rd=10 ex_r=1 ex_rd=29 -> reg_write=0 illegal=1 stall=0 redirect=0
[PASS] seq=crv_seq_10                             cyc=94 op=IDK_LEGAL_ALU          instr=0x40ae9db3 pc=0xbceb746c valid=1 fault=0 wb_w=0 wb_rd=8 ex_r=0 ex_rd=24 -> reg_write=1 illegal=0 stall=0 redirect=0
[PASS] seq=crv_seq_10                             cyc=95 op=IDK_LEGAL_ALU          instr=0x40603333 pc=0xcf655c9c valid=1 fault=0 wb_w=1 wb_rd=29 ex_r=1 ex_rd=1 -> reg_write=1 illegal=0 stall=0 redirect=0
[PASS] seq=crv_seq_10                             cyc=96 op=IDK_BYPASS_RS1         instr=0xa1258098 pc=0x1e8c0910 valid=1 fault=0 wb_w=1 wb_rd=11 ex_r=0 ex_rd=20 -> reg_write=0 illegal=1 stall=0 redirect=0
[PASS] seq=crv_seq_10                             cyc=97 op=IDK_HAZARD_X0_EXCLUDED instr=0xd4690ce0 pc=0xd6f681e8 valid=1 fault=1 wb_w=0 wb_rd=29 ex_r=1 ex_rd=0 -> reg_write=0 illegal=1 stall=0 redirect=0
[PASS] seq=crv_seq_10                             cyc=98 op=IDK_JAL                instr=0x53f5d16f pc=0xefb398f8 valid=1 fault=0 wb_w=1 wb_rd=16 ex_r=0 ex_rd=28 -> reg_write=1 illegal=0 stall=0 redirect=1
[PASS] seq=crv_seq_10                             cyc=99 op=IDK_ILLEGAL            instr=0x02175ab3 pc=0x7728cb70 valid=1 fault=0 wb_w=0 wb_rd=29 ex_r=1 ex_rd=6 -> reg_write=0 illegal=1 stall=0 redirect=0
[PASS] seq=crv_seq_10                             cyc=100 op=IDK_BYPASS_RS2         instr=0x2d413759 pc=0x5a02afd0 valid=1 fault=1 wb_w=1 wb_rd=20 ex_r=0 ex_rd=24 -> reg_write=0 illegal=1 stall=0 redirect=0
[PASS] seq=crv_seq_10                             cyc=101 op=IDK_LEGAL_ALU          instr=0x00104833 pc=0x29777190 valid=1 fault=0 wb_w=0 wb_rd=1 ex_r=0 ex_rd=13 -> reg_write=1 illegal=0 stall=0 redirect=0
[PASS] seq=crv_seq_10                             cyc=102 op=IDK_HAZARD_BOTH        instr=0x26634b69 pc=0x6e7ec428 valid=1 fault=0 wb_w=1 wb_rd=11 ex_r=1 ex_rd=6 -> reg_write=0 illegal=1 stall=1 redirect=0
[PASS] seq=crv_seq_10                             cyc=103 op=IDK_HAZARD_RS2         instr=0x68b54661 pc=0x495cc9c4 valid=1 fault=1 wb_w=0 wb_rd=14 ex_r=1 ex_rd=11 -> reg_write=0 illegal=1 stall=1 redirect=0
[PASS] seq=crv_seq_10                             cyc=104 op=IDK_RANDOM             instr=0x6fb3d526 pc=0x840b4c90 valid=1 fault=1 wb_w=1 wb_rd=24 ex_r=1 ex_rd=13 -> reg_write=0 illegal=1 stall=0 redirect=0
[PASS] seq=crv_seq_10                             cyc=105 op=IDK_FORWARD_BRANCH     instr=0x3f6a84e3 pc=0x1e9aa94c valid=1 fault=0 wb_w=0 wb_rd=13 ex_r=0 ex_rd=13 -> reg_write=0 illegal=0 stall=0 redirect=0
[PASS] seq=crv_seq_10                             cyc=106 op=IDK_CSR_OP             instr=0x5a977e73 pc=0xe43e432c valid=1 fault=1 wb_w=1 wb_rd=23 ex_r=0 ex_rd=21 -> reg_write=1 illegal=0 stall=0 redirect=0
[PASS] seq=crv_seq_10                             cyc=107 op=IDK_RANDOM             instr=0x04e36190 pc=0x9c48886c valid=1 fault=0 wb_w=0 wb_rd=18 ex_r=0 ex_rd=25 -> reg_write=0 illegal=1 stall=0 redirect=0
[PASS] seq=crv_seq_10                             cyc=108 op=IDK_HAZARD_RS2         instr=0x051dc230 pc=0x152f1190 valid=1 fault=1 wb_w=1 wb_rd=6 ex_r=1 ex_rd=17 -> reg_write=0 illegal=1 stall=1 redirect=0
[PASS] seq=crv_seq_10                             cyc=109 op=IDK_CSR_OP             instr=0x7dded373 pc=0xd110c670 valid=1 fault=1 wb_w=1 wb_rd=20 ex_r=0 ex_rd=11 -> reg_write=1 illegal=0 stall=0 redirect=0
[PASS] seq=crv_seq_10                             cyc=110 op=IDK_RANDOM             instr=0x19a5a6fe pc=0xb76151e4 valid=1 fault=1 wb_w=1 wb_rd=1 ex_r=0 ex_rd=11 -> reg_write=0 illegal=1 stall=0 redirect=0
[PASS] seq=crv_seq_10                             cyc=111 op=IDK_LEGAL_ALU          instr=0x41dd8cb3 pc=0x6cbbb5ac valid=1 fault=1 wb_w=1 wb_rd=17 ex_r=0 ex_rd=21 -> reg_write=1 illegal=0 stall=0 redirect=0
[PASS] seq=crv_seq_10                             cyc=112 op=IDK_CSR_OP             instr=0x272fe573 pc=0xbf933528 valid=1 fault=1 wb_w=0 wb_rd=30 ex_r=0 ex_rd=30 -> reg_write=1 illegal=0 stall=0 redirect=0
[PASS] seq=crv_seq_10                             cyc=113 op=IDK_RANDOM             instr=0x987f4d2a pc=0x7cd5587c valid=1 fault=1 wb_w=1 wb_rd=5 ex_r=0 ex_rd=11 -> reg_write=0 illegal=1 stall=0 redirect=0
[PASS] seq=crv_seq_10                             cyc=114 op=IDK_BYPASS_RS2         instr=0x290ed429 pc=0xf5336dd0 valid=1 fault=1 wb_w=1 wb_rd=16 ex_r=1 ex_rd=29 -> reg_write=0 illegal=1 stall=1 redirect=0
[PASS] seq=crv_seq_10                             cyc=115 op=IDK_BYPASS_RS2         instr=0xaa1f8519 pc=0xf12690f4 valid=1 fault=0 wb_w=1 wb_rd=1 ex_r=0 ex_rd=16 -> reg_write=0 illegal=1 stall=0 redirect=0
[PASS] seq=crv_seq_10                             cyc=116 op=IDK_BYPASS_RS2         instr=0xdcecefec pc=0xc5379828 valid=1 fault=0 wb_w=1 wb_rd=14 ex_r=1 ex_rd=27 -> reg_write=0 illegal=1 stall=0 redirect=0
[PASS] seq=crv_seq_10                             cyc=117 op=IDK_RANDOM             instr=0xc0f9da68 pc=0x2d41583c valid=1 fault=1 wb_w=1 wb_rd=29 ex_r=0 ex_rd=18 -> reg_write=0 illegal=1 stall=0 redirect=0
[PASS] seq=crv_seq_10                             cyc=118 op=IDK_CSR_OP             instr=0xafa4bc73 pc=0xd5ce2bb8 valid=1 fault=0 wb_w=1 wb_rd=19 ex_r=0 ex_rd=11 -> reg_write=1 illegal=0 stall=0 redirect=0
[PASS] seq=crv_seq_10                             cyc=119 op=IDK_HAZARD_BOTH        instr=0x728401ff pc=0xef747d00 valid=1 fault=0 wb_w=0 wb_rd=31 ex_r=1 ex_rd=8 -> reg_write=0 illegal=1 stall=1 redirect=0
[PASS] seq=crv_seq_10                             cyc=120 op=IDK_JALR               instr=0x4fec31e7 pc=0x35f39184 valid=1 fault=0 wb_w=1 wb_rd=30 ex_r=1 ex_rd=31 -> reg_write=1 illegal=0 stall=0 redirect=0
[PASS] seq=crv_seq_10                             cyc=121 op=IDK_CSR_OP             instr=0x68522573 pc=0x16038f40 valid=1 fault=1 wb_w=1 wb_rd=13 ex_r=0 ex_rd=11 -> reg_write=1 illegal=0 stall=0 redirect=0
[PASS] seq=crv_seq_10                             cyc=122 op=IDK_HAZARD_RS2         instr=0xb5d4f731 pc=0x4bbd643c valid=1 fault=0 wb_w=0 wb_rd=28 ex_r=1 ex_rd=29 -> reg_write=0 illegal=1 stall=1 redirect=0
[PASS] seq=crv_seq_10                             cyc=123 op=IDK_BACKWARD_BRANCH    instr=0xbf8c8e63 pc=0xb0a3b7a4 valid=1 fault=0 wb_w=0 wb_rd=20 ex_r=0 ex_rd=31 -> reg_write=0 illegal=0 stall=0 redirect=1
[PASS] seq=crv_seq_10                             cyc=124 op=IDK_LEGAL_ALU          instr=0x40a3c633 pc=0x7baf05e0 valid=1 fault=0 wb_w=0 wb_rd=2 ex_r=0 ex_rd=14 -> reg_write=1 illegal=0 stall=0 redirect=0
[PASS] seq=crv_seq_10                             cyc=125 op=IDK_BACKWARD_BRANCH    instr=0x8546f9e3 pc=0x99b7a86c valid=1 fault=0 wb_w=0 wb_rd=29 ex_r=1 ex_rd=1 -> reg_write=0 illegal=0 stall=0 redirect=1
[PASS] seq=crv_seq_10                             cyc=126 op=IDK_HAZARD_RS1         instr=0x4b65b090 pc=0x48c6fc18 valid=1 fault=1 wb_w=0 wb_rd=2 ex_r=1 ex_rd=11 -> reg_write=0 illegal=1 stall=1 redirect=0
[PASS] seq=crv_seq_10                             cyc=127 op=IDK_HAZARD_RS1         instr=0x48718a8a pc=0xddf9cf9c valid=1 fault=0 wb_w=1 wb_rd=16 ex_r=1 ex_rd=3 -> reg_write=0 illegal=1 stall=1 redirect=0
[PASS] seq=crv_seq_10                             cyc=128 op=IDK_BYPASS_RS2         instr=0xd1316ae1 pc=0x39e4125c valid=1 fault=0 wb_w=1 wb_rd=19 ex_r=1 ex_rd=29 -> reg_write=0 illegal=1 stall=0 redirect=0
[PASS] seq=crv_seq_10                             cyc=129 op=IDK_HAZARD_RS1         instr=0x23121834 pc=0xf69116e8 valid=1 fault=1 wb_w=1 wb_rd=15 ex_r=1 ex_rd=4 -> reg_write=0 illegal=1 stall=1 redirect=0
[PASS] seq=crv_seq_10                             cyc=130 op=IDK_HAZARD_RS2         instr=0x4e2f84f3 pc=0xca2e21b4 valid=1 fault=0 wb_w=1 wb_rd=12 ex_r=1 ex_rd=2 -> reg_write=0 illegal=0 stall=1 redirect=0
[PASS] seq=crv_seq_10                             cyc=131 op=IDK_HAZARD_X0_EXCLUDED instr=0x2fecd49d pc=0x5345435c valid=1 fault=1 wb_w=0 wb_rd=19 ex_r=1 ex_rd=0 -> reg_write=0 illegal=1 stall=0 redirect=0
[PASS] seq=crv_seq_10                             cyc=132 op=IDK_LEGAL_ALU          instr=0x417b8b33 pc=0xb87dc688 valid=1 fault=0 wb_w=1 wb_rd=31 ex_r=1 ex_rd=17 -> reg_write=1 illegal=0 stall=0 redirect=0
[PASS] seq=crv_seq_10                             cyc=133 op=IDK_CSR_OP             instr=0x2a24acf3 pc=0xce778904 valid=1 fault=1 wb_w=1 wb_rd=28 ex_r=1 ex_rd=27 -> reg_write=1 illegal=0 stall=0 redirect=0
[PASS] seq=crv_seq_10                             cyc=134 op=IDK_BYPASS_RS1         instr=0xfeda50a0 pc=0x9946fccc valid=1 fault=0 wb_w=1 wb_rd=20 ex_r=1 ex_rd=3 -> reg_write=0 illegal=1 stall=0 redirect=0
[PASS] seq=crv_seq_10                             cyc=135 op=IDK_LEGAL_ALU          instr=0x41f17433 pc=0xc3123b68 valid=1 fault=1 wb_w=1 wb_rd=21 ex_r=0 ex_rd=5 -> reg_write=1 illegal=0 stall=0 redirect=0
[PASS] seq=crv_seq_10                             cyc=136 op=IDK_BYPASS_RS1         instr=0x286cec65 pc=0xe167d230 valid=1 fault=1 wb_w=1 wb_rd=25 ex_r=0 ex_rd=20 -> reg_write=0 illegal=1 stall=0 redirect=0
[PASS] seq=crv_seq_10                             cyc=137 op=IDK_HAZARD_BOTH        instr=0x9410fa20 pc=0x70542128 valid=1 fault=0 wb_w=0 wb_rd=24 ex_r=1 ex_rd=1 -> reg_write=0 illegal=1 stall=1 redirect=0
[PASS] seq=crv_seq_10                             cyc=138 op=IDK_HAZARD_RS1         instr=0x7c4dfeb6 pc=0xfed3177c valid=1 fault=0 wb_w=1 wb_rd=5 ex_r=1 ex_rd=27 -> reg_write=0 illegal=1 stall=1 redirect=0
[PASS] seq=crv_seq_10                             cyc=139 op=IDK_BACKWARD_BRANCH    instr=0xa438b1e3 pc=0x6af09058 valid=1 fault=1 wb_w=0 wb_rd=29 ex_r=1 ex_rd=21 -> reg_write=0 illegal=0 stall=0 redirect=1
[PASS] seq=crv_seq_10                             cyc=140 op=IDK_FORWARD_BRANCH     instr=0x2e158263 pc=0x61691bd8 valid=1 fault=0 wb_w=0 wb_rd=15 ex_r=1 ex_rd=4 -> reg_write=0 illegal=0 stall=0 redirect=0
[PASS] seq=crv_seq_10                             cyc=141 op=IDK_BYPASS_RS1         instr=0x7321519c pc=0xf5d10f0c valid=1 fault=0 wb_w=1 wb_rd=2 ex_r=0 ex_rd=18 -> reg_write=0 illegal=1 stall=0 redirect=0
[PASS] seq=crv_seq_10                             cyc=142 op=IDK_CSR_OP             instr=0x584c44f3 pc=0x66fe0cf0 valid=1 fault=0 wb_w=0 wb_rd=20 ex_r=0 ex_rd=15 -> reg_write=1 illegal=0 stall=0 redirect=0
[PASS] seq=crv_seq_10                             cyc=143 op=IDK_JAL                instr=0x96de6eef pc=0x4123cb84 valid=1 fault=0 wb_w=1 wb_rd=24 ex_r=1 ex_rd=15 -> reg_write=1 illegal=0 stall=0 redirect=1
[PASS] seq=crv_seq_10                             cyc=144 op=IDK_HAZARD_RS1         instr=0x960ad41e pc=0x7ed8de98 valid=1 fault=1 wb_w=0 wb_rd=4 ex_r=1 ex_rd=21 -> reg_write=0 illegal=1 stall=1 redirect=0
[PASS] seq=crv_seq_10                             cyc=145 op=IDK_LEGAL_ALU          instr=0x404206b3 pc=0xdfa041e8 valid=1 fault=1 wb_w=1 wb_rd=27 ex_r=1 ex_rd=0 -> reg_write=1 illegal=0 stall=0 redirect=0
[PASS] seq=crv_seq_10                             cyc=146 op=IDK_BYPASS_RS2         instr=0x3826e2ec pc=0xfaac832c valid=1 fault=1 wb_w=1 wb_rd=2 ex_r=0 ex_rd=23 -> reg_write=0 illegal=1 stall=0 redirect=0
[PASS] seq=crv_seq_10                             cyc=147 op=IDK_BYPASS_BOTH        instr=0x6631fe54 pc=0x3114c9b4 valid=1 fault=0 wb_w=1 wb_rd=3 ex_r=0 ex_rd=24 -> reg_write=0 illegal=1 stall=0 redirect=0
[PASS] seq=crv_seq_10                             cyc=148 op=IDK_ILLEGAL            instr=0x027975b3 pc=0x17118a70 valid=1 fault=0 wb_w=1 wb_rd=5 ex_r=0 ex_rd=7 -> reg_write=0 illegal=1 stall=0 redirect=0
[PASS] seq=crv_seq_10                             cyc=149 op=IDK_JAL                instr=0xcc111d6f pc=0xfd11c0a0 valid=1 fault=0 wb_w=0 wb_rd=25 ex_r=1 ex_rd=1 -> reg_write=1 illegal=0 stall=1 redirect=1
[PASS] seq=crv_seq_10                             cyc=150 op=IDK_BYPASS_RS1         instr=0xda4558ba pc=0x7c0f250c valid=1 fault=1 wb_w=1 wb_rd=10 ex_r=1 ex_rd=11 -> reg_write=0 illegal=1 stall=0 redirect=0
[PASS] seq=crv_seq_10                             cyc=151 op=IDK_JAL                instr=0xe7a6adef pc=0x1da0a860 valid=1 fault=0 wb_w=1 wb_rd=0 ex_r=0 ex_rd=0 -> reg_write=1 illegal=0 stall=0 redirect=1
[PASS] seq=crv_seq_10                             cyc=152 op=IDK_BYPASS_RS1         instr=0x0548a22d pc=0x47caba8c valid=1 fault=1 wb_w=1 wb_rd=17 ex_r=1 ex_rd=28 -> reg_write=0 illegal=1 stall=0 redirect=0
[PASS] seq=crv_seq_10                             cyc=153 op=IDK_HAZARD_RS1         instr=0xac71573e pc=0xf3974554 valid=1 fault=0 wb_w=1 wb_rd=3 ex_r=1 ex_rd=2 -> reg_write=0 illegal=1 stall=1 redirect=0
[PASS] seq=crv_seq_10                             cyc=154 op=IDK_BYPASS_BOTH        instr=0x38b58be7 pc=0x90c946ac valid=1 fault=1 wb_w=1 wb_rd=11 ex_r=1 ex_rd=31 -> reg_write=1 illegal=0 stall=0 redirect=0
[PASS] seq=crv_seq_10                             cyc=155 op=IDK_BYPASS_RS1         instr=0x6d3a23f1 pc=0xd5163f38 valid=1 fault=1 wb_w=1 wb_rd=20 ex_r=0 ex_rd=22 -> reg_write=0 illegal=1 stall=0 redirect=0
[PASS] seq=crv_seq_10                             cyc=156 op=IDK_BYPASS_RS1         instr=0x7a5d202e pc=0x541aaf60 valid=1 fault=0 wb_w=1 wb_rd=26 ex_r=1 ex_rd=1 -> reg_write=0 illegal=1 stall=0 redirect=0
[PASS] seq=crv_seq_10                             cyc=157 op=IDK_JAL                instr=0x3a2c19ef pc=0x1b1dd48c valid=1 fault=1 wb_w=0 wb_rd=4 ex_r=0 ex_rd=12 -> reg_write=1 illegal=0 stall=0 redirect=1
[PASS] seq=crv_seq_10                             cyc=158 op=IDK_ILLEGAL            instr=0x03f4fc33 pc=0x162ff404 valid=1 fault=0 wb_w=0 wb_rd=21 ex_r=1 ex_rd=27 -> reg_write=0 illegal=1 stall=0 redirect=0
[PASS] seq=crv_seq_10                             cyc=159 op=IDK_BYPASS_RS2         instr=0xfc89abe6 pc=0xd75ef570 valid=1 fault=1 wb_w=1 wb_rd=8 ex_r=1 ex_rd=29 -> reg_write=0 illegal=1 stall=0 redirect=0
[PASS] seq=crv_seq_10                             cyc=160 op=IDK_HAZARD_RS1         instr=0x08d2848e pc=0xd8b5b7f8 valid=1 fault=0 wb_w=1 wb_rd=4 ex_r=1 ex_rd=5 -> reg_write=0 illegal=1 stall=1 redirect=0
[PASS] seq=crv_seq_10                             cyc=161 op=IDK_BYPASS_BOTH        instr=0x26c62acb pc=0xebd10be4 valid=1 fault=0 wb_w=1 wb_rd=12 ex_r=0 ex_rd=17 -> reg_write=0 illegal=1 stall=0 redirect=0
[PASS] seq=crv_seq_10                             cyc=162 op=IDK_RANDOM             instr=0x100d008a pc=0x409b8754 valid=1 fault=0 wb_w=0 wb_rd=18 ex_r=1 ex_rd=28 -> reg_write=0 illegal=1 stall=0 redirect=0
[PASS] seq=crv_seq_10                             cyc=163 op=IDK_LEGAL_ALU          instr=0x418982b3 pc=0xf256ce90 valid=1 fault=1 wb_w=0 wb_rd=30 ex_r=1 ex_rd=15 -> reg_write=1 illegal=0 stall=0 redirect=0
[PASS] seq=crv_seq_10                             cyc=164 op=IDK_RANDOM             instr=0xf7a77497 pc=0x9f81a954 valid=1 fault=0 wb_w=1 wb_rd=29 ex_r=1 ex_rd=8 -> reg_write=1 illegal=0 stall=0 redirect=0
[PASS] seq=crv_seq_10                             cyc=165 op=IDK_BACKWARD_BRANCH    instr=0xe40a2463 pc=0x1dee2fa4 valid=1 fault=0 wb_w=1 wb_rd=29 ex_r=1 ex_rd=26 -> reg_write=0 illegal=0 stall=0 redirect=1
[PASS] seq=crv_seq_10                             cyc=166 op=IDK_RANDOM             instr=0xca5f27f0 pc=0x5b0cfbb0 valid=1 fault=1 wb_w=1 wb_rd=9 ex_r=0 ex_rd=17 -> reg_write=0 illegal=1 stall=0 redirect=0
[PASS] seq=crv_seq_10                             cyc=167 op=IDK_BYPASS_RS1         instr=0x030fc799 pc=0x9f7de65c valid=1 fault=0 wb_w=1 wb_rd=31 ex_r=0 ex_rd=6 -> reg_write=0 illegal=1 stall=0 redirect=0
[PASS] seq=crv_seq_10                             cyc=168 op=IDK_RANDOM             instr=0xc473749c pc=0xa42b9f68 valid=1 fault=1 wb_w=1 wb_rd=31 ex_r=0 ex_rd=29 -> reg_write=0 illegal=1 stall=0 redirect=0
[PASS] seq=crv_seq_10                             cyc=169 op=IDK_ILLEGAL            instr=0x025a41b3 pc=0xf8d18564 valid=1 fault=0 wb_w=0 wb_rd=15 ex_r=1 ex_rd=12 -> reg_write=0 illegal=1 stall=0 redirect=0
[PASS] seq=crv_seq_10                             cyc=170 op=IDK_BACKWARD_BRANCH    instr=0x975856e3 pc=0xf352e08c valid=1 fault=1 wb_w=1 wb_rd=0 ex_r=1 ex_rd=0 -> reg_write=0 illegal=0 stall=0 redirect=1
[PASS] seq=crv_seq_10                             cyc=171 op=IDK_ILLEGAL            instr=0x025c7833 pc=0x59be8ec4 valid=1 fault=1 wb_w=1 wb_rd=6 ex_r=0 ex_rd=7 -> reg_write=0 illegal=1 stall=0 redirect=0
[PASS] seq=crv_seq_10                             cyc=172 op=IDK_RANDOM             instr=0x19e84abf pc=0xd90034fc valid=1 fault=1 wb_w=1 wb_rd=0 ex_r=0 ex_rd=12 -> reg_write=0 illegal=1 stall=0 redirect=0
[PASS] seq=crv_seq_10                             cyc=173 op=IDK_HAZARD_X0_EXCLUDED instr=0x1b069e07 pc=0x186738c0 valid=1 fault=0 wb_w=0 wb_rd=9 ex_r=1 ex_rd=0 -> reg_write=0 illegal=1 stall=0 redirect=0
[PASS] seq=crv_seq_10                             cyc=174 op=IDK_HAZARD_BOTH        instr=0xac3192ae pc=0xc33cb968 valid=1 fault=0 wb_w=1 wb_rd=13 ex_r=1 ex_rd=3 -> reg_write=0 illegal=1 stall=1 redirect=0
[PASS] seq=crv_seq_10                             cyc=175 op=IDK_LEGAL_ALU          instr=0x40904133 pc=0x837299ec valid=1 fault=0 wb_w=0 wb_rd=18 ex_r=0 ex_rd=10 -> reg_write=1 illegal=0 stall=0 redirect=0
[PASS] seq=crv_seq_10                             cyc=176 op=IDK_RANDOM             instr=0xb643a882 pc=0x34947de4 valid=1 fault=1 wb_w=0 wb_rd=23 ex_r=0 ex_rd=13 -> reg_write=0 illegal=1 stall=0 redirect=0
[PASS] seq=crv_seq_10                             cyc=177 op=IDK_HAZARD_X0_EXCLUDED instr=0x1d1d5be3 pc=0x9e1a91ac valid=1 fault=0 wb_w=0 wb_rd=26 ex_r=1 ex_rd=0 -> reg_write=0 illegal=0 stall=0 redirect=0
[PASS] seq=crv_seq_10                             cyc=178 op=IDK_LEGAL_ALU          instr=0x00dfc3b3 pc=0xf1360bb8 valid=1 fault=1 wb_w=1 wb_rd=14 ex_r=1 ex_rd=0 -> reg_write=1 illegal=0 stall=0 redirect=0
[PASS] seq=crv_seq_10                             cyc=179 op=IDK_LEGAL_ALU          instr=0x00a00633 pc=0x7861ff58 valid=1 fault=1 wb_w=0 wb_rd=13 ex_r=1 ex_rd=6 -> reg_write=1 illegal=0 stall=0 redirect=0
[PASS] seq=crv_seq_10                             cyc=180 op=IDK_RANDOM             instr=0xef1484b5 pc=0x28679994 valid=1 fault=0 wb_w=1 wb_rd=0 ex_r=0 ex_rd=0 -> reg_write=0 illegal=1 stall=0 redirect=0
[PASS] seq=crv_seq_10                             cyc=181 op=IDK_RANDOM             instr=0xc024e7c4 pc=0xe3fe9594 valid=1 fault=0 wb_w=1 wb_rd=14 ex_r=1 ex_rd=24 -> reg_write=0 illegal=1 stall=0 redirect=0
[PASS] seq=crv_seq_10                             cyc=182 op=IDK_HAZARD_RS1         instr=0x860a9c9d pc=0x24f54498 valid=1 fault=1 wb_w=1 wb_rd=19 ex_r=1 ex_rd=21 -> reg_write=0 illegal=1 stall=1 redirect=0
[PASS] seq=crv_seq_10                             cyc=183 op=IDK_JALR               instr=0xbe3f41e7 pc=0xb0e310b0 valid=1 fault=1 wb_w=0 wb_rd=31 ex_r=1 ex_rd=13 -> reg_write=1 illegal=0 stall=0 redirect=0
[PASS] seq=crv_seq_10                             cyc=184 op=IDK_ILLEGAL            instr=0x026c79b3 pc=0xcda5de64 valid=1 fault=0 wb_w=0 wb_rd=2 ex_r=0 ex_rd=11 -> reg_write=0 illegal=1 stall=0 redirect=0
[PASS] seq=crv_seq_10                             cyc=185 op=IDK_HAZARD_RS2         instr=0x8cf782f7 pc=0x168f9a58 valid=1 fault=1 wb_w=0 wb_rd=3 ex_r=1 ex_rd=15 -> reg_write=0 illegal=1 stall=1 redirect=0
[PASS] seq=crv_seq_10                             cyc=186 op=IDK_BYPASS_RS1         instr=0x373464c7 pc=0x63d5e8a0 valid=1 fault=0 wb_w=1 wb_rd=8 ex_r=1 ex_rd=20 -> reg_write=0 illegal=1 stall=0 redirect=0
[PASS] seq=crv_seq_10                             cyc=187 op=IDK_BYPASS_RS2         instr=0x014c2886 pc=0x43bf70d0 valid=1 fault=1 wb_w=1 wb_rd=20 ex_r=1 ex_rd=19 -> reg_write=0 illegal=1 stall=0 redirect=0
[PASS] seq=crv_seq_10                             cyc=188 op=IDK_HAZARD_RS1         instr=0x8dbaae12 pc=0x6b36bf98 valid=1 fault=0 wb_w=1 wb_rd=4 ex_r=1 ex_rd=21 -> reg_write=0 illegal=1 stall=1 redirect=0
[PASS] seq=crv_seq_10                             cyc=189 op=IDK_RANDOM             instr=0xbcd6eef1 pc=0x07e36288 valid=1 fault=0 wb_w=1 wb_rd=26 ex_r=0 ex_rd=20 -> reg_write=0 illegal=1 stall=0 redirect=0
[PASS] seq=crv_seq_10                             cyc=190 op=IDK_JAL                instr=0xb717aeef pc=0x76f4b83c valid=1 fault=1 wb_w=1 wb_rd=30 ex_r=1 ex_rd=1 -> reg_write=1 illegal=0 stall=0 redirect=1
[PASS] seq=crv_seq_10                             cyc=191 op=IDK_HAZARD_X0_EXCLUDED instr=0xe679f53c pc=0xc0272260 valid=1 fault=1 wb_w=0 wb_rd=25 ex_r=1 ex_rd=0 -> reg_write=0 illegal=1 stall=0 redirect=0
[PASS] seq=crv_seq_10                             cyc=192 op=IDK_ILLEGAL            instr=0x0200c933 pc=0x8d7f685c valid=1 fault=0 wb_w=1 wb_rd=29 ex_r=0 ex_rd=26 -> reg_write=0 illegal=1 stall=0 redirect=0
[PASS] seq=crv_seq_10                             cyc=193 op=IDK_FORWARD_BRANCH     instr=0x46ceaa63 pc=0x114b558c valid=1 fault=0 wb_w=1 wb_rd=1 ex_r=0 ex_rd=13 -> reg_write=0 illegal=0 stall=0 redirect=0
[PASS] seq=crv_seq_10                             cyc=194 op=IDK_JAL                instr=0x00bcccef pc=0x1169d4ec valid=1 fault=1 wb_w=1 wb_rd=0 ex_r=1 ex_rd=21 -> reg_write=1 illegal=0 stall=0 redirect=1
[PASS] seq=crv_seq_10                             cyc=195 op=IDK_BYPASS_RS2         instr=0x28e63a8a pc=0x0783fb5c valid=1 fault=0 wb_w=1 wb_rd=14 ex_r=0 ex_rd=17 -> reg_write=0 illegal=1 stall=0 redirect=0
[PASS] seq=crv_seq_10                             cyc=196 op=IDK_LEGAL_ALU          instr=0x405d9db3 pc=0x2fefcb38 valid=1 fault=1 wb_w=1 wb_rd=20 ex_r=1 ex_rd=17 -> reg_write=1 illegal=0 stall=0 redirect=0
[PASS] seq=crv_seq_10                             cyc=197 op=IDK_BYPASS_RS2         instr=0x79736408 pc=0x0d2378ec valid=1 fault=1 wb_w=1 wb_rd=23 ex_r=0 ex_rd=26 -> reg_write=0 illegal=1 stall=0 redirect=0
[PASS] seq=crv_seq_10                             cyc=198 op=IDK_BACKWARD_BRANCH    instr=0xf561d7e3 pc=0xb21e2c78 valid=1 fault=1 wb_w=0 wb_rd=14 ex_r=0 ex_rd=15 -> reg_write=0 illegal=0 stall=0 redirect=1
[PASS] seq=crv_seq_10                             cyc=199 op=IDK_RANDOM             instr=0x423da236 pc=0x6eb5c510 valid=1 fault=0 wb_w=1 wb_rd=18 ex_r=1 ex_rd=9 -> reg_write=0 illegal=1 stall=0 redirect=0
[PASS] seq=crv_seq_11                             cyc=0 op=IDK_RANDOM             instr=0xf075bd23 pc=0x410bf9c8 valid=1 fault=0 wb_w=1 wb_rd=0 ex_r=0 ex_rd=1 -> reg_write=0 illegal=0 stall=0 redirect=0
[PASS] seq=crv_seq_11                             cyc=1 op=IDK_CSR_OP             instr=0x5e75d273 pc=0xd771d0e0 valid=1 fault=1 wb_w=0 wb_rd=21 ex_r=0 ex_rd=6 -> reg_write=1 illegal=0 stall=0 redirect=0
[PASS] seq=crv_seq_11                             cyc=2 op=IDK_HAZARD_RS2         instr=0x3541c54a pc=0xa3cf88d4 valid=1 fault=1 wb_w=1 wb_rd=31 ex_r=1 ex_rd=20 -> reg_write=0 illegal=1 stall=1 redirect=0
[PASS] seq=crv_seq_11                             cyc=3 op=IDK_HAZARD_RS2         instr=0xc73a3c0a pc=0xe3573dd0 valid=1 fault=1 wb_w=1 wb_rd=9 ex_r=1 ex_rd=19 -> reg_write=0 illegal=1 stall=1 redirect=0
[PASS] seq=crv_seq_11                             cyc=4 op=IDK_FORWARD_BRANCH     instr=0x786ca163 pc=0xc4831398 valid=1 fault=1 wb_w=0 wb_rd=17 ex_r=0 ex_rd=15 -> reg_write=0 illegal=0 stall=0 redirect=0
[PASS] seq=crv_seq_11                             cyc=5 op=IDK_RANDOM             instr=0x34e0c09a pc=0x5bd0636c valid=1 fault=1 wb_w=0 wb_rd=30 ex_r=0 ex_rd=12 -> reg_write=0 illegal=1 stall=0 redirect=0
[PASS] seq=crv_seq_11                             cyc=6 op=IDK_HAZARD_X0_EXCLUDED instr=0x613d490a pc=0xad6d2cd0 valid=1 fault=0 wb_w=0 wb_rd=27 ex_r=1 ex_rd=0 -> reg_write=0 illegal=1 stall=0 redirect=0
[PASS] seq=crv_seq_11                             cyc=7 op=IDK_BYPASS_RS1         instr=0x7856b168 pc=0x0fa3da70 valid=1 fault=0 wb_w=1 wb_rd=13 ex_r=1 ex_rd=19 -> reg_write=0 illegal=1 stall=0 redirect=0
[PASS] seq=crv_seq_11                             cyc=8 op=IDK_RANDOM             instr=0xfd88ac1e pc=0x7c7a9584 valid=1 fault=1 wb_w=1 wb_rd=29 ex_r=0 ex_rd=26 -> reg_write=0 illegal=1 stall=0 redirect=0
[PASS] seq=crv_seq_11                             cyc=9 op=IDK_HAZARD_RS1         instr=0x334dae4c pc=0x71c8f874 valid=1 fault=1 wb_w=0 wb_rd=18 ex_r=1 ex_rd=27 -> reg_write=0 illegal=1 stall=1 redirect=0
[PASS] seq=crv_seq_11                             cyc=10 op=IDK_RANDOM             instr=0xcfce220c pc=0x17118d50 valid=1 fault=1 wb_w=0 wb_rd=3 ex_r=0 ex_rd=25 -> reg_write=0 illegal=1 stall=0 redirect=0
[PASS] seq=crv_seq_11                             cyc=11 op=IDK_BYPASS_BOTH        instr=0x26633b0c pc=0xcc3122c8 valid=1 fault=1 wb_w=1 wb_rd=6 ex_r=1 ex_rd=24 -> reg_write=0 illegal=1 stall=0 redirect=0
[PASS] seq=crv_seq_11                             cyc=12 op=IDK_HAZARD_RS2         instr=0x9f29cf22 pc=0x6d7fd130 valid=1 fault=0 wb_w=0 wb_rd=15 ex_r=1 ex_rd=18 -> reg_write=0 illegal=1 stall=1 redirect=0
[PASS] seq=crv_seq_11                             cyc=13 op=IDK_JALR               instr=0xf90e85e7 pc=0x7c1db334 valid=1 fault=0 wb_w=0 wb_rd=8 ex_r=0 ex_rd=29 -> reg_write=1 illegal=0 stall=0 redirect=0
[PASS] seq=crv_seq_11                             cyc=14 op=IDK_BYPASS_RS2         instr=0x90240b21 pc=0xd392dfc4 valid=1 fault=1 wb_w=1 wb_rd=2 ex_r=0 ex_rd=31 -> reg_write=0 illegal=1 stall=0 redirect=0
[PASS] seq=crv_seq_11                             cyc=15 op=IDK_HAZARD_X0_EXCLUDED instr=0xd1f6bec2 pc=0xbf662790 valid=1 fault=0 wb_w=1 wb_rd=7 ex_r=1 ex_rd=0 -> reg_write=0 illegal=1 stall=0 redirect=0
[PASS] seq=crv_seq_11                             cyc=16 op=IDK_LEGAL_ALU          instr=0x40426333 pc=0x481ed734 valid=1 fault=1 wb_w=1 wb_rd=26 ex_r=0 ex_rd=12 -> reg_write=1 illegal=0 stall=0 redirect=0
[PASS] seq=crv_seq_11                             cyc=17 op=IDK_BACKWARD_BRANCH    instr=0xe4e5cfe3 pc=0x7d733428 valid=1 fault=0 wb_w=0 wb_rd=19 ex_r=1 ex_rd=13 -> reg_write=0 illegal=0 stall=0 redirect=1
[PASS] seq=crv_seq_11                             cyc=18 op=IDK_RANDOM             instr=0x6ba4e8fe pc=0x20f5cd94 valid=1 fault=1 wb_w=0 wb_rd=30 ex_r=1 ex_rd=28 -> reg_write=0 illegal=1 stall=0 redirect=0
[PASS] seq=crv_seq_11                             cyc=19 op=IDK_LEGAL_ALU          instr=0x01dc0933 pc=0xf0a1a9a4 valid=1 fault=1 wb_w=0 wb_rd=31 ex_r=0 ex_rd=7 -> reg_write=1 illegal=0 stall=0 redirect=0
[PASS] seq=crv_seq_11                             cyc=20 op=IDK_BYPASS_BOTH        instr=0x9139c8d8 pc=0xd5f60abc valid=1 fault=1 wb_w=1 wb_rd=19 ex_r=0 ex_rd=5 -> reg_write=0 illegal=1 stall=0 redirect=0
[PASS] seq=crv_seq_11                             cyc=21 op=IDK_HAZARD_RS1         instr=0x1de8ae23 pc=0x950442fc valid=1 fault=1 wb_w=1 wb_rd=18 ex_r=1 ex_rd=17 -> reg_write=0 illegal=0 stall=1 redirect=0
[PASS] seq=crv_seq_11                             cyc=22 op=IDK_HAZARD_RS1         instr=0xa148686f pc=0xa29466e4 valid=1 fault=1 wb_w=1 wb_rd=6 ex_r=1 ex_rd=16 -> reg_write=1 illegal=0 stall=1 redirect=1
[PASS] seq=crv_seq_11                             cyc=23 op=IDK_CSR_OP             instr=0xd0f67df3 pc=0x81ffe270 valid=1 fault=0 wb_w=1 wb_rd=3 ex_r=0 ex_rd=27 -> reg_write=1 illegal=0 stall=0 redirect=0
[PASS] seq=crv_seq_11                             cyc=24 op=IDK_BYPASS_RS1         instr=0x04487c9d pc=0xa5ca9a64 valid=1 fault=0 wb_w=1 wb_rd=16 ex_r=0 ex_rd=4 -> reg_write=0 illegal=1 stall=0 redirect=0
[PASS] seq=crv_seq_11                             cyc=25 op=IDK_LEGAL_ALU          instr=0x00c418b3 pc=0xfc86f384 valid=1 fault=0 wb_w=0 wb_rd=30 ex_r=0 ex_rd=14 -> reg_write=1 illegal=0 stall=0 redirect=0
[PASS] seq=crv_seq_11                             cyc=26 op=IDK_HAZARD_RS2         instr=0x6d1c4fd0 pc=0x6952c564 valid=1 fault=1 wb_w=1 wb_rd=2 ex_r=1 ex_rd=17 -> reg_write=0 illegal=1 stall=1 redirect=0
[PASS] seq=crv_seq_11                             cyc=27 op=IDK_LEGAL_ALU          instr=0x41d234b3 pc=0xef29f0d4 valid=1 fault=1 wb_w=0 wb_rd=3 ex_r=1 ex_rd=29 -> reg_write=1 illegal=0 stall=1 redirect=0
[PASS] seq=crv_seq_11                             cyc=28 op=IDK_LEGAL_ALU          instr=0x40fad333 pc=0x8668fd54 valid=1 fault=1 wb_w=1 wb_rd=17 ex_r=1 ex_rd=24 -> reg_write=1 illegal=0 stall=0 redirect=0
[PASS] seq=crv_seq_11                             cyc=29 op=IDK_HAZARD_BOTH        instr=0x43ce3463 pc=0x64f78b04 valid=1 fault=1 wb_w=1 wb_rd=27 ex_r=1 ex_rd=28 -> reg_write=0 illegal=0 stall=1 redirect=0
[PASS] seq=crv_seq_11                             cyc=30 op=IDK_RANDOM             instr=0x204900a7 pc=0x51deb198 valid=1 fault=1 wb_w=0 wb_rd=28 ex_r=1 ex_rd=16 -> reg_write=0 illegal=1 stall=0 redirect=0
[PASS] seq=crv_seq_11                             cyc=31 op=IDK_LEGAL_ALU          instr=0x001736b3 pc=0x6fc1ef98 valid=1 fault=1 wb_w=0 wb_rd=22 ex_r=0 ex_rd=27 -> reg_write=1 illegal=0 stall=0 redirect=0
[PASS] seq=crv_seq_11                             cyc=32 op=IDK_FORWARD_BRANCH     instr=0x04ad7163 pc=0xe3d43320 valid=1 fault=1 wb_w=1 wb_rd=23 ex_r=1 ex_rd=31 -> reg_write=0 illegal=0 stall=0 redirect=0
[PASS] seq=crv_seq_11                             cyc=33 op=IDK_CSR_OP             instr=0x09f46473 pc=0x710b5d94 valid=1 fault=0 wb_w=1 wb_rd=21 ex_r=1 ex_rd=31 -> reg_write=1 illegal=0 stall=1 redirect=0
[PASS] seq=crv_seq_11                             cyc=34 op=IDK_BYPASS_BOTH        instr=0x78d6a979 pc=0xbad0fdc8 valid=1 fault=0 wb_w=1 wb_rd=13 ex_r=1 ex_rd=9 -> reg_write=0 illegal=1 stall=0 redirect=0
[PASS] seq=crv_seq_11                             cyc=35 op=IDK_FORWARD_BRANCH     instr=0x1e7fd263 pc=0x9bcbdb1c valid=1 fault=0 wb_w=1 wb_rd=2 ex_r=0 ex_rd=0 -> reg_write=0 illegal=0 stall=0 redirect=0
[PASS] seq=crv_seq_11                             cyc=36 op=IDK_JAL                instr=0x251c99ef pc=0x818c5200 valid=1 fault=1 wb_w=1 wb_rd=14 ex_r=0 ex_rd=1 -> reg_write=1 illegal=0 stall=0 redirect=1
[PASS] seq=crv_seq_11                             cyc=37 op=IDK_FORWARD_BRANCH     instr=0x143be8e3 pc=0x28f8a770 valid=1 fault=1 wb_w=0 wb_rd=30 ex_r=1 ex_rd=20 -> reg_write=0 illegal=0 stall=0 redirect=0
[PASS] seq=crv_seq_11                             cyc=38 op=IDK_BYPASS_RS2         instr=0x21204f9b pc=0x861d5e20 valid=1 fault=1 wb_w=1 wb_rd=18 ex_r=1 ex_rd=22 -> reg_write=0 illegal=1 stall=0 redirect=0
[PASS] seq=crv_seq_11                             cyc=39 op=IDK_JALR               instr=0x0178e9e7 pc=0x6ff7ca54 valid=1 fault=1 wb_w=0 wb_rd=12 ex_r=0 ex_rd=24 -> reg_write=1 illegal=0 stall=0 redirect=0
[PASS] seq=crv_seq_11                             cyc=40 op=IDK_HAZARD_X0_EXCLUDED instr=0xb2a5bf88 pc=0x1cd9bda8 valid=1 fault=1 wb_w=1 wb_rd=22 ex_r=1 ex_rd=0 -> reg_write=0 illegal=1 stall=0 redirect=0
[PASS] seq=crv_seq_11                             cyc=41 op=IDK_LEGAL_ALU          instr=0x41a5cd33 pc=0x225c9b04 valid=1 fault=0 wb_w=0 wb_rd=18 ex_r=0 ex_rd=3 -> reg_write=1 illegal=0 stall=0 redirect=0
[PASS] seq=crv_seq_11                             cyc=42 op=IDK_LEGAL_ALU          instr=0x01313733 pc=0xece572d4 valid=1 fault=0 wb_w=1 wb_rd=10 ex_r=0 ex_rd=1 -> reg_write=1 illegal=0 stall=0 redirect=0
[PASS] seq=crv_seq_11                             cyc=43 op=IDK_BYPASS_RS1         instr=0xae921260 pc=0x3ae69430 valid=1 fault=1 wb_w=1 wb_rd=4 ex_r=0 ex_rd=19 -> reg_write=0 illegal=1 stall=0 redirect=0
[PASS] seq=crv_seq_11                             cyc=44 op=IDK_HAZARD_X0_EXCLUDED instr=0xd1cf1e0d pc=0xc20b2a14 valid=1 fault=0 wb_w=1 wb_rd=12 ex_r=1 ex_rd=0 -> reg_write=0 illegal=1 stall=0 redirect=0
[PASS] seq=crv_seq_11                             cyc=45 op=IDK_ILLEGAL            instr=0x022dcdb3 pc=0xe9921f58 valid=1 fault=1 wb_w=1 wb_rd=14 ex_r=0 ex_rd=18 -> reg_write=0 illegal=1 stall=0 redirect=0
[PASS] seq=crv_seq_11                             cyc=46 op=IDK_BYPASS_RS2         instr=0x2b870b97 pc=0x42113e58 valid=1 fault=1 wb_w=1 wb_rd=24 ex_r=1 ex_rd=9 -> reg_write=1 illegal=0 stall=0 redirect=0
[PASS] seq=crv_seq_11                             cyc=47 op=IDK_HAZARD_RS1         instr=0x4ec4ff42 pc=0xa3cfdb5c valid=1 fault=1 wb_w=1 wb_rd=1 ex_r=1 ex_rd=9 -> reg_write=0 illegal=1 stall=1 redirect=0
[PASS] seq=crv_seq_11                             cyc=48 op=IDK_ILLEGAL            instr=0x0281dfb3 pc=0x5e8a98c0 valid=1 fault=0 wb_w=1 wb_rd=20 ex_r=0 ex_rd=10 -> reg_write=0 illegal=1 stall=0 redirect=0
[PASS] seq=crv_seq_11                             cyc=49 op=IDK_RANDOM             instr=0xaea800bf pc=0x8376c5ac valid=1 fault=1 wb_w=1 wb_rd=27 ex_r=1 ex_rd=25 -> reg_write=0 illegal=1 stall=0 redirect=0
[PASS] seq=crv_seq_11                             cyc=50 op=IDK_JAL                instr=0x1c52296f pc=0x388f1c04 valid=1 fault=1 wb_w=0 wb_rd=31 ex_r=0 ex_rd=7 -> reg_write=1 illegal=0 stall=0 redirect=1
[PASS] seq=crv_seq_11                             cyc=51 op=IDK_LEGAL_ALU          instr=0x410a9a33 pc=0xad484bd4 valid=1 fault=1 wb_w=1 wb_rd=1 ex_r=1 ex_rd=9 -> reg_write=1 illegal=0 stall=0 redirect=0
[PASS] seq=crv_seq_11                             cyc=52 op=IDK_FORWARD_BRANCH     instr=0x6064a363 pc=0xe9335638 valid=1 fault=1 wb_w=1 wb_rd=5 ex_r=0 ex_rd=16 -> reg_write=0 illegal=0 stall=0 redirect=0
[PASS] seq=crv_seq_11                             cyc=53 op=IDK_HAZARD_RS2         instr=0x911996bc pc=0x07ba8330 valid=1 fault=0 wb_w=0 wb_rd=10 ex_r=1 ex_rd=17 -> reg_write=0 illegal=1 stall=1 redirect=0
[PASS] seq=crv_seq_11                             cyc=54 op=IDK_HAZARD_BOTH        instr=0x99080c3f pc=0x525a1938 valid=1 fault=0 wb_w=0 wb_rd=3 ex_r=1 ex_rd=16 -> reg_write=0 illegal=1 stall=1 redirect=0
[PASS] seq=crv_seq_11                             cyc=55 op=IDK_RANDOM             instr=0x6048962f pc=0x99d53d98 valid=1 fault=1 wb_w=1 wb_rd=22 ex_r=1 ex_rd=9 -> reg_write=0 illegal=1 stall=0 redirect=0
[PASS] seq=crv_seq_11                             cyc=56 op=IDK_FORWARD_BRANCH     instr=0x16eb8f63 pc=0x8955d838 valid=1 fault=1 wb_w=0 wb_rd=15 ex_r=1 ex_rd=24 -> reg_write=0 illegal=0 stall=0 redirect=0
[PASS] seq=crv_seq_11                             cyc=57 op=IDK_BACKWARD_BRANCH    instr=0xf24530e3 pc=0x25126ae0 valid=1 fault=1 wb_w=0 wb_rd=12 ex_r=0 ex_rd=30 -> reg_write=0 illegal=0 stall=0 redirect=1
[PASS] seq=crv_seq_11                             cyc=58 op=IDK_HAZARD_RS2         instr=0x49e731eb pc=0x5b591704 valid=1 fault=1 wb_w=0 wb_rd=23 ex_r=1 ex_rd=30 -> reg_write=0 illegal=1 stall=1 redirect=0
[PASS] seq=crv_seq_11                             cyc=59 op=IDK_BYPASS_RS1         instr=0x85a6acc3 pc=0xececa49c valid=1 fault=0 wb_w=1 wb_rd=13 ex_r=1 ex_rd=10 -> reg_write=0 illegal=1 stall=0 redirect=0
[PASS] seq=crv_seq_11                             cyc=60 op=IDK_RANDOM             instr=0x76887bd4 pc=0xf638e7e8 valid=1 fault=0 wb_w=0 wb_rd=25 ex_r=0 ex_rd=25 -> reg_write=0 illegal=1 stall=0 redirect=0
[PASS] seq=crv_seq_11                             cyc=61 op=IDK_BYPASS_BOTH        instr=0x716b6051 pc=0xbb6bef70 valid=1 fault=1 wb_w=1 wb_rd=22 ex_r=0 ex_rd=30 -> reg_write=0 illegal=1 stall=0 redirect=0
[PASS] seq=crv_seq_11                             cyc=62 op=IDK_LEGAL_ALU          instr=0x019d7c33 pc=0xf841bb38 valid=1 fault=1 wb_w=0 wb_rd=15 ex_r=0 ex_rd=23 -> reg_write=1 illegal=0 stall=0 redirect=0
[PASS] seq=crv_seq_11                             cyc=63 op=IDK_HAZARD_RS1         instr=0x482d2f18 pc=0x9c85b79c valid=1 fault=1 wb_w=0 wb_rd=21 ex_r=1 ex_rd=26 -> reg_write=0 illegal=1 stall=1 redirect=0
[PASS] seq=crv_seq_11                             cyc=64 op=IDK_BYPASS_RS1         instr=0x3bb9e7d2 pc=0x11be9d74 valid=1 fault=0 wb_w=1 wb_rd=19 ex_r=0 ex_rd=13 -> reg_write=0 illegal=1 stall=0 redirect=0
[PASS] seq=crv_seq_11                             cyc=65 op=IDK_LEGAL_ALU          instr=0x4096d633 pc=0x1dd821b4 valid=1 fault=1 wb_w=0 wb_rd=21 ex_r=0 ex_rd=25 -> reg_write=1 illegal=0 stall=0 redirect=0
[PASS] seq=crv_seq_11                             cyc=66 op=IDK_ILLEGAL            instr=0x0267d7b3 pc=0xdfda1a70 valid=1 fault=1 wb_w=1 wb_rd=30 ex_r=0 ex_rd=7 -> reg_write=0 illegal=1 stall=0 redirect=0
[PASS] seq=crv_seq_11                             cyc=67 op=IDK_BYPASS_RS1         instr=0x072e0ae4 pc=0xbd5178dc valid=1 fault=1 wb_w=1 wb_rd=28 ex_r=1 ex_rd=11 -> reg_write=0 illegal=1 stall=0 redirect=0
[PASS] seq=crv_seq_11                             cyc=68 op=IDK_LEGAL_ALU          instr=0x009993b3 pc=0xe3d80a08 valid=1 fault=0 wb_w=0 wb_rd=16 ex_r=0 ex_rd=21 -> reg_write=1 illegal=0 stall=0 redirect=0
[PASS] seq=crv_seq_11                             cyc=69 op=IDK_CSR_OP             instr=0x3d02e2f3 pc=0x080cc2e8 valid=1 fault=1 wb_w=1 wb_rd=8 ex_r=0 ex_rd=10 -> reg_write=1 illegal=0 stall=0 redirect=0
[PASS] seq=crv_seq_11                             cyc=70 op=IDK_BYPASS_RS1         instr=0xea1cae93 pc=0x30071534 valid=1 fault=1 wb_w=1 wb_rd=25 ex_r=0 ex_rd=21 -> reg_write=1 illegal=0 stall=0 redirect=0
[PASS] seq=crv_seq_11                             cyc=71 op=IDK_LEGAL_ALU          instr=0x001a83b3 pc=0xce351658 valid=1 fault=0 wb_w=1 wb_rd=11 ex_r=1 ex_rd=4 -> reg_write=1 illegal=0 stall=0 redirect=0
[PASS] seq=crv_seq_11                             cyc=72 op=IDK_HAZARD_RS1         instr=0x36b3b6d6 pc=0x1e9908bc valid=1 fault=1 wb_w=0 wb_rd=8 ex_r=1 ex_rd=7 -> reg_write=0 illegal=1 stall=1 redirect=0
[PASS] seq=crv_seq_11                             cyc=73 op=IDK_BYPASS_RS1         instr=0x6c5998cf pc=0x3568b4b4 valid=1 fault=1 wb_w=1 wb_rd=19 ex_r=1 ex_rd=16 -> reg_write=0 illegal=1 stall=0 redirect=0
[PASS] seq=crv_seq_11                             cyc=74 op=IDK_LEGAL_ALU          instr=0x01eb40b3 pc=0x9f228434 valid=1 fault=1 wb_w=0 wb_rd=14 ex_r=0 ex_rd=19 -> reg_write=1 illegal=0 stall=0 redirect=0
[PASS] seq=crv_seq_11                             cyc=75 op=IDK_CSR_OP             instr=0xdb85c273 pc=0x67ac7864 valid=1 fault=1 wb_w=1 wb_rd=25 ex_r=1 ex_rd=6 -> reg_write=1 illegal=0 stall=0 redirect=0
[PASS] seq=crv_seq_11                             cyc=76 op=IDK_LEGAL_ALU          instr=0x00363cb3 pc=0x829c7d10 valid=1 fault=1 wb_w=1 wb_rd=22 ex_r=0 ex_rd=5 -> reg_write=1 illegal=0 stall=0 redirect=0
[PASS] seq=crv_seq_11                             cyc=77 op=IDK_HAZARD_BOTH        instr=0x15ef0135 pc=0x2c3fdf10 valid=1 fault=1 wb_w=0 wb_rd=14 ex_r=1 ex_rd=30 -> reg_write=0 illegal=1 stall=1 redirect=0
[PASS] seq=crv_seq_11                             cyc=78 op=IDK_HAZARD_RS2         instr=0x65556cbb pc=0xfbb3b770 valid=1 fault=0 wb_w=0 wb_rd=29 ex_r=1 ex_rd=21 -> reg_write=0 illegal=1 stall=1 redirect=0
[PASS] seq=crv_seq_11                             cyc=79 op=IDK_LEGAL_ALU          instr=0x003339b3 pc=0xe28fb644 valid=1 fault=0 wb_w=1 wb_rd=13 ex_r=1 ex_rd=20 -> reg_write=1 illegal=0 stall=0 redirect=0
[PASS] seq=crv_seq_11                             cyc=80 op=IDK_JALR               instr=0x4c71a167 pc=0x53907c5c valid=1 fault=1 wb_w=0 wb_rd=18 ex_r=1 ex_rd=27 -> reg_write=1 illegal=0 stall=0 redirect=0
[PASS] seq=crv_seq_11                             cyc=81 op=IDK_LEGAL_ALU          instr=0x400db0b3 pc=0x09e65028 valid=1 fault=0 wb_w=0 wb_rd=4 ex_r=0 ex_rd=23 -> reg_write=1 illegal=0 stall=0 redirect=0
[PASS] seq=crv_seq_11                             cyc=82 op=IDK_HAZARD_X0_EXCLUDED instr=0x45d1f0e0 pc=0x50ae458c valid=1 fault=0 wb_w=1 wb_rd=31 ex_r=1 ex_rd=0 -> reg_write=0 illegal=1 stall=0 redirect=0
[PASS] seq=crv_seq_11                             cyc=83 op=IDK_ILLEGAL            instr=0x027b6533 pc=0x05aea040 valid=1 fault=0 wb_w=0 wb_rd=29 ex_r=1 ex_rd=11 -> reg_write=0 illegal=1 stall=0 redirect=0
[PASS] seq=crv_seq_11                             cyc=84 op=IDK_RANDOM             instr=0xd76efbb4 pc=0xa422ab14 valid=1 fault=0 wb_w=0 wb_rd=23 ex_r=1 ex_rd=5 -> reg_write=0 illegal=1 stall=0 redirect=0
[PASS] seq=crv_seq_11                             cyc=85 op=IDK_HAZARD_BOTH        instr=0xe10869e8 pc=0x6a5c6698 valid=1 fault=0 wb_w=0 wb_rd=9 ex_r=1 ex_rd=16 -> reg_write=0 illegal=1 stall=1 redirect=0
[PASS] seq=crv_seq_11                             cyc=86 op=IDK_RANDOM             instr=0x3bc3855f pc=0x6c4d4ac4 valid=1 fault=1 wb_w=0 wb_rd=20 ex_r=0 ex_rd=18 -> reg_write=0 illegal=1 stall=0 redirect=0
[PASS] seq=crv_seq_11                             cyc=87 op=IDK_HAZARD_X0_EXCLUDED instr=0x7620f80c pc=0x24a6b7a4 valid=1 fault=1 wb_w=1 wb_rd=11 ex_r=1 ex_rd=0 -> reg_write=0 illegal=1 stall=0 redirect=0
[PASS] seq=crv_seq_11                             cyc=88 op=IDK_BYPASS_BOTH        instr=0xcfbdb1c5 pc=0x03efb34c valid=1 fault=1 wb_w=1 wb_rd=27 ex_r=1 ex_rd=31 -> reg_write=0 illegal=1 stall=0 redirect=0
[PASS] seq=crv_seq_11                             cyc=89 op=IDK_JAL                instr=0x0909e2ef pc=0xf8d0ed50 valid=1 fault=0 wb_w=0 wb_rd=23 ex_r=0 ex_rd=30 -> reg_write=1 illegal=0 stall=0 redirect=1
[PASS] seq=crv_seq_11                             cyc=90 op=IDK_LEGAL_ALU          instr=0x41ee1233 pc=0x7b387d10 valid=1 fault=0 wb_w=1 wb_rd=24 ex_r=0 ex_rd=25 -> reg_write=1 illegal=0 stall=0 redirect=0
[PASS] seq=crv_seq_11                             cyc=91 op=IDK_BACKWARD_BRANCH    instr=0xc04df5e3 pc=0x8c1ce00c valid=1 fault=0 wb_w=0 wb_rd=31 ex_r=0 ex_rd=22 -> reg_write=0 illegal=0 stall=0 redirect=1
[PASS] seq=crv_seq_11                             cyc=92 op=IDK_BACKWARD_BRANCH    instr=0x972145e3 pc=0xc7ebdf88 valid=1 fault=1 wb_w=1 wb_rd=7 ex_r=0 ex_rd=10 -> reg_write=0 illegal=0 stall=0 redirect=1
[PASS] seq=crv_seq_11                             cyc=93 op=IDK_CSR_OP             instr=0x9848d873 pc=0x5ccc2fb8 valid=1 fault=1 wb_w=0 wb_rd=11 ex_r=1 ex_rd=13 -> reg_write=1 illegal=0 stall=0 redirect=0
[PASS] seq=crv_seq_11                             cyc=94 op=IDK_BYPASS_RS1         instr=0xb73aa50b pc=0xfc5f76b4 valid=1 fault=1 wb_w=1 wb_rd=21 ex_r=0 ex_rd=14 -> reg_write=0 illegal=0 stall=0 redirect=0
[PASS] seq=crv_seq_11                             cyc=95 op=IDK_HAZARD_RS1         instr=0xc04ec2bc pc=0xf4c6cda8 valid=1 fault=1 wb_w=1 wb_rd=28 ex_r=1 ex_rd=29 -> reg_write=0 illegal=1 stall=1 redirect=0
[PASS] seq=crv_seq_11                             cyc=96 op=IDK_ILLEGAL            instr=0x0224c8b3 pc=0x489837c4 valid=1 fault=1 wb_w=1 wb_rd=4 ex_r=1 ex_rd=15 -> reg_write=0 illegal=1 stall=0 redirect=0
[PASS] seq=crv_seq_11                             cyc=97 op=IDK_RANDOM             instr=0x62977d87 pc=0xd489db2c valid=1 fault=0 wb_w=1 wb_rd=14 ex_r=0 ex_rd=1 -> reg_write=0 illegal=1 stall=0 redirect=0
[PASS] seq=crv_seq_11                             cyc=98 op=IDK_BYPASS_RS1         instr=0x5b7a3d4d pc=0xdafd5f40 valid=1 fault=1 wb_w=1 wb_rd=20 ex_r=1 ex_rd=8 -> reg_write=0 illegal=1 stall=0 redirect=0
[PASS] seq=crv_seq_11                             cyc=99 op=IDK_HAZARD_RS2         instr=0xce736d51 pc=0xdd21f3dc valid=1 fault=1 wb_w=1 wb_rd=15 ex_r=1 ex_rd=7 -> reg_write=0 illegal=1 stall=1 redirect=0
[PASS] seq=crv_seq_11                             cyc=100 op=IDK_BYPASS_RS1         instr=0x88123fda pc=0xf7c564ec valid=1 fault=0 wb_w=1 wb_rd=4 ex_r=0 ex_rd=30 -> reg_write=0 illegal=1 stall=0 redirect=0
[PASS] seq=crv_seq_11                             cyc=101 op=IDK_JAL                instr=0x0561d3ef pc=0xe8ea3d78 valid=1 fault=0 wb_w=1 wb_rd=25 ex_r=1 ex_rd=20 -> reg_write=1 illegal=0 stall=0 redirect=1
[PASS] seq=crv_seq_11                             cyc=102 op=IDK_RANDOM             instr=0x9a2fcac5 pc=0x4f6911bc valid=1 fault=0 wb_w=0 wb_rd=4 ex_r=1 ex_rd=23 -> reg_write=0 illegal=1 stall=0 redirect=0
[PASS] seq=crv_seq_11                             cyc=103 op=IDK_BYPASS_BOTH        instr=0x25bdc1b1 pc=0x8d954544 valid=1 fault=0 wb_w=1 wb_rd=27 ex_r=0 ex_rd=22 -> reg_write=0 illegal=1 stall=0 redirect=0
[PASS] seq=crv_seq_11                             cyc=104 op=IDK_BACKWARD_BRANCH    instr=0xce08af63 pc=0x66372600 valid=1 fault=0 wb_w=0 wb_rd=4 ex_r=1 ex_rd=25 -> reg_write=0 illegal=0 stall=0 redirect=1
[PASS] seq=crv_seq_11                             cyc=105 op=IDK_ILLEGAL            instr=0x034b7533 pc=0x00c93778 valid=1 fault=1 wb_w=0 wb_rd=13 ex_r=1 ex_rd=2 -> reg_write=0 illegal=1 stall=0 redirect=0
[PASS] seq=crv_seq_11                             cyc=106 op=IDK_JALR               instr=0xed607a67 pc=0x95aebdec valid=1 fault=0 wb_w=1 wb_rd=16 ex_r=0 ex_rd=29 -> reg_write=1 illegal=0 stall=0 redirect=0
[PASS] seq=crv_seq_11                             cyc=107 op=IDK_RANDOM             instr=0x6d4e5f18 pc=0xab1a4d44 valid=1 fault=1 wb_w=0 wb_rd=8 ex_r=1 ex_rd=6 -> reg_write=0 illegal=1 stall=0 redirect=0
[PASS] seq=crv_seq_11                             cyc=108 op=IDK_BYPASS_RS1         instr=0x12797c54 pc=0xbe5aae94 valid=1 fault=1 wb_w=1 wb_rd=18 ex_r=0 ex_rd=16 -> reg_write=0 illegal=1 stall=0 redirect=0
[PASS] seq=crv_seq_11                             cyc=109 op=IDK_HAZARD_RS1         instr=0xb8244566 pc=0x352bdea0 valid=1 fault=0 wb_w=0 wb_rd=19 ex_r=1 ex_rd=8 -> reg_write=0 illegal=1 stall=1 redirect=0
[PASS] seq=crv_seq_11                             cyc=110 op=IDK_BYPASS_BOTH        instr=0xd021347b pc=0xb9e591f8 valid=1 fault=0 wb_w=1 wb_rd=2 ex_r=1 ex_rd=5 -> reg_write=0 illegal=1 stall=0 redirect=0
[PASS] seq=crv_seq_11                             cyc=111 op=IDK_RANDOM             instr=0x2a4a12bc pc=0xccff9da8 valid=1 fault=0 wb_w=1 wb_rd=22 ex_r=1 ex_rd=22 -> reg_write=0 illegal=1 stall=0 redirect=0
[PASS] seq=crv_seq_11                             cyc=112 op=IDK_BYPASS_RS2         instr=0x6b2c5496 pc=0x44eb92dc valid=1 fault=0 wb_w=1 wb_rd=18 ex_r=1 ex_rd=0 -> reg_write=0 illegal=1 stall=0 redirect=0
[PASS] seq=crv_seq_11                             cyc=113 op=IDK_HAZARD_X0_EXCLUDED instr=0x355d0925 pc=0x6464bf3c valid=1 fault=1 wb_w=0 wb_rd=19 ex_r=1 ex_rd=0 -> reg_write=0 illegal=1 stall=0 redirect=0
[PASS] seq=crv_seq_11                             cyc=114 op=IDK_BYPASS_BOTH        instr=0x5def7093 pc=0x5f21c934 valid=1 fault=0 wb_w=1 wb_rd=30 ex_r=1 ex_rd=4 -> reg_write=1 illegal=0 stall=0 redirect=0
[PASS] seq=crv_seq_11                             cyc=115 op=IDK_BACKWARD_BRANCH    instr=0xf911a8e3 pc=0x511e73a4 valid=1 fault=0 wb_w=0 wb_rd=14 ex_r=1 ex_rd=30 -> reg_write=0 illegal=0 stall=0 redirect=1
[PASS] seq=crv_seq_11                             cyc=116 op=IDK_BYPASS_RS2         instr=0x505e8112 pc=0x150f5b34 valid=1 fault=0 wb_w=1 wb_rd=5 ex_r=0 ex_rd=27 -> reg_write=0 illegal=1 stall=0 redirect=0
[PASS] seq=crv_seq_11                             cyc=117 op=IDK_BACKWARD_BRANCH    instr=0x86196563 pc=0xc64b6328 valid=1 fault=1 wb_w=0 wb_rd=24 ex_r=0 ex_rd=11 -> reg_write=0 illegal=0 stall=0 redirect=1
[PASS] seq=crv_seq_11                             cyc=118 op=IDK_BYPASS_BOTH        instr=0xa37be697 pc=0xe85949a8 valid=1 fault=1 wb_w=1 wb_rd=23 ex_r=1 ex_rd=11 -> reg_write=1 illegal=0 stall=0 redirect=0
[PASS] seq=crv_seq_11                             cyc=119 op=IDK_BACKWARD_BRANCH    instr=0x86370863 pc=0xf8fab1f8 valid=1 fault=1 wb_w=1 wb_rd=18 ex_r=1 ex_rd=30 -> reg_write=0 illegal=0 stall=0 redirect=1
[PASS] seq=crv_seq_11                             cyc=120 op=IDK_HAZARD_X0_EXCLUDED instr=0x5fbb48f2 pc=0xf62b3790 valid=1 fault=1 wb_w=1 wb_rd=29 ex_r=1 ex_rd=0 -> reg_write=0 illegal=1 stall=0 redirect=0
[PASS] seq=crv_seq_11                             cyc=121 op=IDK_ILLEGAL            instr=0x02326133 pc=0x7eeaaf14 valid=1 fault=1 wb_w=0 wb_rd=17 ex_r=0 ex_rd=22 -> reg_write=0 illegal=1 stall=0 redirect=0
[PASS] seq=crv_seq_11                             cyc=122 op=IDK_HAZARD_RS1         instr=0xa5bc7aa9 pc=0xe6fcfd14 valid=1 fault=1 wb_w=0 wb_rd=29 ex_r=1 ex_rd=24 -> reg_write=0 illegal=1 stall=1 redirect=0
[PASS] seq=crv_seq_11                             cyc=123 op=IDK_LEGAL_ALU          instr=0x0127d1b3 pc=0xc4ac69d4 valid=1 fault=1 wb_w=0 wb_rd=0 ex_r=0 ex_rd=9 -> reg_write=1 illegal=0 stall=0 redirect=0
[PASS] seq=crv_seq_11                             cyc=124 op=IDK_ILLEGAL            instr=0x0346da33 pc=0xaced4b28 valid=1 fault=1 wb_w=1 wb_rd=24 ex_r=1 ex_rd=23 -> reg_write=0 illegal=1 stall=0 redirect=0
[PASS] seq=crv_seq_11                             cyc=125 op=IDK_RANDOM             instr=0x389fee0d pc=0x823657d0 valid=1 fault=1 wb_w=0 wb_rd=24 ex_r=1 ex_rd=0 -> reg_write=0 illegal=1 stall=0 redirect=0
[PASS] seq=crv_seq_11                             cyc=126 op=IDK_RANDOM             instr=0x6eb2269c pc=0x0485b048 valid=1 fault=1 wb_w=1 wb_rd=22 ex_r=1 ex_rd=2 -> reg_write=0 illegal=1 stall=0 redirect=0
[PASS] seq=crv_seq_11                             cyc=127 op=IDK_JAL                instr=0xeb2522ef pc=0xa97759c0 valid=1 fault=1 wb_w=1 wb_rd=25 ex_r=1 ex_rd=1 -> reg_write=1 illegal=0 stall=0 redirect=1
[PASS] seq=crv_seq_11                             cyc=128 op=IDK_HAZARD_RS2         instr=0x4a33a0f1 pc=0x53f9ed68 valid=1 fault=0 wb_w=0 wb_rd=9 ex_r=1 ex_rd=3 -> reg_write=0 illegal=1 stall=1 redirect=0
[PASS] seq=crv_seq_11                             cyc=129 op=IDK_CSR_OP             instr=0x86bf3af3 pc=0x62a1aebc valid=1 fault=0 wb_w=1 wb_rd=18 ex_r=1 ex_rd=25 -> reg_write=1 illegal=0 stall=0 redirect=0
[PASS] seq=crv_seq_11                             cyc=130 op=IDK_RANDOM             instr=0x076063e8 pc=0xf418ea0c valid=1 fault=0 wb_w=0 wb_rd=24 ex_r=0 ex_rd=17 -> reg_write=0 illegal=1 stall=0 redirect=0
[PASS] seq=crv_seq_11                             cyc=131 op=IDK_BYPASS_BOTH        instr=0xf918a222 pc=0xf2815774 valid=1 fault=1 wb_w=1 wb_rd=17 ex_r=1 ex_rd=30 -> reg_write=0 illegal=1 stall=0 redirect=0
[PASS] seq=crv_seq_11                             cyc=132 op=IDK_RANDOM             instr=0xfabb1419 pc=0x3541d91c valid=1 fault=0 wb_w=1 wb_rd=25 ex_r=1 ex_rd=17 -> reg_write=0 illegal=1 stall=0 redirect=0
[PASS] seq=crv_seq_11                             cyc=133 op=IDK_FORWARD_BRANCH     instr=0x4f5e98e3 pc=0xa245ed7c valid=1 fault=1 wb_w=0 wb_rd=30 ex_r=0 ex_rd=9 -> reg_write=0 illegal=0 stall=0 redirect=0
[PASS] seq=crv_seq_11                             cyc=134 op=IDK_JALR               instr=0x5100ace7 pc=0x53408e64 valid=1 fault=1 wb_w=0 wb_rd=23 ex_r=0 ex_rd=16 -> reg_write=1 illegal=0 stall=0 redirect=0
[PASS] seq=crv_seq_11                             cyc=135 op=IDK_BACKWARD_BRANCH    instr=0xcf7e11e3 pc=0xba7cff30 valid=1 fault=0 wb_w=1 wb_rd=26 ex_r=0 ex_rd=31 -> reg_write=0 illegal=0 stall=0 redirect=1
[PASS] seq=crv_seq_11                             cyc=136 op=IDK_BYPASS_BOTH        instr=0x71ef4f0f pc=0x9f3d5654 valid=1 fault=0 wb_w=1 wb_rd=30 ex_r=0 ex_rd=22 -> reg_write=0 illegal=1 stall=0 redirect=0
[PASS] seq=crv_seq_11                             cyc=137 op=IDK_FORWARD_BRANCH     instr=0x4d0156e3 pc=0x719dbc74 valid=1 fault=1 wb_w=1 wb_rd=24 ex_r=0 ex_rd=5 -> reg_write=0 illegal=0 stall=0 redirect=0
[PASS] seq=crv_seq_11                             cyc=138 op=IDK_ILLEGAL            instr=0x03f5c533 pc=0xd84f6758 valid=1 fault=0 wb_w=1 wb_rd=26 ex_r=0 ex_rd=5 -> reg_write=0 illegal=1 stall=0 redirect=0
[PASS] seq=crv_seq_11                             cyc=139 op=IDK_RANDOM             instr=0xbde4431b pc=0x82795be0 valid=1 fault=1 wb_w=0 wb_rd=21 ex_r=1 ex_rd=11 -> reg_write=0 illegal=1 stall=0 redirect=0
[PASS] seq=crv_seq_11                             cyc=140 op=IDK_HAZARD_RS2         instr=0x99ee6e3e pc=0xdb2e4178 valid=1 fault=0 wb_w=1 wb_rd=24 ex_r=1 ex_rd=30 -> reg_write=0 illegal=1 stall=1 redirect=0
[PASS] seq=crv_seq_11                             cyc=141 op=IDK_HAZARD_RS2         instr=0x93995ef3 pc=0x67cdc584 valid=1 fault=1 wb_w=1 wb_rd=28 ex_r=1 ex_rd=25 -> reg_write=1 illegal=0 stall=1 redirect=0
[PASS] seq=crv_seq_11                             cyc=142 op=IDK_BYPASS_BOTH        instr=0x0d4a4664 pc=0x27ee53c4 valid=1 fault=1 wb_w=1 wb_rd=20 ex_r=0 ex_rd=4 -> reg_write=0 illegal=1 stall=0 redirect=0
[PASS] seq=crv_seq_11                             cyc=143 op=IDK_HAZARD_BOTH        instr=0x73bdbc6d pc=0x17be26e4 valid=1 fault=1 wb_w=0 wb_rd=8 ex_r=1 ex_rd=27 -> reg_write=0 illegal=1 stall=1 redirect=0
[PASS] seq=crv_seq_11                             cyc=144 op=IDK_BACKWARD_BRANCH    instr=0xfbd49ce3 pc=0x02854ea0 valid=1 fault=1 wb_w=1 wb_rd=13 ex_r=0 ex_rd=17 -> reg_write=0 illegal=0 stall=0 redirect=1
[PASS] seq=crv_seq_11                             cyc=145 op=IDK_BYPASS_BOTH        instr=0xd852f229 pc=0x26d2bf7c valid=1 fault=0 wb_w=1 wb_rd=5 ex_r=1 ex_rd=14 -> reg_write=0 illegal=1 stall=0 redirect=0
[PASS] seq=crv_seq_11                             cyc=146 op=IDK_HAZARD_X0_EXCLUDED instr=0x54c33d06 pc=0xc7330db8 valid=1 fault=0 wb_w=0 wb_rd=12 ex_r=1 ex_rd=0 -> reg_write=0 illegal=1 stall=0 redirect=0
[PASS] seq=crv_seq_11                             cyc=147 op=IDK_RANDOM             instr=0xea7e5adf pc=0x47e5088c valid=1 fault=0 wb_w=1 wb_rd=12 ex_r=0 ex_rd=25 -> reg_write=0 illegal=1 stall=0 redirect=0
[PASS] seq=crv_seq_11                             cyc=148 op=IDK_BYPASS_BOTH        instr=0x13ad01a0 pc=0x7adcba48 valid=1 fault=0 wb_w=1 wb_rd=26 ex_r=0 ex_rd=25 -> reg_write=0 illegal=1 stall=0 redirect=0
[PASS] seq=crv_seq_11                             cyc=149 op=IDK_JALR               instr=0x7a9cfee7 pc=0xb0d15760 valid=1 fault=1 wb_w=1 wb_rd=7 ex_r=0 ex_rd=24 -> reg_write=1 illegal=0 stall=0 redirect=0
[PASS] seq=crv_seq_11                             cyc=150 op=IDK_RANDOM             instr=0x0dc49554 pc=0x3a049134 valid=1 fault=1 wb_w=1 wb_rd=16 ex_r=0 ex_rd=0 -> reg_write=0 illegal=1 stall=0 redirect=0
[PASS] seq=crv_seq_11                             cyc=151 op=IDK_JALR               instr=0x52ac3667 pc=0x21f19f48 valid=1 fault=1 wb_w=1 wb_rd=25 ex_r=1 ex_rd=7 -> reg_write=1 illegal=0 stall=0 redirect=0
[PASS] seq=crv_seq_11                             cyc=152 op=IDK_BYPASS_BOTH        instr=0xefef1060 pc=0x9d2dc414 valid=1 fault=0 wb_w=1 wb_rd=30 ex_r=0 ex_rd=2 -> reg_write=0 illegal=1 stall=0 redirect=0
[PASS] seq=crv_seq_11                             cyc=153 op=IDK_BYPASS_RS2         instr=0x50f0c1ad pc=0xfd16ffe0 valid=1 fault=0 wb_w=1 wb_rd=15 ex_r=1 ex_rd=21 -> reg_write=0 illegal=1 stall=0 redirect=0
[PASS] seq=crv_seq_11                             cyc=154 op=IDK_BYPASS_RS1         instr=0x772bf5ce pc=0x01e2ec24 valid=1 fault=0 wb_w=1 wb_rd=23 ex_r=1 ex_rd=25 -> reg_write=0 illegal=1 stall=0 redirect=0
[PASS] seq=crv_seq_11                             cyc=155 op=IDK_CSR_OP             instr=0xee59f8f3 pc=0x1fa4a1ec valid=1 fault=0 wb_w=0 wb_rd=17 ex_r=0 ex_rd=30 -> reg_write=1 illegal=0 stall=0 redirect=0
[PASS] seq=crv_seq_11                             cyc=156 op=IDK_HAZARD_RS2         instr=0xd765835a pc=0x54d0151c valid=1 fault=0 wb_w=0 wb_rd=28 ex_r=1 ex_rd=22 -> reg_write=0 illegal=1 stall=1 redirect=0
[PASS] seq=crv_seq_11                             cyc=157 op=IDK_HAZARD_X0_EXCLUDED instr=0xfa591376 pc=0x3412a550 valid=1 fault=1 wb_w=1 wb_rd=20 ex_r=1 ex_rd=0 -> reg_write=0 illegal=1 stall=0 redirect=0
[PASS] seq=crv_seq_11                             cyc=158 op=IDK_HAZARD_RS2         instr=0xf9965239 pc=0xc9d2d31c valid=1 fault=0 wb_w=1 wb_rd=30 ex_r=1 ex_rd=25 -> reg_write=0 illegal=1 stall=1 redirect=0
[PASS] seq=crv_seq_11                             cyc=159 op=IDK_BYPASS_RS1         instr=0xc8262689 pc=0xbc2bb838 valid=1 fault=1 wb_w=1 wb_rd=12 ex_r=0 ex_rd=28 -> reg_write=0 illegal=1 stall=0 redirect=0
[PASS] seq=crv_seq_11                             cyc=160 op=IDK_BYPASS_RS2         instr=0xbb46bd26 pc=0x847d239c valid=1 fault=1 wb_w=1 wb_rd=20 ex_r=1 ex_rd=8 -> reg_write=0 illegal=1 stall=0 redirect=0
[PASS] seq=crv_seq_11                             cyc=161 op=IDK_BYPASS_RS1         instr=0xd4ccbaa6 pc=0xc4b0e9a4 valid=1 fault=1 wb_w=1 wb_rd=25 ex_r=1 ex_rd=3 -> reg_write=0 illegal=1 stall=0 redirect=0
[PASS] seq=crv_seq_11                             cyc=162 op=IDK_RANDOM             instr=0xd3d55899 pc=0xf4d1f3b0 valid=1 fault=1 wb_w=1 wb_rd=23 ex_r=0 ex_rd=14 -> reg_write=0 illegal=1 stall=0 redirect=0
[PASS] seq=crv_seq_11                             cyc=163 op=IDK_RANDOM             instr=0x4a5d4c2a pc=0xcc692294 valid=1 fault=1 wb_w=0 wb_rd=12 ex_r=0 ex_rd=2 -> reg_write=0 illegal=1 stall=0 redirect=0
[PASS] seq=crv_seq_11                             cyc=164 op=IDK_JAL                instr=0xb2523d6f pc=0xbbe89ab0 valid=1 fault=1 wb_w=1 wb_rd=19 ex_r=1 ex_rd=5 -> reg_write=1 illegal=0 stall=1 redirect=1
[PASS] seq=crv_seq_11                             cyc=165 op=IDK_CSR_OP             instr=0x61f4daf3 pc=0x2bc5f830 valid=1 fault=1 wb_w=1 wb_rd=3 ex_r=0 ex_rd=21 -> reg_write=1 illegal=0 stall=0 redirect=0
[PASS] seq=crv_seq_11                             cyc=166 op=IDK_RANDOM             instr=0x41ee645a pc=0x93100f88 valid=1 fault=1 wb_w=1 wb_rd=4 ex_r=0 ex_rd=13 -> reg_write=0 illegal=1 stall=0 redirect=0
[PASS] seq=crv_seq_11                             cyc=167 op=IDK_RANDOM             instr=0x36ac339f pc=0xf0f8de9c valid=1 fault=0 wb_w=0 wb_rd=2 ex_r=0 ex_rd=31 -> reg_write=0 illegal=1 stall=0 redirect=0
[PASS] seq=crv_seq_11                             cyc=168 op=IDK_HAZARD_RS2         instr=0xd06004ea pc=0xe453b840 valid=1 fault=1 wb_w=0 wb_rd=19 ex_r=1 ex_rd=6 -> reg_write=0 illegal=1 stall=1 redirect=0
[PASS] seq=crv_seq_11                             cyc=169 op=IDK_BYPASS_RS2         instr=0x956f1c00 pc=0x997e8a04 valid=1 fault=0 wb_w=1 wb_rd=22 ex_r=1 ex_rd=25 -> reg_write=0 illegal=1 stall=0 redirect=0
[PASS] seq=crv_seq_11                             cyc=170 op=IDK_HAZARD_RS1         instr=0x29376a2c pc=0x8a2eaa34 valid=1 fault=1 wb_w=0 wb_rd=1 ex_r=1 ex_rd=14 -> reg_write=0 illegal=1 stall=1 redirect=0
[PASS] seq=crv_seq_11                             cyc=171 op=IDK_FORWARD_BRANCH     instr=0x6fc4cce3 pc=0x82cd64b4 valid=1 fault=0 wb_w=1 wb_rd=21 ex_r=1 ex_rd=23 -> reg_write=0 illegal=0 stall=0 redirect=0
[PASS] seq=crv_seq_11                             cyc=172 op=IDK_RANDOM             instr=0xb102df69 pc=0x01f57224 valid=1 fault=1 wb_w=1 wb_rd=14 ex_r=1 ex_rd=2 -> reg_write=0 illegal=1 stall=0 redirect=0
[PASS] seq=crv_seq_11                             cyc=173 op=IDK_RANDOM             instr=0x14c2d43d pc=0x575d5fa0 valid=1 fault=0 wb_w=1 wb_rd=1 ex_r=1 ex_rd=10 -> reg_write=0 illegal=1 stall=0 redirect=0
[PASS] seq=crv_seq_11                             cyc=174 op=IDK_FORWARD_BRANCH     instr=0x470c0463 pc=0x801ffc58 valid=1 fault=1 wb_w=0 wb_rd=8 ex_r=0 ex_rd=28 -> reg_write=0 illegal=0 stall=0 redirect=0
[PASS] seq=crv_seq_11                             cyc=175 op=IDK_RANDOM             instr=0xe12525d1 pc=0x20d020e4 valid=1 fault=0 wb_w=0 wb_rd=24 ex_r=0 ex_rd=2 -> reg_write=0 illegal=1 stall=0 redirect=0
[PASS] seq=crv_seq_11                             cyc=176 op=IDK_RANDOM             instr=0xcf67bc09 pc=0x107bc46c valid=1 fault=1 wb_w=1 wb_rd=27 ex_r=0 ex_rd=21 -> reg_write=0 illegal=1 stall=0 redirect=0
[PASS] seq=crv_seq_11                             cyc=177 op=IDK_HAZARD_BOTH        instr=0xd0b5a6cd pc=0x55511bc4 valid=1 fault=1 wb_w=0 wb_rd=7 ex_r=1 ex_rd=11 -> reg_write=0 illegal=1 stall=1 redirect=0
[PASS] seq=crv_seq_11                             cyc=178 op=IDK_JAL                instr=0x16bb07ef pc=0x471eb83c valid=1 fault=1 wb_w=1 wb_rd=5 ex_r=0 ex_rd=28 -> reg_write=1 illegal=0 stall=0 redirect=1
[PASS] seq=crv_seq_11                             cyc=179 op=IDK_BYPASS_RS2         instr=0x63398fc4 pc=0xa6646734 valid=1 fault=0 wb_w=1 wb_rd=19 ex_r=0 ex_rd=20 -> reg_write=0 illegal=1 stall=0 redirect=0
[PASS] seq=crv_seq_11                             cyc=180 op=IDK_JAL                instr=0x72e1816f pc=0x2ed83fc4 valid=1 fault=0 wb_w=1 wb_rd=23 ex_r=1 ex_rd=23 -> reg_write=1 illegal=0 stall=0 redirect=1
[PASS] seq=crv_seq_11                             cyc=181 op=IDK_LEGAL_ALU          instr=0x40616db3 pc=0xf8a7bc5c valid=1 fault=0 wb_w=0 wb_rd=29 ex_r=1 ex_rd=16 -> reg_write=1 illegal=0 stall=0 redirect=0
[PASS] seq=crv_seq_11                             cyc=182 op=IDK_LEGAL_ALU          instr=0x41986233 pc=0x681b1644 valid=1 fault=1 wb_w=1 wb_rd=14 ex_r=0 ex_rd=24 -> reg_write=1 illegal=0 stall=0 redirect=0
[PASS] seq=crv_seq_11                             cyc=183 op=IDK_BACKWARD_BRANCH    instr=0x8c921c63 pc=0x4a84e874 valid=1 fault=1 wb_w=1 wb_rd=3 ex_r=1 ex_rd=25 -> reg_write=0 illegal=0 stall=0 redirect=1
[PASS] seq=crv_seq_11                             cyc=184 op=IDK_FORWARD_BRANCH     instr=0x50607ce3 pc=0x370f2140 valid=1 fault=1 wb_w=1 wb_rd=12 ex_r=1 ex_rd=0 -> reg_write=0 illegal=0 stall=0 redirect=0
[PASS] seq=crv_seq_11                             cyc=185 op=IDK_CSR_OP             instr=0x431f5c73 pc=0xa7c123dc valid=1 fault=0 wb_w=0 wb_rd=19 ex_r=0 ex_rd=24 -> reg_write=1 illegal=0 stall=0 redirect=0
[PASS] seq=crv_seq_11                             cyc=186 op=IDK_BYPASS_RS1         instr=0x8f21a8fb pc=0xde29b9b0 valid=1 fault=1 wb_w=1 wb_rd=3 ex_r=1 ex_rd=18 -> reg_write=0 illegal=1 stall=1 redirect=0
[PASS] seq=crv_seq_11                             cyc=187 op=IDK_RANDOM             instr=0x29d0e302 pc=0x74be61ac valid=1 fault=1 wb_w=0 wb_rd=18 ex_r=1 ex_rd=11 -> reg_write=0 illegal=1 stall=0 redirect=0
[PASS] seq=crv_seq_11                             cyc=188 op=IDK_HAZARD_RS1         instr=0xecd44ca4 pc=0x7de8de68 valid=1 fault=0 wb_w=0 wb_rd=4 ex_r=1 ex_rd=8 -> reg_write=0 illegal=1 stall=1 redirect=0
[PASS] seq=crv_seq_11                             cyc=189 op=IDK_BYPASS_RS1         instr=0xec7f6339 pc=0x10f133e0 valid=1 fault=0 wb_w=1 wb_rd=30 ex_r=1 ex_rd=13 -> reg_write=0 illegal=1 stall=0 redirect=0
[PASS] seq=crv_seq_11                             cyc=190 op=IDK_LEGAL_ALU          instr=0x414a8433 pc=0x93baa8b4 valid=1 fault=0 wb_w=1 wb_rd=8 ex_r=0 ex_rd=7 -> reg_write=1 illegal=0 stall=0 redirect=0
[PASS] seq=crv_seq_11                             cyc=191 op=IDK_JALR               instr=0xb3d38b67 pc=0x28abc510 valid=1 fault=1 wb_w=1 wb_rd=13 ex_r=0 ex_rd=29 -> reg_write=1 illegal=0 stall=0 redirect=0
[PASS] seq=crv_seq_11                             cyc=192 op=IDK_HAZARD_RS1         instr=0xceaac63e pc=0xbf263f40 valid=1 fault=0 wb_w=0 wb_rd=15 ex_r=1 ex_rd=21 -> reg_write=0 illegal=1 stall=1 redirect=0
[PASS] seq=crv_seq_11                             cyc=193 op=IDK_HAZARD_RS2         instr=0x52e1107a pc=0x13ffa700 valid=1 fault=0 wb_w=0 wb_rd=10 ex_r=1 ex_rd=14 -> reg_write=0 illegal=1 stall=1 redirect=0
[PASS] seq=crv_seq_11                             cyc=194 op=IDK_LEGAL_ALU          instr=0x40f44a33 pc=0x14fb19d8 valid=1 fault=0 wb_w=1 wb_rd=5 ex_r=0 ex_rd=10 -> reg_write=1 illegal=0 stall=0 redirect=0
[PASS] seq=crv_seq_11                             cyc=195 op=IDK_RANDOM             instr=0x2c2516dd pc=0x20bd3f24 valid=1 fault=1 wb_w=0 wb_rd=6 ex_r=1 ex_rd=17 -> reg_write=0 illegal=1 stall=0 redirect=0
[PASS] seq=crv_seq_11                             cyc=196 op=IDK_HAZARD_X0_EXCLUDED instr=0x7e71587f pc=0x8e0ca810 valid=1 fault=1 wb_w=1 wb_rd=31 ex_r=1 ex_rd=0 -> reg_write=0 illegal=1 stall=0 redirect=0
[PASS] seq=crv_seq_11                             cyc=197 op=IDK_BYPASS_BOTH        instr=0x9fad0df3 pc=0x5a056558 valid=1 fault=0 wb_w=1 wb_rd=26 ex_r=0 ex_rd=29 -> reg_write=0 illegal=0 stall=0 redirect=0
[PASS] seq=crv_seq_11                             cyc=198 op=IDK_BYPASS_RS2         instr=0x8c8c74db pc=0x5e48b630 valid=1 fault=0 wb_w=1 wb_rd=8 ex_r=0 ex_rd=8 -> reg_write=0 illegal=1 stall=0 redirect=0
[PASS] seq=crv_seq_11                             cyc=199 op=IDK_RANDOM             instr=0x3caf91e2 pc=0xb45ac2f0 valid=1 fault=1 wb_w=0 wb_rd=25 ex_r=1 ex_rd=30 -> reg_write=0 illegal=1 stall=0 redirect=0
[PASS] seq=crv_seq_12                             cyc=0 op=IDK_HAZARD_X0_EXCLUDED instr=0x8366eadf pc=0x5bcf38b8 valid=1 fault=1 wb_w=1 wb_rd=27 ex_r=1 ex_rd=0 -> reg_write=0 illegal=1 stall=0 redirect=0
[PASS] seq=crv_seq_12                             cyc=1 op=IDK_BYPASS_BOTH        instr=0xecd6fd34 pc=0x2163ec70 valid=1 fault=0 wb_w=1 wb_rd=13 ex_r=1 ex_rd=20 -> reg_write=0 illegal=1 stall=0 redirect=0
[PASS] seq=crv_seq_12                             cyc=2 op=IDK_RANDOM             instr=0xa94ec139 pc=0x21b84c94 valid=1 fault=0 wb_w=0 wb_rd=20 ex_r=1 ex_rd=19 -> reg_write=0 illegal=1 stall=0 redirect=0
[PASS] seq=crv_seq_12                             cyc=3 op=IDK_BACKWARD_BRANCH    instr=0xa93ee963 pc=0x64180868 valid=1 fault=1 wb_w=1 wb_rd=12 ex_r=0 ex_rd=3 -> reg_write=0 illegal=0 stall=0 redirect=1
[PASS] seq=crv_seq_12                             cyc=4 op=IDK_RANDOM             instr=0xa5c26ec3 pc=0x2ef8a648 valid=1 fault=0 wb_w=1 wb_rd=22 ex_r=1 ex_rd=15 -> reg_write=0 illegal=1 stall=0 redirect=0
[PASS] seq=crv_seq_12                             cyc=5 op=IDK_BACKWARD_BRANCH    instr=0xf969b363 pc=0x8b481d2c valid=1 fault=0 wb_w=1 wb_rd=10 ex_r=1 ex_rd=11 -> reg_write=0 illegal=0 stall=0 redirect=1
[PASS] seq=crv_seq_12                             cyc=6 op=IDK_HAZARD_X0_EXCLUDED instr=0x301f84fd pc=0x7bca4328 valid=1 fault=1 wb_w=1 wb_rd=16 ex_r=1 ex_rd=0 -> reg_write=0 illegal=1 stall=0 redirect=0
[PASS] seq=crv_seq_12                             cyc=7 op=IDK_FORWARD_BRANCH     instr=0x22d6ba63 pc=0x99103790 valid=1 fault=0 wb_w=1 wb_rd=29 ex_r=1 ex_rd=19 -> reg_write=0 illegal=0 stall=0 redirect=0
[PASS] seq=crv_seq_12                             cyc=8 op=IDK_JAL                instr=0x974d4a6f pc=0xbb3d1c2c valid=1 fault=0 wb_w=0 wb_rd=2 ex_r=1 ex_rd=8 -> reg_write=1 illegal=0 stall=0 redirect=1
[PASS] seq=crv_seq_12                             cyc=9 op=IDK_ILLEGAL            instr=0x02147c33 pc=0x44f39b6c valid=1 fault=1 wb_w=1 wb_rd=28 ex_r=1 ex_rd=1 -> reg_write=0 illegal=1 stall=1 redirect=0
[PASS] seq=crv_seq_12                             cyc=10 op=IDK_ILLEGAL            instr=0x0282f133 pc=0xe2118110 valid=1 fault=1 wb_w=0 wb_rd=9 ex_r=0 ex_rd=30 -> reg_write=0 illegal=1 stall=0 redirect=0
[PASS] seq=crv_seq_12                             cyc=11 op=IDK_JAL                instr=0x9b2cc7ef pc=0xbd261cfc valid=1 fault=1 wb_w=0 wb_rd=15 ex_r=0 ex_rd=24 -> reg_write=1 illegal=0 stall=0 redirect=1
[PASS] seq=crv_seq_12                             cyc=12 op=IDK_FORWARD_BRANCH     instr=0x23ae9263 pc=0xadefd3f0 valid=1 fault=0 wb_w=1 wb_rd=5 ex_r=0 ex_rd=15 -> reg_write=0 illegal=0 stall=0 redirect=0
[PASS] seq=crv_seq_12                             cyc=13 op=IDK_HAZARD_RS1         instr=0xeb62af71 pc=0x0cdfcc6c valid=1 fault=0 wb_w=0 wb_rd=8 ex_r=1 ex_rd=5 -> reg_write=0 illegal=1 stall=1 redirect=0
[PASS] seq=crv_seq_12                             cyc=14 op=IDK_HAZARD_RS1         instr=0xd346009b pc=0x86aec88c valid=1 fault=1 wb_w=0 wb_rd=7 ex_r=1 ex_rd=12 -> reg_write=0 illegal=1 stall=1 redirect=0
[PASS] seq=crv_seq_12                             cyc=15 op=IDK_BYPASS_RS2         instr=0x23836eb8 pc=0x34b2aeb8 valid=1 fault=0 wb_w=1 wb_rd=24 ex_r=1 ex_rd=14 -> reg_write=0 illegal=1 stall=0 redirect=0
[PASS] seq=crv_seq_12                             cyc=16 op=IDK_JALR               instr=0xc9d8d4e7 pc=0xc30b6e4c valid=1 fault=1 wb_w=0 wb_rd=27 ex_r=1 ex_rd=9 -> reg_write=1 illegal=0 stall=0 redirect=0
[PASS] seq=crv_seq_12                             cyc=17 op=IDK_HAZARD_RS2         instr=0x57fb897c pc=0x1cb3194c valid=1 fault=1 wb_w=0 wb_rd=27 ex_r=1 ex_rd=31 -> reg_write=0 illegal=1 stall=1 redirect=0
[PASS] seq=crv_seq_12                             cyc=18 op=IDK_ILLEGAL            instr=0x022dfc33 pc=0x21a1a030 valid=1 fault=0 wb_w=0 wb_rd=8 ex_r=1 ex_rd=7 -> reg_write=0 illegal=1 stall=0 redirect=0
[PASS] seq=crv_seq_12                             cyc=19 op=IDK_RANDOM             instr=0xb49dfa0e pc=0x8b15c3a8 valid=1 fault=0 wb_w=0 wb_rd=20 ex_r=0 ex_rd=19 -> reg_write=0 illegal=1 stall=0 redirect=0
[PASS] seq=crv_seq_12                             cyc=20 op=IDK_RANDOM             instr=0x567e12fb pc=0xc3dfe674 valid=1 fault=0 wb_w=0 wb_rd=24 ex_r=0 ex_rd=21 -> reg_write=0 illegal=1 stall=0 redirect=0
[PASS] seq=crv_seq_12                             cyc=21 op=IDK_RANDOM             instr=0x8661ec96 pc=0x870ccf78 valid=1 fault=0 wb_w=1 wb_rd=17 ex_r=1 ex_rd=30 -> reg_write=0 illegal=1 stall=0 redirect=0
[PASS] seq=crv_seq_12                             cyc=22 op=IDK_BYPASS_RS1         instr=0xd5d10747 pc=0x36dc9bd4 valid=1 fault=1 wb_w=1 wb_rd=2 ex_r=0 ex_rd=27 -> reg_write=0 illegal=1 stall=0 redirect=0
[PASS] seq=crv_seq_12                             cyc=23 op=IDK_BACKWARD_BRANCH    instr=0xe8fb6f63 pc=0xfc0726f0 valid=1 fault=1 wb_w=1 wb_rd=21 ex_r=1 ex_rd=19 -> reg_write=0 illegal=0 stall=0 redirect=1
[PASS] seq=crv_seq_12                             cyc=24 op=IDK_LEGAL_ALU          instr=0x01135f33 pc=0xfeca1918 valid=1 fault=1 wb_w=1 wb_rd=23 ex_r=0 ex_rd=1 -> reg_write=1 illegal=0 stall=0 redirect=0
[PASS] seq=crv_seq_12                             cyc=25 op=IDK_ILLEGAL            instr=0x035c79b3 pc=0xcd047a2c valid=1 fault=0 wb_w=0 wb_rd=18 ex_r=0 ex_rd=0 -> reg_write=0 illegal=1 stall=0 redirect=0
[PASS] seq=crv_seq_12                             cyc=26 op=IDK_HAZARD_RS1         instr=0x0f156f68 pc=0xec2927b8 valid=1 fault=0 wb_w=0 wb_rd=12 ex_r=1 ex_rd=10 -> reg_write=0 illegal=1 stall=1 redirect=0
[PASS] seq=crv_seq_12                             cyc=27 op=IDK_RANDOM             instr=0x54bb32a0 pc=0x855dce64 valid=1 fault=0 wb_w=0 wb_rd=4 ex_r=0 ex_rd=4 -> reg_write=0 illegal=1 stall=0 redirect=0
[PASS] seq=crv_seq_12                             cyc=28 op=IDK_RANDOM             instr=0x9f698fd4 pc=0x5b373e58 valid=1 fault=0 wb_w=1 wb_rd=13 ex_r=0 ex_rd=20 -> reg_write=0 illegal=1 stall=0 redirect=0
[PASS] seq=crv_seq_12                             cyc=29 op=IDK_BYPASS_RS1         instr=0x2c50da07 pc=0x2b44600c valid=1 fault=0 wb_w=1 wb_rd=1 ex_r=0 ex_rd=8 -> reg_write=0 illegal=1 stall=0 redirect=0
[PASS] seq=crv_seq_12                             cyc=30 op=IDK_JAL                instr=0x0ece37ef pc=0x50287604 valid=1 fault=1 wb_w=1 wb_rd=15 ex_r=1 ex_rd=25 -> reg_write=1 illegal=0 stall=0 redirect=1
[PASS] seq=crv_seq_12                             cyc=31 op=IDK_LEGAL_ALU          instr=0x016ec433 pc=0xfd6074ec valid=1 fault=0 wb_w=0 wb_rd=14 ex_r=1 ex_rd=0 -> reg_write=1 illegal=0 stall=0 redirect=0
[PASS] seq=crv_seq_12                             cyc=32 op=IDK_ILLEGAL            instr=0x02a1cf33 pc=0xe5a48518 valid=1 fault=0 wb_w=1 wb_rd=1 ex_r=1 ex_rd=31 -> reg_write=0 illegal=1 stall=0 redirect=0
[PASS] seq=crv_seq_12                             cyc=33 op=IDK_BYPASS_RS1         instr=0x9a26a9da pc=0x28335668 valid=1 fault=1 wb_w=1 wb_rd=13 ex_r=1 ex_rd=2 -> reg_write=0 illegal=1 stall=1 redirect=0
[PASS] seq=crv_seq_12                             cyc=34 op=IDK_HAZARD_BOTH        instr=0xe073ed85 pc=0x217afbb4 valid=1 fault=0 wb_w=1 wb_rd=19 ex_r=1 ex_rd=7 -> reg_write=0 illegal=1 stall=1 redirect=0
[PASS] seq=crv_seq_12                             cyc=35 op=IDK_RANDOM             instr=0xd8f7642c pc=0xdbac6fb8 valid=1 fault=0 wb_w=1 wb_rd=3 ex_r=1 ex_rd=11 -> reg_write=0 illegal=1 stall=0 redirect=0
[PASS] seq=crv_seq_12                             cyc=36 op=IDK_RANDOM             instr=0x24629f23 pc=0xdd5579c0 valid=1 fault=0 wb_w=1 wb_rd=2 ex_r=0 ex_rd=4 -> reg_write=0 illegal=0 stall=0 redirect=0
[PASS] seq=crv_seq_12                             cyc=37 op=IDK_BYPASS_BOTH        instr=0xa97bd37c pc=0x237504c0 valid=1 fault=0 wb_w=1 wb_rd=23 ex_r=0 ex_rd=20 -> reg_write=0 illegal=1 stall=0 redirect=0
[PASS] seq=crv_seq_12                             cyc=38 op=IDK_BYPASS_RS2         instr=0xc8f8dfd0 pc=0xc722cf8c valid=1 fault=0 wb_w=1 wb_rd=15 ex_r=1 ex_rd=29 -> reg_write=0 illegal=1 stall=0 redirect=0
[PASS] seq=crv_seq_12                             cyc=39 op=IDK_HAZARD_RS1         instr=0x573e3c5b pc=0xc3ca6318 valid=1 fault=1 wb_w=0 wb_rd=11 ex_r=1 ex_rd=28 -> reg_write=0 illegal=1 stall=1 redirect=0
[PASS] seq=crv_seq_12                             cyc=40 op=IDK_FORWARD_BRANCH     instr=0x1d9dd4e3 pc=0x88e31b0c valid=1 fault=1 wb_w=1 wb_rd=2 ex_r=0 ex_rd=7 -> reg_write=0 illegal=0 stall=0 redirect=0
[PASS] seq=crv_seq_12                             cyc=41 op=IDK_BYPASS_RS1         instr=0x58cd1421 pc=0xb4cb0674 valid=1 fault=1 wb_w=1 wb_rd=26 ex_r=0 ex_rd=22 -> reg_write=0 illegal=1 stall=0 redirect=0
[PASS] seq=crv_seq_12                             cyc=42 op=IDK_ILLEGAL            instr=0x02fb7db3 pc=0x84ce8db8 valid=1 fault=1 wb_w=1 wb_rd=13 ex_r=0 ex_rd=13 -> reg_write=0 illegal=1 stall=0 redirect=0
[PASS] seq=crv_seq_12                             cyc=43 op=IDK_BYPASS_RS1         instr=0xd52586f0 pc=0x29e4c26c valid=1 fault=1 wb_w=1 wb_rd=11 ex_r=0 ex_rd=19 -> reg_write=0 illegal=1 stall=0 redirect=0
[PASS] seq=crv_seq_12                             cyc=44 op=IDK_ILLEGAL            instr=0x03d36cb3 pc=0x21ada528 valid=1 fault=1 wb_w=0 wb_rd=16 ex_r=0 ex_rd=17 -> reg_write=0 illegal=1 stall=0 redirect=0
[PASS] seq=crv_seq_12                             cyc=45 op=IDK_JAL                instr=0x88c2c3ef pc=0xce7eb568 valid=1 fault=0 wb_w=0 wb_rd=22 ex_r=0 ex_rd=18 -> reg_write=1 illegal=0 stall=0 redirect=1
[PASS] seq=crv_seq_12                             cyc=46 op=IDK_BYPASS_RS1         instr=0x114114a3 pc=0x84897af4 valid=1 fault=0 wb_w=1 wb_rd=2 ex_r=1 ex_rd=28 -> reg_write=0 illegal=0 stall=0 redirect=0
[PASS] seq=crv_seq_12                             cyc=47 op=IDK_BYPASS_RS1         instr=0x3942bec9 pc=0x619db390 valid=1 fault=1 wb_w=1 wb_rd=5 ex_r=0 ex_rd=26 -> reg_write=0 illegal=1 stall=0 redirect=0
[PASS] seq=crv_seq_12                             cyc=48 op=IDK_HAZARD_RS1         instr=0xe06ea043 pc=0x7ef9af1c valid=1 fault=0 wb_w=0 wb_rd=2 ex_r=1 ex_rd=29 -> reg_write=0 illegal=1 stall=1 redirect=0
[PASS] seq=crv_seq_12                             cyc=49 op=IDK_BACKWARD_BRANCH    instr=0xf9c8f263 pc=0x17c8e3b8 valid=1 fault=0 wb_w=1 wb_rd=22 ex_r=0 ex_rd=20 -> reg_write=0 illegal=0 stall=0 redirect=1
[PASS] seq=crv_seq_12                             cyc=50 op=IDK_HAZARD_RS2         instr=0x9342bb93 pc=0x6f1768fc valid=1 fault=1 wb_w=1 wb_rd=4 ex_r=1 ex_rd=20 -> reg_write=1 illegal=0 stall=1 redirect=0
[PASS] seq=crv_seq_12                             cyc=51 op=IDK_BYPASS_RS1         instr=0xf9ee1608 pc=0xfd52ae5c valid=1 fault=1 wb_w=1 wb_rd=28 ex_r=0 ex_rd=6 -> reg_write=0 illegal=1 stall=0 redirect=0
[PASS] seq=crv_seq_12                             cyc=52 op=IDK_RANDOM             instr=0x55dd6a41 pc=0x23d7dc18 valid=1 fault=0 wb_w=0 wb_rd=29 ex_r=0 ex_rd=5 -> reg_write=0 illegal=1 stall=0 redirect=0
[PASS] seq=crv_seq_12                             cyc=53 op=IDK_BYPASS_RS2         instr=0x7b614080 pc=0x60764180 valid=1 fault=0 wb_w=1 wb_rd=22 ex_r=1 ex_rd=3 -> reg_write=0 illegal=1 stall=0 redirect=0
[PASS] seq=crv_seq_12                             cyc=54 op=IDK_JALR               instr=0x49e2efe7 pc=0x09fea3dc valid=1 fault=1 wb_w=1 wb_rd=31 ex_r=0 ex_rd=5 -> reg_write=1 illegal=0 stall=0 redirect=0
[PASS] seq=crv_seq_12                             cyc=55 op=IDK_BACKWARD_BRANCH    instr=0xb6e77063 pc=0xeb1369b4 valid=1 fault=0 wb_w=1 wb_rd=17 ex_r=1 ex_rd=16 -> reg_write=0 illegal=0 stall=0 redirect=1
[PASS] seq=crv_seq_12                             cyc=56 op=IDK_HAZARD_RS2         instr=0x1e687b09 pc=0xacc04d94 valid=1 fault=0 wb_w=1 wb_rd=29 ex_r=1 ex_rd=6 -> reg_write=0 illegal=1 stall=1 redirect=0
[PASS] seq=crv_seq_12                             cyc=57 op=IDK_RANDOM             instr=0xddda01a8 pc=0x152f0c54 valid=1 fault=0 wb_w=0 wb_rd=3 ex_r=0 ex_rd=30 -> reg_write=0 illegal=1 stall=0 redirect=0
[PASS] seq=crv_seq_12                             cyc=58 op=IDK_LEGAL_ALU          instr=0x408699b3 pc=0xf9f92298 valid=1 fault=0 wb_w=1 wb_rd=31 ex_r=1 ex_rd=10 -> reg_write=1 illegal=0 stall=0 redirect=0
[PASS] seq=crv_seq_12                             cyc=59 op=IDK_LEGAL_ALU          instr=0x41d63bb3 pc=0x3bf1e76c valid=1 fault=1 wb_w=0 wb_rd=24 ex_r=1 ex_rd=24 -> reg_write=1 illegal=0 stall=0 redirect=0
[PASS] seq=crv_seq_12                             cyc=60 op=IDK_JAL                instr=0x5dba196f pc=0xc3165344 valid=1 fault=1 wb_w=1 wb_rd=21 ex_r=0 ex_rd=10 -> reg_write=1 illegal=0 stall=0 redirect=1
[PASS] seq=crv_seq_12                             cyc=61 op=IDK_HAZARD_RS1         instr=0x1f66bb37 pc=0x2ee862e8 valid=1 fault=0 wb_w=1 wb_rd=16 ex_r=1 ex_rd=13 -> reg_write=1 illegal=0 stall=1 redirect=0
[PASS] seq=crv_seq_12                             cyc=62 op=IDK_JALR               instr=0xfc8a90e7 pc=0x4e41a324 valid=1 fault=0 wb_w=0 wb_rd=24 ex_r=1 ex_rd=29 -> reg_write=1 illegal=0 stall=0 redirect=0
[PASS] seq=crv_seq_12                             cyc=63 op=IDK_BYPASS_BOTH        instr=0xd318ab77 pc=0xd3e65c6c valid=1 fault=1 wb_w=1 wb_rd=17 ex_r=0 ex_rd=2 -> reg_write=0 illegal=1 stall=0 redirect=0
[PASS] seq=crv_seq_12                             cyc=64 op=IDK_RANDOM             instr=0x43fd58bf pc=0xa2e04d64 valid=1 fault=1 wb_w=1 wb_rd=14 ex_r=0 ex_rd=17 -> reg_write=0 illegal=1 stall=0 redirect=0
[PASS] seq=crv_seq_12                             cyc=65 op=IDK_RANDOM             instr=0xc89747e8 pc=0xe711c918 valid=1 fault=1 wb_w=0 wb_rd=14 ex_r=1 ex_rd=4 -> reg_write=0 illegal=1 stall=0 redirect=0
[PASS] seq=crv_seq_12                             cyc=66 op=IDK_HAZARD_RS2         instr=0x7792deb8 pc=0x9b3b999c valid=1 fault=0 wb_w=1 wb_rd=6 ex_r=1 ex_rd=25 -> reg_write=0 illegal=1 stall=1 redirect=0
[PASS] seq=crv_seq_12                             cyc=67 op=IDK_RANDOM             instr=0xdaff5448 pc=0x92e15228 valid=1 fault=0 wb_w=0 wb_rd=29 ex_r=0 ex_rd=15 -> reg_write=0 illegal=1 stall=0 redirect=0
[PASS] seq=crv_seq_12                             cyc=68 op=IDK_BYPASS_BOTH        instr=0x9bef0393 pc=0x05c26e0c valid=1 fault=0 wb_w=1 wb_rd=30 ex_r=0 ex_rd=14 -> reg_write=1 illegal=0 stall=0 redirect=0
[PASS] seq=crv_seq_12                             cyc=69 op=IDK_HAZARD_BOTH        instr=0x35ff9694 pc=0x7eca4dbc valid=1 fault=1 wb_w=0 wb_rd=20 ex_r=1 ex_rd=31 -> reg_write=0 illegal=1 stall=1 redirect=0
[PASS] seq=crv_seq_12                             cyc=70 op=IDK_LEGAL_ALU          instr=0x01fe51b3 pc=0x7338d714 valid=1 fault=0 wb_w=0 wb_rd=1 ex_r=1 ex_rd=2 -> reg_write=1 illegal=0 stall=0 redirect=0
[PASS] seq=crv_seq_12                             cyc=71 op=IDK_HAZARD_RS2         instr=0xe8dc7035 pc=0xa1620b50 valid=1 fault=1 wb_w=0 wb_rd=23 ex_r=1 ex_rd=13 -> reg_write=0 illegal=1 stall=1 redirect=0
[PASS] seq=crv_seq_12                             cyc=72 op=IDK_BYPASS_BOTH        instr=0x61ffdd33 pc=0x8278ea10 valid=1 fault=1 wb_w=1 wb_rd=31 ex_r=0 ex_rd=27 -> reg_write=0 illegal=1 stall=0 redirect=0
[PASS] seq=crv_seq_12                             cyc=73 op=IDK_CSR_OP             instr=0x6d04e3f3 pc=0xef66ef88 valid=1 fault=1 wb_w=1 wb_rd=2 ex_r=1 ex_rd=27 -> reg_write=1 illegal=0 stall=0 redirect=0
[PASS] seq=crv_seq_12                             cyc=74 op=IDK_BYPASS_RS1         instr=0xec0a5158 pc=0xeaab27a4 valid=1 fault=0 wb_w=1 wb_rd=20 ex_r=0 ex_rd=0 -> reg_write=0 illegal=1 stall=0 redirect=0
[PASS] seq=crv_seq_12                             cyc=75 op=IDK_CSR_OP             instr=0x2a7cb3f3 pc=0x1fdd2bcc valid=1 fault=1 wb_w=0 wb_rd=22 ex_r=1 ex_rd=10 -> reg_write=1 illegal=0 stall=0 redirect=0
[PASS] seq=crv_seq_12                             cyc=76 op=IDK_RANDOM             instr=0x44b8c754 pc=0x42aa36dc valid=1 fault=0 wb_w=1 wb_rd=8 ex_r=0 ex_rd=29 -> reg_write=0 illegal=1 stall=0 redirect=0
[PASS] seq=crv_seq_12                             cyc=77 op=IDK_ILLEGAL            instr=0x039d67b3 pc=0x870a015c valid=1 fault=0 wb_w=1 wb_rd=12 ex_r=1 ex_rd=19 -> reg_write=0 illegal=1 stall=0 redirect=0
[PASS] seq=crv_seq_12                             cyc=78 op=IDK_HAZARD_RS1         instr=0x7e0199ba pc=0xc8cab7ec valid=1 fault=1 wb_w=0 wb_rd=18 ex_r=1 ex_rd=3 -> reg_write=0 illegal=1 stall=1 redirect=0
[PASS] seq=crv_seq_12                             cyc=79 op=IDK_BYPASS_RS1         instr=0x68de8ebe pc=0x6f63a638 valid=1 fault=1 wb_w=1 wb_rd=29 ex_r=1 ex_rd=26 -> reg_write=0 illegal=1 stall=0 redirect=0
[PASS] seq=crv_seq_12                             cyc=80 op=IDK_FORWARD_BRANCH     instr=0x3aeeb963 pc=0x2c89a130 valid=1 fault=0 wb_w=1 wb_rd=7 ex_r=1 ex_rd=5 -> reg_write=0 illegal=0 stall=0 redirect=0
[PASS] seq=crv_seq_12                             cyc=81 op=IDK_RANDOM             instr=0x674f82ca pc=0xeea1efd8 valid=1 fault=1 wb_w=1 wb_rd=0 ex_r=0 ex_rd=12 -> reg_write=0 illegal=1 stall=0 redirect=0
[PASS] seq=crv_seq_12                             cyc=82 op=IDK_RANDOM             instr=0x9cce7a88 pc=0x696f8244 valid=1 fault=0 wb_w=0 wb_rd=8 ex_r=0 ex_rd=11 -> reg_write=0 illegal=1 stall=0 redirect=0
[PASS] seq=crv_seq_12                             cyc=83 op=IDK_HAZARD_RS2         instr=0x5032955e pc=0x3ff87630 valid=1 fault=0 wb_w=0 wb_rd=7 ex_r=1 ex_rd=3 -> reg_write=0 illegal=1 stall=1 redirect=0
[PASS] seq=crv_seq_12                             cyc=84 op=IDK_HAZARD_RS1         instr=0x7b2abcbf pc=0x893ba068 valid=1 fault=1 wb_w=0 wb_rd=6 ex_r=1 ex_rd=21 -> reg_write=0 illegal=1 stall=1 redirect=0
[PASS] seq=crv_seq_12                             cyc=85 op=IDK_ILLEGAL            instr=0x03eb6d33 pc=0xa9f89360 valid=1 fault=1 wb_w=1 wb_rd=24 ex_r=1 ex_rd=16 -> reg_write=0 illegal=1 stall=0 redirect=0
[PASS] seq=crv_seq_12                             cyc=86 op=IDK_BYPASS_RS1         instr=0x8b11dee3 pc=0x6d0e2644 valid=1 fault=1 wb_w=1 wb_rd=3 ex_r=1 ex_rd=23 -> reg_write=0 illegal=0 stall=0 redirect=1
[PASS] seq=crv_seq_12                             cyc=87 op=IDK_BYPASS_RS2         instr=0x44d085d3 pc=0xcec72ad0 valid=1 fault=0 wb_w=1 wb_rd=13 ex_r=1 ex_rd=20 -> reg_write=0 illegal=1 stall=0 redirect=0
[PASS] seq=crv_seq_12                             cyc=88 op=IDK_ILLEGAL            instr=0x03244633 pc=0x165295b4 valid=1 fault=1 wb_w=1 wb_rd=25 ex_r=0 ex_rd=15 -> reg_write=0 illegal=1 stall=0 redirect=0
[PASS] seq=crv_seq_12                             cyc=89 op=IDK_BACKWARD_BRANCH    instr=0xbdda4363 pc=0xa2815028 valid=1 fault=0 wb_w=0 wb_rd=1 ex_r=0 ex_rd=10 -> reg_write=0 illegal=0 stall=0 redirect=1
[PASS] seq=crv_seq_12                             cyc=90 op=IDK_BYPASS_RS1         instr=0x3a49ecaa pc=0x154353ac valid=1 fault=0 wb_w=1 wb_rd=19 ex_r=0 ex_rd=0 -> reg_write=0 illegal=1 stall=0 redirect=0
[PASS] seq=crv_seq_12                             cyc=91 op=IDK_HAZARD_RS1         instr=0xcb934835 pc=0x19226e3c valid=1 fault=0 wb_w=1 wb_rd=4 ex_r=1 ex_rd=6 -> reg_write=0 illegal=1 stall=1 redirect=0
[PASS] seq=crv_seq_12                             cyc=92 op=IDK_HAZARD_RS1         instr=0xcb209769 pc=0xd3a7ebb4 valid=1 fault=0 wb_w=1 wb_rd=31 ex_r=1 ex_rd=1 -> reg_write=0 illegal=1 stall=1 redirect=0
[PASS] seq=crv_seq_12                             cyc=93 op=IDK_BACKWARD_BRANCH    instr=0xe6ae6563 pc=0xb62e1438 valid=1 fault=1 wb_w=0 wb_rd=28 ex_r=0 ex_rd=13 -> reg_write=0 illegal=0 stall=0 redirect=1
[PASS] seq=crv_seq_12                             cyc=94 op=IDK_CSR_OP             instr=0xb925ad73 pc=0x8d152b1c valid=1 fault=1 wb_w=0 wb_rd=6 ex_r=0 ex_rd=4 -> reg_write=1 illegal=0 stall=0 redirect=0
[PASS] seq=crv_seq_12                             cyc=95 op=IDK_BACKWARD_BRANCH    instr=0xfac5c0e3 pc=0xd0d13580 valid=1 fault=0 wb_w=1 wb_rd=15 ex_r=0 ex_rd=6 -> reg_write=0 illegal=0 stall=0 redirect=1
[PASS] seq=crv_seq_12                             cyc=96 op=IDK_BYPASS_RS1         instr=0xb122c295 pc=0xdde1c5e4 valid=1 fault=0 wb_w=1 wb_rd=5 ex_r=1 ex_rd=8 -> reg_write=0 illegal=1 stall=0 redirect=0
[PASS] seq=crv_seq_12                             cyc=97 op=IDK_LEGAL_ALU          instr=0x40d95fb3 pc=0x229815d4 valid=1 fault=1 wb_w=1 wb_rd=27 ex_r=0 ex_rd=6 -> reg_write=1 illegal=0 stall=0 redirect=0
[PASS] seq=crv_seq_12                             cyc=98 op=IDK_BYPASS_RS1         instr=0x69fc5e5a pc=0xd9b07158 valid=1 fault=1 wb_w=1 wb_rd=24 ex_r=0 ex_rd=15 -> reg_write=0 illegal=1 stall=0 redirect=0
[PASS] seq=crv_seq_12                             cyc=99 op=IDK_RANDOM             instr=0x2634c329 pc=0x89f14d5c valid=1 fault=0 wb_w=1 wb_rd=11 ex_r=0 ex_rd=5 -> reg_write=0 illegal=1 stall=0 redirect=0
[PASS] seq=crv_seq_12                             cyc=100 op=IDK_BYPASS_RS2         instr=0x5f2ea229 pc=0x567ca8f8 valid=1 fault=1 wb_w=1 wb_rd=18 ex_r=0 ex_rd=15 -> reg_write=0 illegal=1 stall=0 redirect=0
[PASS] seq=crv_seq_12                             cyc=101 op=IDK_FORWARD_BRANCH     instr=0x4aecede3 pc=0xe99484bc valid=1 fault=0 wb_w=0 wb_rd=27 ex_r=0 ex_rd=19 -> reg_write=0 illegal=0 stall=0 redirect=0
[PASS] seq=crv_seq_12                             cyc=102 op=IDK_ILLEGAL            instr=0x0300f233 pc=0x72c6f92c valid=1 fault=1 wb_w=1 wb_rd=11 ex_r=1 ex_rd=17 -> reg_write=0 illegal=1 stall=0 redirect=0
[PASS] seq=crv_seq_12                             cyc=103 op=IDK_RANDOM             instr=0x44131fce pc=0x53bb2c08 valid=1 fault=1 wb_w=0 wb_rd=1 ex_r=1 ex_rd=10 -> reg_write=0 illegal=1 stall=0 redirect=0
[PASS] seq=crv_seq_12                             cyc=104 op=IDK_BYPASS_BOTH        instr=0xc74a53e2 pc=0x0f314498 valid=1 fault=1 wb_w=1 wb_rd=20 ex_r=0 ex_rd=28 -> reg_write=0 illegal=1 stall=0 redirect=0
[PASS] seq=crv_seq_12                             cyc=105 op=IDK_JAL                instr=0x30305d6f pc=0xe49c918c valid=1 fault=0 wb_w=0 wb_rd=13 ex_r=0 ex_rd=0 -> reg_write=1 illegal=0 stall=0 redirect=1
[PASS] seq=crv_seq_12                             cyc=106 op=IDK_BYPASS_RS2         instr=0x92709044 pc=0xe9d41ae0 valid=1 fault=1 wb_w=1 wb_rd=7 ex_r=0 ex_rd=10 -> reg_write=0 illegal=1 stall=0 redirect=0
[PASS] seq=crv_seq_12                             cyc=107 op=IDK_HAZARD_X0_EXCLUDED instr=0x0e9d2625 pc=0xe7666408 valid=1 fault=1 wb_w=1 wb_rd=11 ex_r=1 ex_rd=0 -> reg_write=0 illegal=1 stall=0 redirect=0
[PASS] seq=crv_seq_12                             cyc=108 op=IDK_BYPASS_RS1         instr=0x52089c4b pc=0xcbfe8364 valid=1 fault=1 wb_w=1 wb_rd=17 ex_r=0 ex_rd=25 -> reg_write=0 illegal=1 stall=0 redirect=0
[PASS] seq=crv_seq_12                             cyc=109 op=IDK_HAZARD_RS1         instr=0x86759079 pc=0xbbaad41c valid=1 fault=0 wb_w=0 wb_rd=12 ex_r=1 ex_rd=11 -> reg_write=0 illegal=1 stall=1 redirect=0
[PASS] seq=crv_seq_12                             cyc=110 op=IDK_RANDOM             instr=0xd147ce6b pc=0xa74b3afc valid=1 fault=0 wb_w=1 wb_rd=0 ex_r=1 ex_rd=7 -> reg_write=0 illegal=1 stall=0 redirect=0
[PASS] seq=crv_seq_12                             cyc=111 op=IDK_BYPASS_BOTH        instr=0x2f5aced5 pc=0xf953de48 valid=1 fault=0 wb_w=1 wb_rd=21 ex_r=1 ex_rd=25 -> reg_write=0 illegal=1 stall=0 redirect=0
[PASS] seq=crv_seq_12                             cyc=112 op=IDK_BYPASS_RS2         instr=0xff256aeb pc=0x2a08708c valid=1 fault=1 wb_w=1 wb_rd=18 ex_r=1 ex_rd=9 -> reg_write=0 illegal=1 stall=0 redirect=0
[PASS] seq=crv_seq_12                             cyc=113 op=IDK_JALR               instr=0xb92fb067 pc=0x181a051c valid=1 fault=0 wb_w=1 wb_rd=12 ex_r=1 ex_rd=9 -> reg_write=1 illegal=0 stall=0 redirect=0
[PASS] seq=crv_seq_12                             cyc=114 op=IDK_BYPASS_BOTH        instr=0x61ef3170 pc=0x33ffb520 valid=1 fault=0 wb_w=1 wb_rd=30 ex_r=1 ex_rd=19 -> reg_write=0 illegal=1 stall=0 redirect=0
[PASS] seq=crv_seq_12                             cyc=115 op=IDK_BYPASS_RS2         instr=0xa4d00074 pc=0x83dc054c valid=1 fault=0 wb_w=1 wb_rd=13 ex_r=0 ex_rd=4 -> reg_write=0 illegal=1 stall=0 redirect=0
[PASS] seq=crv_seq_12                             cyc=116 op=IDK_RANDOM             instr=0xeaaac4f5 pc=0x48fb62e0 valid=1 fault=0 wb_w=0 wb_rd=21 ex_r=0 ex_rd=31 -> reg_write=0 illegal=1 stall=0 redirect=0
[PASS] seq=crv_seq_12                             cyc=117 op=IDK_FORWARD_BRANCH     instr=0x521e6663 pc=0xbab51018 valid=1 fault=1 wb_w=1 wb_rd=26 ex_r=1 ex_rd=1 -> reg_write=0 illegal=0 stall=1 redirect=0
[PASS] seq=crv_seq_12                             cyc=118 op=IDK_ILLEGAL            instr=0x02fa67b3 pc=0x1ddf4584 valid=1 fault=0 wb_w=0 wb_rd=1 ex_r=1 ex_rd=22 -> reg_write=0 illegal=1 stall=0 redirect=0
[PASS] seq=crv_seq_12                             cyc=119 op=IDK_ILLEGAL            instr=0x03f3d333 pc=0x8ba3a4d0 valid=1 fault=0 wb_w=1 wb_rd=30 ex_r=1 ex_rd=19 -> reg_write=0 illegal=1 stall=0 redirect=0
[PASS] seq=crv_seq_12                             cyc=120 op=IDK_JAL                instr=0x69c9e3ef pc=0x8151bb54 valid=1 fault=1 wb_w=1 wb_rd=18 ex_r=0 ex_rd=10 -> reg_write=1 illegal=0 stall=0 redirect=1
[PASS] seq=crv_seq_12                             cyc=121 op=IDK_BYPASS_RS1         instr=0x47e71e6c pc=0x2900ae94 valid=1 fault=0 wb_w=1 wb_rd=14 ex_r=0 ex_rd=18 -> reg_write=0 illegal=1 stall=0 redirect=0
[PASS] seq=crv_seq_12                             cyc=122 op=IDK_JAL                instr=0x4c6c196f pc=0x20dad828 valid=1 fault=0 wb_w=0 wb_rd=21 ex_r=0 ex_rd=0 -> reg_write=1 illegal=0 stall=0 redirect=1
[PASS] seq=crv_seq_12                             cyc=123 op=IDK_JALR               instr=0xfd3ad7e7 pc=0xf7016d78 valid=1 fault=1 wb_w=1 wb_rd=20 ex_r=1 ex_rd=6 -> reg_write=1 illegal=0 stall=0 redirect=0
[PASS] seq=crv_seq_12                             cyc=124 op=IDK_ILLEGAL            instr=0x02b77cb3 pc=0x4b03786c valid=1 fault=1 wb_w=0 wb_rd=11 ex_r=0 ex_rd=19 -> reg_write=0 illegal=1 stall=0 redirect=0
[PASS] seq=crv_seq_12                             cyc=125 op=IDK_RANDOM             instr=0xe2330911 pc=0x54c2c330 valid=1 fault=0 wb_w=0 wb_rd=11 ex_r=1 ex_rd=26 -> reg_write=0 illegal=1 stall=0 redirect=0
[PASS] seq=crv_seq_12                             cyc=126 op=IDK_HAZARD_RS1         instr=0x64221045 pc=0x524af000 valid=1 fault=0 wb_w=0 wb_rd=14 ex_r=1 ex_rd=4 -> reg_write=0 illegal=1 stall=1 redirect=0
[PASS] seq=crv_seq_12                             cyc=127 op=IDK_BACKWARD_BRANCH    instr=0x83a36663 pc=0xe05f3d1c valid=1 fault=0 wb_w=1 wb_rd=24 ex_r=0 ex_rd=5 -> reg_write=0 illegal=0 stall=0 redirect=1
[PASS] seq=crv_seq_12                             cyc=128 op=IDK_BYPASS_RS1         instr=0x892ca9a2 pc=0x960e281c valid=1 fault=1 wb_w=1 wb_rd=25 ex_r=1 ex_rd=24 -> reg_write=0 illegal=1 stall=0 redirect=0
[PASS] seq=crv_seq_12                             cyc=129 op=IDK_ILLEGAL            instr=0x03c24133 pc=0xbd00f640 valid=1 fault=1 wb_w=0 wb_rd=31 ex_r=1 ex_rd=17 -> reg_write=0 illegal=1 stall=0 redirect=0
[PASS] seq=crv_seq_12                             cyc=130 op=IDK_ILLEGAL            instr=0x031f7633 pc=0x2c33c05c valid=1 fault=1 wb_w=1 wb_rd=27 ex_r=1 ex_rd=14 -> reg_write=0 illegal=1 stall=0 redirect=0
[PASS] seq=crv_seq_12                             cyc=131 op=IDK_HAZARD_RS2         instr=0x2fcbf5e4 pc=0x99deaf18 valid=1 fault=0 wb_w=1 wb_rd=14 ex_r=1 ex_rd=28 -> reg_write=0 illegal=1 stall=1 redirect=0
[PASS] seq=crv_seq_12                             cyc=132 op=IDK_FORWARD_BRANCH     instr=0x476acbe3 pc=0x794756e4 valid=1 fault=0 wb_w=1 wb_rd=17 ex_r=0 ex_rd=31 -> reg_write=0 illegal=0 stall=0 redirect=0
[PASS] seq=crv_seq_12                             cyc=133 op=IDK_HAZARD_RS2         instr=0xd29b7bea pc=0x7c74cb00 valid=1 fault=0 wb_w=1 wb_rd=7 ex_r=1 ex_rd=9 -> reg_write=0 illegal=1 stall=1 redirect=0
[PASS] seq=crv_seq_12                             cyc=134 op=IDK_BYPASS_RS1         instr=0x893b418c pc=0xb9493db4 valid=1 fault=1 wb_w=1 wb_rd=22 ex_r=1 ex_rd=4 -> reg_write=0 illegal=1 stall=0 redirect=0
[PASS] seq=crv_seq_12                             cyc=135 op=IDK_FORWARD_BRANCH     instr=0x6949b763 pc=0xa9577ef8 valid=1 fault=1 wb_w=1 wb_rd=2 ex_r=0 ex_rd=12 -> reg_write=0 illegal=0 stall=0 redirect=0
[PASS] seq=crv_seq_12                             cyc=136 op=IDK_ILLEGAL            instr=0x03d4deb3 pc=0xfd5caf60 valid=1 fault=1 wb_w=0 wb_rd=20 ex_r=0 ex_rd=31 -> reg_write=0 illegal=1 stall=0 redirect=0
[PASS] seq=crv_seq_12                             cyc=137 op=IDK_RANDOM             instr=0x917b9229 pc=0x22e64ad0 valid=1 fault=1 wb_w=0 wb_rd=5 ex_r=0 ex_rd=31 -> reg_write=0 illegal=1 stall=0 redirect=0
[PASS] seq=crv_seq_12                             cyc=138 op=IDK_JAL                instr=0x498f1def pc=0x0357e1e4 valid=1 fault=1 wb_w=1 wb_rd=23 ex_r=1 ex_rd=12 -> reg_write=1 illegal=0 stall=0 redirect=1
[PASS] seq=crv_seq_12                             cyc=139 op=IDK_LEGAL_ALU          instr=0x01780333 pc=0xe87a2190 valid=1 fault=0 wb_w=1 wb_rd=13 ex_r=1 ex_rd=5 -> reg_write=1 illegal=0 stall=0 redirect=0
[PASS] seq=crv_seq_12                             cyc=140 op=IDK_RANDOM             instr=0x034b8d4b pc=0x5825dbd8 valid=1 fault=1 wb_w=0 wb_rd=30 ex_r=1 ex_rd=2 -> reg_write=0 illegal=1 stall=0 redirect=0
[PASS] seq=crv_seq_12                             cyc=141 op=IDK_BYPASS_RS1         instr=0x95b11da0 pc=0xce835770 valid=1 fault=0 wb_w=1 wb_rd=2 ex_r=0 ex_rd=11 -> reg_write=0 illegal=1 stall=0 redirect=0
[PASS] seq=crv_seq_12                             cyc=142 op=IDK_BYPASS_RS2         instr=0xfe5233fd pc=0xa073b37c valid=1 fault=0 wb_w=1 wb_rd=5 ex_r=0 ex_rd=20 -> reg_write=0 illegal=1 stall=0 redirect=0
[PASS] seq=crv_seq_12                             cyc=143 op=IDK_FORWARD_BRANCH     instr=0x4fcfb263 pc=0x6f6ab990 valid=1 fault=0 wb_w=1 wb_rd=9 ex_r=1 ex_rd=10 -> reg_write=0 illegal=0 stall=0 redirect=0
[PASS] seq=crv_seq_12                             cyc=144 op=IDK_LEGAL_ALU          instr=0x41e3eb33 pc=0xe91e0880 valid=1 fault=1 wb_w=0 wb_rd=13 ex_r=1 ex_rd=20 -> reg_write=1 illegal=0 stall=0 redirect=0
[PASS] seq=crv_seq_12                             cyc=145 op=IDK_BYPASS_RS1         instr=0x9b57728d pc=0xd030d050 valid=1 fault=0 wb_w=1 wb_rd=14 ex_r=1 ex_rd=20 -> reg_write=0 illegal=1 stall=0 redirect=0
[PASS] seq=crv_seq_12                             cyc=146 op=IDK_BACKWARD_BRANCH    instr=0xdba633e3 pc=0xc5d04abc valid=1 fault=0 wb_w=1 wb_rd=19 ex_r=0 ex_rd=28 -> reg_write=0 illegal=0 stall=0 redirect=1
[PASS] seq=crv_seq_12                             cyc=147 op=IDK_RANDOM             instr=0x51deaddf pc=0xb95f36b8 valid=1 fault=1 wb_w=1 wb_rd=22 ex_r=1 ex_rd=7 -> reg_write=0 illegal=1 stall=0 redirect=0
[PASS] seq=crv_seq_12                             cyc=148 op=IDK_HAZARD_RS1         instr=0x813c6773 pc=0x49669758 valid=1 fault=0 wb_w=0 wb_rd=10 ex_r=1 ex_rd=24 -> reg_write=1 illegal=0 stall=1 redirect=0
[PASS] seq=crv_seq_12                             cyc=149 op=IDK_HAZARD_RS2         instr=0xa470bbc3 pc=0x57f9fa08 valid=1 fault=0 wb_w=0 wb_rd=21 ex_r=1 ex_rd=7 -> reg_write=0 illegal=1 stall=1 redirect=0
[PASS] seq=crv_seq_12                             cyc=150 op=IDK_BYPASS_BOTH        instr=0xf0c63a0c pc=0x6daedd34 valid=1 fault=0 wb_w=1 wb_rd=12 ex_r=0 ex_rd=9 -> reg_write=0 illegal=1 stall=0 redirect=0
[PASS] seq=crv_seq_12                             cyc=151 op=IDK_BACKWARD_BRANCH    instr=0xe5314ee3 pc=0x928711d0 valid=1 fault=1 wb_w=1 wb_rd=17 ex_r=0 ex_rd=13 -> reg_write=0 illegal=0 stall=0 redirect=1
[PASS] seq=crv_seq_12                             cyc=152 op=IDK_JAL                instr=0x8e6dcb6f pc=0x85fcc01c valid=1 fault=0 wb_w=0 wb_rd=14 ex_r=1 ex_rd=31 -> reg_write=1 illegal=0 stall=0 redirect=1
[PASS] seq=crv_seq_12                             cyc=153 op=IDK_LEGAL_ALU          instr=0x41d3af33 pc=0x6087bc40 valid=1 fault=0 wb_w=1 wb_rd=0 ex_r=0 ex_rd=2 -> reg_write=1 illegal=0 stall=0 redirect=0
[PASS] seq=crv_seq_12                             cyc=154 op=IDK_FORWARD_BRANCH     instr=0x50a17263 pc=0xfa82dbf8 valid=1 fault=1 wb_w=0 wb_rd=23 ex_r=1 ex_rd=13 -> reg_write=0 illegal=0 stall=0 redirect=0
[PASS] seq=crv_seq_12                             cyc=155 op=IDK_HAZARD_RS1         instr=0xc4d4ea0e pc=0x3afd8fbc valid=1 fault=1 wb_w=0 wb_rd=18 ex_r=1 ex_rd=9 -> reg_write=0 illegal=1 stall=1 redirect=0
[PASS] seq=crv_seq_12                             cyc=156 op=IDK_ILLEGAL            instr=0x02227733 pc=0x42287fd8 valid=1 fault=1 wb_w=0 wb_rd=0 ex_r=1 ex_rd=18 -> reg_write=0 illegal=1 stall=0 redirect=0
[PASS] seq=crv_seq_12                             cyc=157 op=IDK_RANDOM             instr=0x9037ff47 pc=0x9c5e79d8 valid=1 fault=0 wb_w=0 wb_rd=3 ex_r=1 ex_rd=13 -> reg_write=0 illegal=1 stall=0 redirect=0
[PASS] seq=crv_seq_12                             cyc=158 op=IDK_JAL                instr=0xbbfb9aef pc=0xf5d056dc valid=1 fault=1 wb_w=1 wb_rd=20 ex_r=1 ex_rd=19 -> reg_write=1 illegal=0 stall=0 redirect=1
[PASS] seq=crv_seq_12                             cyc=159 op=IDK_ILLEGAL            instr=0x022cefb3 pc=0xf032e1d0 valid=1 fault=0 wb_w=1 wb_rd=22 ex_r=1 ex_rd=27 -> reg_write=0 illegal=1 stall=0 redirect=0
[PASS] seq=crv_seq_12                             cyc=160 op=IDK_BYPASS_BOTH        instr=0x0073883f pc=0x263ee2a0 valid=1 fault=1 wb_w=1 wb_rd=7 ex_r=1 ex_rd=26 -> reg_write=0 illegal=1 stall=0 redirect=0
[PASS] seq=crv_seq_12                             cyc=161 op=IDK_FORWARD_BRANCH     instr=0x1c3d06e3 pc=0xaba6f8d4 valid=1 fault=1 wb_w=0 wb_rd=30 ex_r=0 ex_rd=15 -> reg_write=0 illegal=0 stall=0 redirect=0
[PASS] seq=crv_seq_12                             cyc=162 op=IDK_JAL                instr=0x627c1c6f pc=0x28abbcd4 valid=1 fault=1 wb_w=1 wb_rd=17 ex_r=0 ex_rd=18 -> reg_write=1 illegal=0 stall=0 redirect=1
[PASS] seq=crv_seq_12                             cyc=163 op=IDK_HAZARD_RS1         instr=0xfcae8a35 pc=0xa9c265c4 valid=1 fault=1 wb_w=1 wb_rd=1 ex_r=1 ex_rd=29 -> reg_write=0 illegal=1 stall=1 redirect=0
[PASS] seq=crv_seq_12                             cyc=164 op=IDK_HAZARD_RS1         instr=0xbcc0e0e0 pc=0x4d1e7ef8 valid=1 fault=0 wb_w=1 wb_rd=20 ex_r=1 ex_rd=1 -> reg_write=0 illegal=1 stall=1 redirect=0
[PASS] seq=crv_seq_12                             cyc=165 op=IDK_RANDOM             instr=0xfd006426 pc=0xd5a63bc0 valid=1 fault=0 wb_w=1 wb_rd=16 ex_r=1 ex_rd=23 -> reg_write=0 illegal=1 stall=0 redirect=0
[PASS] seq=crv_seq_12                             cyc=166 op=IDK_RANDOM             instr=0x4b7b1990 pc=0x64c2dd14 valid=1 fault=0 wb_w=1 wb_rd=9 ex_r=0 ex_rd=11 -> reg_write=0 illegal=1 stall=0 redirect=0
[PASS] seq=crv_seq_12                             cyc=167 op=IDK_HAZARD_BOTH        instr=0xeb8c1146 pc=0xe1b999c8 valid=1 fault=0 wb_w=0 wb_rd=25 ex_r=1 ex_rd=24 -> reg_write=0 illegal=1 stall=1 redirect=0
[PASS] seq=crv_seq_12                             cyc=168 op=IDK_BACKWARD_BRANCH    instr=0xca50a363 pc=0x616b90c0 valid=1 fault=0 wb_w=1 wb_rd=25 ex_r=0 ex_rd=7 -> reg_write=0 illegal=0 stall=0 redirect=1
[PASS] seq=crv_seq_12                             cyc=169 op=IDK_JALR               instr=0x0274f2e7 pc=0x8e259c28 valid=1 fault=0 wb_w=0 wb_rd=3 ex_r=0 ex_rd=3 -> reg_write=1 illegal=0 stall=0 redirect=0
[PASS] seq=crv_seq_12                             cyc=170 op=IDK_BACKWARD_BRANCH    instr=0xcb66da63 pc=0xa90cb74c valid=1 fault=0 wb_w=0 wb_rd=30 ex_r=0 ex_rd=31 -> reg_write=0 illegal=0 stall=0 redirect=1
[PASS] seq=crv_seq_12                             cyc=171 op=IDK_RANDOM             instr=0xcf2da422 pc=0x2d7ae338 valid=1 fault=0 wb_w=1 wb_rd=5 ex_r=0 ex_rd=15 -> reg_write=0 illegal=1 stall=0 redirect=0
[PASS] seq=crv_seq_12                             cyc=172 op=IDK_LEGAL_ALU          instr=0x015a9a33 pc=0xd686e4a0 valid=1 fault=0 wb_w=0 wb_rd=21 ex_r=0 ex_rd=1 -> reg_write=1 illegal=0 stall=0 redirect=0
[PASS] seq=crv_seq_12                             cyc=173 op=IDK_BACKWARD_BRANCH    instr=0xcff36fe3 pc=0x7d5e1cfc valid=1 fault=0 wb_w=1 wb_rd=1 ex_r=1 ex_rd=22 -> reg_write=0 illegal=0 stall=0 redirect=1
[PASS] seq=crv_seq_12                             cyc=174 op=IDK_JALR               instr=0xdf79e167 pc=0x229f6780 valid=1 fault=1 wb_w=0 wb_rd=13 ex_r=0 ex_rd=17 -> reg_write=1 illegal=0 stall=0 redirect=0
[PASS] seq=crv_seq_12                             cyc=175 op=IDK_JALR               instr=0xadedc067 pc=0x8cb3232c valid=1 fault=0 wb_w=1 wb_rd=0 ex_r=1 ex_rd=13 -> reg_write=1 illegal=0 stall=0 redirect=0
[PASS] seq=crv_seq_12                             cyc=176 op=IDK_JAL                instr=0x9a632aef pc=0x5f7137b8 valid=1 fault=0 wb_w=0 wb_rd=29 ex_r=0 ex_rd=17 -> reg_write=1 illegal=0 stall=0 redirect=1
[PASS] seq=crv_seq_12                             cyc=177 op=IDK_CSR_OP             instr=0x815fd2f3 pc=0x49688674 valid=1 fault=0 wb_w=0 wb_rd=20 ex_r=1 ex_rd=29 -> reg_write=1 illegal=0 stall=0 redirect=0
[PASS] seq=crv_seq_12                             cyc=178 op=IDK_ILLEGAL            instr=0x03c95c33 pc=0x99cea440 valid=1 fault=1 wb_w=0 wb_rd=15 ex_r=1 ex_rd=26 -> reg_write=0 illegal=1 stall=0 redirect=0
[PASS] seq=crv_seq_12                             cyc=179 op=IDK_JAL                instr=0x63cbee6f pc=0x65738fc8 valid=1 fault=1 wb_w=0 wb_rd=31 ex_r=1 ex_rd=7 -> reg_write=1 illegal=0 stall=0 redirect=1
[PASS] seq=crv_seq_12                             cyc=180 op=IDK_RANDOM             instr=0x8bc2608f pc=0x2d811f74 valid=1 fault=1 wb_w=1 wb_rd=24 ex_r=0 ex_rd=7 -> reg_write=0 illegal=1 stall=0 redirect=0
[PASS] seq=crv_seq_12                             cyc=181 op=IDK_HAZARD_RS1         instr=0x9d60e334 pc=0x36cb80e4 valid=1 fault=0 wb_w=1 wb_rd=14 ex_r=1 ex_rd=1 -> reg_write=0 illegal=1 stall=1 redirect=0
[PASS] seq=crv_seq_12                             cyc=182 op=IDK_ILLEGAL            instr=0x03d77cb3 pc=0x4d98dd8c valid=1 fault=0 wb_w=1 wb_rd=23 ex_r=0 ex_rd=19 -> reg_write=0 illegal=1 stall=0 redirect=0
[PASS] seq=crv_seq_12                             cyc=183 op=IDK_HAZARD_RS2         instr=0x89c8d371 pc=0x69ed9c04 valid=1 fault=1 wb_w=1 wb_rd=27 ex_r=1 ex_rd=28 -> reg_write=0 illegal=1 stall=1 redirect=0
[PASS] seq=crv_seq_12                             cyc=184 op=IDK_BACKWARD_BRANCH    instr=0x80554763 pc=0x67a5ccc8 valid=1 fault=0 wb_w=1 wb_rd=7 ex_r=0 ex_rd=8 -> reg_write=0 illegal=0 stall=0 redirect=1
[PASS] seq=crv_seq_12                             cyc=185 op=IDK_BACKWARD_BRANCH    instr=0xefa18663 pc=0x05ce0e14 valid=1 fault=0 wb_w=0 wb_rd=0 ex_r=1 ex_rd=14 -> reg_write=0 illegal=0 stall=0 redirect=1
[PASS] seq=crv_seq_12                             cyc=186 op=IDK_HAZARD_RS2         instr=0xf0c65858 pc=0x4a989128 valid=1 fault=1 wb_w=1 wb_rd=5 ex_r=1 ex_rd=12 -> reg_write=0 illegal=1 stall=1 redirect=0
[PASS] seq=crv_seq_12                             cyc=187 op=IDK_JALR               instr=0x12574467 pc=0x6ce7fb78 valid=1 fault=0 wb_w=1 wb_rd=31 ex_r=1 ex_rd=16 -> reg_write=1 illegal=0 stall=0 redirect=0
[PASS] seq=crv_seq_12                             cyc=188 op=IDK_LEGAL_ALU          instr=0x01ef6833 pc=0xe871bac4 valid=1 fault=1 wb_w=0 wb_rd=9 ex_r=0 ex_rd=19 -> reg_write=1 illegal=0 stall=0 redirect=0
[PASS] seq=crv_seq_12                             cyc=189 op=IDK_CSR_OP             instr=0x8991bd73 pc=0x94f04280 valid=1 fault=0 wb_w=0 wb_rd=13 ex_r=1 ex_rd=13 -> reg_write=1 illegal=0 stall=0 redirect=0
[PASS] seq=crv_seq_12                             cyc=190 op=IDK_CSR_OP             instr=0x430c7373 pc=0x91408dd8 valid=1 fault=0 wb_w=0 wb_rd=4 ex_r=1 ex_rd=26 -> reg_write=1 illegal=0 stall=0 redirect=0
[PASS] seq=crv_seq_12                             cyc=191 op=IDK_HAZARD_X0_EXCLUDED instr=0xdbfb142a pc=0xe63a6158 valid=1 fault=1 wb_w=0 wb_rd=11 ex_r=1 ex_rd=0 -> reg_write=0 illegal=1 stall=0 redirect=0
[PASS] seq=crv_seq_12                             cyc=192 op=IDK_RANDOM             instr=0xa8b4e9fc pc=0x25b4da2c valid=1 fault=0 wb_w=0 wb_rd=31 ex_r=1 ex_rd=25 -> reg_write=0 illegal=1 stall=0 redirect=0
[PASS] seq=crv_seq_12                             cyc=193 op=IDK_JALR               instr=0xd0afae67 pc=0x14f919fc valid=1 fault=1 wb_w=0 wb_rd=19 ex_r=1 ex_rd=29 -> reg_write=1 illegal=0 stall=0 redirect=0
[PASS] seq=crv_seq_12                             cyc=194 op=IDK_RANDOM             instr=0x9d8a5d45 pc=0x837bd268 valid=1 fault=0 wb_w=0 wb_rd=13 ex_r=0 ex_rd=25 -> reg_write=0 illegal=1 stall=0 redirect=0
[PASS] seq=crv_seq_12                             cyc=195 op=IDK_BYPASS_RS2         instr=0x89e6d5f8 pc=0x67ec7160 valid=1 fault=0 wb_w=1 wb_rd=30 ex_r=0 ex_rd=23 -> reg_write=0 illegal=1 stall=0 redirect=0
[PASS] seq=crv_seq_12                             cyc=196 op=IDK_BYPASS_BOTH        instr=0x7c426150 pc=0x5cc3b8f8 valid=1 fault=1 wb_w=1 wb_rd=4 ex_r=1 ex_rd=15 -> reg_write=0 illegal=1 stall=0 redirect=0
[PASS] seq=crv_seq_12                             cyc=197 op=IDK_JALR               instr=0x930e5d67 pc=0xdbeb5584 valid=1 fault=1 wb_w=0 wb_rd=9 ex_r=1 ex_rd=14 -> reg_write=1 illegal=0 stall=0 redirect=0
[PASS] seq=crv_seq_12                             cyc=198 op=IDK_BACKWARD_BRANCH    instr=0xb7bd4963 pc=0xf1f6a594 valid=1 fault=1 wb_w=1 wb_rd=3 ex_r=1 ex_rd=14 -> reg_write=0 illegal=0 stall=0 redirect=1
[PASS] seq=crv_seq_12                             cyc=199 op=IDK_ILLEGAL            instr=0x03fb7eb3 pc=0x4b71676c valid=1 fault=1 wb_w=0 wb_rd=17 ex_r=0 ex_rd=12 -> reg_write=0 illegal=1 stall=0 redirect=0
[PASS] seq=crv_seq_13                             cyc=0 op=IDK_BACKWARD_BRANCH    instr=0xe61d6f63 pc=0x0bd4bac8 valid=1 fault=0 wb_w=1 wb_rd=0 ex_r=0 ex_rd=22 -> reg_write=0 illegal=0 stall=0 redirect=1
[PASS] seq=crv_seq_13                             cyc=1 op=IDK_RANDOM             instr=0xe0453608 pc=0xedb36750 valid=1 fault=1 wb_w=1 wb_rd=10 ex_r=1 ex_rd=27 -> reg_write=0 illegal=1 stall=0 redirect=0
[PASS] seq=crv_seq_13                             cyc=2 op=IDK_BYPASS_RS2         instr=0x24db170a pc=0xb99d63f8 valid=1 fault=0 wb_w=1 wb_rd=13 ex_r=1 ex_rd=14 -> reg_write=0 illegal=1 stall=0 redirect=0
[PASS] seq=crv_seq_13                             cyc=3 op=IDK_FORWARD_BRANCH     instr=0x59c8d0e3 pc=0x599763f0 valid=1 fault=0 wb_w=0 wb_rd=11 ex_r=0 ex_rd=6 -> reg_write=0 illegal=0 stall=0 redirect=0
[PASS] seq=crv_seq_13                             cyc=4 op=IDK_RANDOM             instr=0xd524051e pc=0xbb2b4f3c valid=1 fault=1 wb_w=1 wb_rd=25 ex_r=1 ex_rd=9 -> reg_write=0 illegal=1 stall=0 redirect=0
[PASS] seq=crv_seq_13                             cyc=5 op=IDK_JAL                instr=0x6bc09eef pc=0x3a31e7d4 valid=1 fault=1 wb_w=0 wb_rd=9 ex_r=1 ex_rd=15 -> reg_write=1 illegal=0 stall=0 redirect=1
[PASS] seq=crv_seq_13                             cyc=6 op=IDK_HAZARD_BOTH        instr=0x9894da4b pc=0xa2807924 valid=1 fault=1 wb_w=0 wb_rd=31 ex_r=1 ex_rd=9 -> reg_write=0 illegal=1 stall=1 redirect=0
[PASS] seq=crv_seq_13                             cyc=7 op=IDK_RANDOM             instr=0x262a6afb pc=0xacac0530 valid=1 fault=1 wb_w=0 wb_rd=20 ex_r=0 ex_rd=13 -> reg_write=0 illegal=1 stall=0 redirect=0
[PASS] seq=crv_seq_13                             cyc=8 op=IDK_RANDOM             instr=0xcd7e2309 pc=0x7c51ddbc valid=1 fault=0 wb_w=1 wb_rd=13 ex_r=1 ex_rd=7 -> reg_write=0 illegal=1 stall=0 redirect=0
[PASS] seq=crv_seq_13                             cyc=9 op=IDK_HAZARD_RS1         instr=0x37c10b86 pc=0x670cd364 valid=1 fault=1 wb_w=1 wb_rd=16 ex_r=1 ex_rd=2 -> reg_write=0 illegal=1 stall=1 redirect=0
[PASS] seq=crv_seq_13                             cyc=10 op=IDK_FORWARD_BRANCH     instr=0x21fec0e3 pc=0x381aebb8 valid=1 fault=0 wb_w=1 wb_rd=8 ex_r=1 ex_rd=1 -> reg_write=0 illegal=0 stall=0 redirect=0
[PASS] seq=crv_seq_13                             cyc=11 op=IDK_BYPASS_RS1         instr=0xe8521b06 pc=0x11eb09bc valid=1 fault=1 wb_w=1 wb_rd=4 ex_r=1 ex_rd=8 -> reg_write=0 illegal=1 stall=0 redirect=0
[PASS] seq=crv_seq_13                             cyc=12 op=IDK_LEGAL_ALU          instr=0x413e0333 pc=0x5690f2bc valid=1 fault=0 wb_w=1 wb_rd=26 ex_r=1 ex_rd=0 -> reg_write=1 illegal=0 stall=0 redirect=0
[PASS] seq=crv_seq_13                             cyc=13 op=IDK_FORWARD_BRANCH     instr=0x5ce97d63 pc=0xd93342f4 valid=1 fault=1 wb_w=1 wb_rd=3 ex_r=0 ex_rd=11 -> reg_write=0 illegal=0 stall=0 redirect=0
[PASS] seq=crv_seq_13                             cyc=14 op=IDK_HAZARD_RS1         instr=0xf3c6001e pc=0x95754988 valid=1 fault=1 wb_w=0 wb_rd=20 ex_r=1 ex_rd=12 -> reg_write=0 illegal=1 stall=1 redirect=0
[PASS] seq=crv_seq_13                             cyc=15 op=IDK_BACKWARD_BRANCH    instr=0xc5036263 pc=0x268f849c valid=1 fault=1 wb_w=1 wb_rd=10 ex_r=0 ex_rd=25 -> reg_write=0 illegal=0 stall=0 redirect=1
[PASS] seq=crv_seq_13                             cyc=16 op=IDK_LEGAL_ALU          instr=0x4003d0b3 pc=0x522dc808 valid=1 fault=0 wb_w=1 wb_rd=9 ex_r=1 ex_rd=16 -> reg_write=1 illegal=0 stall=0 redirect=0
[PASS] seq=crv_seq_13                             cyc=17 op=IDK_LEGAL_ALU          instr=0x40cf9733 pc=0x39aa9038 valid=1 fault=1 wb_w=0 wb_rd=4 ex_r=1 ex_rd=11 -> reg_write=1 illegal=0 stall=0 redirect=0
[PASS] seq=crv_seq_13                             cyc=18 op=IDK_ILLEGAL            instr=0x0302c0b3 pc=0xa74f9174 valid=1 fault=1 wb_w=0 wb_rd=5 ex_r=0 ex_rd=26 -> reg_write=0 illegal=1 stall=0 redirect=0
[PASS] seq=crv_seq_13                             cyc=19 op=IDK_HAZARD_RS2         instr=0x919fe67d pc=0xaa206168 valid=1 fault=1 wb_w=0 wb_rd=28 ex_r=1 ex_rd=25 -> reg_write=0 illegal=1 stall=1 redirect=0
[PASS] seq=crv_seq_13                             cyc=20 op=IDK_RANDOM             instr=0xd3bdf109 pc=0xab02f9c8 valid=1 fault=1 wb_w=1 wb_rd=24 ex_r=0 ex_rd=12 -> reg_write=0 illegal=1 stall=0 redirect=0
[PASS] seq=crv_seq_13                             cyc=21 op=IDK_HAZARD_BOTH        instr=0xf0c6027b pc=0x05832584 valid=1 fault=1 wb_w=1 wb_rd=19 ex_r=1 ex_rd=12 -> reg_write=0 illegal=1 stall=1 redirect=0
[PASS] seq=crv_seq_13                             cyc=22 op=IDK_BYPASS_BOTH        instr=0x319c9c8d pc=0x760e67ec valid=1 fault=1 wb_w=1 wb_rd=25 ex_r=0 ex_rd=12 -> reg_write=0 illegal=1 stall=0 redirect=0
[PASS] seq=crv_seq_13                             cyc=23 op=IDK_LEGAL_ALU          instr=0x008a15b3 pc=0x47949780 valid=1 fault=0 wb_w=1 wb_rd=15 ex_r=0 ex_rd=9 -> reg_write=1 illegal=0 stall=0 redirect=0
[PASS] seq=crv_seq_13                             cyc=24 op=IDK_LEGAL_ALU          instr=0x40737233 pc=0x74d079a4 valid=1 fault=1 wb_w=1 wb_rd=4 ex_r=0 ex_rd=27 -> reg_write=1 illegal=0 stall=0 redirect=0
[PASS] seq=crv_seq_13                             cyc=25 op=IDK_BYPASS_RS1         instr=0x526eca31 pc=0x142ab44c valid=1 fault=1 wb_w=1 wb_rd=29 ex_r=1 ex_rd=22 -> reg_write=0 illegal=1 stall=0 redirect=0
[PASS] seq=crv_seq_13                             cyc=26 op=IDK_HAZARD_BOTH        instr=0x6b7bd37e pc=0xfb9cca90 valid=1 fault=0 wb_w=1 wb_rd=10 ex_r=1 ex_rd=23 -> reg_write=0 illegal=1 stall=1 redirect=0
[PASS] seq=crv_seq_13                             cyc=27 op=IDK_BYPASS_RS1         instr=0x3544fd27 pc=0x0ac55dcc valid=1 fault=1 wb_w=1 wb_rd=9 ex_r=1 ex_rd=21 -> reg_write=0 illegal=1 stall=0 redirect=0
[PASS] seq=crv_seq_13                             cyc=28 op=IDK_HAZARD_RS1         instr=0xe69a3b00 pc=0x75ca0450 valid=1 fault=1 wb_w=1 wb_rd=25 ex_r=1 ex_rd=20 -> reg_write=0 illegal=1 stall=1 redirect=0
[PASS] seq=crv_seq_13                             cyc=29 op=IDK_RANDOM             instr=0xe0e03fb1 pc=0x71051698 valid=1 fault=0 wb_w=1 wb_rd=0 ex_r=0 ex_rd=4 -> reg_write=0 illegal=1 stall=0 redirect=0
[PASS] seq=crv_seq_13                             cyc=30 op=IDK_LEGAL_ALU          instr=0x41b40bb3 pc=0xc622ec08 valid=1 fault=0 wb_w=0 wb_rd=26 ex_r=0 ex_rd=22 -> reg_write=1 illegal=0 stall=0 redirect=0
[PASS] seq=crv_seq_13                             cyc=31 op=IDK_BYPASS_RS1         instr=0xe4387194 pc=0xdb1e1548 valid=1 fault=1 wb_w=1 wb_rd=16 ex_r=0 ex_rd=9 -> reg_write=0 illegal=1 stall=0 redirect=0
[PASS] seq=crv_seq_13                             cyc=32 op=IDK_BYPASS_RS1         instr=0x4564ce7b pc=0xb2328340 valid=1 fault=1 wb_w=1 wb_rd=9 ex_r=0 ex_rd=10 -> reg_write=0 illegal=1 stall=0 redirect=0
[PASS] seq=crv_seq_13                             cyc=33 op=IDK_RANDOM             instr=0xb4403f85 pc=0xf9e79be4 valid=1 fault=1 wb_w=0 wb_rd=30 ex_r=1 ex_rd=16 -> reg_write=0 illegal=1 stall=0 redirect=0
[PASS] seq=crv_seq_13                             cyc=34 op=IDK_HAZARD_X0_EXCLUDED instr=0x85c993bf pc=0x510654cc valid=1 fault=0 wb_w=0 wb_rd=19 ex_r=1 ex_rd=0 -> reg_write=0 illegal=1 stall=0 redirect=0
[PASS] seq=crv_seq_13                             cyc=35 op=IDK_LEGAL_ALU          instr=0x00115eb3 pc=0x86093b0c valid=1 fault=1 wb_w=0 wb_rd=22 ex_r=1 ex_rd=11 -> reg_write=1 illegal=0 stall=0 redirect=0
[PASS] seq=crv_seq_13                             cyc=36 op=IDK_CSR_OP             instr=0x74e23d73 pc=0x7396801c valid=1 fault=0 wb_w=0 wb_rd=7 ex_r=1 ex_rd=17 -> reg_write=1 illegal=0 stall=0 redirect=0
[PASS] seq=crv_seq_13                             cyc=37 op=IDK_JALR               instr=0xc5558767 pc=0x70696498 valid=1 fault=1 wb_w=1 wb_rd=5 ex_r=1 ex_rd=29 -> reg_write=1 illegal=0 stall=0 redirect=0
[PASS] seq=crv_seq_13                             cyc=38 op=IDK_FORWARD_BRANCH     instr=0x21137063 pc=0x36a48434 valid=1 fault=0 wb_w=0 wb_rd=31 ex_r=0 ex_rd=6 -> reg_write=0 illegal=0 stall=0 redirect=0
[PASS] seq=crv_seq_13                             cyc=39 op=IDK_ILLEGAL            instr=0x02475533 pc=0x5b64f7b4 valid=1 fault=0 wb_w=1 wb_rd=21 ex_r=1 ex_rd=11 -> reg_write=0 illegal=1 stall=0 redirect=0
[PASS] seq=crv_seq_13                             cyc=40 op=IDK_BYPASS_RS2         instr=0xe8dd8e54 pc=0x840553bc valid=1 fault=0 wb_w=1 wb_rd=13 ex_r=0 ex_rd=13 -> reg_write=0 illegal=1 stall=0 redirect=0
[PASS] seq=crv_seq_13                             cyc=41 op=IDK_ILLEGAL            instr=0x03fbe133 pc=0x5ad83b24 valid=1 fault=0 wb_w=0 wb_rd=27 ex_r=1 ex_rd=24 -> reg_write=0 illegal=1 stall=0 redirect=0
[PASS] seq=crv_seq_13                             cyc=42 op=IDK_FORWARD_BRANCH     instr=0x7d7f9563 pc=0x87656870 valid=1 fault=1 wb_w=1 wb_rd=7 ex_r=1 ex_rd=1 -> reg_write=0 illegal=0 stall=0 redirect=0
[PASS] seq=crv_seq_13                             cyc=43 op=IDK_BYPASS_RS2         instr=0xd8139f40 pc=0x5e1093a0 valid=1 fault=1 wb_w=1 wb_rd=1 ex_r=0 ex_rd=23 -> reg_write=0 illegal=1 stall=0 redirect=0
[PASS] seq=crv_seq_13                             cyc=44 op=IDK_RANDOM             instr=0x27850602 pc=0xfdae0c64 valid=1 fault=1 wb_w=0 wb_rd=5 ex_r=0 ex_rd=8 -> reg_write=0 illegal=1 stall=0 redirect=0
[PASS] seq=crv_seq_13                             cyc=45 op=IDK_FORWARD_BRANCH     instr=0x1e363663 pc=0xb7192180 valid=1 fault=0 wb_w=1 wb_rd=18 ex_r=0 ex_rd=30 -> reg_write=0 illegal=0 stall=0 redirect=0
[PASS] seq=crv_seq_13                             cyc=46 op=IDK_BYPASS_RS2         instr=0x4b9603e8 pc=0xaad33ae0 valid=1 fault=1 wb_w=1 wb_rd=25 ex_r=0 ex_rd=26 -> reg_write=0 illegal=1 stall=0 redirect=0
[PASS] seq=crv_seq_13                             cyc=47 op=IDK_RANDOM             instr=0xbdcbced1 pc=0xdd8caadc valid=1 fault=0 wb_w=1 wb_rd=16 ex_r=1 ex_rd=29 -> reg_write=0 illegal=1 stall=0 redirect=0
[PASS] seq=crv_seq_13                             cyc=48 op=IDK_LEGAL_ALU          instr=0x015b3e33 pc=0xf167b6e4 valid=1 fault=0 wb_w=0 wb_rd=10 ex_r=1 ex_rd=29 -> reg_write=1 illegal=0 stall=0 redirect=0
[PASS] seq=crv_seq_13                             cyc=49 op=IDK_RANDOM             instr=0x917b9022 pc=0x2a8efaa4 valid=1 fault=1 wb_w=1 wb_rd=30 ex_r=1 ex_rd=6 -> reg_write=0 illegal=1 stall=0 redirect=0
[PASS] seq=crv_seq_13                             cyc=50 op=IDK_RANDOM             instr=0x00e8d9a1 pc=0x9d147188 valid=1 fault=1 wb_w=0 wb_rd=16 ex_r=0 ex_rd=6 -> reg_write=0 illegal=1 stall=0 redirect=0
[PASS] seq=crv_seq_13                             cyc=51 op=IDK_CSR_OP             instr=0x0fdf2df3 pc=0xa598930c valid=1 fault=0 wb_w=1 wb_rd=30 ex_r=1 ex_rd=8 -> reg_write=1 illegal=0 stall=0 redirect=0
[PASS] seq=crv_seq_13                             cyc=52 op=IDK_HAZARD_BOTH        instr=0xac528fe3 pc=0xaf84dfd0 valid=1 fault=0 wb_w=1 wb_rd=15 ex_r=1 ex_rd=5 -> reg_write=0 illegal=0 stall=1 redirect=1
[PASS] seq=crv_seq_13                             cyc=53 op=IDK_JAL                instr=0x61f4fd6f pc=0xa6874e5c valid=1 fault=1 wb_w=1 wb_rd=8 ex_r=1 ex_rd=29 -> reg_write=1 illegal=0 stall=0 redirect=1
[PASS] seq=crv_seq_13                             cyc=54 op=IDK_HAZARD_RS2         instr=0x9fb8cb79 pc=0x4ca32ad4 valid=1 fault=1 wb_w=1 wb_rd=15 ex_r=1 ex_rd=27 -> reg_write=0 illegal=1 stall=1 redirect=0
[PASS] seq=crv_seq_13                             cyc=55 op=IDK_HAZARD_RS2         instr=0x8dae56e4 pc=0xd8a45668 valid=1 fault=1 wb_w=1 wb_rd=16 ex_r=1 ex_rd=26 -> reg_write=0 illegal=1 stall=1 redirect=0
[PASS] seq=crv_seq_13                             cyc=56 op=IDK_RANDOM             instr=0x04982b09 pc=0xcd339dec valid=1 fault=0 wb_w=1 wb_rd=7 ex_r=1 ex_rd=20 -> reg_write=0 illegal=1 stall=0 redirect=0
[PASS] seq=crv_seq_13                             cyc=57 op=IDK_FORWARD_BRANCH     instr=0x7da6a1e3 pc=0x49f2d57c valid=1 fault=1 wb_w=0 wb_rd=31 ex_r=0 ex_rd=13 -> reg_write=0 illegal=0 stall=0 redirect=0
[PASS] seq=crv_seq_13                             cyc=58 op=IDK_HAZARD_RS2         instr=0x472cd7a9 pc=0xeab51630 valid=1 fault=0 wb_w=1 wb_rd=22 ex_r=1 ex_rd=18 -> reg_write=0 illegal=1 stall=1 redirect=0
[PASS] seq=crv_seq_13                             cyc=59 op=IDK_RANDOM             instr=0x6b711bd5 pc=0xeca66e9c valid=1 fault=0 wb_w=1 wb_rd=3 ex_r=1 ex_rd=0 -> reg_write=0 illegal=1 stall=0 redirect=0
[PASS] seq=crv_seq_13                             cyc=60 op=IDK_BACKWARD_BRANCH    instr=0xd5f10f63 pc=0x98359ddc valid=1 fault=0 wb_w=1 wb_rd=16 ex_r=0 ex_rd=15 -> reg_write=0 illegal=0 stall=0 redirect=1
[PASS] seq=crv_seq_13                             cyc=61 op=IDK_HAZARD_BOTH        instr=0xc6631b46 pc=0x01902200 valid=1 fault=1 wb_w=1 wb_rd=13 ex_r=1 ex_rd=6 -> reg_write=0 illegal=1 stall=1 redirect=0
[PASS] seq=crv_seq_13                             cyc=62 op=IDK_CSR_OP             instr=0x3e0b9173 pc=0x453a23c8 valid=1 fault=0 wb_w=0 wb_rd=9 ex_r=1 ex_rd=5 -> reg_write=1 illegal=0 stall=0 redirect=0
[PASS] seq=crv_seq_13                             cyc=63 op=IDK_HAZARD_RS2         instr=0x2fcfea1c pc=0x5a808568 valid=1 fault=0 wb_w=1 wb_rd=30 ex_r=1 ex_rd=28 -> reg_write=0 illegal=1 stall=1 redirect=0
[PASS] seq=crv_seq_13                             cyc=64 op=IDK_BYPASS_BOTH        instr=0x009488cf pc=0x712b4700 valid=1 fault=0 wb_w=1 wb_rd=9 ex_r=0 ex_rd=3 -> reg_write=0 illegal=1 stall=0 redirect=0
[PASS] seq=crv_seq_13                             cyc=65 op=IDK_HAZARD_X0_EXCLUDED instr=0x39962e0c pc=0xdc9d6a98 valid=1 fault=0 wb_w=0 wb_rd=6 ex_r=1 ex_rd=0 -> reg_write=0 illegal=1 stall=0 redirect=0
[PASS] seq=crv_seq_13                             cyc=66 op=IDK_HAZARD_RS1         instr=0x0a7ed7f0 pc=0x603de388 valid=1 fault=1 wb_w=0 wb_rd=5 ex_r=1 ex_rd=29 -> reg_write=0 illegal=1 stall=1 redirect=0
[PASS] seq=crv_seq_13                             cyc=67 op=IDK_FORWARD_BRANCH     instr=0x5f4af563 pc=0xa15cbefc valid=1 fault=0 wb_w=1 wb_rd=13 ex_r=1 ex_rd=23 -> reg_write=0 illegal=0 stall=0 redirect=0
[PASS] seq=crv_seq_13                             cyc=68 op=IDK_ILLEGAL            instr=0x026ec633 pc=0xe36babf4 valid=1 fault=0 wb_w=0 wb_rd=13 ex_r=0 ex_rd=2 -> reg_write=0 illegal=1 stall=0 redirect=0
[PASS] seq=crv_seq_13                             cyc=69 op=IDK_BYPASS_RS2         instr=0x68cbfabe pc=0xa8736cfc valid=1 fault=0 wb_w=1 wb_rd=12 ex_r=0 ex_rd=10 -> reg_write=0 illegal=1 stall=0 redirect=0
[PASS] seq=crv_seq_13                             cyc=70 op=IDK_HAZARD_BOTH        instr=0x4a52e36b pc=0xfcb2e8e4 valid=1 fault=1 wb_w=0 wb_rd=13 ex_r=1 ex_rd=5 -> reg_write=0 illegal=1 stall=1 redirect=0
[PASS] seq=crv_seq_13                             cyc=71 op=IDK_BYPASS_RS2         instr=0x6a9103e3 pc=0xc202caa0 valid=1 fault=1 wb_w=1 wb_rd=9 ex_r=1 ex_rd=11 -> reg_write=0 illegal=0 stall=0 redirect=0
[PASS] seq=crv_seq_13                             cyc=72 op=IDK_RANDOM             instr=0x35dd77e4 pc=0x64430f40 valid=1 fault=0 wb_w=0 wb_rd=17 ex_r=1 ex_rd=12 -> reg_write=0 illegal=1 stall=0 redirect=0
[PASS] seq=crv_seq_13                             cyc=73 op=IDK_JALR               instr=0xcfa153e7 pc=0x383de970 valid=1 fault=0 wb_w=0 wb_rd=2 ex_r=1 ex_rd=24 -> reg_write=1 illegal=0 stall=0 redirect=0
[PASS] seq=crv_seq_13                             cyc=74 op=IDK_ILLEGAL            instr=0x0328cd33 pc=0x0488e1e4 valid=1 fault=0 wb_w=1 wb_rd=10 ex_r=0 ex_rd=25 -> reg_write=0 illegal=1 stall=0 redirect=0
[PASS] seq=crv_seq_13                             cyc=75 op=IDK_JALR               instr=0x1ceb94e7 pc=0x2d3b5834 valid=1 fault=1 wb_w=0 wb_rd=16 ex_r=1 ex_rd=30 -> reg_write=1 illegal=0 stall=0 redirect=0
[PASS] seq=crv_seq_13                             cyc=76 op=IDK_HAZARD_RS2         instr=0xc04252a1 pc=0x9db4bdc8 valid=1 fault=0 wb_w=0 wb_rd=16 ex_r=1 ex_rd=4 -> reg_write=0 illegal=1 stall=1 redirect=0
[PASS] seq=crv_seq_13                             cyc=77 op=IDK_BYPASS_BOTH        instr=0xdb8c33d0 pc=0x45ab9238 valid=1 fault=1 wb_w=1 wb_rd=24 ex_r=1 ex_rd=10 -> reg_write=0 illegal=1 stall=0 redirect=0
[PASS] seq=crv_seq_13                             cyc=78 op=IDK_RANDOM             instr=0xbbda6ff4 pc=0x15564b34 valid=1 fault=1 wb_w=1 wb_rd=13 ex_r=1 ex_rd=30 -> reg_write=0 illegal=1 stall=0 redirect=0
[PASS] seq=crv_seq_13                             cyc=79 op=IDK_ILLEGAL            instr=0x020c71b3 pc=0x9fdd4738 valid=1 fault=0 wb_w=0 wb_rd=14 ex_r=1 ex_rd=8 -> reg_write=0 illegal=1 stall=0 redirect=0
[PASS] seq=crv_seq_13                             cyc=80 op=IDK_RANDOM             instr=0x3d07f5e2 pc=0x9e3959f0 valid=1 fault=0 wb_w=0 wb_rd=27 ex_r=0 ex_rd=3 -> reg_write=0 illegal=1 stall=0 redirect=0
[PASS] seq=crv_seq_13                             cyc=81 op=IDK_RANDOM             instr=0x0d0ef0da pc=0x3ea2c6a8 valid=1 fault=1 wb_w=0 wb_rd=21 ex_r=0 ex_rd=27 -> reg_write=0 illegal=1 stall=0 redirect=0
[PASS] seq=crv_seq_13                             cyc=82 op=IDK_JALR               instr=0x5cb86ae7 pc=0x44acb1f0 valid=1 fault=0 wb_w=0 wb_rd=4 ex_r=0 ex_rd=0 -> reg_write=1 illegal=0 stall=0 redirect=0
[PASS] seq=crv_seq_13                             cyc=83 op=IDK_BACKWARD_BRANCH    instr=0x96a1c9e3 pc=0xe84b6a50 valid=1 fault=0 wb_w=1 wb_rd=28 ex_r=1 ex_rd=16 -> reg_write=0 illegal=0 stall=0 redirect=1
[PASS] seq=crv_seq_13                             cyc=84 op=IDK_JALR               instr=0x174819e7 pc=0x53e7c950 valid=1 fault=1 wb_w=0 wb_rd=2 ex_r=0 ex_rd=2 -> reg_write=1 illegal=0 stall=0 redirect=0
[PASS] seq=crv_seq_13                             cyc=85 op=IDK_ILLEGAL            instr=0x036aeb33 pc=0x6926eb30 valid=1 fault=0 wb_w=1 wb_rd=26 ex_r=0 ex_rd=4 -> reg_write=0 illegal=1 stall=0 redirect=0
[PASS] seq=crv_seq_13                             cyc=86 op=IDK_RANDOM             instr=0xea402f03 pc=0xb91fd3a8 valid=1 fault=1 wb_w=1 wb_rd=31 ex_r=1 ex_rd=28 -> reg_write=1 illegal=0 stall=0 redirect=0
[PASS] seq=crv_seq_13                             cyc=87 op=IDK_JALR               instr=0xb7166a67 pc=0x32fc3c7c valid=1 fault=1 wb_w=0 wb_rd=23 ex_r=0 ex_rd=19 -> reg_write=1 illegal=0 stall=0 redirect=0
[PASS] seq=crv_seq_13                             cyc=88 op=IDK_HAZARD_RS2         instr=0x8b3dcd9b pc=0xdfb39180 valid=1 fault=1 wb_w=1 wb_rd=27 ex_r=1 ex_rd=19 -> reg_write=0 illegal=1 stall=1 redirect=0
[PASS] seq=crv_seq_13                             cyc=89 op=IDK_JALR               instr=0xb7b0e8e7 pc=0x5a4604e4 valid=1 fault=1 wb_w=0 wb_rd=15 ex_r=1 ex_rd=3 -> reg_write=1 illegal=0 stall=0 redirect=0
[PASS] seq=crv_seq_13                             cyc=90 op=IDK_BYPASS_RS1         instr=0x3cc3c8f6 pc=0xd5a36444 valid=1 fault=0 wb_w=1 wb_rd=7 ex_r=0 ex_rd=5 -> reg_write=0 illegal=1 stall=0 redirect=0
[PASS] seq=crv_seq_13                             cyc=91 op=IDK_FORWARD_BRANCH     instr=0x3fd8dae3 pc=0x01a25950 valid=1 fault=1 wb_w=0 wb_rd=27 ex_r=0 ex_rd=26 -> reg_write=0 illegal=0 stall=0 redirect=0
[PASS] seq=crv_seq_13                             cyc=92 op=IDK_RANDOM             instr=0x31ab08d1 pc=0x75b87d94 valid=1 fault=1 wb_w=1 wb_rd=19 ex_r=0 ex_rd=14 -> reg_write=0 illegal=1 stall=0 redirect=0
[PASS] seq=crv_seq_13                             cyc=93 op=IDK_RANDOM             instr=0x66418755 pc=0xa8840498 valid=1 fault=1 wb_w=1 wb_rd=31 ex_r=1 ex_rd=7 -> reg_write=0 illegal=1 stall=0 redirect=0
[PASS] seq=crv_seq_13                             cyc=94 op=IDK_LEGAL_ALU          instr=0x01947fb3 pc=0x75ee3898 valid=1 fault=1 wb_w=1 wb_rd=30 ex_r=0 ex_rd=29 -> reg_write=1 illegal=0 stall=0 redirect=0
[PASS] seq=crv_seq_13                             cyc=95 op=IDK_LEGAL_ALU          instr=0x00a9ecb3 pc=0x223d04bc valid=1 fault=0 wb_w=0 wb_rd=21 ex_r=0 ex_rd=31 -> reg_write=1 illegal=0 stall=0 redirect=0
[PASS] seq=crv_seq_13                             cyc=96 op=IDK_HAZARD_RS2         instr=0x9af2d1b3 pc=0x5791be28 valid=1 fault=0 wb_w=0 wb_rd=11 ex_r=1 ex_rd=15 -> reg_write=0 illegal=1 stall=1 redirect=0
[PASS] seq=crv_seq_13                             cyc=97 op=IDK_HAZARD_RS1         instr=0x6ef1eb51 pc=0xca543dd4 valid=1 fault=0 wb_w=1 wb_rd=21 ex_r=1 ex_rd=3 -> reg_write=0 illegal=1 stall=1 redirect=0
[PASS] seq=crv_seq_13                             cyc=98 op=IDK_BYPASS_BOTH        instr=0x94421188 pc=0xbdeeaa88 valid=1 fault=1 wb_w=1 wb_rd=4 ex_r=0 ex_rd=14 -> reg_write=0 illegal=1 stall=0 redirect=0
[PASS] seq=crv_seq_13                             cyc=99 op=IDK_LEGAL_ALU          instr=0x004099b3 pc=0xf2feac70 valid=1 fault=1 wb_w=1 wb_rd=3 ex_r=1 ex_rd=27 -> reg_write=1 illegal=0 stall=0 redirect=0
[PASS] seq=crv_seq_13                             cyc=100 op=IDK_JAL                instr=0x6d90ba6f pc=0xe04b84f0 valid=1 fault=1 wb_w=1 wb_rd=25 ex_r=1 ex_rd=18 -> reg_write=1 illegal=0 stall=0 redirect=1
[PASS] seq=crv_seq_13                             cyc=101 op=IDK_ILLEGAL            instr=0x031af3b3 pc=0x4b91d67c valid=1 fault=0 wb_w=1 wb_rd=7 ex_r=0 ex_rd=9 -> reg_write=0 illegal=1 stall=0 redirect=0
[PASS] seq=crv_seq_13                             cyc=102 op=IDK_HAZARD_BOTH        instr=0x7a73e404 pc=0x85e28780 valid=1 fault=1 wb_w=0 wb_rd=26 ex_r=1 ex_rd=7 -> reg_write=0 illegal=1 stall=1 redirect=0
[PASS] seq=crv_seq_13                             cyc=103 op=IDK_LEGAL_ALU          instr=0x00a82533 pc=0x17396b74 valid=1 fault=0 wb_w=0 wb_rd=15 ex_r=1 ex_rd=7 -> reg_write=1 illegal=0 stall=0 redirect=0
[PASS] seq=crv_seq_13                             cyc=104 op=IDK_CSR_OP             instr=0x178114f3 pc=0xdce24abc valid=1 fault=1 wb_w=1 wb_rd=27 ex_r=1 ex_rd=24 -> reg_write=1 illegal=0 stall=1 redirect=0
[PASS] seq=crv_seq_13                             cyc=105 op=IDK_HAZARD_RS2         instr=0x2025ba48 pc=0x82239904 valid=1 fault=1 wb_w=0 wb_rd=18 ex_r=1 ex_rd=2 -> reg_write=0 illegal=1 stall=1 redirect=0
[PASS] seq=crv_seq_13                             cyc=106 op=IDK_JALR               instr=0x6ade61e7 pc=0xf0dad484 valid=1 fault=0 wb_w=1 wb_rd=20 ex_r=0 ex_rd=15 -> reg_write=1 illegal=0 stall=0 redirect=0
[PASS] seq=crv_seq_13                             cyc=107 op=IDK_FORWARD_BRANCH     instr=0x493dbe63 pc=0xd0fc8850 valid=1 fault=1 wb_w=0 wb_rd=21 ex_r=0 ex_rd=23 -> reg_write=0 illegal=0 stall=0 redirect=0
[PASS] seq=crv_seq_13                             cyc=108 op=IDK_FORWARD_BRANCH     instr=0x4ba3ec63 pc=0xae499f44 valid=1 fault=1 wb_w=1 wb_rd=23 ex_r=1 ex_rd=26 -> reg_write=0 illegal=0 stall=1 redirect=0
[PASS] seq=crv_seq_13                             cyc=109 op=IDK_HAZARD_X0_EXCLUDED instr=0xce547494 pc=0x36c9af58 valid=1 fault=0 wb_w=1 wb_rd=25 ex_r=1 ex_rd=0 -> reg_write=0 illegal=1 stall=0 redirect=0
[PASS] seq=crv_seq_13                             cyc=110 op=IDK_RANDOM             instr=0x488a1612 pc=0x3a7b5bf4 valid=1 fault=0 wb_w=1 wb_rd=12 ex_r=1 ex_rd=13 -> reg_write=0 illegal=1 stall=0 redirect=0
[PASS] seq=crv_seq_13                             cyc=111 op=IDK_HAZARD_RS1         instr=0x5fadc2d6 pc=0xa20e1cd8 valid=1 fault=1 wb_w=1 wb_rd=15 ex_r=1 ex_rd=27 -> reg_write=0 illegal=1 stall=1 redirect=0
[PASS] seq=crv_seq_13                             cyc=112 op=IDK_FORWARD_BRANCH     instr=0x08226a63 pc=0x23de3874 valid=1 fault=1 wb_w=1 wb_rd=24 ex_r=1 ex_rd=24 -> reg_write=0 illegal=0 stall=0 redirect=0
[PASS] seq=crv_seq_13                             cyc=113 op=IDK_RANDOM             instr=0x7a3b5db2 pc=0x5f0d3f98 valid=1 fault=1 wb_w=1 wb_rd=19 ex_r=1 ex_rd=30 -> reg_write=0 illegal=1 stall=0 redirect=0
[PASS] seq=crv_seq_13                             cyc=114 op=IDK_BYPASS_RS1         instr=0xff177f9c pc=0xbe75a704 valid=1 fault=1 wb_w=1 wb_rd=14 ex_r=0 ex_rd=8 -> reg_write=0 illegal=1 stall=0 redirect=0
[PASS] seq=crv_seq_13                             cyc=115 op=IDK_LEGAL_ALU          instr=0x01bcc033 pc=0x5c2d1a7c valid=1 fault=0 wb_w=1 wb_rd=15 ex_r=1 ex_rd=12 -> reg_write=1 illegal=0 stall=0 redirect=0
[PASS] seq=crv_seq_13                             cyc=116 op=IDK_BACKWARD_BRANCH    instr=0xbe777c63 pc=0x10367ed4 valid=1 fault=0 wb_w=0 wb_rd=19 ex_r=0 ex_rd=9 -> reg_write=0 illegal=0 stall=0 redirect=1
[PASS] seq=crv_seq_13                             cyc=117 op=IDK_ILLEGAL            instr=0x03795033 pc=0x5ba9e980 valid=1 fault=0 wb_w=0 wb_rd=10 ex_r=1 ex_rd=31 -> reg_write=0 illegal=1 stall=0 redirect=0
[PASS] seq=crv_seq_13                             cyc=118 op=IDK_RANDOM             instr=0xb704e576 pc=0x684a0be4 valid=1 fault=1 wb_w=1 wb_rd=16 ex_r=0 ex_rd=6 -> reg_write=0 illegal=1 stall=0 redirect=0
[PASS] seq=crv_seq_13                             cyc=119 op=IDK_BYPASS_RS1         instr=0x0c73b378 pc=0x770a6e9c valid=1 fault=0 wb_w=1 wb_rd=7 ex_r=0 ex_rd=13 -> reg_write=0 illegal=1 stall=0 redirect=0
[PASS] seq=crv_seq_13                             cyc=120 op=IDK_HAZARD_RS1         instr=0x743162d5 pc=0xc47f86f8 valid=1 fault=0 wb_w=0 wb_rd=5 ex_r=1 ex_rd=2 -> reg_write=0 illegal=1 stall=1 redirect=0
[PASS] seq=crv_seq_13                             cyc=121 op=IDK_HAZARD_RS1         instr=0x9e6084ba pc=0x078cb970 valid=1 fault=1 wb_w=1 wb_rd=3 ex_r=1 ex_rd=1 -> reg_write=0 illegal=1 stall=1 redirect=0
[PASS] seq=crv_seq_13                             cyc=122 op=IDK_JALR               instr=0x470c71e7 pc=0xdc4a70a8 valid=1 fault=0 wb_w=1 wb_rd=3 ex_r=0 ex_rd=22 -> reg_write=1 illegal=0 stall=0 redirect=0
[PASS] seq=crv_seq_13                             cyc=123 op=IDK_RANDOM             instr=0x0c4ec3d2 pc=0x1c01077c valid=1 fault=0 wb_w=0 wb_rd=0 ex_r=0 ex_rd=21 -> reg_write=0 illegal=1 stall=0 redirect=0
[PASS] seq=crv_seq_13                             cyc=124 op=IDK_ILLEGAL            instr=0x0351fab3 pc=0x40b2c8d0 valid=1 fault=1 wb_w=0 wb_rd=10 ex_r=1 ex_rd=16 -> reg_write=0 illegal=1 stall=0 redirect=0
[PASS] seq=crv_seq_13                             cyc=125 op=IDK_JALR               instr=0xdbe56467 pc=0x0be0a79c valid=1 fault=0 wb_w=1 wb_rd=27 ex_r=0 ex_rd=5 -> reg_write=1 illegal=0 stall=0 redirect=0
[PASS] seq=crv_seq_13                             cyc=126 op=IDK_BYPASS_RS1         instr=0x00758da4 pc=0x741c2664 valid=1 fault=1 wb_w=1 wb_rd=11 ex_r=0 ex_rd=31 -> reg_write=0 illegal=1 stall=0 redirect=0
[PASS] seq=crv_seq_13                             cyc=127 op=IDK_RANDOM             instr=0x4f7bc32e pc=0x5abf35fc valid=1 fault=1 wb_w=0 wb_rd=19 ex_r=1 ex_rd=0 -> reg_write=0 illegal=1 stall=0 redirect=0
[PASS] seq=crv_seq_13                             cyc=128 op=IDK_HAZARD_RS1         instr=0xa5b4cf0d pc=0xe752e6e8 valid=1 fault=0 wb_w=0 wb_rd=0 ex_r=1 ex_rd=9 -> reg_write=0 illegal=1 stall=1 redirect=0
[PASS] seq=crv_seq_13                             cyc=129 op=IDK_HAZARD_RS2         instr=0xd8d97e40 pc=0xb4199f10 valid=1 fault=1 wb_w=0 wb_rd=3 ex_r=1 ex_rd=13 -> reg_write=0 illegal=1 stall=1 redirect=0
[PASS] seq=crv_seq_13                             cyc=130 op=IDK_BYPASS_RS2         instr=0xcf8a5b57 pc=0x0a924238 valid=1 fault=0 wb_w=1 wb_rd=24 ex_r=1 ex_rd=10 -> reg_write=0 illegal=1 stall=0 redirect=0
[PASS] seq=crv_seq_13                             cyc=131 op=IDK_FORWARD_BRANCH     instr=0x620380e3 pc=0x0015d768 valid=1 fault=0 wb_w=0 wb_rd=3 ex_r=1 ex_rd=14 -> reg_write=0 illegal=0 stall=0 redirect=0
[PASS] seq=crv_seq_13                             cyc=132 op=IDK_BACKWARD_BRANCH    instr=0xcc7f9363 pc=0x134142c4 valid=1 fault=0 wb_w=0 wb_rd=5 ex_r=0 ex_rd=21 -> reg_write=0 illegal=0 stall=0 redirect=1
[PASS] seq=crv_seq_13                             cyc=133 op=IDK_LEGAL_ALU          instr=0x414d22b3 pc=0xb32e0484 valid=1 fault=0 wb_w=1 wb_rd=5 ex_r=1 ex_rd=24 -> reg_write=1 illegal=0 stall=0 redirect=0
[PASS] seq=crv_seq_13                             cyc=134 op=IDK_RANDOM             instr=0xc2b7224b pc=0x74414f40 valid=1 fault=0 wb_w=0 wb_rd=25 ex_r=1 ex_rd=9 -> reg_write=0 illegal=1 stall=0 redirect=0
[PASS] seq=crv_seq_13                             cyc=135 op=IDK_HAZARD_BOTH        instr=0x8a634108 pc=0xde414154 valid=1 fault=0 wb_w=1 wb_rd=0 ex_r=1 ex_rd=6 -> reg_write=0 illegal=1 stall=1 redirect=0
[PASS] seq=crv_seq_13                             cyc=136 op=IDK_BACKWARD_BRANCH    instr=0xf1835e63 pc=0xd39b300c valid=1 fault=1 wb_w=0 wb_rd=2 ex_r=0 ex_rd=20 -> reg_write=0 illegal=0 stall=0 redirect=1
[PASS] seq=crv_seq_13                             cyc=137 op=IDK_BACKWARD_BRANCH    instr=0xe60a7863 pc=0x1e0fe910 valid=1 fault=0 wb_w=0 wb_rd=27 ex_r=0 ex_rd=15 -> reg_write=0 illegal=0 stall=0 redirect=1
[PASS] seq=crv_seq_13                             cyc=138 op=IDK_JAL                instr=0xf57220ef pc=0xde6e3388 valid=1 fault=1 wb_w=0 wb_rd=24 ex_r=1 ex_rd=7 -> reg_write=1 illegal=0 stall=0 redirect=1
[PASS] seq=crv_seq_13                             cyc=139 op=IDK_BYPASS_RS1         instr=0x7096c4c4 pc=0x4a3de1b0 valid=1 fault=1 wb_w=1 wb_rd=13 ex_r=1 ex_rd=12 -> reg_write=0 illegal=1 stall=0 redirect=0
[PASS] seq=crv_seq_13                             cyc=140 op=IDK_JALR               instr=0x22e55867 pc=0x4c6681fc valid=1 fault=0 wb_w=0 wb_rd=20 ex_r=1 ex_rd=24 -> reg_write=1 illegal=0 stall=0 redirect=0
[PASS] seq=crv_seq_13                             cyc=141 op=IDK_JAL                instr=0x918fd56f pc=0x4d314e2c valid=1 fault=1 wb_w=0 wb_rd=29 ex_r=1 ex_rd=11 -> reg_write=1 illegal=0 stall=0 redirect=1
[PASS] seq=crv_seq_13                             cyc=142 op=IDK_HAZARD_BOTH        instr=0xd3ffdec0 pc=0xdc52ddb0 valid=1 fault=0 wb_w=1 wb_rd=5 ex_r=1 ex_rd=31 -> reg_write=0 illegal=1 stall=1 redirect=0
[PASS] seq=crv_seq_13                             cyc=143 op=IDK_JALR               instr=0x4b3061e7 pc=0xe1927e94 valid=1 fault=0 wb_w=0 wb_rd=14 ex_r=0 ex_rd=13 -> reg_write=1 illegal=0 stall=0 redirect=0
[PASS] seq=crv_seq_13                             cyc=144 op=IDK_FORWARD_BRANCH     instr=0x537ba8e3 pc=0x19ae4ea0 valid=1 fault=1 wb_w=0 wb_rd=17 ex_r=1 ex_rd=0 -> reg_write=0 illegal=0 stall=0 redirect=0
[PASS] seq=crv_seq_13                             cyc=145 op=IDK_ILLEGAL            instr=0x03385ab3 pc=0x12f4a24c valid=1 fault=1 wb_w=0 wb_rd=0 ex_r=0 ex_rd=18 -> reg_write=0 illegal=1 stall=0 redirect=0
[PASS] seq=crv_seq_13                             cyc=146 op=IDK_JALR               instr=0xd258bb67 pc=0x66d13310 valid=1 fault=0 wb_w=1 wb_rd=6 ex_r=1 ex_rd=31 -> reg_write=1 illegal=0 stall=0 redirect=0
[PASS] seq=crv_seq_13                             cyc=147 op=IDK_BYPASS_BOTH        instr=0xe1dea7c2 pc=0x15ea4064 valid=1 fault=1 wb_w=1 wb_rd=29 ex_r=1 ex_rd=19 -> reg_write=0 illegal=1 stall=0 redirect=0
[PASS] seq=crv_seq_13                             cyc=148 op=IDK_JAL                instr=0x985ca56f pc=0xaf2746fc valid=1 fault=0 wb_w=0 wb_rd=23 ex_r=0 ex_rd=12 -> reg_write=1 illegal=0 stall=0 redirect=1
[PASS] seq=crv_seq_13                             cyc=149 op=IDK_LEGAL_ALU          instr=0x402fc833 pc=0x2c0260ac valid=1 fault=1 wb_w=1 wb_rd=17 ex_r=0 ex_rd=22 -> reg_write=1 illegal=0 stall=0 redirect=0
[PASS] seq=crv_seq_13                             cyc=150 op=IDK_HAZARD_X0_EXCLUDED instr=0x267b933b pc=0x58625b98 valid=1 fault=0 wb_w=1 wb_rd=16 ex_r=1 ex_rd=0 -> reg_write=0 illegal=1 stall=0 redirect=0
[PASS] seq=crv_seq_13                             cyc=151 op=IDK_HAZARD_RS1         instr=0x6632d169 pc=0xfaaea490 valid=1 fault=0 wb_w=0 wb_rd=6 ex_r=1 ex_rd=5 -> reg_write=0 illegal=1 stall=1 redirect=0
[PASS] seq=crv_seq_13                             cyc=152 op=IDK_CSR_OP             instr=0x2c3af073 pc=0x6031bff4 valid=1 fault=1 wb_w=1 wb_rd=4 ex_r=1 ex_rd=20 -> reg_write=1 illegal=0 stall=0 redirect=0
[PASS] seq=crv_seq_13                             cyc=153 op=IDK_JALR               instr=0x44ac5a67 pc=0x013cd14c valid=1 fault=1 wb_w=0 wb_rd=14 ex_r=0 ex_rd=25 -> reg_write=1 illegal=0 stall=0 redirect=0
[PASS] seq=crv_seq_13                             cyc=154 op=IDK_LEGAL_ALU          instr=0x013e1033 pc=0x50f95544 valid=1 fault=0 wb_w=1 wb_rd=28 ex_r=1 ex_rd=29 -> reg_write=1 illegal=0 stall=0 redirect=0
[PASS] seq=crv_seq_13                             cyc=155 op=IDK_RANDOM             instr=0xf575a103 pc=0x14dce3ac valid=1 fault=1 wb_w=1 wb_rd=18 ex_r=0 ex_rd=31 -> reg_write=1 illegal=0 stall=0 redirect=0
[PASS] seq=crv_seq_13                             cyc=156 op=IDK_JALR               instr=0x637365e7 pc=0xe0c17cf0 valid=1 fault=1 wb_w=0 wb_rd=26 ex_r=0 ex_rd=31 -> reg_write=1 illegal=0 stall=0 redirect=0
[PASS] seq=crv_seq_13                             cyc=157 op=IDK_RANDOM             instr=0xee46f5b8 pc=0x5734b554 valid=1 fault=1 wb_w=1 wb_rd=0 ex_r=1 ex_rd=7 -> reg_write=0 illegal=1 stall=0 redirect=0
[PASS] seq=crv_seq_13                             cyc=158 op=IDK_ILLEGAL            instr=0x028ff0b3 pc=0xc775f6f8 valid=1 fault=1 wb_w=1 wb_rd=11 ex_r=0 ex_rd=31 -> reg_write=0 illegal=1 stall=0 redirect=0
[PASS] seq=crv_seq_13                             cyc=159 op=IDK_JAL                instr=0xaa6fd7ef pc=0xd6795d10 valid=1 fault=1 wb_w=0 wb_rd=31 ex_r=1 ex_rd=14 -> reg_write=1 illegal=0 stall=0 redirect=1
[PASS] seq=crv_seq_13                             cyc=160 op=IDK_HAZARD_RS1         instr=0x990c14c8 pc=0x010f60f8 valid=1 fault=1 wb_w=0 wb_rd=18 ex_r=1 ex_rd=24 -> reg_write=0 illegal=1 stall=1 redirect=0
[PASS] seq=crv_seq_13                             cyc=161 op=IDK_HAZARD_RS1         instr=0xfedb0eaa pc=0x8b4e137c valid=1 fault=0 wb_w=1 wb_rd=22 ex_r=1 ex_rd=22 -> reg_write=0 illegal=1 stall=1 redirect=0
[PASS] seq=crv_seq_13                             cyc=162 op=IDK_FORWARD_BRANCH     instr=0x41387263 pc=0xb895fed8 valid=1 fault=0 wb_w=1 wb_rd=3 ex_r=0 ex_rd=17 -> reg_write=0 illegal=0 stall=0 redirect=0
[PASS] seq=crv_seq_13                             cyc=163 op=IDK_RANDOM             instr=0x9dc75c2c pc=0xd27bc4e0 valid=1 fault=0 wb_w=1 wb_rd=15 ex_r=1 ex_rd=26 -> reg_write=0 illegal=1 stall=0 redirect=0
[PASS] seq=crv_seq_13                             cyc=164 op=IDK_ILLEGAL            instr=0x03abf033 pc=0x8b9ff954 valid=1 fault=1 wb_w=1 wb_rd=18 ex_r=0 ex_rd=19 -> reg_write=0 illegal=1 stall=0 redirect=0
[PASS] seq=crv_seq_13                             cyc=165 op=IDK_BYPASS_RS1         instr=0xc37f4496 pc=0x94f53f68 valid=1 fault=0 wb_w=1 wb_rd=30 ex_r=1 ex_rd=11 -> reg_write=0 illegal=1 stall=0 redirect=0
[PASS] seq=crv_seq_13                             cyc=166 op=IDK_RANDOM             instr=0x36eb58d3 pc=0xbf3e3160 valid=1 fault=0 wb_w=1 wb_rd=2 ex_r=1 ex_rd=16 -> reg_write=0 illegal=1 stall=0 redirect=0
[PASS] seq=crv_seq_13                             cyc=167 op=IDK_HAZARD_RS1         instr=0x205696b8 pc=0xbcb658cc valid=1 fault=1 wb_w=0 wb_rd=15 ex_r=1 ex_rd=13 -> reg_write=0 illegal=1 stall=1 redirect=0
[PASS] seq=crv_seq_13                             cyc=168 op=IDK_HAZARD_X0_EXCLUDED instr=0xf9cb15fe pc=0x2e0772e4 valid=1 fault=0 wb_w=1 wb_rd=14 ex_r=1 ex_rd=0 -> reg_write=0 illegal=1 stall=0 redirect=0
[PASS] seq=crv_seq_13                             cyc=169 op=IDK_JAL                instr=0x5aaacaef pc=0x87c8e6c0 valid=1 fault=0 wb_w=0 wb_rd=26 ex_r=0 ex_rd=28 -> reg_write=1 illegal=0 stall=0 redirect=1
[PASS] seq=crv_seq_13                             cyc=170 op=IDK_LEGAL_ALU          instr=0x01b00db3 pc=0x72ed3ee8 valid=1 fault=1 wb_w=0 wb_rd=23 ex_r=0 ex_rd=29 -> reg_write=1 illegal=0 stall=0 redirect=0
[PASS] seq=crv_seq_13                             cyc=171 op=IDK_BYPASS_RS1         instr=0xe5b856f5 pc=0x2c823ed8 valid=1 fault=0 wb_w=1 wb_rd=16 ex_r=0 ex_rd=0 -> reg_write=0 illegal=1 stall=0 redirect=0
[PASS] seq=crv_seq_13                             cyc=172 op=IDK_HAZARD_BOTH        instr=0xbdce5168 pc=0xc0b3cadc valid=1 fault=0 wb_w=1 wb_rd=0 ex_r=1 ex_rd=28 -> reg_write=0 illegal=1 stall=1 redirect=0
[PASS] seq=crv_seq_13                             cyc=173 op=IDK_BACKWARD_BRANCH    instr=0xaf483363 pc=0xd1f22284 valid=1 fault=1 wb_w=0 wb_rd=30 ex_r=0 ex_rd=26 -> reg_write=0 illegal=0 stall=0 redirect=1
[PASS] seq=crv_seq_13                             cyc=174 op=IDK_HAZARD_RS2         instr=0x27e4bb0c pc=0x1f240580 valid=1 fault=1 wb_w=0 wb_rd=24 ex_r=1 ex_rd=30 -> reg_write=0 illegal=1 stall=1 redirect=0
[PASS] seq=crv_seq_13                             cyc=175 op=IDK_BYPASS_RS2         instr=0x867054f5 pc=0x52d414d0 valid=1 fault=1 wb_w=1 wb_rd=7 ex_r=1 ex_rd=17 -> reg_write=0 illegal=1 stall=0 redirect=0
[PASS] seq=crv_seq_13                             cyc=176 op=IDK_BYPASS_RS1         instr=0x39726b53 pc=0xc91c36f0 valid=1 fault=1 wb_w=1 wb_rd=4 ex_r=1 ex_rd=22 -> reg_write=0 illegal=1 stall=0 redirect=0
[PASS] seq=crv_seq_13                             cyc=177 op=IDK_ILLEGAL            instr=0x03a25ab3 pc=0xd2638e3c valid=1 fault=1 wb_w=1 wb_rd=31 ex_r=0 ex_rd=2 -> reg_write=0 illegal=1 stall=0 redirect=0
[PASS] seq=crv_seq_13                             cyc=178 op=IDK_CSR_OP             instr=0xf4201c73 pc=0xf4991d48 valid=1 fault=0 wb_w=0 wb_rd=8 ex_r=1 ex_rd=27 -> reg_write=1 illegal=0 stall=0 redirect=0
[PASS] seq=crv_seq_13                             cyc=179 op=IDK_BYPASS_RS2         instr=0x13e831d5 pc=0x73861664 valid=1 fault=1 wb_w=1 wb_rd=30 ex_r=1 ex_rd=17 -> reg_write=0 illegal=1 stall=0 redirect=0
[PASS] seq=crv_seq_13                             cyc=180 op=IDK_BYPASS_RS1         instr=0x2c58722c pc=0x1a35b85c valid=1 fault=1 wb_w=1 wb_rd=16 ex_r=1 ex_rd=31 -> reg_write=0 illegal=1 stall=0 redirect=0
[PASS] seq=crv_seq_13                             cyc=181 op=IDK_RANDOM             instr=0xd3f3407d pc=0x53775ee8 valid=1 fault=0 wb_w=1 wb_rd=27 ex_r=0 ex_rd=10 -> reg_write=0 illegal=1 stall=0 redirect=0
[PASS] seq=crv_seq_13                             cyc=182 op=IDK_BACKWARD_BRANCH    instr=0xa04c8ae3 pc=0xe0afdb38 valid=1 fault=0 wb_w=1 wb_rd=30 ex_r=1 ex_rd=3 -> reg_write=0 illegal=0 stall=0 redirect=1
[PASS] seq=crv_seq_13                             cyc=183 op=IDK_BYPASS_RS1         instr=0xd2fcb266 pc=0x4b7071b0 valid=1 fault=1 wb_w=1 wb_rd=25 ex_r=1 ex_rd=19 -> reg_write=0 illegal=1 stall=0 redirect=0
[PASS] seq=crv_seq_13                             cyc=184 op=IDK_JAL                instr=0xe209e16f pc=0xc9527d60 valid=1 fault=1 wb_w=0 wb_rd=10 ex_r=1 ex_rd=25 -> reg_write=1 illegal=0 stall=0 redirect=1
[PASS] seq=crv_seq_13                             cyc=185 op=IDK_CSR_OP             instr=0xab6a4f73 pc=0x11260a00 valid=1 fault=1 wb_w=0 wb_rd=17 ex_r=1 ex_rd=5 -> reg_write=1 illegal=0 stall=0 redirect=0
[PASS] seq=crv_seq_13                             cyc=186 op=IDK_HAZARD_RS2         instr=0xdf6bd4ac pc=0x854542f0 valid=1 fault=1 wb_w=0 wb_rd=17 ex_r=1 ex_rd=22 -> reg_write=0 illegal=1 stall=1 redirect=0
[PASS] seq=crv_seq_13                             cyc=187 op=IDK_BYPASS_RS2         instr=0x0e10afe8 pc=0xe176f140 valid=1 fault=0 wb_w=1 wb_rd=1 ex_r=1 ex_rd=11 -> reg_write=0 illegal=1 stall=0 redirect=0
[PASS] seq=crv_seq_13                             cyc=188 op=IDK_RANDOM             instr=0xd519015e pc=0x2b5637b0 valid=1 fault=0 wb_w=0 wb_rd=31 ex_r=1 ex_rd=24 -> reg_write=0 illegal=1 stall=0 redirect=0
[PASS] seq=crv_seq_13                             cyc=189 op=IDK_ILLEGAL            instr=0x03746db3 pc=0x206ad4ec valid=1 fault=0 wb_w=0 wb_rd=10 ex_r=1 ex_rd=2 -> reg_write=0 illegal=1 stall=0 redirect=0
[PASS] seq=crv_seq_13                             cyc=190 op=IDK_HAZARD_BOTH        instr=0x99bd91a8 pc=0x5cf954d0 valid=1 fault=0 wb_w=1 wb_rd=26 ex_r=1 ex_rd=27 -> reg_write=0 illegal=1 stall=1 redirect=0
[PASS] seq=crv_seq_13                             cyc=191 op=IDK_LEGAL_ALU          instr=0x41d36333 pc=0x6efbae90 valid=1 fault=1 wb_w=1 wb_rd=7 ex_r=1 ex_rd=25 -> reg_write=1 illegal=0 stall=0 redirect=0
[PASS] seq=crv_seq_13                             cyc=192 op=IDK_RANDOM             instr=0x13ccc4ea pc=0xd434d81c valid=1 fault=0 wb_w=1 wb_rd=24 ex_r=1 ex_rd=9 -> reg_write=0 illegal=1 stall=0 redirect=0
[PASS] seq=crv_seq_13                             cyc=193 op=IDK_HAZARD_RS1         instr=0x8da3b8b8 pc=0x0b24dac4 valid=1 fault=1 wb_w=1 wb_rd=30 ex_r=1 ex_rd=7 -> reg_write=0 illegal=1 stall=1 redirect=0
[PASS] seq=crv_seq_13                             cyc=194 op=IDK_ILLEGAL            instr=0x03f1dc33 pc=0xd93ed1e0 valid=1 fault=0 wb_w=0 wb_rd=26 ex_r=1 ex_rd=29 -> reg_write=0 illegal=1 stall=0 redirect=0
[PASS] seq=crv_seq_13                             cyc=195 op=IDK_HAZARD_RS2         instr=0x2f405593 pc=0x3a4e9a74 valid=1 fault=1 wb_w=0 wb_rd=4 ex_r=1 ex_rd=20 -> reg_write=1 illegal=0 stall=1 redirect=0
[PASS] seq=crv_seq_13                             cyc=196 op=IDK_ILLEGAL            instr=0x024cceb3 pc=0xd63f52a0 valid=1 fault=0 wb_w=1 wb_rd=24 ex_r=1 ex_rd=12 -> reg_write=0 illegal=1 stall=0 redirect=0
[PASS] seq=crv_seq_13                             cyc=197 op=IDK_BYPASS_RS1         instr=0x44009295 pc=0xbd1db018 valid=1 fault=1 wb_w=1 wb_rd=1 ex_r=0 ex_rd=26 -> reg_write=0 illegal=1 stall=0 redirect=0
[PASS] seq=crv_seq_13                             cyc=198 op=IDK_LEGAL_ALU          instr=0x01258d33 pc=0x96776b48 valid=1 fault=1 wb_w=0 wb_rd=22 ex_r=0 ex_rd=14 -> reg_write=1 illegal=0 stall=0 redirect=0
[PASS] seq=crv_seq_13                             cyc=199 op=IDK_BYPASS_RS2         instr=0xa7ed8f67 pc=0x78b7fa40 valid=1 fault=0 wb_w=1 wb_rd=30 ex_r=1 ex_rd=1 -> reg_write=1 illegal=0 stall=0 redirect=0
[PASS] seq=crv_seq_14                             cyc=0 op=IDK_JALR               instr=0x5a529067 pc=0x452c8324 valid=1 fault=1 wb_w=0 wb_rd=20 ex_r=0 ex_rd=11 -> reg_write=1 illegal=0 stall=0 redirect=0
[PASS] seq=crv_seq_14                             cyc=1 op=IDK_ILLEGAL            instr=0x0277ff33 pc=0xf7c371c4 valid=1 fault=0 wb_w=0 wb_rd=2 ex_r=1 ex_rd=16 -> reg_write=0 illegal=1 stall=0 redirect=0
[PASS] seq=crv_seq_14                             cyc=2 op=IDK_FORWARD_BRANCH     instr=0x062a9be3 pc=0x941effe4 valid=1 fault=0 wb_w=0 wb_rd=10 ex_r=0 ex_rd=1 -> reg_write=0 illegal=0 stall=0 redirect=0
[PASS] seq=crv_seq_14                             cyc=3 op=IDK_LEGAL_ALU          instr=0x0050c033 pc=0x3a0146b8 valid=1 fault=0 wb_w=1 wb_rd=1 ex_r=1 ex_rd=16 -> reg_write=1 illegal=0 stall=0 redirect=0
[PASS] seq=crv_seq_14                             cyc=4 op=IDK_BYPASS_RS2         instr=0xe5088fdf pc=0x6174c988 valid=1 fault=0 wb_w=1 wb_rd=16 ex_r=0 ex_rd=22 -> reg_write=0 illegal=1 stall=0 redirect=0
[PASS] seq=crv_seq_14                             cyc=5 op=IDK_LEGAL_ALU          instr=0x4088abb3 pc=0x1c4658d8 valid=1 fault=0 wb_w=0 wb_rd=15 ex_r=1 ex_rd=19 -> reg_write=1 illegal=0 stall=0 redirect=0
[PASS] seq=crv_seq_14                             cyc=6 op=IDK_CSR_OP             instr=0xbeaa6bf3 pc=0x4e26c0dc valid=1 fault=0 wb_w=0 wb_rd=25 ex_r=1 ex_rd=14 -> reg_write=1 illegal=0 stall=0 redirect=0
[PASS] seq=crv_seq_14                             cyc=7 op=IDK_HAZARD_RS1         instr=0xcccac2d3 pc=0x14104230 valid=1 fault=1 wb_w=0 wb_rd=26 ex_r=1 ex_rd=21 -> reg_write=0 illegal=1 stall=1 redirect=0
[PASS] seq=crv_seq_14                             cyc=8 op=IDK_HAZARD_RS1         instr=0x3c760e33 pc=0xc5c79044 valid=1 fault=0 wb_w=1 wb_rd=16 ex_r=1 ex_rd=12 -> reg_write=0 illegal=1 stall=1 redirect=0
[PASS] seq=crv_seq_14                             cyc=9 op=IDK_RANDOM             instr=0x814a7ef5 pc=0xd196d11c valid=1 fault=1 wb_w=0 wb_rd=25 ex_r=0 ex_rd=16 -> reg_write=0 illegal=1 stall=0 redirect=0
[PASS] seq=crv_seq_14                             cyc=10 op=IDK_RANDOM             instr=0xab6bdc6d pc=0xfbe76d2c valid=1 fault=0 wb_w=1 wb_rd=3 ex_r=0 ex_rd=11 -> reg_write=0 illegal=1 stall=0 redirect=0
[PASS] seq=crv_seq_14                             cyc=11 op=IDK_BYPASS_RS1         instr=0x0a6a2301 pc=0x71cfced4 valid=1 fault=0 wb_w=1 wb_rd=20 ex_r=0 ex_rd=7 -> reg_write=0 illegal=1 stall=0 redirect=0
[PASS] seq=crv_seq_14                             cyc=12 op=IDK_BYPASS_RS2         instr=0x3bec5b9c pc=0xb2c68560 valid=1 fault=0 wb_w=1 wb_rd=30 ex_r=0 ex_rd=8 -> reg_write=0 illegal=1 stall=0 redirect=0
[PASS] seq=crv_seq_14                             cyc=13 op=IDK_BYPASS_BOTH        instr=0x2c9485dd pc=0xea34dde0 valid=1 fault=1 wb_w=1 wb_rd=9 ex_r=0 ex_rd=29 -> reg_write=0 illegal=1 stall=0 redirect=0
[PASS] seq=crv_seq_14                             cyc=14 op=IDK_FORWARD_BRANCH     instr=0x059f34e3 pc=0xd41dd3d8 valid=1 fault=1 wb_w=1 wb_rd=11 ex_r=0 ex_rd=27 -> reg_write=0 illegal=0 stall=0 redirect=0
[PASS] seq=crv_seq_14                             cyc=15 op=IDK_BACKWARD_BRANCH    instr=0xbdce1163 pc=0xc45002bc valid=1 fault=0 wb_w=1 wb_rd=24 ex_r=0 ex_rd=22 -> reg_write=0 illegal=0 stall=0 redirect=1
[PASS] seq=crv_seq_14                             cyc=16 op=IDK_JALR               instr=0x422cf867 pc=0x7230b4ac valid=1 fault=1 wb_w=1 wb_rd=13 ex_r=1 ex_rd=17 -> reg_write=1 illegal=0 stall=0 redirect=0
[PASS] seq=crv_seq_14                             cyc=17 op=IDK_JAL                instr=0xbb79a56f pc=0xce381a54 valid=1 fault=0 wb_w=1 wb_rd=25 ex_r=1 ex_rd=16 -> reg_write=1 illegal=0 stall=0 redirect=1
[PASS] seq=crv_seq_14                             cyc=18 op=IDK_CSR_OP             instr=0xaf306e73 pc=0xf8e50d60 valid=1 fault=0 wb_w=1 wb_rd=5 ex_r=1 ex_rd=23 -> reg_write=1 illegal=0 stall=0 redirect=0
[PASS] seq=crv_seq_14                             cyc=19 op=IDK_HAZARD_RS1         instr=0xd3f6f37f pc=0x026499cc valid=1 fault=1 wb_w=0 wb_rd=1 ex_r=1 ex_rd=13 -> reg_write=0 illegal=1 stall=1 redirect=0
[PASS] seq=crv_seq_14                             cyc=20 op=IDK_BYPASS_RS2         instr=0x2a937ec8 pc=0x46a42fb4 valid=1 fault=0 wb_w=1 wb_rd=9 ex_r=0 ex_rd=11 -> reg_write=0 illegal=1 stall=0 redirect=0
[PASS] seq=crv_seq_14                             cyc=21 op=IDK_RANDOM             instr=0x8dbc7898 pc=0x8e706c18 valid=1 fault=1 wb_w=1 wb_rd=17 ex_r=0 ex_rd=15 -> reg_write=0 illegal=1 stall=0 redirect=0
[PASS] seq=crv_seq_14                             cyc=22 op=IDK_HAZARD_RS1         instr=0xf0f6ef97 pc=0xf748822c valid=1 fault=1 wb_w=0 wb_rd=0 ex_r=1 ex_rd=13 -> reg_write=1 illegal=0 stall=1 redirect=0
[PASS] seq=crv_seq_14                             cyc=23 op=IDK_RANDOM             instr=0x498bee6e pc=0xd12ab540 valid=1 fault=1 wb_w=1 wb_rd=5 ex_r=1 ex_rd=17 -> reg_write=0 illegal=1 stall=0 redirect=0
[PASS] seq=crv_seq_14                             cyc=24 op=IDK_FORWARD_BRANCH     instr=0x433205e3 pc=0x3c746c40 valid=1 fault=0 wb_w=0 wb_rd=4 ex_r=0 ex_rd=8 -> reg_write=0 illegal=0 stall=0 redirect=0
[PASS] seq=crv_seq_14                             cyc=25 op=IDK_BACKWARD_BRANCH    instr=0xb4971763 pc=0x542760a4 valid=1 fault=0 wb_w=0 wb_rd=18 ex_r=0 ex_rd=19 -> reg_write=0 illegal=0 stall=0 redirect=1
[PASS] seq=crv_seq_14                             cyc=26 op=IDK_ILLEGAL            instr=0x0312ce33 pc=0x34c87f60 valid=1 fault=1 wb_w=0 wb_rd=18 ex_r=1 ex_rd=24 -> reg_write=0 illegal=1 stall=0 redirect=0
[PASS] seq=crv_seq_14                             cyc=27 op=IDK_BYPASS_RS1         instr=0x78cd6c59 pc=0xda152978 valid=1 fault=1 wb_w=1 wb_rd=26 ex_r=1 ex_rd=25 -> reg_write=0 illegal=1 stall=0 redirect=0
[PASS] seq=crv_seq_14                             cyc=28 op=IDK_BYPASS_RS1         instr=0x3c4da090 pc=0xed314e90 valid=1 fault=1 wb_w=1 wb_rd=27 ex_r=1 ex_rd=6 -> reg_write=0 illegal=1 stall=0 redirect=0
[PASS] seq=crv_seq_14                             cyc=29 op=IDK_RANDOM             instr=0x45a63197 pc=0xcb7e93e8 valid=1 fault=1 wb_w=1 wb_rd=15 ex_r=1 ex_rd=30 -> reg_write=1 illegal=0 stall=0 redirect=0
[PASS] seq=crv_seq_14                             cyc=30 op=IDK_RANDOM             instr=0xd7cda640 pc=0x3fac7ef4 valid=1 fault=1 wb_w=1 wb_rd=9 ex_r=0 ex_rd=4 -> reg_write=0 illegal=1 stall=0 redirect=0
[PASS] seq=crv_seq_14                             cyc=31 op=IDK_BYPASS_RS2         instr=0x010f4560 pc=0x75a92f9c valid=1 fault=0 wb_w=1 wb_rd=16 ex_r=0 ex_rd=16 -> reg_write=0 illegal=1 stall=0 redirect=0
[PASS] seq=crv_seq_14                             cyc=32 op=IDK_HAZARD_RS2         instr=0x766c4649 pc=0x37362490 valid=1 fault=0 wb_w=0 wb_rd=6 ex_r=1 ex_rd=6 -> reg_write=0 illegal=1 stall=1 redirect=0
[PASS] seq=crv_seq_14                             cyc=33 op=IDK_HAZARD_RS2         instr=0x36ea76c5 pc=0x88c1dd94 valid=1 fault=1 wb_w=0 wb_rd=31 ex_r=1 ex_rd=14 -> reg_write=0 illegal=1 stall=1 redirect=0
[PASS] seq=crv_seq_14                             cyc=34 op=IDK_HAZARD_BOTH        instr=0x9bbda76c pc=0xc30f7700 valid=1 fault=0 wb_w=0 wb_rd=21 ex_r=1 ex_rd=27 -> reg_write=0 illegal=1 stall=1 redirect=0
[PASS] seq=crv_seq_14                             cyc=35 op=IDK_HAZARD_RS1         instr=0x28cf421c pc=0x67c13bac valid=1 fault=0 wb_w=1 wb_rd=12 ex_r=1 ex_rd=30 -> reg_write=0 illegal=1 stall=1 redirect=0
[PASS] seq=crv_seq_14                             cyc=36 op=IDK_ILLEGAL            instr=0x036471b3 pc=0xf5dd599c valid=1 fault=1 wb_w=0 wb_rd=30 ex_r=1 ex_rd=17 -> reg_write=0 illegal=1 stall=0 redirect=0
[PASS] seq=crv_seq_14                             cyc=37 op=IDK_BYPASS_RS2         instr=0xb55f761d pc=0x30422ec8 valid=1 fault=0 wb_w=1 wb_rd=21 ex_r=1 ex_rd=19 -> reg_write=0 illegal=1 stall=0 redirect=0
[PASS] seq=crv_seq_14                             cyc=38 op=IDK_BYPASS_RS1         instr=0x6fcd0df3 pc=0xe193f74c valid=1 fault=0 wb_w=1 wb_rd=26 ex_r=0 ex_rd=19 -> reg_write=0 illegal=0 stall=0 redirect=0
[PASS] seq=crv_seq_14                             cyc=39 op=IDK_LEGAL_ALU          instr=0x405c6533 pc=0x437ecda8 valid=1 fault=0 wb_w=0 wb_rd=30 ex_r=0 ex_rd=25 -> reg_write=1 illegal=0 stall=0 redirect=0
[PASS] seq=crv_seq_14                             cyc=40 op=IDK_RANDOM             instr=0x2c340156 pc=0x2e3b4abc valid=1 fault=0 wb_w=0 wb_rd=10 ex_r=1 ex_rd=10 -> reg_write=0 illegal=1 stall=0 redirect=0
[PASS] seq=crv_seq_14                             cyc=41 op=IDK_BYPASS_RS1         instr=0x65f2bb44 pc=0xa05b2880 valid=1 fault=0 wb_w=1 wb_rd=5 ex_r=0 ex_rd=15 -> reg_write=0 illegal=1 stall=0 redirect=0
[PASS] seq=crv_seq_14                             cyc=42 op=IDK_BYPASS_RS1         instr=0x18ac6034 pc=0x4d5dfe7c valid=1 fault=1 wb_w=1 wb_rd=24 ex_r=1 ex_rd=6 -> reg_write=0 illegal=1 stall=0 redirect=0
[PASS] seq=crv_seq_14                             cyc=43 op=IDK_LEGAL_ALU          instr=0x41b06033 pc=0xeb41ade8 valid=1 fault=1 wb_w=0 wb_rd=1 ex_r=0 ex_rd=18 -> reg_write=1 illegal=0 stall=0 redirect=0
[PASS] seq=crv_seq_14                             cyc=44 op=IDK_BYPASS_RS1         instr=0xc4eaf669 pc=0x630cdf68 valid=1 fault=1 wb_w=1 wb_rd=21 ex_r=0 ex_rd=23 -> reg_write=0 illegal=1 stall=0 redirect=0
[PASS] seq=crv_seq_14                             cyc=45 op=IDK_BYPASS_BOTH        instr=0x0dce7da1 pc=0x8502e1fc valid=1 fault=1 wb_w=1 wb_rd=28 ex_r=1 ex_rd=25 -> reg_write=0 illegal=1 stall=0 redirect=0
[PASS] seq=crv_seq_14                             cyc=46 op=IDK_BYPASS_RS2         instr=0xf2c908b3 pc=0xbe488e8c valid=1 fault=0 wb_w=1 wb_rd=12 ex_r=1 ex_rd=6 -> reg_write=0 illegal=1 stall=0 redirect=0
[PASS] seq=crv_seq_14                             cyc=47 op=IDK_BYPASS_RS1         instr=0xb3ed839b pc=0x64a85d48 valid=1 fault=1 wb_w=1 wb_rd=27 ex_r=1 ex_rd=30 -> reg_write=0 illegal=1 stall=1 redirect=0
[PASS] seq=crv_seq_14                             cyc=48 op=IDK_ILLEGAL            instr=0x0394e4b3 pc=0xc4a97038 valid=1 fault=1 wb_w=0 wb_rd=28 ex_r=0 ex_rd=29 -> reg_write=0 illegal=1 stall=0 redirect=0
[PASS] seq=crv_seq_14                             cyc=49 op=IDK_JALR               instr=0x1af68767 pc=0x774599c8 valid=1 fault=1 wb_w=0 wb_rd=9 ex_r=1 ex_rd=14 -> reg_write=1 illegal=0 stall=0 redirect=0
[PASS] seq=crv_seq_14                             cyc=50 op=IDK_HAZARD_BOTH        instr=0x4e4225e6 pc=0xf8b4d748 valid=1 fault=0 wb_w=0 wb_rd=0 ex_r=1 ex_rd=4 -> reg_write=0 illegal=1 stall=1 redirect=0
[PASS] seq=crv_seq_14                             cyc=51 op=IDK_JAL                instr=0xde55486f pc=0x6660a4c8 valid=1 fault=1 wb_w=1 wb_rd=5 ex_r=0 ex_rd=7 -> reg_write=1 illegal=0 stall=0 redirect=1
[PASS] seq=crv_seq_14                             cyc=52 op=IDK_JAL                instr=0x54f5806f pc=0xa6752ef4 valid=1 fault=0 wb_w=0 wb_rd=14 ex_r=1 ex_rd=19 -> reg_write=1 illegal=0 stall=0 redirect=1
[PASS] seq=crv_seq_14                             cyc=53 op=IDK_LEGAL_ALU          instr=0x00bd98b3 pc=0x70b96414 valid=1 fault=1 wb_w=0 wb_rd=9 ex_r=0 ex_rd=6 -> reg_write=1 illegal=0 stall=0 redirect=0
[PASS] seq=crv_seq_14                             cyc=54 op=IDK_RANDOM             instr=0x72299541 pc=0x4bde4dc8 valid=1 fault=1 wb_w=1 wb_rd=0 ex_r=0 ex_rd=9 -> reg_write=0 illegal=1 stall=0 redirect=0
[PASS] seq=crv_seq_14                             cyc=55 op=IDK_BYPASS_BOTH        instr=0x6dffa2df pc=0x0f2bcc54 valid=1 fault=0 wb_w=1 wb_rd=31 ex_r=0 ex_rd=28 -> reg_write=0 illegal=1 stall=0 redirect=0
[PASS] seq=crv_seq_14                             cyc=56 op=IDK_ILLEGAL            instr=0x03c55833 pc=0x4061f2f8 valid=1 fault=0 wb_w=0 wb_rd=14 ex_r=1 ex_rd=3 -> reg_write=0 illegal=1 stall=0 redirect=0
[PASS] seq=crv_seq_14                             cyc=57 op=IDK_ILLEGAL            instr=0x0369c233 pc=0xc10a35d4 valid=1 fault=1 wb_w=0 wb_rd=1 ex_r=1 ex_rd=27 -> reg_write=0 illegal=1 stall=0 redirect=0
[PASS] seq=crv_seq_14                             cyc=58 op=IDK_HAZARD_BOTH        instr=0xc6b59409 pc=0x74150500 valid=1 fault=1 wb_w=1 wb_rd=0 ex_r=1 ex_rd=11 -> reg_write=0 illegal=1 stall=1 redirect=0
[PASS] seq=crv_seq_14                             cyc=59 op=IDK_HAZARD_BOTH        instr=0xaf6b2c96 pc=0x5db6e58c valid=1 fault=1 wb_w=1 wb_rd=24 ex_r=1 ex_rd=22 -> reg_write=0 illegal=1 stall=1 redirect=0
[PASS] seq=crv_seq_14                             cyc=60 op=IDK_BYPASS_RS2         instr=0xe3d4738f pc=0x3f3cf18c valid=1 fault=0 wb_w=1 wb_rd=29 ex_r=0 ex_rd=6 -> reg_write=0 illegal=1 stall=0 redirect=0
[PASS] seq=crv_seq_14                             cyc=61 op=IDK_RANDOM             instr=0xac47ac6c pc=0x9a0c40f0 valid=1 fault=0 wb_w=1 wb_rd=23 ex_r=0 ex_rd=27 -> reg_write=0 illegal=1 stall=0 redirect=0
[PASS] seq=crv_seq_14                             cyc=62 op=IDK_ILLEGAL            instr=0x029e6633 pc=0x1650b5dc valid=1 fault=1 wb_w=1 wb_rd=21 ex_r=1 ex_rd=9 -> reg_write=0 illegal=1 stall=1 redirect=0
[PASS] seq=crv_seq_14                             cyc=63 op=IDK_BYPASS_RS1         instr=0x6b5b1139 pc=0x43d757ac valid=1 fault=0 wb_w=1 wb_rd=22 ex_r=1 ex_rd=0 -> reg_write=0 illegal=1 stall=0 redirect=0
[PASS] seq=crv_seq_14                             cyc=64 op=IDK_HAZARD_RS1         instr=0x616b9ae0 pc=0x3db8cb70 valid=1 fault=1 wb_w=1 wb_rd=12 ex_r=1 ex_rd=23 -> reg_write=0 illegal=1 stall=1 redirect=0
[PASS] seq=crv_seq_14                             cyc=65 op=IDK_BYPASS_RS1         instr=0x10725106 pc=0x9f415160 valid=1 fault=0 wb_w=1 wb_rd=4 ex_r=1 ex_rd=20 -> reg_write=0 illegal=1 stall=0 redirect=0
[PASS] seq=crv_seq_14                             cyc=66 op=IDK_LEGAL_ALU          instr=0x0162aeb3 pc=0xd701d7e8 valid=1 fault=0 wb_w=1 wb_rd=0 ex_r=0 ex_rd=19 -> reg_write=1 illegal=0 stall=0 redirect=0
[PASS] seq=crv_seq_14                             cyc=67 op=IDK_FORWARD_BRANCH     instr=0x506d92e3 pc=0x570706d4 valid=1 fault=0 wb_w=0 wb_rd=17 ex_r=0 ex_rd=5 -> reg_write=0 illegal=0 stall=0 redirect=0
[PASS] seq=crv_seq_14                             cyc=68 op=IDK_BACKWARD_BRANCH    instr=0xefb7c3e3 pc=0x8ca7a860 valid=1 fault=0 wb_w=0 wb_rd=12 ex_r=1 ex_rd=31 -> reg_write=0 illegal=0 stall=0 redirect=1
[PASS] seq=crv_seq_14                             cyc=69 op=IDK_HAZARD_RS1         instr=0x14b0cd0f pc=0x4a561060 valid=1 fault=1 wb_w=1 wb_rd=13 ex_r=1 ex_rd=1 -> reg_write=0 illegal=1 stall=1 redirect=0
[PASS] seq=crv_seq_14                             cyc=70 op=IDK_BYPASS_RS1         instr=0x8907b244 pc=0xc3baf344 valid=1 fault=0 wb_w=1 wb_rd=15 ex_r=0 ex_rd=26 -> reg_write=0 illegal=1 stall=0 redirect=0
[PASS] seq=crv_seq_14                             cyc=71 op=IDK_RANDOM             instr=0x031cc3e8 pc=0xf878e878 valid=1 fault=0 wb_w=0 wb_rd=3 ex_r=0 ex_rd=0 -> reg_write=0 illegal=1 stall=0 redirect=0
[PASS] seq=crv_seq_14                             cyc=72 op=IDK_HAZARD_RS2         instr=0xe230e66d pc=0x79eb1584 valid=1 fault=1 wb_w=1 wb_rd=5 ex_r=1 ex_rd=3 -> reg_write=0 illegal=1 stall=1 redirect=0
[PASS] seq=crv_seq_14                             cyc=73 op=IDK_RANDOM             instr=0xda8bc902 pc=0x8d652060 valid=1 fault=1 wb_w=1 wb_rd=24 ex_r=1 ex_rd=30 -> reg_write=0 illegal=1 stall=0 redirect=0
[PASS] seq=crv_seq_14                             cyc=74 op=IDK_JAL                instr=0xf74a9aef pc=0x6ae9cbb0 valid=1 fault=1 wb_w=0 wb_rd=30 ex_r=0 ex_rd=29 -> reg_write=1 illegal=0 stall=0 redirect=1
[PASS] seq=crv_seq_14                             cyc=75 op=IDK_FORWARD_BRANCH     instr=0x575f5de3 pc=0xc766956c valid=1 fault=1 wb_w=1 wb_rd=12 ex_r=0 ex_rd=10 -> reg_write=0 illegal=0 stall=0 redirect=0
[PASS] seq=crv_seq_14                             cyc=76 op=IDK_BYPASS_RS1         instr=0x4e8bd0e3 pc=0x3fdecfc0 valid=1 fault=1 wb_w=1 wb_rd=23 ex_r=0 ex_rd=22 -> reg_write=0 illegal=0 stall=0 redirect=0
[PASS] seq=crv_seq_14                             cyc=77 op=IDK_ILLEGAL            instr=0x031243b3 pc=0xf6144550 valid=1 fault=0 wb_w=1 wb_rd=9 ex_r=0 ex_rd=16 -> reg_write=0 illegal=1 stall=0 redirect=0
[PASS] seq=crv_seq_14                             cyc=78 op=IDK_LEGAL_ALU          instr=0x00e01833 pc=0x2ef6032c valid=1 fault=1 wb_w=1 wb_rd=3 ex_r=1 ex_rd=31 -> reg_write=1 illegal=0 stall=0 redirect=0
[PASS] seq=crv_seq_14                             cyc=79 op=IDK_FORWARD_BRANCH     instr=0x039555e3 pc=0x4f11d5c0 valid=1 fault=0 wb_w=1 wb_rd=9 ex_r=1 ex_rd=8 -> reg_write=0 illegal=0 stall=0 redirect=0
[PASS] seq=crv_seq_14                             cyc=80 op=IDK_JALR               instr=0x2591b7e7 pc=0xc2eba720 valid=1 fault=0 wb_w=0 wb_rd=10 ex_r=1 ex_rd=19 -> reg_write=1 illegal=0 stall=0 redirect=0
[PASS] seq=crv_seq_14                             cyc=81 op=IDK_BYPASS_RS1         instr=0xb1121f88 pc=0x0cebb904 valid=1 fault=1 wb_w=1 wb_rd=4 ex_r=0 ex_rd=17 -> reg_write=0 illegal=1 stall=0 redirect=0
[PASS] seq=crv_seq_14                             cyc=82 op=IDK_RANDOM             instr=0xa487f3e0 pc=0x4eb8c214 valid=1 fault=0 wb_w=0 wb_rd=24 ex_r=0 ex_rd=17 -> reg_write=0 illegal=1 stall=0 redirect=0
[PASS] seq=crv_seq_14                             cyc=83 op=IDK_BACKWARD_BRANCH    instr=0xb0641ee3 pc=0xd585dd20 valid=1 fault=0 wb_w=0 wb_rd=15 ex_r=0 ex_rd=9 -> reg_write=0 illegal=0 stall=0 redirect=1
[PASS] seq=crv_seq_14                             cyc=84 op=IDK_CSR_OP             instr=0xab93e9f3 pc=0x4f7ff164 valid=1 fault=0 wb_w=1 wb_rd=1 ex_r=0 ex_rd=9 -> reg_write=1 illegal=0 stall=0 redirect=0
[PASS] seq=crv_seq_14                             cyc=85 op=IDK_BACKWARD_BRANCH    instr=0xe14bb763 pc=0x0c45b2fc valid=1 fault=0 wb_w=1 wb_rd=5 ex_r=0 ex_rd=22 -> reg_write=0 illegal=0 stall=0 redirect=1
[PASS] seq=crv_seq_14                             cyc=86 op=IDK_LEGAL_ALU          instr=0x01ef5bb3 pc=0x4f48ba30 valid=1 fault=0 wb_w=0 wb_rd=22 ex_r=0 ex_rd=6 -> reg_write=1 illegal=0 stall=0 redirect=0
[PASS] seq=crv_seq_14                             cyc=87 op=IDK_BYPASS_RS1         instr=0xbef6246d pc=0xc21154c4 valid=1 fault=0 wb_w=1 wb_rd=12 ex_r=1 ex_rd=1 -> reg_write=0 illegal=1 stall=0 redirect=0
[PASS] seq=crv_seq_14                             cyc=88 op=IDK_FORWARD_BRANCH     instr=0x1f7d9ce3 pc=0xc8069404 valid=1 fault=1 wb_w=0 wb_rd=29 ex_r=1 ex_rd=16 -> reg_write=0 illegal=0 stall=0 redirect=0
[PASS] seq=crv_seq_14                             cyc=89 op=IDK_HAZARD_BOTH        instr=0xc2f7e227 pc=0x0c097230 valid=1 fault=1 wb_w=0 wb_rd=0 ex_r=1 ex_rd=15 -> reg_write=0 illegal=1 stall=1 redirect=0
[PASS] seq=crv_seq_14                             cyc=90 op=IDK_LEGAL_ALU          instr=0x41b18bb3 pc=0xfe7ec4c4 valid=1 fault=0 wb_w=0 wb_rd=17 ex_r=0 ex_rd=10 -> reg_write=1 illegal=0 stall=0 redirect=0
[PASS] seq=crv_seq_14                             cyc=91 op=IDK_RANDOM             instr=0x5034e2b5 pc=0x1caabea4 valid=1 fault=1 wb_w=0 wb_rd=18 ex_r=1 ex_rd=31 -> reg_write=0 illegal=1 stall=0 redirect=0
[PASS] seq=crv_seq_14                             cyc=92 op=IDK_JAL                instr=0xd8f8256f pc=0xba3ba624 valid=1 fault=0 wb_w=1 wb_rd=3 ex_r=0 ex_rd=25 -> reg_write=1 illegal=0 stall=0 redirect=1
[PASS] seq=crv_seq_14                             cyc=93 op=IDK_BYPASS_BOTH        instr=0x56c67d84 pc=0x28eb5ee0 valid=1 fault=0 wb_w=1 wb_rd=12 ex_r=1 ex_rd=27 -> reg_write=0 illegal=1 stall=0 redirect=0
[PASS] seq=crv_seq_14                             cyc=94 op=IDK_JALR               instr=0xc2d5d4e7 pc=0x0da1ebc0 valid=1 fault=1 wb_w=1 wb_rd=0 ex_r=0 ex_rd=19 -> reg_write=1 illegal=0 stall=0 redirect=0
[PASS] seq=crv_seq_14                             cyc=95 op=IDK_RANDOM             instr=0x3cb72a50 pc=0xd563bf40 valid=1 fault=0 wb_w=1 wb_rd=22 ex_r=0 ex_rd=13 -> reg_write=0 illegal=1 stall=0 redirect=0
[PASS] seq=crv_seq_14                             cyc=96 op=IDK_BYPASS_BOTH        instr=0xb0e74dad pc=0x54ec3470 valid=1 fault=1 wb_w=1 wb_rd=14 ex_r=0 ex_rd=17 -> reg_write=0 illegal=1 stall=0 redirect=0
[PASS] seq=crv_seq_14                             cyc=97 op=IDK_HAZARD_RS2         instr=0xc2e46332 pc=0xde4b5c14 valid=1 fault=0 wb_w=0 wb_rd=18 ex_r=1 ex_rd=14 -> reg_write=0 illegal=1 stall=1 redirect=0
[PASS] seq=crv_seq_14                             cyc=98 op=IDK_BYPASS_RS1         instr=0x48f3cfc7 pc=0x1683a448 valid=1 fault=1 wb_w=1 wb_rd=7 ex_r=0 ex_rd=30 -> reg_write=0 illegal=1 stall=0 redirect=0
[PASS] seq=crv_seq_14                             cyc=99 op=IDK_LEGAL_ALU          instr=0x40a10d33 pc=0x50cc92a8 valid=1 fault=0 wb_w=0 wb_rd=10 ex_r=1 ex_rd=18 -> reg_write=1 illegal=0 stall=0 redirect=0
[PASS] seq=crv_seq_14                             cyc=100 op=IDK_FORWARD_BRANCH     instr=0x6908b4e3 pc=0x22dc081c valid=1 fault=1 wb_w=1 wb_rd=31 ex_r=1 ex_rd=8 -> reg_write=0 illegal=0 stall=0 redirect=0
[PASS] seq=crv_seq_14                             cyc=101 op=IDK_ILLEGAL            instr=0x022ac433 pc=0x039f574c valid=1 fault=0 wb_w=0 wb_rd=26 ex_r=1 ex_rd=4 -> reg_write=0 illegal=1 stall=0 redirect=0
[PASS] seq=crv_seq_14                             cyc=102 op=IDK_BYPASS_RS2         instr=0xf47fcc62 pc=0x41285810 valid=1 fault=1 wb_w=1 wb_rd=7 ex_r=0 ex_rd=14 -> reg_write=0 illegal=1 stall=0 redirect=0
[PASS] seq=crv_seq_14                             cyc=103 op=IDK_LEGAL_ALU          instr=0x414a4c33 pc=0x0c6d2e28 valid=1 fault=1 wb_w=0 wb_rd=2 ex_r=0 ex_rd=23 -> reg_write=1 illegal=0 stall=0 redirect=0
[PASS] seq=crv_seq_14                             cyc=104 op=IDK_ILLEGAL            instr=0x02727cb3 pc=0xdf3af020 valid=1 fault=0 wb_w=1 wb_rd=9 ex_r=0 ex_rd=8 -> reg_write=0 illegal=1 stall=0 redirect=0
[PASS] seq=crv_seq_14                             cyc=105 op=IDK_LEGAL_ALU          instr=0x4003b533 pc=0x5af4e114 valid=1 fault=1 wb_w=1 wb_rd=31 ex_r=1 ex_rd=20 -> reg_write=1 illegal=0 stall=0 redirect=0
[PASS] seq=crv_seq_14                             cyc=106 op=IDK_HAZARD_RS2         instr=0xfce062c1 pc=0x244f6420 valid=1 fault=1 wb_w=0 wb_rd=13 ex_r=1 ex_rd=14 -> reg_write=0 illegal=1 stall=1 redirect=0
[PASS] seq=crv_seq_14                             cyc=107 op=IDK_ILLEGAL            instr=0x031d5cb3 pc=0xbdee0334 valid=1 fault=0 wb_w=0 wb_rd=18 ex_r=0 ex_rd=9 -> reg_write=0 illegal=1 stall=0 redirect=0
[PASS] seq=crv_seq_14                             cyc=108 op=IDK_HAZARD_RS1         instr=0xeb4a8d6f pc=0xef61d654 valid=1 fault=0 wb_w=1 wb_rd=0 ex_r=1 ex_rd=21 -> reg_write=1 illegal=0 stall=1 redirect=1
[PASS] seq=crv_seq_14                             cyc=109 op=IDK_HAZARD_RS1         instr=0x4dab5c69 pc=0x0148dcf8 valid=1 fault=1 wb_w=0 wb_rd=8 ex_r=1 ex_rd=22 -> reg_write=0 illegal=1 stall=1 redirect=0
[PASS] seq=crv_seq_14                             cyc=110 op=IDK_HAZARD_BOTH        instr=0xa8846012 pc=0x406181b8 valid=1 fault=1 wb_w=0 wb_rd=24 ex_r=1 ex_rd=8 -> reg_write=0 illegal=1 stall=1 redirect=0
[PASS] seq=crv_seq_14                             cyc=111 op=IDK_BYPASS_RS1         instr=0x27d14ca5 pc=0xec5469c8 valid=1 fault=1 wb_w=1 wb_rd=2 ex_r=1 ex_rd=23 -> reg_write=0 illegal=1 stall=0 redirect=0
[PASS] seq=crv_seq_14                             cyc=112 op=IDK_HAZARD_RS2         instr=0x2857e9b6 pc=0x8da6e880 valid=1 fault=0 wb_w=1 wb_rd=13 ex_r=1 ex_rd=5 -> reg_write=0 illegal=1 stall=1 redirect=0
[PASS] seq=crv_seq_14                             cyc=113 op=IDK_LEGAL_ALU          instr=0x401c3633 pc=0x84e35b4c valid=1 fault=1 wb_w=0 wb_rd=0 ex_r=1 ex_rd=29 -> reg_write=1 illegal=0 stall=0 redirect=0
[PASS] seq=crv_seq_14                             cyc=114 op=IDK_BYPASS_BOTH        instr=0xb4b5f183 pc=0x1c6982d8 valid=1 fault=0 wb_w=1 wb_rd=11 ex_r=0 ex_rd=24 -> reg_write=1 illegal=0 stall=0 redirect=0
[PASS] seq=crv_seq_14                             cyc=115 op=IDK_BYPASS_RS1         instr=0x0c6a6dbd pc=0x91667720 valid=1 fault=0 wb_w=1 wb_rd=20 ex_r=0 ex_rd=2 -> reg_write=0 illegal=1 stall=0 redirect=0
[PASS] seq=crv_seq_14                             cyc=116 op=IDK_LEGAL_ALU          instr=0x415b1cb3 pc=0x16c7ae58 valid=1 fault=1 wb_w=0 wb_rd=31 ex_r=1 ex_rd=11 -> reg_write=1 illegal=0 stall=0 redirect=0
[PASS] seq=crv_seq_14                             cyc=117 op=IDK_RANDOM             instr=0x191ce543 pc=0x4a72c998 valid=1 fault=0 wb_w=0 wb_rd=21 ex_r=0 ex_rd=22 -> reg_write=0 illegal=1 stall=0 redirect=0
[PASS] seq=crv_seq_14                             cyc=118 op=IDK_BYPASS_RS2         instr=0xfc351670 pc=0xb9bea0dc valid=1 fault=0 wb_w=1 wb_rd=3 ex_r=1 ex_rd=31 -> reg_write=0 illegal=1 stall=0 redirect=0
[PASS] seq=crv_seq_14                             cyc=119 op=IDK_RANDOM             instr=0x40324469 pc=0x31a85848 valid=1 fault=0 wb_w=1 wb_rd=28 ex_r=1 ex_rd=27 -> reg_write=0 illegal=1 stall=0 redirect=0
[PASS] seq=crv_seq_14                             cyc=120 op=IDK_JALR               instr=0x6fb68d67 pc=0xd921243c valid=1 fault=0 wb_w=1 wb_rd=7 ex_r=1 ex_rd=15 -> reg_write=1 illegal=0 stall=0 redirect=0
[PASS] seq=crv_seq_14                             cyc=121 op=IDK_BACKWARD_BRANCH    instr=0x98e69be3 pc=0xb5da01b4 valid=1 fault=1 wb_w=1 wb_rd=12 ex_r=1 ex_rd=11 -> reg_write=0 illegal=0 stall=0 redirect=1
[PASS] seq=crv_seq_14                             cyc=122 op=IDK_ILLEGAL            instr=0x03b2f0b3 pc=0x65c5e0e0 valid=1 fault=0 wb_w=0 wb_rd=14 ex_r=1 ex_rd=18 -> reg_write=0 illegal=1 stall=0 redirect=0
[PASS] seq=crv_seq_14                             cyc=123 op=IDK_FORWARD_BRANCH     instr=0x5e246863 pc=0x9a35f230 valid=1 fault=1 wb_w=0 wb_rd=24 ex_r=1 ex_rd=9 -> reg_write=0 illegal=0 stall=0 redirect=0
[PASS] seq=crv_seq_14                             cyc=124 op=IDK_LEGAL_ALU          instr=0x01afd133 pc=0x3db55a2c valid=1 fault=1 wb_w=0 wb_rd=7 ex_r=0 ex_rd=25 -> reg_write=1 illegal=0 stall=0 redirect=0
[PASS] seq=crv_seq_14                             cyc=125 op=IDK_FORWARD_BRANCH     instr=0x28b40d63 pc=0xa294870c valid=1 fault=1 wb_w=1 wb_rd=20 ex_r=1 ex_rd=7 -> reg_write=0 illegal=0 stall=0 redirect=0
[PASS] seq=crv_seq_14                             cyc=126 op=IDK_BYPASS_RS1         instr=0xa4791f80 pc=0x5f47f5ac valid=1 fault=1 wb_w=1 wb_rd=18 ex_r=1 ex_rd=6 -> reg_write=0 illegal=1 stall=0 redirect=0
[PASS] seq=crv_seq_14                             cyc=127 op=IDK_BACKWARD_BRANCH    instr=0xa02a36e3 pc=0x5eea4a28 valid=1 fault=1 wb_w=0 wb_rd=28 ex_r=0 ex_rd=19 -> reg_write=0 illegal=0 stall=0 redirect=1
[PASS] seq=crv_seq_14                             cyc=128 op=IDK_HAZARD_RS2         instr=0x4484edcc pc=0x43988980 valid=1 fault=1 wb_w=0 wb_rd=15 ex_r=1 ex_rd=8 -> reg_write=0 illegal=1 stall=1 redirect=0
[PASS] seq=crv_seq_14                             cyc=129 op=IDK_BYPASS_BOTH        instr=0xb452a2d4 pc=0x09d8e568 valid=1 fault=0 wb_w=1 wb_rd=5 ex_r=1 ex_rd=1 -> reg_write=0 illegal=1 stall=0 redirect=0
[PASS] seq=crv_seq_14                             cyc=130 op=IDK_BACKWARD_BRANCH    instr=0xa62d0be3 pc=0x82d38138 valid=1 fault=0 wb_w=1 wb_rd=17 ex_r=1 ex_rd=3 -> reg_write=0 illegal=0 stall=0 redirect=1
[PASS] seq=crv_seq_14                             cyc=131 op=IDK_HAZARD_RS1         instr=0xeca0bfed pc=0x7831a920 valid=1 fault=0 wb_w=0 wb_rd=2 ex_r=1 ex_rd=1 -> reg_write=0 illegal=1 stall=1 redirect=0
[PASS] seq=crv_seq_14                             cyc=132 op=IDK_CSR_OP             instr=0x8f256d73 pc=0xf49ff800 valid=1 fault=0 wb_w=1 wb_rd=30 ex_r=1 ex_rd=22 -> reg_write=1 illegal=0 stall=0 redirect=0
[PASS] seq=crv_seq_14                             cyc=133 op=IDK_BACKWARD_BRANCH    instr=0xef6fa3e3 pc=0x1ab5d0c0 valid=1 fault=0 wb_w=1 wb_rd=23 ex_r=1 ex_rd=21 -> reg_write=0 illegal=0 stall=0 redirect=1
[PASS] seq=crv_seq_14                             cyc=134 op=IDK_BYPASS_BOTH        instr=0xdf18dfeb pc=0x61ae9d30 valid=1 fault=1 wb_w=1 wb_rd=17 ex_r=1 ex_rd=26 -> reg_write=0 illegal=1 stall=0 redirect=0
[PASS] seq=crv_seq_14                             cyc=135 op=IDK_HAZARD_RS1         instr=0x1d6104f7 pc=0xeb1b75a8 valid=1 fault=1 wb_w=0 wb_rd=31 ex_r=1 ex_rd=2 -> reg_write=0 illegal=1 stall=1 redirect=0
[PASS] seq=crv_seq_14                             cyc=136 op=IDK_LEGAL_ALU          instr=0x412ca6b3 pc=0xbc0165dc valid=1 fault=1 wb_w=1 wb_rd=4 ex_r=1 ex_rd=15 -> reg_write=1 illegal=0 stall=0 redirect=0
[PASS] seq=crv_seq_14                             cyc=137 op=IDK_JAL                instr=0xd73126ef pc=0x994ecd54 valid=1 fault=0 wb_w=1 wb_rd=24 ex_r=1 ex_rd=25 -> reg_write=1 illegal=0 stall=0 redirect=1
[PASS] seq=crv_seq_14                             cyc=138 op=IDK_CSR_OP             instr=0x1603d273 pc=0x26ae30cc valid=1 fault=0 wb_w=0 wb_rd=16 ex_r=1 ex_rd=11 -> reg_write=1 illegal=0 stall=0 redirect=0
[PASS] seq=crv_seq_14                             cyc=139 op=IDK_CSR_OP             instr=0xc9c27073 pc=0xada7010c valid=1 fault=1 wb_w=1 wb_rd=8 ex_r=0 ex_rd=12 -> reg_write=1 illegal=0 stall=0 redirect=0
[PASS] seq=crv_seq_14                             cyc=140 op=IDK_BYPASS_RS2         instr=0x8f59ed70 pc=0xef00e168 valid=1 fault=0 wb_w=1 wb_rd=21 ex_r=1 ex_rd=30 -> reg_write=0 illegal=1 stall=0 redirect=0
[PASS] seq=crv_seq_14                             cyc=141 op=IDK_RANDOM             instr=0x13e3a116 pc=0x8595e180 valid=1 fault=0 wb_w=0 wb_rd=30 ex_r=0 ex_rd=6 -> reg_write=0 illegal=1 stall=0 redirect=0
[PASS] seq=crv_seq_14                             cyc=142 op=IDK_BYPASS_BOTH        instr=0x255aa1a4 pc=0xfe3fe838 valid=1 fault=1 wb_w=1 wb_rd=21 ex_r=1 ex_rd=3 -> reg_write=0 illegal=1 stall=0 redirect=0
[PASS] seq=crv_seq_14                             cyc=143 op=IDK_BYPASS_RS2         instr=0xed978dec pc=0x7429c1fc valid=1 fault=0 wb_w=1 wb_rd=25 ex_r=0 ex_rd=16 -> reg_write=0 illegal=1 stall=0 redirect=0
[PASS] seq=crv_seq_14                             cyc=144 op=IDK_LEGAL_ALU          instr=0x01c32933 pc=0x8fd79634 valid=1 fault=1 wb_w=0 wb_rd=18 ex_r=1 ex_rd=1 -> reg_write=1 illegal=0 stall=0 redirect=0
[PASS] seq=crv_seq_14                             cyc=145 op=IDK_BYPASS_BOTH        instr=0x32630352 pc=0x88e6a64c valid=1 fault=0 wb_w=1 wb_rd=6 ex_r=1 ex_rd=29 -> reg_write=0 illegal=1 stall=0 redirect=0
[PASS] seq=crv_seq_14                             cyc=146 op=IDK_JAL                instr=0x600f37ef pc=0x04c6e1e8 valid=1 fault=0 wb_w=1 wb_rd=4 ex_r=1 ex_rd=8 -> reg_write=1 illegal=0 stall=0 redirect=1
[PASS] seq=crv_seq_14                             cyc=147 op=IDK_BYPASS_RS1         instr=0x6e719e8f pc=0x94fefb8c valid=1 fault=0 wb_w=1 wb_rd=3 ex_r=0 ex_rd=15 -> reg_write=0 illegal=1 stall=0 redirect=0
[PASS] seq=crv_seq_14                             cyc=148 op=IDK_JAL                instr=0x6916c3ef pc=0x9163c950 valid=1 fault=1 wb_w=0 wb_rd=14 ex_r=0 ex_rd=16 -> reg_write=1 illegal=0 stall=0 redirect=1
[PASS] seq=crv_seq_14                             cyc=149 op=IDK_LEGAL_ALU          instr=0x40a4b033 pc=0x34f5c234 valid=1 fault=1 wb_w=0 wb_rd=8 ex_r=1 ex_rd=2 -> reg_write=1 illegal=0 stall=0 redirect=0
[PASS] seq=crv_seq_14                             cyc=150 op=IDK_JAL                instr=0x786a6aef pc=0xa21c3b8c valid=1 fault=1 wb_w=0 wb_rd=18 ex_r=0 ex_rd=1 -> reg_write=1 illegal=0 stall=0 redirect=1
[PASS] seq=crv_seq_14                             cyc=151 op=IDK_RANDOM             instr=0x044d84c7 pc=0x69fafbc0 valid=1 fault=0 wb_w=1 wb_rd=22 ex_r=0 ex_rd=13 -> reg_write=0 illegal=1 stall=0 redirect=0
[PASS] seq=crv_seq_14                             cyc=152 op=IDK_LEGAL_ALU          instr=0x40591433 pc=0x869db698 valid=1 fault=0 wb_w=0 wb_rd=24 ex_r=0 ex_rd=19 -> reg_write=1 illegal=0 stall=0 redirect=0
[PASS] seq=crv_seq_14                             cyc=153 op=IDK_FORWARD_BRANCH     instr=0x25d09b63 pc=0x78695880 valid=1 fault=0 wb_w=0 wb_rd=20 ex_r=0 ex_rd=5 -> reg_write=0 illegal=0 stall=0 redirect=0
[PASS] seq=crv_seq_14                             cyc=154 op=IDK_HAZARD_RS1         instr=0x119e571e pc=0x373ca9d4 valid=1 fault=1 wb_w=0 wb_rd=10 ex_r=1 ex_rd=28 -> reg_write=0 illegal=1 stall=1 redirect=0
[PASS] seq=crv_seq_14                             cyc=155 op=IDK_RANDOM             instr=0x2c77db98 pc=0x6a9da59c valid=1 fault=1 wb_w=1 wb_rd=8 ex_r=0 ex_rd=27 -> reg_write=0 illegal=1 stall=0 redirect=0
[PASS] seq=crv_seq_14                             cyc=156 op=IDK_FORWARD_BRANCH     instr=0x155cd8e3 pc=0x918b0124 valid=1 fault=1 wb_w=1 wb_rd=26 ex_r=0 ex_rd=14 -> reg_write=0 illegal=0 stall=0 redirect=0
[PASS] seq=crv_seq_14                             cyc=157 op=IDK_LEGAL_ALU          instr=0x01c70c33 pc=0xc966b6d0 valid=1 fault=1 wb_w=1 wb_rd=17 ex_r=1 ex_rd=5 -> reg_write=1 illegal=0 stall=0 redirect=0
[PASS] seq=crv_seq_14                             cyc=158 op=IDK_ILLEGAL            instr=0x02aa5033 pc=0x90f0a3e4 valid=1 fault=1 wb_w=0 wb_rd=18 ex_r=1 ex_rd=30 -> reg_write=0 illegal=1 stall=0 redirect=0
[PASS] seq=crv_seq_14                             cyc=159 op=IDK_CSR_OP             instr=0x39dfef73 pc=0x3ec91938 valid=1 fault=0 wb_w=1 wb_rd=30 ex_r=0 ex_rd=28 -> reg_write=1 illegal=0 stall=0 redirect=0
[PASS] seq=crv_seq_14                             cyc=160 op=IDK_HAZARD_RS1         instr=0xfe0fbdb1 pc=0xc12c4130 valid=1 fault=1 wb_w=1 wb_rd=31 ex_r=1 ex_rd=31 -> reg_write=0 illegal=1 stall=1 redirect=0
[PASS] seq=crv_seq_14                             cyc=161 op=IDK_ILLEGAL            instr=0x02b745b3 pc=0x7b37ae48 valid=1 fault=0 wb_w=0 wb_rd=4 ex_r=0 ex_rd=18 -> reg_write=0 illegal=1 stall=0 redirect=0
[PASS] seq=crv_seq_14                             cyc=162 op=IDK_RANDOM             instr=0x619c814f pc=0xdb2c8a80 valid=1 fault=1 wb_w=0 wb_rd=7 ex_r=0 ex_rd=3 -> reg_write=0 illegal=1 stall=0 redirect=0
[PASS] seq=crv_seq_14                             cyc=163 op=IDK_BYPASS_RS1         instr=0xdbd566f9 pc=0x7e1bcc30 valid=1 fault=1 wb_w=1 wb_rd=10 ex_r=0 ex_rd=4 -> reg_write=0 illegal=1 stall=0 redirect=0
[PASS] seq=crv_seq_14                             cyc=164 op=IDK_FORWARD_BRANCH     instr=0x4a5fbee3 pc=0xfd24f17c valid=1 fault=0 wb_w=1 wb_rd=7 ex_r=0 ex_rd=4 -> reg_write=0 illegal=0 stall=0 redirect=0
[PASS] seq=crv_seq_14                             cyc=165 op=IDK_RANDOM             instr=0xa67cbb50 pc=0xe8436d54 valid=1 fault=1 wb_w=0 wb_rd=23 ex_r=0 ex_rd=20 -> reg_write=0 illegal=1 stall=0 redirect=0
[PASS] seq=crv_seq_14                             cyc=166 op=IDK_BYPASS_RS1         instr=0xac0af2db pc=0x7d31b9bc valid=1 fault=1 wb_w=1 wb_rd=21 ex_r=0 ex_rd=0 -> reg_write=0 illegal=1 stall=0 redirect=0
[PASS] seq=crv_seq_14                             cyc=167 op=IDK_BYPASS_RS2         instr=0x5edd62af pc=0x88aa0a2c valid=1 fault=1 wb_w=1 wb_rd=13 ex_r=1 ex_rd=13 -> reg_write=0 illegal=1 stall=1 redirect=0
[PASS] seq=crv_seq_14                             cyc=168 op=IDK_LEGAL_ALU          instr=0x41fa1ab3 pc=0x239f0a1c valid=1 fault=1 wb_w=1 wb_rd=11 ex_r=0 ex_rd=1 -> reg_write=1 illegal=0 stall=0 redirect=0
[PASS] seq=crv_seq_14                             cyc=169 op=IDK_RANDOM             instr=0xf32dd554 pc=0x3e8ccbfc valid=1 fault=0 wb_w=0 wb_rd=25 ex_r=1 ex_rd=16 -> reg_write=0 illegal=1 stall=0 redirect=0
[PASS] seq=crv_seq_14                             cyc=170 op=IDK_JALR               instr=0xaa9e63e7 pc=0xc29aea8c valid=1 fault=0 wb_w=0 wb_rd=19 ex_r=1 ex_rd=11 -> reg_write=1 illegal=0 stall=0 redirect=0
[PASS] seq=crv_seq_14                             cyc=171 op=IDK_BYPASS_RS1         instr=0x5e2d9315 pc=0x9416f780 valid=1 fault=0 wb_w=1 wb_rd=27 ex_r=1 ex_rd=27 -> reg_write=0 illegal=1 stall=1 redirect=0
[PASS] seq=crv_seq_14                             cyc=172 op=IDK_HAZARD_RS1         instr=0x394f9ead pc=0x78c2bdc4 valid=1 fault=0 wb_w=0 wb_rd=21 ex_r=1 ex_rd=31 -> reg_write=0 illegal=1 stall=1 redirect=0
[PASS] seq=crv_seq_14                             cyc=173 op=IDK_LEGAL_ALU          instr=0x408f46b3 pc=0x63c29a60 valid=1 fault=1 wb_w=1 wb_rd=19 ex_r=1 ex_rd=29 -> reg_write=1 illegal=0 stall=0 redirect=0
[PASS] seq=crv_seq_14                             cyc=174 op=IDK_RANDOM             instr=0xebcfd846 pc=0x93b420e8 valid=1 fault=0 wb_w=0 wb_rd=31 ex_r=0 ex_rd=18 -> reg_write=0 illegal=1 stall=0 redirect=0
[PASS] seq=crv_seq_14                             cyc=175 op=IDK_RANDOM             instr=0x32e0de2e pc=0xfd4244c8 valid=1 fault=0 wb_w=1 wb_rd=1 ex_r=0 ex_rd=6 -> reg_write=0 illegal=1 stall=0 redirect=0
[PASS] seq=crv_seq_14                             cyc=176 op=IDK_BACKWARD_BRANCH    instr=0xbe7606e3 pc=0x46ac9440 valid=1 fault=0 wb_w=0 wb_rd=10 ex_r=1 ex_rd=0 -> reg_write=0 illegal=0 stall=0 redirect=1
[PASS] seq=crv_seq_14                             cyc=177 op=IDK_BYPASS_RS2         instr=0x0220874f pc=0x7661553c valid=1 fault=1 wb_w=1 wb_rd=2 ex_r=0 ex_rd=1 -> reg_write=0 illegal=1 stall=0 redirect=0
[PASS] seq=crv_seq_14                             cyc=178 op=IDK_RANDOM             instr=0x967d3282 pc=0x2d3f4390 valid=1 fault=0 wb_w=1 wb_rd=4 ex_r=0 ex_rd=2 -> reg_write=0 illegal=1 stall=0 redirect=0
[PASS] seq=crv_seq_14                             cyc=179 op=IDK_RANDOM             instr=0xefae8526 pc=0x785d3678 valid=1 fault=1 wb_w=0 wb_rd=0 ex_r=1 ex_rd=21 -> reg_write=0 illegal=1 stall=0 redirect=0
[PASS] seq=crv_seq_14                             cyc=180 op=IDK_HAZARD_BOTH        instr=0xb2210b2e pc=0x6e0a9930 valid=1 fault=1 wb_w=1 wb_rd=10 ex_r=1 ex_rd=2 -> reg_write=0 illegal=1 stall=1 redirect=0
[PASS] seq=crv_seq_14                             cyc=181 op=IDK_RANDOM             instr=0xffb2c985 pc=0xbc86dc84 valid=1 fault=1 wb_w=1 wb_rd=6 ex_r=1 ex_rd=17 -> reg_write=0 illegal=1 stall=0 redirect=0
[PASS] seq=crv_seq_14                             cyc=182 op=IDK_BYPASS_RS1         instr=0x4afd80ba pc=0x4615b780 valid=1 fault=1 wb_w=1 wb_rd=27 ex_r=0 ex_rd=27 -> reg_write=0 illegal=1 stall=0 redirect=0
[PASS] seq=crv_seq_14                             cyc=183 op=IDK_BYPASS_RS1         instr=0x0f41dc3b pc=0x9725ea60 valid=1 fault=0 wb_w=1 wb_rd=3 ex_r=0 ex_rd=7 -> reg_write=0 illegal=1 stall=0 redirect=0
[PASS] seq=crv_seq_14                             cyc=184 op=IDK_BYPASS_RS2         instr=0x37a4e9a0 pc=0x191c4fc4 valid=1 fault=0 wb_w=1 wb_rd=26 ex_r=0 ex_rd=24 -> reg_write=0 illegal=1 stall=0 redirect=0
[PASS] seq=crv_seq_14                             cyc=185 op=IDK_ILLEGAL            instr=0x020bd1b3 pc=0xb4e554d8 valid=1 fault=0 wb_w=0 wb_rd=10 ex_r=0 ex_rd=8 -> reg_write=0 illegal=1 stall=0 redirect=0
[PASS] seq=crv_seq_14                             cyc=186 op=IDK_BACKWARD_BRANCH    instr=0xe0641be3 pc=0x73bfb0c4 valid=1 fault=0 wb_w=1 wb_rd=30 ex_r=1 ex_rd=31 -> reg_write=0 illegal=0 stall=0 redirect=1
[PASS] seq=crv_seq_14                             cyc=187 op=IDK_LEGAL_ALU          instr=0x00f84a33 pc=0x489c8454 valid=1 fault=0 wb_w=1 wb_rd=0 ex_r=0 ex_rd=15 -> reg_write=1 illegal=0 stall=0 redirect=0
[PASS] seq=crv_seq_14                             cyc=188 op=IDK_HAZARD_RS1         instr=0x2eccd1aa pc=0x76b24924 valid=1 fault=1 wb_w=0 wb_rd=21 ex_r=1 ex_rd=25 -> reg_write=0 illegal=1 stall=1 redirect=0
[PASS] seq=crv_seq_14                             cyc=189 op=IDK_HAZARD_RS1         instr=0x2564f722 pc=0x4e37f6c4 valid=1 fault=1 wb_w=1 wb_rd=24 ex_r=1 ex_rd=9 -> reg_write=0 illegal=1 stall=1 redirect=0
[PASS] seq=crv_seq_14                             cyc=190 op=IDK_FORWARD_BRANCH     instr=0x752d7be3 pc=0xd91053a0 valid=1 fault=1 wb_w=0 wb_rd=29 ex_r=1 ex_rd=12 -> reg_write=0 illegal=0 stall=0 redirect=0
[PASS] seq=crv_seq_14                             cyc=191 op=IDK_LEGAL_ALU          instr=0x016bd2b3 pc=0x93fd2894 valid=1 fault=0 wb_w=1 wb_rd=22 ex_r=1 ex_rd=21 -> reg_write=1 illegal=0 stall=0 redirect=0
[PASS] seq=crv_seq_14                             cyc=192 op=IDK_BYPASS_RS1         instr=0x6661bb0b pc=0xa6b5b5f0 valid=1 fault=1 wb_w=1 wb_rd=3 ex_r=0 ex_rd=7 -> reg_write=0 illegal=0 stall=0 redirect=0
[PASS] seq=crv_seq_14                             cyc=193 op=IDK_RANDOM             instr=0x0ce3d51d pc=0x3d4dc93c valid=1 fault=1 wb_w=0 wb_rd=8 ex_r=0 ex_rd=14 -> reg_write=0 illegal=1 stall=0 redirect=0
[PASS] seq=crv_seq_14                             cyc=194 op=IDK_JAL                instr=0x977d726f pc=0x137f7eb4 valid=1 fault=1 wb_w=1 wb_rd=16 ex_r=1 ex_rd=30 -> reg_write=1 illegal=0 stall=0 redirect=1
[PASS] seq=crv_seq_14                             cyc=195 op=IDK_LEGAL_ALU          instr=0x41d84ab3 pc=0x88a48730 valid=1 fault=0 wb_w=1 wb_rd=23 ex_r=1 ex_rd=12 -> reg_write=1 illegal=0 stall=0 redirect=0
[PASS] seq=crv_seq_14                             cyc=196 op=IDK_BYPASS_RS1         instr=0x2fb7e8c8 pc=0xc9f4a720 valid=1 fault=1 wb_w=1 wb_rd=15 ex_r=0 ex_rd=23 -> reg_write=0 illegal=1 stall=0 redirect=0
[PASS] seq=crv_seq_14                             cyc=197 op=IDK_HAZARD_RS1         instr=0x400154af pc=0x0a5b4418 valid=1 fault=1 wb_w=0 wb_rd=7 ex_r=1 ex_rd=2 -> reg_write=0 illegal=1 stall=1 redirect=0
[PASS] seq=crv_seq_14                             cyc=198 op=IDK_CSR_OP             instr=0x163f7df3 pc=0xa4c87648 valid=1 fault=0 wb_w=1 wb_rd=2 ex_r=1 ex_rd=11 -> reg_write=1 illegal=0 stall=0 redirect=0
[PASS] seq=crv_seq_14                             cyc=199 op=IDK_JAL                instr=0x48722bef pc=0xb9a803d8 valid=1 fault=0 wb_w=0 wb_rd=18 ex_r=0 ex_rd=18 -> reg_write=1 illegal=0 stall=0 redirect=1

============ ID_STAGE UNIT TB SUMMARY ============
 SEQUENCES=27  TOTAL_CYCLES=3067  PASS=3067  FAIL=0
 FUNCTIONAL COVERAGE = 100.00 %
 RESULT: ALL CHECKS PASSED
 NOTE: see cross_sequence_persistence_check_x12 above - it only
       passes because the embedded register file's shadow model
       was never reset between sequences (regfile.v's rst_n_i is
       dead wiring - see tapeout_regfile.sv for the full finding).
====================================================

$finish called from file "tb_id_stage.sv", line 1229.
$finish at simulation time             30691000

---------------------------------------------------------------------------
VCS Coverage Metrics: during simulation line, cond, FSM, branch, tgl was monitored
---------------------------------------------------------------------------

 Coverage status: End of All Coverages ...

           V C S   S i m u l a t i o n   R e p o r t 
Time: 30691000 ps
CPU Time:      0.230 seconds;       Data structure size:   0.0Mb
Thu Jul 30 11:57:49 2026
[SCL] 07/30/2026 11:57:49 PID:30495 Client:cvr-vlsi63.cvr.ac.in checkin (null) 

