 VCS Coverage Metrics Release U-2023.03_Full64 Copyright (c) 1991-2023 by Synopsys Inc.
[PASS] seq=idle_nop                       cyc=0 op=IK_NONE_TYPE     instr=0x00000013 sel=6 -> imm=0x00000000
[PASS] seq=i_type_boundaries              cyc=0 op=IK_I_TYPE        instr=0x80000000 sel=0 -> imm=0xfffff800
[PASS] seq=i_type_boundaries              cyc=1 op=IK_I_TYPE        instr=0x7ff00000 sel=0 -> imm=0x000007ff
[PASS] seq=i_type_boundaries              cyc=2 op=IK_I_TYPE        instr=0x00000000 sel=0 -> imm=0x00000000
[PASS] seq=i_type_boundaries              cyc=3 op=IK_I_TYPE        instr=0xfff00000 sel=0 -> imm=0xffffffff
[PASS] seq=s_type_boundaries              cyc=0 op=IK_S_TYPE        instr=0x80000000 sel=1 -> imm=0xfffff800
[PASS] seq=s_type_boundaries              cyc=1 op=IK_S_TYPE        instr=0x7e000f80 sel=1 -> imm=0x000007ff
[PASS] seq=s_type_boundaries              cyc=2 op=IK_S_TYPE        instr=0x00000000 sel=1 -> imm=0x00000000
[PASS] seq=b_type_boundaries              cyc=0 op=IK_B_TYPE        instr=0x80000000 sel=2 -> imm=0xfffff000
[PASS] seq=b_type_boundaries              cyc=1 op=IK_B_TYPE        instr=0x00000000 sel=2 -> imm=0x00000000
[PASS] seq=b_type_boundaries              cyc=2 op=IK_B_TYPE        instr=0x7e000f80 sel=2 -> imm=0x00000ffe
[PASS] seq=u_type_boundaries              cyc=0 op=IK_U_TYPE        instr=0xfffff000 sel=3 -> imm=0xfffff000
[PASS] seq=u_type_boundaries              cyc=1 op=IK_U_TYPE        instr=0x00000000 sel=3 -> imm=0x00000000
[PASS] seq=u_type_boundaries              cyc=2 op=IK_U_TYPE        instr=0x80000000 sel=3 -> imm=0x80000000
[PASS] seq=j_type_boundaries              cyc=0 op=IK_J_TYPE        instr=0x00000000 sel=4 -> imm=0x00000000
[PASS] seq=j_type_boundaries              cyc=1 op=IK_J_TYPE        instr=0x80000000 sel=4 -> imm=0xfff00000
[PASS] seq=csr_zero_extension_boundaries  cyc=0 op=IK_CSR_TYPE      instr=0xfff00000 sel=5 -> imm=0x00000000
[PASS] seq=csr_zero_extension_boundaries  cyc=1 op=IK_CSR_TYPE      instr=0xffff8000 sel=5 -> imm=0x0000001f
[PASS] seq=csr_zero_extension_boundaries  cyc=2 op=IK_CSR_TYPE      instr=0xfff88000 sel=5 -> imm=0x00000011
[PASS] seq=none_forces_zero               cyc=0 op=IK_NONE_TYPE     instr=0xffffffff sel=6 -> imm=0x00000000
[PASS] seq=none_forces_zero               cyc=1 op=IK_NONE_TYPE     instr=0xdeadbeef sel=6 -> imm=0x00000000
[PASS] seq=imm_b_j_liveness_all_sel       cyc=0 op=IK_RANDOM        instr=0xa5a5a5a5 sel=0 -> imm=0xfffffa5a
[PASS] seq=imm_b_j_liveness_all_sel       cyc=1 op=IK_RANDOM        instr=0xa5a5a5a5 sel=1 -> imm=0xfffffa4b
[PASS] seq=imm_b_j_liveness_all_sel       cyc=2 op=IK_RANDOM        instr=0xa5a5a5a5 sel=2 -> imm=0xfffffa4a
[PASS] seq=imm_b_j_liveness_all_sel       cyc=3 op=IK_RANDOM        instr=0xa5a5a5a5 sel=3 -> imm=0xa5a5a000
[PASS] seq=imm_b_j_liveness_all_sel       cyc=4 op=IK_RANDOM        instr=0xa5a5a5a5 sel=4 -> imm=0xfff5a25a
[PASS] seq=imm_b_j_liveness_all_sel       cyc=5 op=IK_RANDOM        instr=0xa5a5a5a5 sel=5 -> imm=0x0000000b
[PASS] seq=imm_b_j_liveness_all_sel       cyc=6 op=IK_RANDOM        instr=0xa5a5a5a5 sel=6 -> imm=0x00000000
[PASS] seq=unassigned_sel_encoding        cyc=0 op=IK_RANDOM        instr=0xffffffff sel=7 -> imm=0x00000000
[PASS] seq=stress_repeated_select         cyc=0 op=IK_I_TYPE        instr=0x12345678 sel=0 -> imm=0x00000123
[PASS] seq=stress_repeated_select         cyc=1 op=IK_I_TYPE        instr=0x12345678 sel=0 -> imm=0x00000123
[PASS] seq=stress_repeated_select         cyc=2 op=IK_I_TYPE        instr=0x12345678 sel=0 -> imm=0x00000123
[PASS] seq=stress_repeated_select         cyc=3 op=IK_I_TYPE        instr=0x12345678 sel=0 -> imm=0x00000123
[PASS] seq=stress_repeated_select         cyc=4 op=IK_I_TYPE        instr=0x12345678 sel=0 -> imm=0x00000123
[PASS] seq=stress_repeated_select         cyc=5 op=IK_I_TYPE        instr=0x12345678 sel=0 -> imm=0x00000123
[PASS] seq=stress_repeated_select         cyc=6 op=IK_I_TYPE        instr=0x12345678 sel=0 -> imm=0x00000123
[PASS] seq=stress_repeated_select         cyc=7 op=IK_I_TYPE        instr=0x12345678 sel=0 -> imm=0x00000123
[PASS] seq=stress_repeated_select         cyc=8 op=IK_I_TYPE        instr=0x12345678 sel=0 -> imm=0x00000123
[PASS] seq=stress_repeated_select         cyc=9 op=IK_I_TYPE        instr=0x12345678 sel=0 -> imm=0x00000123
[PASS] seq=stress_alternating_format      cyc=0 op=IK_U_TYPE        instr=0xffffffff sel=3 -> imm=0xfffff000
[PASS] seq=stress_alternating_format      cyc=1 op=IK_J_TYPE        instr=0xffffffff sel=4 -> imm=0xfffffffe
[PASS] seq=stress_alternating_format      cyc=2 op=IK_U_TYPE        instr=0xffffffff sel=3 -> imm=0xfffff000
[PASS] seq=stress_alternating_format      cyc=3 op=IK_J_TYPE        instr=0xffffffff sel=4 -> imm=0xfffffffe
[PASS] seq=stress_alternating_format      cyc=4 op=IK_U_TYPE        instr=0xffffffff sel=3 -> imm=0xfffff000
[PASS] seq=stress_alternating_format      cyc=5 op=IK_J_TYPE        instr=0xffffffff sel=4 -> imm=0xfffffffe
[PASS] seq=stress_alternating_format      cyc=6 op=IK_U_TYPE        instr=0xffffffff sel=3 -> imm=0xfffff000
[PASS] seq=stress_alternating_format      cyc=7 op=IK_J_TYPE        instr=0xffffffff sel=4 -> imm=0xfffffffe
[PASS] seq=crv_seq_0                      cyc=0 op=IK_RANDOM        instr=0x0e687202 sel=0 -> imm=0x000000e6
[PASS] seq=crv_seq_0                      cyc=1 op=IK_J_TYPE        instr=0xa26c4cf0 sel=4 -> imm=0xfffc4226
[PASS] seq=crv_seq_0                      cyc=2 op=IK_BOUNDARY_MIN  instr=0xc3800316 sel=3 -> imm=0xc3800000
[PASS] seq=crv_seq_0                      cyc=3 op=IK_RANDOM        instr=0xf6e93e1d sel=5 -> imm=0x00000012
[PASS] seq=crv_seq_0                      cyc=4 op=IK_U_TYPE        instr=0xc027dbb7 sel=3 -> imm=0xc027d000
[PASS] seq=crv_seq_0                      cyc=5 op=IK_B_TYPE        instr=0xa7f0c370 sel=2 -> imm=0xfffff266
[PASS] seq=crv_seq_0                      cyc=6 op=IK_I_TYPE        instr=0x49f87716 sel=0 -> imm=0x0000049f
[PASS] seq=crv_seq_0                      cyc=7 op=IK_CSR_TYPE      instr=0xb46329bf sel=5 -> imm=0x00000006
[PASS] seq=crv_seq_0                      cyc=8 op=IK_NONE_TYPE     instr=0x12704184 sel=6 -> imm=0x00000000
[PASS] seq=crv_seq_0                      cyc=9 op=IK_J_TYPE        instr=0x00196801 sel=4 -> imm=0x00096800
[PASS] seq=crv_seq_0                      cyc=10 op=IK_S_TYPE        instr=0x93ff8d2b sel=1 -> imm=0xfffff93a
[PASS] seq=crv_seq_0                      cyc=11 op=IK_B_TYPE        instr=0x21ed1ae6 sel=2 -> imm=0x00000a14
[PASS] seq=crv_seq_0                      cyc=12 op=IK_I_TYPE        instr=0x31cc06cc sel=0 -> imm=0x0000031c
[PASS] seq=crv_seq_0                      cyc=13 op=IK_I_TYPE        instr=0xaf81d8dc sel=0 -> imm=0xfffffaf8
[PASS] seq=crv_seq_0                      cyc=14 op=IK_RANDOM        instr=0x6b9f0bd4 sel=2 -> imm=0x00000eb6
[PASS] seq=crv_seq_0                      cyc=15 op=IK_RANDOM        instr=0x4905b589 sel=3 -> imm=0x4905b000
[PASS] seq=crv_seq_0                      cyc=16 op=IK_U_TYPE        instr=0xb2e00fb7 sel=3 -> imm=0xb2e00000
[PASS] seq=crv_seq_0                      cyc=17 op=IK_I_TYPE        instr=0xfa5a62b5 sel=0 -> imm=0xffffffa5
[PASS] seq=crv_seq_0                      cyc=18 op=IK_CSR_TYPE      instr=0xe7923f63 sel=5 -> imm=0x00000004
[PASS] seq=crv_seq_0                      cyc=19 op=IK_U_TYPE        instr=0x246c9965 sel=3 -> imm=0x246c9000
[PASS] seq=crv_seq_0                      cyc=20 op=IK_S_TYPE        instr=0xd9e46414 sel=1 -> imm=0xfffffd88
[PASS] seq=crv_seq_0                      cyc=21 op=IK_B_TYPE        instr=0xab17a2da sel=2 -> imm=0xfffffaa4
[PASS] seq=crv_seq_0                      cyc=22 op=IK_NONE_TYPE     instr=0x021ca03f sel=6 -> imm=0x00000000
[PASS] seq=crv_seq_0                      cyc=23 op=IK_NONE_TYPE     instr=0x8c5cc5c6 sel=6 -> imm=0x00000000
[PASS] seq=crv_seq_0                      cyc=24 op=IK_CSR_TYPE      instr=0x343870de sel=5 -> imm=0x00000010
[PASS] seq=crv_seq_0                      cyc=25 op=IK_B_TYPE        instr=0x3e343fb8 sel=2 -> imm=0x00000bfe
[PASS] seq=crv_seq_0                      cyc=26 op=IK_RANDOM        instr=0xeebc70b4 sel=5 -> imm=0x00000018
[PASS] seq=crv_seq_0                      cyc=27 op=IK_RANDOM        instr=0xc70bbd70 sel=6 -> imm=0x00000000
[PASS] seq=crv_seq_0                      cyc=28 op=IK_CSR_TYPE      instr=0x5a71f16c sel=5 -> imm=0x00000003
[PASS] seq=crv_seq_0                      cyc=29 op=IK_U_TYPE        instr=0x3a34188f sel=3 -> imm=0x3a341000
[PASS] seq=crv_seq_0                      cyc=30 op=IK_J_TYPE        instr=0xd71be93f sel=4 -> imm=0xfffbed70
[PASS] seq=crv_seq_0                      cyc=31 op=IK_U_TYPE        instr=0xc5ea9564 sel=3 -> imm=0xc5ea9000
[PASS] seq=crv_seq_0                      cyc=32 op=IK_BOUNDARY_ZERO instr=0x00000000 sel=4 -> imm=0x00000000
[PASS] seq=crv_seq_0                      cyc=33 op=IK_J_TYPE        instr=0x4274bd0e sel=4 -> imm=0x0004bc26
[PASS] seq=crv_seq_0                      cyc=34 op=IK_J_TYPE        instr=0x06cae130 sel=4 -> imm=0x000ae06c
[PASS] seq=crv_seq_0                      cyc=35 op=IK_RANDOM        instr=0xc81eaa78 sel=3 -> imm=0xc81ea000
[PASS] seq=crv_seq_0                      cyc=36 op=IK_J_TYPE        instr=0x72f182c7 sel=4 -> imm=0x00018f2e
[PASS] seq=crv_seq_0                      cyc=37 op=IK_J_TYPE        instr=0xd70d16eb sel=4 -> imm=0xfffd1570
[PASS] seq=crv_seq_0                      cyc=38 op=IK_BOUNDARY_MAX  instr=0x7fffffff sel=3 -> imm=0x7ffff000
[PASS] seq=crv_seq_0                      cyc=39 op=IK_U_TYPE        instr=0xd8ae3db3 sel=3 -> imm=0xd8ae3000
[PASS] seq=crv_seq_0                      cyc=40 op=IK_BOUNDARY_MIN  instr=0x9ff6dabd sel=2 -> imm=0xfffff9f4
[PASS] seq=crv_seq_0                      cyc=41 op=IK_J_TYPE        instr=0x7e9eb75e sel=4 -> imm=0x000ebfe8
[PASS] seq=crv_seq_0                      cyc=42 op=IK_S_TYPE        instr=0x9cebf0c8 sel=1 -> imm=0xfffff9c1
[PASS] seq=crv_seq_0                      cyc=43 op=IK_CSR_TYPE      instr=0x9a1e6ece sel=5 -> imm=0x0000001c
[PASS] seq=crv_seq_0                      cyc=44 op=IK_CSR_TYPE      instr=0x5c04638e sel=5 -> imm=0x00000008
[PASS] seq=crv_seq_0                      cyc=45 op=IK_I_TYPE        instr=0x43e3c46c sel=0 -> imm=0x0000043e
[PASS] seq=crv_seq_0                      cyc=46 op=IK_NONE_TYPE     instr=0xb2af9d0c sel=6 -> imm=0x00000000
[PASS] seq=crv_seq_0                      cyc=47 op=IK_U_TYPE        instr=0xb0259274 sel=3 -> imm=0xb0259000
[PASS] seq=crv_seq_0                      cyc=48 op=IK_S_TYPE        instr=0xadc7d07b sel=1 -> imm=0xfffffac0
[PASS] seq=crv_seq_0                      cyc=49 op=IK_S_TYPE        instr=0xe6cef5f1 sel=1 -> imm=0xfffffe6b
[PASS] seq=crv_seq_0                      cyc=50 op=IK_U_TYPE        instr=0xdd2faac6 sel=3 -> imm=0xdd2fa000
[PASS] seq=crv_seq_0                      cyc=51 op=IK_B_TYPE        instr=0xb925f521 sel=2 -> imm=0xfffff38a
[PASS] seq=crv_seq_0                      cyc=52 op=IK_U_TYPE        instr=0x3051e170 sel=3 -> imm=0x3051e000
[PASS] seq=crv_seq_0                      cyc=53 op=IK_S_TYPE        instr=0x69978782 sel=1 -> imm=0x0000068f
[PASS] seq=crv_seq_0                      cyc=54 op=IK_J_TYPE        instr=0x6ea053a4 sel=4 -> imm=0x000056ea
[PASS] seq=crv_seq_0                      cyc=55 op=IK_RANDOM        instr=0x8f37be20 sel=2 -> imm=0xfffff0fc
[PASS] seq=crv_seq_0                      cyc=56 op=IK_RANDOM        instr=0x95f34f20 sel=4 -> imm=0xfff3495e
[PASS] seq=crv_seq_0                      cyc=57 op=IK_RANDOM        instr=0x18c7c6e9 sel=0 -> imm=0x0000018c
[PASS] seq=crv_seq_0                      cyc=58 op=IK_S_TYPE        instr=0xb30fb466 sel=1 -> imm=0xfffffb28
[PASS] seq=crv_seq_0                      cyc=59 op=IK_U_TYPE        instr=0x9a62eb9f sel=3 -> imm=0x9a62e000
[PASS] seq=crv_seq_0                      cyc=60 op=IK_J_TYPE        instr=0x15706aac sel=4 -> imm=0x00006956
[PASS] seq=crv_seq_0                      cyc=61 op=IK_S_TYPE        instr=0x226bfbcc sel=1 -> imm=0x00000237
[PASS] seq=crv_seq_0                      cyc=62 op=IK_RANDOM        instr=0x4b3c8ff2 sel=5 -> imm=0x00000019
[PASS] seq=crv_seq_0                      cyc=63 op=IK_CSR_TYPE      instr=0x07092d22 sel=5 -> imm=0x00000012
[PASS] seq=crv_seq_0                      cyc=64 op=IK_J_TYPE        instr=0xc1e72ed3 sel=4 -> imm=0xfff7241e
[PASS] seq=crv_seq_0                      cyc=65 op=IK_I_TYPE        instr=0x19f423d9 sel=0 -> imm=0x0000019f
[PASS] seq=crv_seq_0                      cyc=66 op=IK_RANDOM        instr=0x29c4386a sel=3 -> imm=0x29c43000
[PASS] seq=crv_seq_0                      cyc=67 op=IK_BOUNDARY_ZERO instr=0x00000000 sel=3 -> imm=0x00000000
[PASS] seq=crv_seq_0                      cyc=68 op=IK_I_TYPE        instr=0x357a8875 sel=0 -> imm=0x00000357
[PASS] seq=crv_seq_0                      cyc=69 op=IK_S_TYPE        instr=0xfe7e0b11 sel=1 -> imm=0xfffffff6
[PASS] seq=crv_seq_0                      cyc=70 op=IK_RANDOM        instr=0xb683a10c sel=6 -> imm=0x00000000
[PASS] seq=crv_seq_0                      cyc=71 op=IK_S_TYPE        instr=0x83e10634 sel=1 -> imm=0xfffff82c
[PASS] seq=crv_seq_0                      cyc=72 op=IK_J_TYPE        instr=0xe6ac09d0 sel=4 -> imm=0xfffc066a
[PASS] seq=crv_seq_0                      cyc=73 op=IK_RANDOM        instr=0x4cb05834 sel=2 -> imm=0x000004d0
[PASS] seq=crv_seq_0                      cyc=74 op=IK_I_TYPE        instr=0xf36d1a57 sel=0 -> imm=0xffffff36
[PASS] seq=crv_seq_0                      cyc=75 op=IK_CSR_TYPE      instr=0x009e4600 sel=5 -> imm=0x0000001c
[PASS] seq=crv_seq_0                      cyc=76 op=IK_RANDOM        instr=0xeb689977 sel=0 -> imm=0xfffffeb6
[PASS] seq=crv_seq_0                      cyc=77 op=IK_U_TYPE        instr=0xf769769a sel=3 -> imm=0xf7697000
[PASS] seq=crv_seq_0                      cyc=78 op=IK_RANDOM        instr=0xbbf5bf37 sel=2 -> imm=0xfffff3be
[PASS] seq=crv_seq_0                      cyc=79 op=IK_B_TYPE        instr=0x3b55bed0 sel=2 -> imm=0x00000bbc
[PASS] seq=crv_seq_0                      cyc=80 op=IK_CSR_TYPE      instr=0x18107c3f sel=5 -> imm=0x00000000
[PASS] seq=crv_seq_0                      cyc=81 op=IK_U_TYPE        instr=0x1bd6f94a sel=3 -> imm=0x1bd6f000
[PASS] seq=crv_seq_0                      cyc=82 op=IK_I_TYPE        instr=0x291295a9 sel=0 -> imm=0x00000291
[PASS] seq=crv_seq_0                      cyc=83 op=IK_RANDOM        instr=0x32020893 sel=0 -> imm=0x00000320
[PASS] seq=crv_seq_0                      cyc=84 op=IK_S_TYPE        instr=0xc6a56211 sel=1 -> imm=0xfffffc64
[PASS] seq=crv_seq_0                      cyc=85 op=IK_B_TYPE        instr=0x80346acf sel=2 -> imm=0xfffff814
[PASS] seq=crv_seq_0                      cyc=86 op=IK_RANDOM        instr=0x257ee2d9 sel=4 -> imm=0x000eea56
[PASS] seq=crv_seq_0                      cyc=87 op=IK_NONE_TYPE     instr=0x1a6b95e0 sel=6 -> imm=0x00000000
[PASS] seq=crv_seq_0                      cyc=88 op=IK_BOUNDARY_ZERO instr=0x00000000 sel=3 -> imm=0x00000000
[PASS] seq=crv_seq_0                      cyc=89 op=IK_CSR_TYPE      instr=0xdd4da436 sel=5 -> imm=0x0000001b
[PASS] seq=crv_seq_0                      cyc=90 op=IK_BOUNDARY_ZERO instr=0x00000000 sel=4 -> imm=0x00000000
[PASS] seq=crv_seq_0                      cyc=91 op=IK_S_TYPE        instr=0x7faae66b sel=1 -> imm=0x000007ec
[PASS] seq=crv_seq_0                      cyc=92 op=IK_RANDOM        instr=0x98bba40b sel=6 -> imm=0x00000000
[PASS] seq=crv_seq_0                      cyc=93 op=IK_RANDOM        instr=0x46d65125 sel=0 -> imm=0x0000046d
[PASS] seq=crv_seq_0                      cyc=94 op=IK_RANDOM        instr=0x492fa1f0 sel=0 -> imm=0x00000492
[PASS] seq=crv_seq_0                      cyc=95 op=IK_NONE_TYPE     instr=0x06b0e634 sel=6 -> imm=0x00000000
[PASS] seq=crv_seq_0                      cyc=96 op=IK_I_TYPE        instr=0x6e37f8ae sel=0 -> imm=0x000006e3
[PASS] seq=crv_seq_0                      cyc=97 op=IK_U_TYPE        instr=0xff062ae3 sel=3 -> imm=0xff062000
[PASS] seq=crv_seq_0                      cyc=98 op=IK_BOUNDARY_ZERO instr=0x00000000 sel=3 -> imm=0x00000000
[PASS] seq=crv_seq_0                      cyc=99 op=IK_CSR_TYPE      instr=0xb6a44746 sel=5 -> imm=0x00000008
[PASS] seq=crv_seq_0                      cyc=100 op=IK_NONE_TYPE     instr=0x5740c2f0 sel=6 -> imm=0x00000000
[PASS] seq=crv_seq_0                      cyc=101 op=IK_CSR_TYPE      instr=0x81066fef sel=5 -> imm=0x0000000c
[PASS] seq=crv_seq_0                      cyc=102 op=IK_RANDOM        instr=0x1154a11e sel=5 -> imm=0x00000009
[PASS] seq=crv_seq_0                      cyc=103 op=IK_CSR_TYPE      instr=0x0997742e sel=5 -> imm=0x0000000e
[PASS] seq=crv_seq_0                      cyc=104 op=IK_J_TYPE        instr=0xadec5a66 sel=4 -> imm=0xfffc52de
[PASS] seq=crv_seq_0                      cyc=105 op=IK_RANDOM        instr=0x29ace1c4 sel=3 -> imm=0x29ace000
[PASS] seq=crv_seq_0                      cyc=106 op=IK_I_TYPE        instr=0x2268e246 sel=0 -> imm=0x00000226
[PASS] seq=crv_seq_0                      cyc=107 op=IK_NONE_TYPE     instr=0xd3d79ee7 sel=6 -> imm=0x00000000
[PASS] seq=crv_seq_0                      cyc=108 op=IK_BOUNDARY_MIN  instr=0xf9517b9d sel=4 -> imm=0xfff17f94
[PASS] seq=crv_seq_0                      cyc=109 op=IK_S_TYPE        instr=0x997820f0 sel=1 -> imm=0xfffff981
[PASS] seq=crv_seq_0                      cyc=110 op=IK_RANDOM        instr=0x687895d4 sel=5 -> imm=0x00000011
[PASS] seq=crv_seq_0                      cyc=111 op=IK_I_TYPE        instr=0x9b6d3cbb sel=0 -> imm=0xfffff9b6
[PASS] seq=crv_seq_0                      cyc=112 op=IK_NONE_TYPE     instr=0x8dc90f75 sel=6 -> imm=0x00000000
[PASS] seq=crv_seq_0                      cyc=113 op=IK_S_TYPE        instr=0x99c90f81 sel=1 -> imm=0xfffff99f
[PASS] seq=crv_seq_0                      cyc=114 op=IK_BOUNDARY_ZERO instr=0x00000000 sel=0 -> imm=0x00000000
[PASS] seq=crv_seq_0                      cyc=115 op=IK_J_TYPE        instr=0x5bae661d sel=4 -> imm=0x000e65ba
[PASS] seq=crv_seq_0                      cyc=116 op=IK_S_TYPE        instr=0x02ee4540 sel=1 -> imm=0x0000002a
[PASS] seq=crv_seq_0                      cyc=117 op=IK_NONE_TYPE     instr=0x524321ce sel=6 -> imm=0x00000000
[PASS] seq=crv_seq_0                      cyc=118 op=IK_J_TYPE        instr=0x8af2f373 sel=4 -> imm=0xfff2f8ae
[PASS] seq=crv_seq_0                      cyc=119 op=IK_J_TYPE        instr=0xc8c709c5 sel=4 -> imm=0xfff7048c
[PASS] seq=crv_seq_0                      cyc=120 op=IK_B_TYPE        instr=0x257f0255 sel=2 -> imm=0x00000244
[PASS] seq=crv_seq_0                      cyc=121 op=IK_BOUNDARY_MIN  instr=0xa71500be sel=2 -> imm=0xfffffa60
[PASS] seq=crv_seq_0                      cyc=122 op=IK_RANDOM        instr=0x6ab98ee2 sel=6 -> imm=0x00000000
[PASS] seq=crv_seq_0                      cyc=123 op=IK_BOUNDARY_MIN  instr=0xecf755a5 sel=6 -> imm=0x00000000
[PASS] seq=crv_seq_0                      cyc=124 op=IK_CSR_TYPE      instr=0x6a6dcd64 sel=5 -> imm=0x0000001b
[PASS] seq=crv_seq_0                      cyc=125 op=IK_U_TYPE        instr=0x46961bb3 sel=3 -> imm=0x46961000
[PASS] seq=crv_seq_0                      cyc=126 op=IK_B_TYPE        instr=0xdd53442a sel=2 -> imm=0xfffff5c8
[PASS] seq=crv_seq_0                      cyc=127 op=IK_RANDOM        instr=0x8b29d3bd sel=2 -> imm=0xfffff8a6
[PASS] seq=crv_seq_0                      cyc=128 op=IK_U_TYPE        instr=0x05812f53 sel=3 -> imm=0x05812000
[PASS] seq=crv_seq_0                      cyc=129 op=IK_RANDOM        instr=0xbc985853 sel=0 -> imm=0xfffffbc9
[PASS] seq=crv_seq_0                      cyc=130 op=IK_CSR_TYPE      instr=0xa6908c3a sel=5 -> imm=0x00000001
[PASS] seq=crv_seq_0                      cyc=131 op=IK_U_TYPE        instr=0xda05fe8a sel=3 -> imm=0xda05f000
[PASS] seq=crv_seq_0                      cyc=132 op=IK_BOUNDARY_MAX  instr=0x7fffffff sel=0 -> imm=0x000007ff
[PASS] seq=crv_seq_0                      cyc=133 op=IK_I_TYPE        instr=0xb35dc786 sel=0 -> imm=0xfffffb35
[PASS] seq=crv_seq_0                      cyc=134 op=IK_I_TYPE        instr=0x1944f6d8 sel=0 -> imm=0x00000194
[PASS] seq=crv_seq_0                      cyc=135 op=IK_J_TYPE        instr=0xa9dd4c26 sel=4 -> imm=0xfffd4a9c
[PASS] seq=crv_seq_0                      cyc=136 op=IK_B_TYPE        instr=0x8c62b400 sel=2 -> imm=0xfffff0c8
[PASS] seq=crv_seq_0                      cyc=137 op=IK_U_TYPE        instr=0x66f9c00a sel=3 -> imm=0x66f9c000
[PASS] seq=crv_seq_0                      cyc=138 op=IK_I_TYPE        instr=0xc1950767 sel=0 -> imm=0xfffffc19
[PASS] seq=crv_seq_0                      cyc=139 op=IK_S_TYPE        instr=0x3763e990 sel=1 -> imm=0x00000373
[PASS] seq=crv_seq_0                      cyc=140 op=IK_I_TYPE        instr=0x84e60481 sel=0 -> imm=0xfffff84e
[PASS] seq=crv_seq_0                      cyc=141 op=IK_I_TYPE        instr=0x86c3864c sel=0 -> imm=0xfffff86c
[PASS] seq=crv_seq_0                      cyc=142 op=IK_J_TYPE        instr=0x2e676005 sel=4 -> imm=0x000762e6
[PASS] seq=crv_seq_0                      cyc=143 op=IK_RANDOM        instr=0xa7f8d353 sel=5 -> imm=0x00000011
[PASS] seq=crv_seq_0                      cyc=144 op=IK_S_TYPE        instr=0x76071d42 sel=1 -> imm=0x0000077a
[PASS] seq=crv_seq_0                      cyc=145 op=IK_RANDOM        instr=0x2fef4993 sel=1 -> imm=0x000002f3
[PASS] seq=crv_seq_0                      cyc=146 op=IK_B_TYPE        instr=0xb675090b sel=2 -> imm=0xfffff372
[PASS] seq=crv_seq_0                      cyc=147 op=IK_BOUNDARY_ZERO instr=0x00000000 sel=3 -> imm=0x00000000
[PASS] seq=crv_seq_0                      cyc=148 op=IK_J_TYPE        instr=0x632a1e00 sel=4 -> imm=0x000a1632
[PASS] seq=crv_seq_0                      cyc=149 op=IK_RANDOM        instr=0xaead3c4e sel=2 -> imm=0xfffff2f8
[PASS] seq=crv_seq_0                      cyc=150 op=IK_RANDOM        instr=0x6771cbaa sel=4 -> imm=0x0001ce76
[PASS] seq=crv_seq_0                      cyc=151 op=IK_U_TYPE        instr=0x6bce9ea8 sel=3 -> imm=0x6bce9000
[PASS] seq=crv_seq_0                      cyc=152 op=IK_RANDOM        instr=0x457ac93b sel=3 -> imm=0x457ac000
[PASS] seq=crv_seq_0                      cyc=153 op=IK_BOUNDARY_MAX  instr=0x7fffffff sel=0 -> imm=0x000007ff
[PASS] seq=crv_seq_0                      cyc=154 op=IK_U_TYPE        instr=0xb1d37ee4 sel=3 -> imm=0xb1d37000
[PASS] seq=crv_seq_0                      cyc=155 op=IK_I_TYPE        instr=0x8394eb36 sel=0 -> imm=0xfffff839
[PASS] seq=crv_seq_0                      cyc=156 op=IK_RANDOM        instr=0x540d2536 sel=1 -> imm=0x0000054a
[PASS] seq=crv_seq_0                      cyc=157 op=IK_RANDOM        instr=0x2c2d5d52 sel=5 -> imm=0x0000001a
[PASS] seq=crv_seq_0                      cyc=158 op=IK_J_TYPE        instr=0xe2f1ea39 sel=4 -> imm=0xfff1ee2e
[PASS] seq=crv_seq_0                      cyc=159 op=IK_BOUNDARY_ZERO instr=0x00000000 sel=5 -> imm=0x00000000
[PASS] seq=crv_seq_0                      cyc=160 op=IK_B_TYPE        instr=0xc8372f60 sel=2 -> imm=0xfffff49e
[PASS] seq=crv_seq_0                      cyc=161 op=IK_RANDOM        instr=0x3efd876a sel=4 -> imm=0x000d8bee
[PASS] seq=crv_seq_0                      cyc=162 op=IK_J_TYPE        instr=0x246e026b sel=4 -> imm=0x000e0246
[PASS] seq=crv_seq_0                      cyc=163 op=IK_BOUNDARY_MIN  instr=0xce60dd3b sel=4 -> imm=0xfff0d4e6
[PASS] seq=crv_seq_0                      cyc=164 op=IK_J_TYPE        instr=0x600c6678 sel=4 -> imm=0x000c6600
[PASS] seq=crv_seq_0                      cyc=165 op=IK_CSR_TYPE      instr=0x7fd8e79a sel=5 -> imm=0x00000011
[PASS] seq=crv_seq_0                      cyc=166 op=IK_I_TYPE        instr=0x75a168be sel=0 -> imm=0x0000075a
[PASS] seq=crv_seq_0                      cyc=167 op=IK_J_TYPE        instr=0x23c0d397 sel=4 -> imm=0x0000d23c
[PASS] seq=crv_seq_0                      cyc=168 op=IK_RANDOM        instr=0xaa714c95 sel=3 -> imm=0xaa714000
[PASS] seq=crv_seq_0                      cyc=169 op=IK_I_TYPE        instr=0x9fc157cb sel=0 -> imm=0xfffff9fc
[PASS] seq=crv_seq_0                      cyc=170 op=IK_S_TYPE        instr=0xa472b4e1 sel=1 -> imm=0xfffffa49
[PASS] seq=crv_seq_0                      cyc=171 op=IK_I_TYPE        instr=0x0583a85e sel=0 -> imm=0x00000058
[PASS] seq=crv_seq_0                      cyc=172 op=IK_RANDOM        instr=0x5bbad00a sel=3 -> imm=0x5bbad000
[PASS] seq=crv_seq_0                      cyc=173 op=IK_I_TYPE        instr=0x517c6485 sel=0 -> imm=0x00000517
[PASS] seq=crv_seq_0                      cyc=174 op=IK_BOUNDARY_ZERO instr=0x00000000 sel=5 -> imm=0x00000000
[PASS] seq=crv_seq_0                      cyc=175 op=IK_B_TYPE        instr=0x23236b3a sel=2 -> imm=0x00000236
[PASS] seq=crv_seq_0                      cyc=176 op=IK_I_TYPE        instr=0xdcf201ae sel=0 -> imm=0xfffffdcf
[PASS] seq=crv_seq_0                      cyc=177 op=IK_B_TYPE        instr=0xe84924fd sel=2 -> imm=0xfffffe88
[PASS] seq=crv_seq_0                      cyc=178 op=IK_RANDOM        instr=0xc6cbf17b sel=6 -> imm=0x00000000
[PASS] seq=crv_seq_0                      cyc=179 op=IK_CSR_TYPE      instr=0x94d4e691 sel=5 -> imm=0x00000009
[PASS] seq=crv_seq_0                      cyc=180 op=IK_B_TYPE        instr=0xcac8ffe6 sel=2 -> imm=0xfffffcbe
[PASS] seq=crv_seq_0                      cyc=181 op=IK_RANDOM        instr=0x084d36a8 sel=2 -> imm=0x0000088c
[PASS] seq=crv_seq_0                      cyc=182 op=IK_RANDOM        instr=0x3952b526 sel=2 -> imm=0x0000038a
[PASS] seq=crv_seq_0                      cyc=183 op=IK_BOUNDARY_ZERO instr=0x00000000 sel=5 -> imm=0x00000000
[PASS] seq=crv_seq_0                      cyc=184 op=IK_B_TYPE        instr=0xd1a4f49a sel=2 -> imm=0xfffffd08
[PASS] seq=crv_seq_0                      cyc=185 op=IK_RANDOM        instr=0x6042c3af sel=4 -> imm=0x0002c604
[PASS] seq=crv_seq_0                      cyc=186 op=IK_RANDOM        instr=0x6d8bc969 sel=0 -> imm=0x000006d8
[PASS] seq=crv_seq_0                      cyc=187 op=IK_B_TYPE        instr=0x6290aa1f sel=2 -> imm=0x00000634
[PASS] seq=crv_seq_0                      cyc=188 op=IK_B_TYPE        instr=0x6365c012 sel=2 -> imm=0x00000620
[PASS] seq=crv_seq_0                      cyc=189 op=IK_B_TYPE        instr=0xe4888372 sel=2 -> imm=0xfffff646
[PASS] seq=crv_seq_0                      cyc=190 op=IK_B_TYPE        instr=0x9f4a0257 sel=2 -> imm=0xfffff1e4
[PASS] seq=crv_seq_0                      cyc=191 op=IK_S_TYPE        instr=0x2de44a57 sel=1 -> imm=0x000002d4
[PASS] seq=crv_seq_0                      cyc=192 op=IK_RANDOM        instr=0x196c995e sel=4 -> imm=0x000c9196
[PASS] seq=crv_seq_0                      cyc=193 op=IK_J_TYPE        instr=0x5981b1d3 sel=4 -> imm=0x0001b598
[PASS] seq=crv_seq_0                      cyc=194 op=IK_BOUNDARY_MAX  instr=0x7fffffff sel=5 -> imm=0x0000001f
[PASS] seq=crv_seq_0                      cyc=195 op=IK_RANDOM        instr=0xfa7f6838 sel=0 -> imm=0xffffffa7
[PASS] seq=crv_seq_0                      cyc=196 op=IK_S_TYPE        instr=0x0c11f582 sel=1 -> imm=0x000000cb
[PASS] seq=crv_seq_0                      cyc=197 op=IK_RANDOM        instr=0xbfb84f39 sel=4 -> imm=0xfff84bfa
[PASS] seq=crv_seq_0                      cyc=198 op=IK_U_TYPE        instr=0xe7dec062 sel=3 -> imm=0xe7dec000
[PASS] seq=crv_seq_0                      cyc=199 op=IK_S_TYPE        instr=0x2f46fdb3 sel=1 -> imm=0x000002fb
[PASS] seq=crv_seq_1                      cyc=0 op=IK_BOUNDARY_MIN  instr=0x8226bf2c sel=4 -> imm=0xfff6b022
[PASS] seq=crv_seq_1                      cyc=1 op=IK_BOUNDARY_ZERO instr=0x00000000 sel=6 -> imm=0x00000000
[PASS] seq=crv_seq_1                      cyc=2 op=IK_B_TYPE        instr=0x8b6dc3b2 sel=2 -> imm=0xfffff8a6
[PASS] seq=crv_seq_1                      cyc=3 op=IK_BOUNDARY_MAX  instr=0x7fffffff sel=4 -> imm=0x000ffffe
[PASS] seq=crv_seq_1                      cyc=4 op=IK_RANDOM        instr=0x60b7436e sel=2 -> imm=0x00000606
[PASS] seq=crv_seq_1                      cyc=5 op=IK_J_TYPE        instr=0x586ce358 sel=4 -> imm=0x000ce586
[PASS] seq=crv_seq_1                      cyc=6 op=IK_RANDOM        instr=0x4d3d5664 sel=6 -> imm=0x00000000
[PASS] seq=crv_seq_1                      cyc=7 op=IK_NONE_TYPE     instr=0x716dc941 sel=6 -> imm=0x00000000
[PASS] seq=crv_seq_1                      cyc=8 op=IK_J_TYPE        instr=0xc9bb2fc9 sel=4 -> imm=0xfffb2c9a
[PASS] seq=crv_seq_1                      cyc=9 op=IK_B_TYPE        instr=0x56a822b7 sel=2 -> imm=0x00000d64
[PASS] seq=crv_seq_1                      cyc=10 op=IK_RANDOM        instr=0x867bc009 sel=4 -> imm=0xfffbc866
[PASS] seq=crv_seq_1                      cyc=11 op=IK_U_TYPE        instr=0x204d6897 sel=3 -> imm=0x204d6000
[PASS] seq=crv_seq_1                      cyc=12 op=IK_RANDOM        instr=0x0d7f160a sel=4 -> imm=0x000f18d6
[PASS] seq=crv_seq_1                      cyc=13 op=IK_S_TYPE        instr=0x5a33602b sel=1 -> imm=0x000005a0
[PASS] seq=crv_seq_1                      cyc=14 op=IK_U_TYPE        instr=0x3ea10e6a sel=3 -> imm=0x3ea10000
[PASS] seq=crv_seq_1                      cyc=15 op=IK_RANDOM        instr=0x0de2dc49 sel=4 -> imm=0x0002d0de
[PASS] seq=crv_seq_1                      cyc=16 op=IK_I_TYPE        instr=0x5093f57e sel=0 -> imm=0x00000509
[PASS] seq=crv_seq_1                      cyc=17 op=IK_J_TYPE        instr=0x6bf5423d sel=4 -> imm=0x00054ebe
[PASS] seq=crv_seq_1                      cyc=18 op=IK_B_TYPE        instr=0xf3224a4e sel=2 -> imm=0xfffff734
[PASS] seq=crv_seq_1                      cyc=19 op=IK_J_TYPE        instr=0x8c4c3292 sel=4 -> imm=0xfffc30c4
[PASS] seq=crv_seq_1                      cyc=20 op=IK_U_TYPE        instr=0x8de3c584 sel=3 -> imm=0x8de3c000
[PASS] seq=crv_seq_1                      cyc=21 op=IK_U_TYPE        instr=0x178a8092 sel=3 -> imm=0x178a8000
[PASS] seq=crv_seq_1                      cyc=22 op=IK_RANDOM        instr=0xd7705489 sel=0 -> imm=0xfffffd77
[PASS] seq=crv_seq_1                      cyc=23 op=IK_I_TYPE        instr=0xdae86055 sel=0 -> imm=0xfffffdae
[PASS] seq=crv_seq_1                      cyc=24 op=IK_S_TYPE        instr=0x3fc63859 sel=1 -> imm=0x000003f0
[PASS] seq=crv_seq_1                      cyc=25 op=IK_BOUNDARY_MIN  instr=0x9998e904 sel=6 -> imm=0x00000000
[PASS] seq=crv_seq_1                      cyc=26 op=IK_CSR_TYPE      instr=0x61ea17dc sel=5 -> imm=0x00000014
[PASS] seq=crv_seq_1                      cyc=27 op=IK_BOUNDARY_MIN  instr=0xbebd6356 sel=6 -> imm=0x00000000
[PASS] seq=crv_seq_1                      cyc=28 op=IK_RANDOM        instr=0x237d0953 sel=0 -> imm=0x00000237
[PASS] seq=crv_seq_1                      cyc=29 op=IK_RANDOM        instr=0x27d765e0 sel=6 -> imm=0x00000000
[PASS] seq=crv_seq_1                      cyc=30 op=IK_S_TYPE        instr=0x18ae1bcc sel=1 -> imm=0x00000197
[PASS] seq=crv_seq_1                      cyc=31 op=IK_RANDOM        instr=0x9ef96e43 sel=1 -> imm=0xfffff9fc
[PASS] seq=crv_seq_1                      cyc=32 op=IK_B_TYPE        instr=0xb5aac786 sel=2 -> imm=0xfffffb4e
[PASS] seq=crv_seq_1                      cyc=33 op=IK_BOUNDARY_ZERO instr=0x00000000 sel=2 -> imm=0x00000000
[PASS] seq=crv_seq_1                      cyc=34 op=IK_BOUNDARY_MAX  instr=0x7fffffff sel=1 -> imm=0x000007ff
[PASS] seq=crv_seq_1                      cyc=35 op=IK_S_TYPE        instr=0x86f01aa1 sel=1 -> imm=0xfffff875
[PASS] seq=crv_seq_1                      cyc=36 op=IK_RANDOM        instr=0xaf98208f sel=6 -> imm=0x00000000
[PASS] seq=crv_seq_1                      cyc=37 op=IK_BOUNDARY_MIN  instr=0xe80d4616 sel=0 -> imm=0xfffffe80
[PASS] seq=crv_seq_1                      cyc=38 op=IK_RANDOM        instr=0x06cbbf52 sel=3 -> imm=0x06cbb000
[PASS] seq=crv_seq_1                      cyc=39 op=IK_RANDOM        instr=0x609f6a4b sel=2 -> imm=0x00000614
[PASS] seq=crv_seq_1                      cyc=40 op=IK_RANDOM        instr=0x2aea34dc sel=3 -> imm=0x2aea3000
[PASS] seq=crv_seq_1                      cyc=41 op=IK_RANDOM        instr=0xed8decf0 sel=3 -> imm=0xed8de000
[PASS] seq=crv_seq_1                      cyc=42 op=IK_RANDOM        instr=0xc407800e sel=0 -> imm=0xfffffc40
[PASS] seq=crv_seq_1                      cyc=43 op=IK_RANDOM        instr=0xad70caf3 sel=5 -> imm=0x00000001
[PASS] seq=crv_seq_1                      cyc=44 op=IK_I_TYPE        instr=0x02d41470 sel=0 -> imm=0x0000002d
[PASS] seq=crv_seq_1                      cyc=45 op=IK_B_TYPE        instr=0x66b2e49c sel=2 -> imm=0x00000e68
[PASS] seq=crv_seq_1                      cyc=46 op=IK_BOUNDARY_ZERO instr=0x00000000 sel=0 -> imm=0x00000000
[PASS] seq=crv_seq_1                      cyc=47 op=IK_J_TYPE        instr=0x3e9bd402 sel=4 -> imm=0x000bdbe8
[PASS] seq=crv_seq_1                      cyc=48 op=IK_B_TYPE        instr=0xecbd5866 sel=2 -> imm=0xfffff6d0
[PASS] seq=crv_seq_1                      cyc=49 op=IK_RANDOM        instr=0x917f5b73 sel=3 -> imm=0x917f5000
[PASS] seq=crv_seq_1                      cyc=50 op=IK_B_TYPE        instr=0x1c1fc9cc sel=2 -> imm=0x000009d2
[PASS] seq=crv_seq_1                      cyc=51 op=IK_B_TYPE        instr=0x52d0ab8e sel=2 -> imm=0x00000d36
[PASS] seq=crv_seq_1                      cyc=52 op=IK_NONE_TYPE     instr=0x1c15e9b5 sel=6 -> imm=0x00000000
[PASS] seq=crv_seq_1                      cyc=53 op=IK_I_TYPE        instr=0xe60d5e93 sel=0 -> imm=0xfffffe60
[PASS] seq=crv_seq_1                      cyc=54 op=IK_RANDOM        instr=0x3cd040c7 sel=0 -> imm=0x000003cd
[PASS] seq=crv_seq_1                      cyc=55 op=IK_J_TYPE        instr=0xcbfabe73 sel=4 -> imm=0xfffabcbe
[PASS] seq=crv_seq_1                      cyc=56 op=IK_NONE_TYPE     instr=0xe3ebd36d sel=6 -> imm=0x00000000
[PASS] seq=crv_seq_1                      cyc=57 op=IK_I_TYPE        instr=0x8bdbb7e6 sel=0 -> imm=0xfffff8bd
[PASS] seq=crv_seq_1                      cyc=58 op=IK_RANDOM        instr=0x3d2083d1 sel=5 -> imm=0x00000001
[PASS] seq=crv_seq_1                      cyc=59 op=IK_RANDOM        instr=0x86086559 sel=1 -> imm=0xfffff86a
[PASS] seq=crv_seq_1                      cyc=60 op=IK_I_TYPE        instr=0x584231b8 sel=0 -> imm=0x00000584
[PASS] seq=crv_seq_1                      cyc=61 op=IK_RANDOM        instr=0x47883903 sel=3 -> imm=0x47883000
[PASS] seq=crv_seq_1                      cyc=62 op=IK_S_TYPE        instr=0xfbca1062 sel=1 -> imm=0xffffffa0
[PASS] seq=crv_seq_1                      cyc=63 op=IK_CSR_TYPE      instr=0xf742f29b sel=5 -> imm=0x00000005
[PASS] seq=crv_seq_1                      cyc=64 op=IK_U_TYPE        instr=0x3024e59b sel=3 -> imm=0x3024e000
[PASS] seq=crv_seq_1                      cyc=65 op=IK_RANDOM        instr=0x4551230e sel=1 -> imm=0x00000446
[PASS] seq=crv_seq_1                      cyc=66 op=IK_BOUNDARY_MAX  instr=0x7fffffff sel=5 -> imm=0x0000001f
[PASS] seq=crv_seq_1                      cyc=67 op=IK_RANDOM        instr=0xb53ad950 sel=3 -> imm=0xb53ad000
[PASS] seq=crv_seq_1                      cyc=68 op=IK_NONE_TYPE     instr=0xd6c13fce sel=6 -> imm=0x00000000
[PASS] seq=crv_seq_1                      cyc=69 op=IK_RANDOM        instr=0x94b03513 sel=6 -> imm=0x00000000
[PASS] seq=crv_seq_1                      cyc=70 op=IK_CSR_TYPE      instr=0x04785e81 sel=5 -> imm=0x00000010
[PASS] seq=crv_seq_1                      cyc=71 op=IK_RANDOM        instr=0xd014b7fc sel=4 -> imm=0xfff4bd00
[PASS] seq=crv_seq_1                      cyc=72 op=IK_J_TYPE        instr=0xdfaa601b sel=4 -> imm=0xfffa65fa
[PASS] seq=crv_seq_1                      cyc=73 op=IK_BOUNDARY_MAX  instr=0x7fffffff sel=0 -> imm=0x000007ff
[PASS] seq=crv_seq_1                      cyc=74 op=IK_RANDOM        instr=0x348ac5ee sel=3 -> imm=0x348ac000
[PASS] seq=crv_seq_1                      cyc=75 op=IK_B_TYPE        instr=0x4fdac9a8 sel=2 -> imm=0x00000cf2
[PASS] seq=crv_seq_1                      cyc=76 op=IK_J_TYPE        instr=0x9f080a2a sel=4 -> imm=0xfff801f0
[PASS] seq=crv_seq_1                      cyc=77 op=IK_BOUNDARY_ZERO instr=0x00000000 sel=1 -> imm=0x00000000
[PASS] seq=crv_seq_1                      cyc=78 op=IK_RANDOM        instr=0xf135728d sel=0 -> imm=0xffffff13
[PASS] seq=crv_seq_1                      cyc=79 op=IK_J_TYPE        instr=0x1981cc21 sel=4 -> imm=0x0001c198
[PASS] seq=crv_seq_1                      cyc=80 op=IK_U_TYPE        instr=0xcf2038ad sel=3 -> imm=0xcf203000
[PASS] seq=crv_seq_1                      cyc=81 op=IK_B_TYPE        instr=0xfd8dd95f sel=2 -> imm=0xfffff7d2
[PASS] seq=crv_seq_1                      cyc=82 op=IK_J_TYPE        instr=0x602192a5 sel=4 -> imm=0x00019602
[PASS] seq=crv_seq_1                      cyc=83 op=IK_I_TYPE        instr=0xc07f3c00 sel=0 -> imm=0xfffffc07
[PASS] seq=crv_seq_1                      cyc=84 op=IK_U_TYPE        instr=0xbe7b6dd0 sel=3 -> imm=0xbe7b6000
[PASS] seq=crv_seq_1                      cyc=85 op=IK_U_TYPE        instr=0xc51350ef sel=3 -> imm=0xc5135000
[PASS] seq=crv_seq_1                      cyc=86 op=IK_I_TYPE        instr=0x132afa80 sel=0 -> imm=0x00000132
[PASS] seq=crv_seq_1                      cyc=87 op=IK_U_TYPE        instr=0x1bd8f264 sel=3 -> imm=0x1bd8f000
[PASS] seq=crv_seq_1                      cyc=88 op=IK_S_TYPE        instr=0xbb0a5fa7 sel=1 -> imm=0xfffffbbf
[PASS] seq=crv_seq_1                      cyc=89 op=IK_I_TYPE        instr=0x4617c890 sel=0 -> imm=0x00000461
[PASS] seq=crv_seq_1                      cyc=90 op=IK_I_TYPE        instr=0x76809e3e sel=0 -> imm=0x00000768
[PASS] seq=crv_seq_1                      cyc=91 op=IK_NONE_TYPE     instr=0x915f4001 sel=6 -> imm=0x00000000
[PASS] seq=crv_seq_1                      cyc=92 op=IK_CSR_TYPE      instr=0x807aa0e1 sel=5 -> imm=0x00000015
[PASS] seq=crv_seq_1                      cyc=93 op=IK_I_TYPE        instr=0x95d8828a sel=0 -> imm=0xfffff95d
[PASS] seq=crv_seq_1                      cyc=94 op=IK_BOUNDARY_ZERO instr=0x00000000 sel=3 -> imm=0x00000000
[PASS] seq=crv_seq_1                      cyc=95 op=IK_CSR_TYPE      instr=0xa112f864 sel=5 -> imm=0x00000005
[PASS] seq=crv_seq_1                      cyc=96 op=IK_S_TYPE        instr=0x6c747986 sel=1 -> imm=0x000006d3
[PASS] seq=crv_seq_1                      cyc=97 op=IK_NONE_TYPE     instr=0x3cfafb23 sel=6 -> imm=0x00000000
[PASS] seq=crv_seq_1                      cyc=98 op=IK_BOUNDARY_ZERO instr=0x00000000 sel=0 -> imm=0x00000000
[PASS] seq=crv_seq_1                      cyc=99 op=IK_I_TYPE        instr=0xd9b29607 sel=0 -> imm=0xfffffd9b
[PASS] seq=crv_seq_1                      cyc=100 op=IK_J_TYPE        instr=0xeea88023 sel=4 -> imm=0xfff886ea
[PASS] seq=crv_seq_1                      cyc=101 op=IK_U_TYPE        instr=0xf379c4a5 sel=3 -> imm=0xf379c000
[PASS] seq=crv_seq_1                      cyc=102 op=IK_U_TYPE        instr=0xca69740a sel=3 -> imm=0xca697000
[PASS] seq=crv_seq_1                      cyc=103 op=IK_S_TYPE        instr=0xd2d803f9 sel=1 -> imm=0xfffffd27
[PASS] seq=crv_seq_1                      cyc=104 op=IK_I_TYPE        instr=0xdb6e20e8 sel=0 -> imm=0xfffffdb6
[PASS] seq=crv_seq_1                      cyc=105 op=IK_B_TYPE        instr=0xe9e8ff89 sel=2 -> imm=0xfffffe9e
[PASS] seq=crv_seq_1                      cyc=106 op=IK_CSR_TYPE      instr=0xae8bf4c9 sel=5 -> imm=0x00000017
[PASS] seq=crv_seq_1                      cyc=107 op=IK_RANDOM        instr=0xc893e2a5 sel=1 -> imm=0xfffffc85
[PASS] seq=crv_seq_1                      cyc=108 op=IK_S_TYPE        instr=0x9569f47a sel=1 -> imm=0xfffff948
[PASS] seq=crv_seq_1                      cyc=109 op=IK_CSR_TYPE      instr=0x32db9b31 sel=5 -> imm=0x00000017
[PASS] seq=crv_seq_1                      cyc=110 op=IK_RANDOM        instr=0x2aa1f0ec sel=6 -> imm=0x00000000
[PASS] seq=crv_seq_1                      cyc=111 op=IK_U_TYPE        instr=0xb8a702d1 sel=3 -> imm=0xb8a70000
[PASS] seq=crv_seq_1                      cyc=112 op=IK_BOUNDARY_ZERO instr=0x00000000 sel=5 -> imm=0x00000000
[PASS] seq=crv_seq_1                      cyc=113 op=IK_I_TYPE        instr=0x26a8173b sel=0 -> imm=0x0000026a
[PASS] seq=crv_seq_1                      cyc=114 op=IK_B_TYPE        instr=0x72cd7f05 sel=2 -> imm=0x0000073e
[PASS] seq=crv_seq_1                      cyc=115 op=IK_S_TYPE        instr=0x31abd6f8 sel=1 -> imm=0x0000030d
[PASS] seq=crv_seq_1                      cyc=116 op=IK_J_TYPE        instr=0x13b6c644 sel=4 -> imm=0x0006c93a
[PASS] seq=crv_seq_1                      cyc=117 op=IK_J_TYPE        instr=0x9d02c2d2 sel=4 -> imm=0xfff2c1d0
[PASS] seq=crv_seq_1                      cyc=118 op=IK_U_TYPE        instr=0xdd52f8c9 sel=3 -> imm=0xdd52f000
[PASS] seq=crv_seq_1                      cyc=119 op=IK_S_TYPE        instr=0x2443384d sel=1 -> imm=0x00000250
[PASS] seq=crv_seq_1                      cyc=120 op=IK_RANDOM        instr=0x7bd0520d sel=2 -> imm=0x000007a4
[PASS] seq=crv_seq_1                      cyc=121 op=IK_U_TYPE        instr=0x97007608 sel=3 -> imm=0x97007000
[PASS] seq=crv_seq_1                      cyc=122 op=IK_NONE_TYPE     instr=0xc015648f sel=6 -> imm=0x00000000
[PASS] seq=crv_seq_1                      cyc=123 op=IK_U_TYPE        instr=0x13d106b0 sel=3 -> imm=0x13d10000
[PASS] seq=crv_seq_1                      cyc=124 op=IK_NONE_TYPE     instr=0x286b02de sel=6 -> imm=0x00000000
[PASS] seq=crv_seq_1                      cyc=125 op=IK_U_TYPE        instr=0x2d1a4817 sel=3 -> imm=0x2d1a4000
[PASS] seq=crv_seq_1                      cyc=126 op=IK_BOUNDARY_MIN  instr=0xb6cbf61b sel=3 -> imm=0xb6cbf000
[PASS] seq=crv_seq_1                      cyc=127 op=IK_CSR_TYPE      instr=0x0acdd936 sel=5 -> imm=0x0000001b
[PASS] seq=crv_seq_1                      cyc=128 op=IK_S_TYPE        instr=0x579a0733 sel=1 -> imm=0x0000056e
[PASS] seq=crv_seq_1                      cyc=129 op=IK_RANDOM        instr=0xa7337062 sel=0 -> imm=0xfffffa73
[PASS] seq=crv_seq_1                      cyc=130 op=IK_U_TYPE        instr=0xad96da60 sel=3 -> imm=0xad96d000
[PASS] seq=crv_seq_1                      cyc=131 op=IK_NONE_TYPE     instr=0x0a0f6247 sel=6 -> imm=0x00000000
[PASS] seq=crv_seq_1                      cyc=132 op=IK_RANDOM        instr=0x2c400267 sel=5 -> imm=0x00000000
[PASS] seq=crv_seq_1                      cyc=133 op=IK_BOUNDARY_MAX  instr=0x7fffffff sel=6 -> imm=0x00000000
[PASS] seq=crv_seq_1                      cyc=134 op=IK_RANDOM        instr=0x225e6326 sel=2 -> imm=0x00000226
[PASS] seq=crv_seq_1                      cyc=135 op=IK_CSR_TYPE      instr=0x43fc4125 sel=5 -> imm=0x00000018
[PASS] seq=crv_seq_1                      cyc=136 op=IK_I_TYPE        instr=0xf6b5b21a sel=0 -> imm=0xffffff6b
[PASS] seq=crv_seq_1                      cyc=137 op=IK_U_TYPE        instr=0x3053b9c6 sel=3 -> imm=0x3053b000
[PASS] seq=crv_seq_1                      cyc=138 op=IK_RANDOM        instr=0x3d32d5b9 sel=1 -> imm=0x000003cb
[PASS] seq=crv_seq_1                      cyc=139 op=IK_CSR_TYPE      instr=0x6ec566ac sel=5 -> imm=0x0000000a
[PASS] seq=crv_seq_1                      cyc=140 op=IK_I_TYPE        instr=0xe8b66189 sel=0 -> imm=0xfffffe8b
[PASS] seq=crv_seq_1                      cyc=141 op=IK_RANDOM        instr=0xec49630c sel=0 -> imm=0xfffffec4
[PASS] seq=crv_seq_1                      cyc=142 op=IK_CSR_TYPE      instr=0x64f92431 sel=5 -> imm=0x00000012
[PASS] seq=crv_seq_1                      cyc=143 op=IK_BOUNDARY_ZERO instr=0x00000000 sel=1 -> imm=0x00000000
[PASS] seq=crv_seq_1                      cyc=144 op=IK_RANDOM        instr=0xfc54b5ea sel=2 -> imm=0xffffffca
[PASS] seq=crv_seq_1                      cyc=145 op=IK_J_TYPE        instr=0xf8d137b9 sel=4 -> imm=0xfff13f8c
[PASS] seq=crv_seq_1                      cyc=146 op=IK_BOUNDARY_ZERO instr=0x00000000 sel=6 -> imm=0x00000000
[PASS] seq=crv_seq_1                      cyc=147 op=IK_U_TYPE        instr=0xc260e1e1 sel=3 -> imm=0xc260e000
[PASS] seq=crv_seq_1                      cyc=148 op=IK_NONE_TYPE     instr=0x000aa8d3 sel=6 -> imm=0x00000000
[PASS] seq=crv_seq_1                      cyc=149 op=IK_BOUNDARY_MIN  instr=0xf13958a6 sel=1 -> imm=0xffffff11
[PASS] seq=crv_seq_1                      cyc=150 op=IK_S_TYPE        instr=0x9b76cd8a sel=1 -> imm=0xfffff9bb
[PASS] seq=crv_seq_1                      cyc=151 op=IK_RANDOM        instr=0x12673fc5 sel=4 -> imm=0x00073126
[PASS] seq=crv_seq_1                      cyc=152 op=IK_BOUNDARY_MAX  instr=0x7fffffff sel=5 -> imm=0x0000001f
[PASS] seq=crv_seq_1                      cyc=153 op=IK_BOUNDARY_MIN  instr=0xf9aa90bd sel=5 -> imm=0x00000015
[PASS] seq=crv_seq_1                      cyc=154 op=IK_BOUNDARY_ZERO instr=0x00000000 sel=6 -> imm=0x00000000
[PASS] seq=crv_seq_1                      cyc=155 op=IK_S_TYPE        instr=0x79bd812c sel=1 -> imm=0x00000782
[PASS] seq=crv_seq_1                      cyc=156 op=IK_J_TYPE        instr=0x9691f71b sel=4 -> imm=0xfff1f968
[PASS] seq=crv_seq_1                      cyc=157 op=IK_RANDOM        instr=0xc3c906ac sel=0 -> imm=0xfffffc3c
[PASS] seq=crv_seq_1                      cyc=158 op=IK_RANDOM        instr=0xcc6edc5f sel=6 -> imm=0x00000000
[PASS] seq=crv_seq_1                      cyc=159 op=IK_RANDOM        instr=0xf2fc8a32 sel=0 -> imm=0xffffff2f
[PASS] seq=crv_seq_1                      cyc=160 op=IK_S_TYPE        instr=0x05c160a3 sel=1 -> imm=0x00000041
[PASS] seq=crv_seq_1                      cyc=161 op=IK_S_TYPE        instr=0xf3919a62 sel=1 -> imm=0xffffff34
[PASS] seq=crv_seq_1                      cyc=162 op=IK_BOUNDARY_MAX  instr=0x7fffffff sel=3 -> imm=0x7ffff000
[PASS] seq=crv_seq_1                      cyc=163 op=IK_B_TYPE        instr=0xe1b3b760 sel=2 -> imm=0xfffff60e
[PASS] seq=crv_seq_1                      cyc=164 op=IK_J_TYPE        instr=0x09c5cc11 sel=4 -> imm=0x0005c09c
[PASS] seq=crv_seq_1                      cyc=165 op=IK_B_TYPE        instr=0x2fd2a0ff sel=2 -> imm=0x00000ae0
[PASS] seq=crv_seq_1                      cyc=166 op=IK_U_TYPE        instr=0x08e87b5a sel=3 -> imm=0x08e87000
[PASS] seq=crv_seq_1                      cyc=167 op=IK_U_TYPE        instr=0x20ac2d32 sel=3 -> imm=0x20ac2000
[PASS] seq=crv_seq_1                      cyc=168 op=IK_J_TYPE        instr=0x1464d1d5 sel=4 -> imm=0x0004d146
[PASS] seq=crv_seq_1                      cyc=169 op=IK_U_TYPE        instr=0xdb6537aa sel=3 -> imm=0xdb653000
[PASS] seq=crv_seq_1                      cyc=170 op=IK_RANDOM        instr=0x3a5ea8d6 sel=1 -> imm=0x000003b1
[PASS] seq=crv_seq_1                      cyc=171 op=IK_BOUNDARY_MIN  instr=0xb5bf30db sel=3 -> imm=0xb5bf3000
[PASS] seq=crv_seq_1                      cyc=172 op=IK_B_TYPE        instr=0x52dd7806 sel=2 -> imm=0x00000530
[PASS] seq=crv_seq_1                      cyc=173 op=IK_RANDOM        instr=0x41ad05b0 sel=4 -> imm=0x000d041a
[PASS] seq=crv_seq_1                      cyc=174 op=IK_I_TYPE        instr=0xbe8378af sel=0 -> imm=0xfffffbe8
[PASS] seq=crv_seq_1                      cyc=175 op=IK_I_TYPE        instr=0x4091f43d sel=0 -> imm=0x00000409
[PASS] seq=crv_seq_1                      cyc=176 op=IK_RANDOM        instr=0xcece2a04 sel=3 -> imm=0xcece2000
[PASS] seq=crv_seq_1                      cyc=177 op=IK_NONE_TYPE     instr=0xa2dfaff8 sel=6 -> imm=0x00000000
[PASS] seq=crv_seq_1                      cyc=178 op=IK_J_TYPE        instr=0xa87944e7 sel=4 -> imm=0xfff94a86
[PASS] seq=crv_seq_1                      cyc=179 op=IK_S_TYPE        instr=0x66db2f6f sel=1 -> imm=0x0000067e
[PASS] seq=crv_seq_1                      cyc=180 op=IK_RANDOM        instr=0x9bac9226 sel=5 -> imm=0x00000019
[PASS] seq=crv_seq_1                      cyc=181 op=IK_RANDOM        instr=0xae21d691 sel=3 -> imm=0xae21d000
[PASS] seq=crv_seq_1                      cyc=182 op=IK_BOUNDARY_MIN  instr=0xaac427a0 sel=6 -> imm=0x00000000
[PASS] seq=crv_seq_1                      cyc=183 op=IK_CSR_TYPE      instr=0xddcd4c75 sel=5 -> imm=0x0000001a
[PASS] seq=crv_seq_1                      cyc=184 op=IK_J_TYPE        instr=0x3639d799 sel=4 -> imm=0x0009db62
[PASS] seq=crv_seq_1                      cyc=185 op=IK_S_TYPE        instr=0x54ffa674 sel=1 -> imm=0x0000054c
[PASS] seq=crv_seq_1                      cyc=186 op=IK_CSR_TYPE      instr=0x01ddfd97 sel=5 -> imm=0x0000001b
[PASS] seq=crv_seq_1                      cyc=187 op=IK_RANDOM        instr=0x4ee3ece1 sel=1 -> imm=0x000004f9
[PASS] seq=crv_seq_1                      cyc=188 op=IK_RANDOM        instr=0xcc515792 sel=4 -> imm=0xfff15cc4
[PASS] seq=crv_seq_1                      cyc=189 op=IK_J_TYPE        instr=0xcb268fa0 sel=4 -> imm=0xfff684b2
[PASS] seq=crv_seq_1                      cyc=190 op=IK_S_TYPE        instr=0x7b30e3d4 sel=1 -> imm=0x000007a7
[PASS] seq=crv_seq_1                      cyc=191 op=IK_NONE_TYPE     instr=0x394da6aa sel=6 -> imm=0x00000000
[PASS] seq=crv_seq_1                      cyc=192 op=IK_J_TYPE        instr=0xfacd36e1 sel=4 -> imm=0xfffd37ac
[PASS] seq=crv_seq_1                      cyc=193 op=IK_U_TYPE        instr=0xd8184375 sel=3 -> imm=0xd8184000
[PASS] seq=crv_seq_1                      cyc=194 op=IK_RANDOM        instr=0x02467e72 sel=2 -> imm=0x0000003c
[PASS] seq=crv_seq_1                      cyc=195 op=IK_U_TYPE        instr=0xb700c320 sel=3 -> imm=0xb700c000
[PASS] seq=crv_seq_1                      cyc=196 op=IK_U_TYPE        instr=0xb13d671d sel=3 -> imm=0xb13d6000
[PASS] seq=crv_seq_1                      cyc=197 op=IK_I_TYPE        instr=0xbe11b88a sel=0 -> imm=0xfffffbe1
[PASS] seq=crv_seq_1                      cyc=198 op=IK_B_TYPE        instr=0x022208c5 sel=2 -> imm=0x00000830
[PASS] seq=crv_seq_1                      cyc=199 op=IK_J_TYPE        instr=0x2758a3d5 sel=4 -> imm=0x0008aa74
[PASS] seq=crv_seq_2                      cyc=0 op=IK_RANDOM        instr=0x52549f5b sel=0 -> imm=0x00000525
[PASS] seq=crv_seq_2                      cyc=1 op=IK_RANDOM        instr=0xf254888d sel=0 -> imm=0xffffff25
[PASS] seq=crv_seq_2                      cyc=2 op=IK_I_TYPE        instr=0xa75de6c2 sel=0 -> imm=0xfffffa75
[PASS] seq=crv_seq_2                      cyc=3 op=IK_S_TYPE        instr=0xba715f22 sel=1 -> imm=0xfffffbbe
[PASS] seq=crv_seq_2                      cyc=4 op=IK_CSR_TYPE      instr=0x9ce5b816 sel=5 -> imm=0x0000000b
[PASS] seq=crv_seq_2                      cyc=5 op=IK_RANDOM        instr=0x90ecfdda sel=2 -> imm=0xfffff91a
[PASS] seq=crv_seq_2                      cyc=6 op=IK_I_TYPE        instr=0xa7d872ca sel=0 -> imm=0xfffffa7d
[PASS] seq=crv_seq_2                      cyc=7 op=IK_B_TYPE        instr=0x1eacefae sel=2 -> imm=0x000009fe
[PASS] seq=crv_seq_2                      cyc=8 op=IK_J_TYPE        instr=0x3616769b sel=4 -> imm=0x00067b60
[PASS] seq=crv_seq_2                      cyc=9 op=IK_S_TYPE        instr=0x7fe965e3 sel=1 -> imm=0x000007eb
[PASS] seq=crv_seq_2                      cyc=10 op=IK_RANDOM        instr=0xab166975 sel=0 -> imm=0xfffffab1
[PASS] seq=crv_seq_2                      cyc=11 op=IK_J_TYPE        instr=0xf6bd086b sel=4 -> imm=0xfffd0f6a
[PASS] seq=crv_seq_2                      cyc=12 op=IK_J_TYPE        instr=0x19608ce6 sel=4 -> imm=0x00008196
[PASS] seq=crv_seq_2                      cyc=13 op=IK_RANDOM        instr=0x2bddd41e sel=4 -> imm=0x000ddabc
[PASS] seq=crv_seq_2                      cyc=14 op=IK_J_TYPE        instr=0x2f966d3d sel=4 -> imm=0x00066af8
[PASS] seq=crv_seq_2                      cyc=15 op=IK_S_TYPE        instr=0x2e6bdcc9 sel=1 -> imm=0x000002f9
[PASS] seq=crv_seq_2                      cyc=16 op=IK_J_TYPE        instr=0x5a7be7ac sel=4 -> imm=0x000beda6
[PASS] seq=crv_seq_2                      cyc=17 op=IK_I_TYPE        instr=0xa37bb801 sel=0 -> imm=0xfffffa37
[PASS] seq=crv_seq_2                      cyc=18 op=IK_I_TYPE        instr=0x905d31c3 sel=0 -> imm=0xfffff905
[PASS] seq=crv_seq_2                      cyc=19 op=IK_B_TYPE        instr=0x36830b44 sel=2 -> imm=0x00000376
[PASS] seq=crv_seq_2                      cyc=20 op=IK_RANDOM        instr=0xee9d9d04 sel=5 -> imm=0x0000001b
[PASS] seq=crv_seq_2                      cyc=21 op=IK_RANDOM        instr=0x4e6d3f2b sel=6 -> imm=0x00000000
[PASS] seq=crv_seq_2                      cyc=22 op=IK_I_TYPE        instr=0x7c33ee5b sel=0 -> imm=0x000007c3
[PASS] seq=crv_seq_2                      cyc=23 op=IK_RANDOM        instr=0x3bd4ec0b sel=0 -> imm=0x000003bd
[PASS] seq=crv_seq_2                      cyc=24 op=IK_S_TYPE        instr=0x7ce22f64 sel=1 -> imm=0x000007de
[PASS] seq=crv_seq_2                      cyc=25 op=IK_U_TYPE        instr=0x88265c01 sel=3 -> imm=0x88265000
[PASS] seq=crv_seq_2                      cyc=26 op=IK_BOUNDARY_MIN  instr=0xb51ca3cc sel=0 -> imm=0xfffffb51
[PASS] seq=crv_seq_2                      cyc=27 op=IK_S_TYPE        instr=0x84a32a44 sel=1 -> imm=0xfffff854
[PASS] seq=crv_seq_2                      cyc=28 op=IK_S_TYPE        instr=0xac52c895 sel=1 -> imm=0xfffffad1
[PASS] seq=crv_seq_2                      cyc=29 op=IK_NONE_TYPE     instr=0x9aa7705d sel=6 -> imm=0x00000000
[PASS] seq=crv_seq_2                      cyc=30 op=IK_I_TYPE        instr=0x0ae3a4d3 sel=0 -> imm=0x000000ae
[PASS] seq=crv_seq_2                      cyc=31 op=IK_BOUNDARY_MAX  instr=0x7fffffff sel=5 -> imm=0x0000001f
[PASS] seq=crv_seq_2                      cyc=32 op=IK_RANDOM        instr=0x1273cb21 sel=6 -> imm=0x00000000
[PASS] seq=crv_seq_2                      cyc=33 op=IK_CSR_TYPE      instr=0x685bd109 sel=5 -> imm=0x00000017
[PASS] seq=crv_seq_2                      cyc=34 op=IK_RANDOM        instr=0x7152fad6 sel=4 -> imm=0x0002ff14
[PASS] seq=crv_seq_2                      cyc=35 op=IK_S_TYPE        instr=0x9adc85ce sel=1 -> imm=0xfffff9ab
[PASS] seq=crv_seq_2                      cyc=36 op=IK_BOUNDARY_MIN  instr=0x9dbe0fc8 sel=0 -> imm=0xfffff9db
[PASS] seq=crv_seq_2                      cyc=37 op=IK_I_TYPE        instr=0x463fe873 sel=0 -> imm=0x00000463
[PASS] seq=crv_seq_2                      cyc=38 op=IK_B_TYPE        instr=0x93d91fd1 sel=2 -> imm=0xfffff93e
[PASS] seq=crv_seq_2                      cyc=39 op=IK_J_TYPE        instr=0xcd02638c sel=4 -> imm=0xfff264d0
[PASS] seq=crv_seq_2                      cyc=40 op=IK_S_TYPE        instr=0x546e7fac sel=1 -> imm=0x0000055f
[PASS] seq=crv_seq_2                      cyc=41 op=IK_BOUNDARY_MIN  instr=0x8a864b2c sel=1 -> imm=0xfffff8b6
[PASS] seq=crv_seq_2                      cyc=42 op=IK_J_TYPE        instr=0x3c33d345 sel=4 -> imm=0x0003dbc2
[PASS] seq=crv_seq_2                      cyc=43 op=IK_RANDOM        instr=0x23808e4e sel=0 -> imm=0x00000238
[PASS] seq=crv_seq_2                      cyc=44 op=IK_I_TYPE        instr=0x0d79780e sel=0 -> imm=0x000000d7
[PASS] seq=crv_seq_2                      cyc=45 op=IK_BOUNDARY_MIN  instr=0x9293e6d1 sel=2 -> imm=0xfffff92c
[PASS] seq=crv_seq_2                      cyc=46 op=IK_RANDOM        instr=0xddb74114 sel=2 -> imm=0xfffff5c2
[PASS] seq=crv_seq_2                      cyc=47 op=IK_I_TYPE        instr=0xd46b18d4 sel=0 -> imm=0xfffffd46
[PASS] seq=crv_seq_2                      cyc=48 op=IK_RANDOM        instr=0x0756df67 sel=5 -> imm=0x0000000d
[PASS] seq=crv_seq_2                      cyc=49 op=IK_U_TYPE        instr=0x156eee95 sel=3 -> imm=0x156ee000
[PASS] seq=crv_seq_2                      cyc=50 op=IK_NONE_TYPE     instr=0x6c4b3f7f sel=6 -> imm=0x00000000
[PASS] seq=crv_seq_2                      cyc=51 op=IK_RANDOM        instr=0xef50e527 sel=4 -> imm=0xfff0eef4
[PASS] seq=crv_seq_2                      cyc=52 op=IK_I_TYPE        instr=0xa48e8e64 sel=0 -> imm=0xfffffa48
[PASS] seq=crv_seq_2                      cyc=53 op=IK_RANDOM        instr=0xf6cadea4 sel=1 -> imm=0xffffff7d
[PASS] seq=crv_seq_2                      cyc=54 op=IK_B_TYPE        instr=0x906489ff sel=2 -> imm=0xfffff912
[PASS] seq=crv_seq_2                      cyc=55 op=IK_CSR_TYPE      instr=0x1a22a6df sel=5 -> imm=0x00000005
[PASS] seq=crv_seq_2                      cyc=56 op=IK_I_TYPE        instr=0xb17ac8d4 sel=0 -> imm=0xfffffb17
[PASS] seq=crv_seq_2                      cyc=57 op=IK_B_TYPE        instr=0x8905430b sel=2 -> imm=0xfffff086
[PASS] seq=crv_seq_2                      cyc=58 op=IK_J_TYPE        instr=0xe0ad447f sel=4 -> imm=0xfffd460a
[PASS] seq=crv_seq_2                      cyc=59 op=IK_RANDOM        instr=0x9ba78250 sel=3 -> imm=0x9ba78000
[PASS] seq=crv_seq_2                      cyc=60 op=IK_CSR_TYPE      instr=0x28f6f060 sel=5 -> imm=0x0000000d
[PASS] seq=crv_seq_2                      cyc=61 op=IK_BOUNDARY_MIN  instr=0xe77e2210 sel=5 -> imm=0x0000001c
[PASS] seq=crv_seq_2                      cyc=62 op=IK_U_TYPE        instr=0x9b8d7b8d sel=3 -> imm=0x9b8d7000
[PASS] seq=crv_seq_2                      cyc=63 op=IK_S_TYPE        instr=0x483b81d1 sel=1 -> imm=0x00000483
[PASS] seq=crv_seq_2                      cyc=64 op=IK_U_TYPE        instr=0xe16b3cd2 sel=3 -> imm=0xe16b3000
[PASS] seq=crv_seq_2                      cyc=65 op=IK_S_TYPE        instr=0xbd617be4 sel=1 -> imm=0xfffffbd7
[PASS] seq=crv_seq_2                      cyc=66 op=IK_I_TYPE        instr=0xb12ef06a sel=0 -> imm=0xfffffb12
[PASS] seq=crv_seq_2                      cyc=67 op=IK_RANDOM        instr=0x638d4a24 sel=2 -> imm=0x00000634
[PASS] seq=crv_seq_2                      cyc=68 op=IK_U_TYPE        instr=0x7f82f140 sel=3 -> imm=0x7f82f000
[PASS] seq=crv_seq_2                      cyc=69 op=IK_U_TYPE        instr=0xa2f0ba32 sel=3 -> imm=0xa2f0b000
[PASS] seq=crv_seq_2                      cyc=70 op=IK_CSR_TYPE      instr=0x2eff0e49 sel=5 -> imm=0x0000001e
[PASS] seq=crv_seq_2                      cyc=71 op=IK_RANDOM        instr=0x3d4f0791 sel=5 -> imm=0x0000001e
[PASS] seq=crv_seq_2                      cyc=72 op=IK_CSR_TYPE      instr=0x14e73133 sel=5 -> imm=0x0000000e
[PASS] seq=crv_seq_2                      cyc=73 op=IK_CSR_TYPE      instr=0x00679f77 sel=5 -> imm=0x0000000f
[PASS] seq=crv_seq_2                      cyc=74 op=IK_U_TYPE        instr=0xf6fc43b6 sel=3 -> imm=0xf6fc4000
[PASS] seq=crv_seq_2                      cyc=75 op=IK_S_TYPE        instr=0xeeb1b9f4 sel=1 -> imm=0xfffffef3
[PASS] seq=crv_seq_2                      cyc=76 op=IK_I_TYPE        instr=0x3e65e9b5 sel=0 -> imm=0x000003e6
[PASS] seq=crv_seq_2                      cyc=77 op=IK_BOUNDARY_MIN  instr=0x96ca8adb sel=5 -> imm=0x00000015
[PASS] seq=crv_seq_2                      cyc=78 op=IK_B_TYPE        instr=0x366227c5 sel=2 -> imm=0x00000b6e
[PASS] seq=crv_seq_2                      cyc=79 op=IK_BOUNDARY_ZERO instr=0x00000000 sel=5 -> imm=0x00000000
[PASS] seq=crv_seq_2                      cyc=80 op=IK_BOUNDARY_MAX  instr=0x7fffffff sel=6 -> imm=0x00000000
[PASS] seq=crv_seq_2                      cyc=81 op=IK_U_TYPE        instr=0x7809768e sel=3 -> imm=0x78097000
[PASS] seq=crv_seq_2                      cyc=82 op=IK_RANDOM        instr=0xd70f9ea7 sel=2 -> imm=0xfffffd7c
[PASS] seq=crv_seq_2                      cyc=83 op=IK_J_TYPE        instr=0xa3adcdb0 sel=4 -> imm=0xfffdc23a
[PASS] seq=crv_seq_2                      cyc=84 op=IK_CSR_TYPE      instr=0x8c307ebc sel=5 -> imm=0x00000000
[PASS] seq=crv_seq_2                      cyc=85 op=IK_BOUNDARY_MAX  instr=0x7fffffff sel=1 -> imm=0x000007ff
[PASS] seq=crv_seq_2                      cyc=86 op=IK_CSR_TYPE      instr=0x8481275c sel=5 -> imm=0x00000002
[PASS] seq=crv_seq_2                      cyc=87 op=IK_RANDOM        instr=0xefc3a93d sel=3 -> imm=0xefc3a000
[PASS] seq=crv_seq_2                      cyc=88 op=IK_NONE_TYPE     instr=0x39e4a715 sel=6 -> imm=0x00000000
[PASS] seq=crv_seq_2                      cyc=89 op=IK_B_TYPE        instr=0xe21e5dc6 sel=2 -> imm=0xfffffe3a
[PASS] seq=crv_seq_2                      cyc=90 op=IK_U_TYPE        instr=0xde75db86 sel=3 -> imm=0xde75d000
[PASS] seq=crv_seq_2                      cyc=91 op=IK_S_TYPE        instr=0xfff5c246 sel=1 -> imm=0xffffffe4
[PASS] seq=crv_seq_2                      cyc=92 op=IK_U_TYPE        instr=0x832d7ff5 sel=3 -> imm=0x832d7000
[PASS] seq=crv_seq_2                      cyc=93 op=IK_I_TYPE        instr=0x00a87ec4 sel=0 -> imm=0x0000000a
[PASS] seq=crv_seq_2                      cyc=94 op=IK_S_TYPE        instr=0xdc769459 sel=1 -> imm=0xfffffdc8
[PASS] seq=crv_seq_2                      cyc=95 op=IK_J_TYPE        instr=0x9ab98604 sel=4 -> imm=0xfff989aa
[PASS] seq=crv_seq_2                      cyc=96 op=IK_I_TYPE        instr=0x7c9034a3 sel=0 -> imm=0x000007c9
[PASS] seq=crv_seq_2                      cyc=97 op=IK_B_TYPE        instr=0x46176432 sel=2 -> imm=0x00000468
[PASS] seq=crv_seq_2                      cyc=98 op=IK_BOUNDARY_MAX  instr=0x7fffffff sel=6 -> imm=0x00000000
[PASS] seq=crv_seq_2                      cyc=99 op=IK_RANDOM        instr=0xcded2d3d sel=1 -> imm=0xfffffcda
[PASS] seq=crv_seq_2                      cyc=100 op=IK_B_TYPE        instr=0x2a0262a8 sel=2 -> imm=0x00000aa4
[PASS] seq=crv_seq_2                      cyc=101 op=IK_U_TYPE        instr=0x4f3e1c68 sel=3 -> imm=0x4f3e1000
[PASS] seq=crv_seq_2                      cyc=102 op=IK_NONE_TYPE     instr=0xb00845c2 sel=6 -> imm=0x00000000
[PASS] seq=crv_seq_2                      cyc=103 op=IK_NONE_TYPE     instr=0x497b8a6b sel=6 -> imm=0x00000000
[PASS] seq=crv_seq_2                      cyc=104 op=IK_U_TYPE        instr=0x10ce94e0 sel=3 -> imm=0x10ce9000
[PASS] seq=crv_seq_2                      cyc=105 op=IK_RANDOM        instr=0x9f89dbb4 sel=1 -> imm=0xfffff9f7
[PASS] seq=crv_seq_2                      cyc=106 op=IK_CSR_TYPE      instr=0xe36b43d1 sel=5 -> imm=0x00000016
[PASS] seq=crv_seq_2                      cyc=107 op=IK_J_TYPE        instr=0x04e6e65a sel=4 -> imm=0x0006e04e
[PASS] seq=crv_seq_2                      cyc=108 op=IK_I_TYPE        instr=0x5f1f5b25 sel=0 -> imm=0x000005f1
[PASS] seq=crv_seq_2                      cyc=109 op=IK_I_TYPE        instr=0xb0520bf3 sel=0 -> imm=0xfffffb05
[PASS] seq=crv_seq_2                      cyc=110 op=IK_S_TYPE        instr=0xe67a3036 sel=1 -> imm=0xfffffe60
[PASS] seq=crv_seq_2                      cyc=111 op=IK_I_TYPE        instr=0x0009527d sel=0 -> imm=0x00000000
[PASS] seq=crv_seq_2                      cyc=112 op=IK_RANDOM        instr=0x33f3930a sel=0 -> imm=0x0000033f
[PASS] seq=crv_seq_2                      cyc=113 op=IK_RANDOM        instr=0xb17af810 sel=3 -> imm=0xb17af000
[PASS] seq=crv_seq_2                      cyc=114 op=IK_BOUNDARY_ZERO instr=0x00000000 sel=1 -> imm=0x00000000
[PASS] seq=crv_seq_2                      cyc=115 op=IK_U_TYPE        instr=0x953711a3 sel=3 -> imm=0x95371000
[PASS] seq=crv_seq_2                      cyc=116 op=IK_RANDOM        instr=0x81a0437f sel=4 -> imm=0xfff0401a
[PASS] seq=crv_seq_2                      cyc=117 op=IK_BOUNDARY_MIN  instr=0xb3027111 sel=1 -> imm=0xfffffb22
[PASS] seq=crv_seq_2                      cyc=118 op=IK_B_TYPE        instr=0x782eebc6 sel=2 -> imm=0x00000f96
[PASS] seq=crv_seq_2                      cyc=119 op=IK_NONE_TYPE     instr=0x91b23bd6 sel=6 -> imm=0x00000000
[PASS] seq=crv_seq_2                      cyc=120 op=IK_RANDOM        instr=0xa2a8f791 sel=1 -> imm=0xfffffa2f
[PASS] seq=crv_seq_2                      cyc=121 op=IK_B_TYPE        instr=0x9ea2fbd9 sel=2 -> imm=0xfffff9f6
[PASS] seq=crv_seq_2                      cyc=122 op=IK_RANDOM        instr=0x4c1ca27e sel=1 -> imm=0x000004c4
[PASS] seq=crv_seq_2                      cyc=123 op=IK_RANDOM        instr=0xac3582e1 sel=5 -> imm=0x0000000b
[PASS] seq=crv_seq_2                      cyc=124 op=IK_BOUNDARY_ZERO instr=0x00000000 sel=5 -> imm=0x00000000
[PASS] seq=crv_seq_2                      cyc=125 op=IK_BOUNDARY_MIN  instr=0xf7f13f56 sel=3 -> imm=0xf7f13000
[PASS] seq=crv_seq_2                      cyc=126 op=IK_RANDOM        instr=0xbc41212f sel=6 -> imm=0x00000000
[PASS] seq=crv_seq_2                      cyc=127 op=IK_BOUNDARY_MIN  instr=0xbb166f38 sel=5 -> imm=0x0000000c
[PASS] seq=crv_seq_2                      cyc=128 op=IK_RANDOM        instr=0x6abc787d sel=5 -> imm=0x00000018
[PASS] seq=crv_seq_2                      cyc=129 op=IK_J_TYPE        instr=0x1384196c sel=4 -> imm=0x00041138
[PASS] seq=crv_seq_2                      cyc=130 op=IK_CSR_TYPE      instr=0x412f092e sel=5 -> imm=0x0000001e
[PASS] seq=crv_seq_2                      cyc=131 op=IK_J_TYPE        instr=0x2adb2d6f sel=4 -> imm=0x000b2aac
[PASS] seq=crv_seq_2                      cyc=132 op=IK_BOUNDARY_MIN  instr=0xe47dc7a7 sel=4 -> imm=0xfffdce46
[PASS] seq=crv_seq_2                      cyc=133 op=IK_I_TYPE        instr=0x22a9d917 sel=0 -> imm=0x0000022a
[PASS] seq=crv_seq_2                      cyc=134 op=IK_RANDOM        instr=0xebfc7427 sel=3 -> imm=0xebfc7000
[PASS] seq=crv_seq_2                      cyc=135 op=IK_U_TYPE        instr=0x0845b0ca sel=3 -> imm=0x0845b000
[PASS] seq=crv_seq_2                      cyc=136 op=IK_BOUNDARY_MIN  instr=0xbec8c2a9 sel=4 -> imm=0xfff8c3ec
[PASS] seq=crv_seq_2                      cyc=137 op=IK_S_TYPE        instr=0x981f5e7d sel=1 -> imm=0xfffff99c
[PASS] seq=crv_seq_2                      cyc=138 op=IK_J_TYPE        instr=0x83c8f9bb sel=4 -> imm=0xfff8f03c
[PASS] seq=crv_seq_2                      cyc=139 op=IK_I_TYPE        instr=0x72ffd522 sel=0 -> imm=0x0000072f
[PASS] seq=crv_seq_2                      cyc=140 op=IK_U_TYPE        instr=0x290ba1cc sel=3 -> imm=0x290ba000
[PASS] seq=crv_seq_2                      cyc=141 op=IK_RANDOM        instr=0x475791d2 sel=4 -> imm=0x00079c74
[PASS] seq=crv_seq_2                      cyc=142 op=IK_RANDOM        instr=0xab7fd20d sel=4 -> imm=0xffffdab6
[PASS] seq=crv_seq_2                      cyc=143 op=IK_U_TYPE        instr=0x25d0a8d0 sel=3 -> imm=0x25d0a000
[PASS] seq=crv_seq_2                      cyc=144 op=IK_CSR_TYPE      instr=0x01370f8d sel=5 -> imm=0x0000000e
[PASS] seq=crv_seq_2                      cyc=145 op=IK_BOUNDARY_MIN  instr=0xdc7ebeef sel=5 -> imm=0x0000001d
[PASS] seq=crv_seq_2                      cyc=146 op=IK_S_TYPE        instr=0x703bdb76 sel=1 -> imm=0x00000716
[PASS] seq=crv_seq_2                      cyc=147 op=IK_S_TYPE        instr=0x1e4f2ae5 sel=1 -> imm=0x000001f5
[PASS] seq=crv_seq_2                      cyc=148 op=IK_CSR_TYPE      instr=0x153d3ff1 sel=5 -> imm=0x0000001a
[PASS] seq=crv_seq_2                      cyc=149 op=IK_J_TYPE        instr=0x0024451d sel=4 -> imm=0x00044002
[PASS] seq=crv_seq_2                      cyc=150 op=IK_I_TYPE        instr=0x7d4128b2 sel=0 -> imm=0x000007d4
[PASS] seq=crv_seq_2                      cyc=151 op=IK_U_TYPE        instr=0x33e2b81c sel=3 -> imm=0x33e2b000
[PASS] seq=crv_seq_2                      cyc=152 op=IK_I_TYPE        instr=0x81888cb5 sel=0 -> imm=0xfffff818
[PASS] seq=crv_seq_2                      cyc=153 op=IK_J_TYPE        instr=0x38405208 sel=4 -> imm=0x00005384
[PASS] seq=crv_seq_2                      cyc=154 op=IK_J_TYPE        instr=0xbd85be08 sel=4 -> imm=0xfff5b3d8
[PASS] seq=crv_seq_2                      cyc=155 op=IK_RANDOM        instr=0x9e33ecdf sel=0 -> imm=0xfffff9e3
[PASS] seq=crv_seq_2                      cyc=156 op=IK_B_TYPE        instr=0xdc2b30eb sel=2 -> imm=0xfffffdc0
[PASS] seq=crv_seq_2                      cyc=157 op=IK_U_TYPE        instr=0x0c62f246 sel=3 -> imm=0x0c62f000
[PASS] seq=crv_seq_2                      cyc=158 op=IK_S_TYPE        instr=0x2759ea3b sel=1 -> imm=0x00000274
[PASS] seq=crv_seq_2                      cyc=159 op=IK_RANDOM        instr=0xe517c781 sel=6 -> imm=0x00000000
[PASS] seq=crv_seq_2                      cyc=160 op=IK_RANDOM        instr=0xb69824b2 sel=4 -> imm=0xfff82b68
[PASS] seq=crv_seq_2                      cyc=161 op=IK_BOUNDARY_MAX  instr=0x7fffffff sel=2 -> imm=0x00000ffe
[PASS] seq=crv_seq_2                      cyc=162 op=IK_CSR_TYPE      instr=0x45108ebc sel=5 -> imm=0x00000001
[PASS] seq=crv_seq_2                      cyc=163 op=IK_RANDOM        instr=0x2d23eabe sel=0 -> imm=0x000002d2
[PASS] seq=crv_seq_2                      cyc=164 op=IK_BOUNDARY_MIN  instr=0xf39387a1 sel=5 -> imm=0x00000007
[PASS] seq=crv_seq_2                      cyc=165 op=IK_B_TYPE        instr=0xb849b25a sel=2 -> imm=0xfffff384
[PASS] seq=crv_seq_2                      cyc=166 op=IK_NONE_TYPE     instr=0x57d92cde sel=6 -> imm=0x00000000
[PASS] seq=crv_seq_2                      cyc=167 op=IK_I_TYPE        instr=0xdad92676 sel=0 -> imm=0xfffffdad
[PASS] seq=crv_seq_2                      cyc=168 op=IK_U_TYPE        instr=0xeea0951f sel=3 -> imm=0xeea09000
[PASS] seq=crv_seq_2                      cyc=169 op=IK_BOUNDARY_ZERO instr=0x00000000 sel=5 -> imm=0x00000000
[PASS] seq=crv_seq_2                      cyc=170 op=IK_U_TYPE        instr=0x440d78dd sel=3 -> imm=0x440d7000
[PASS] seq=crv_seq_2                      cyc=171 op=IK_BOUNDARY_MAX  instr=0x7fffffff sel=6 -> imm=0x00000000
[PASS] seq=crv_seq_2                      cyc=172 op=IK_I_TYPE        instr=0x910be950 sel=0 -> imm=0xfffff910
[PASS] seq=crv_seq_2                      cyc=173 op=IK_U_TYPE        instr=0xec6d4210 sel=3 -> imm=0xec6d4000
[PASS] seq=crv_seq_2                      cyc=174 op=IK_B_TYPE        instr=0x6f48903c sel=2 -> imm=0x000006e0
[PASS] seq=crv_seq_2                      cyc=175 op=IK_RANDOM        instr=0xce4083b8 sel=6 -> imm=0x00000000
[PASS] seq=crv_seq_2                      cyc=176 op=IK_RANDOM        instr=0xbac43cdd sel=6 -> imm=0x00000000
[PASS] seq=crv_seq_2                      cyc=177 op=IK_BOUNDARY_MAX  instr=0x7fffffff sel=5 -> imm=0x0000001f
[PASS] seq=crv_seq_2                      cyc=178 op=IK_NONE_TYPE     instr=0x9bc82b4e sel=6 -> imm=0x00000000
[PASS] seq=crv_seq_2                      cyc=179 op=IK_RANDOM        instr=0x244e077b sel=5 -> imm=0x0000001c
[PASS] seq=crv_seq_2                      cyc=180 op=IK_I_TYPE        instr=0x610937c9 sel=0 -> imm=0x00000610
[PASS] seq=crv_seq_2                      cyc=181 op=IK_B_TYPE        instr=0xfef607ad sel=2 -> imm=0xffffffee
[PASS] seq=crv_seq_2                      cyc=182 op=IK_I_TYPE        instr=0x1d3b78d1 sel=0 -> imm=0x000001d3
[PASS] seq=crv_seq_2                      cyc=183 op=IK_J_TYPE        instr=0xed4c3f87 sel=4 -> imm=0xfffc36d4
[PASS] seq=crv_seq_2                      cyc=184 op=IK_RANDOM        instr=0x1ec14628 sel=3 -> imm=0x1ec14000
[PASS] seq=crv_seq_2                      cyc=185 op=IK_J_TYPE        instr=0x23994c0c sel=4 -> imm=0x00094a38
[PASS] seq=crv_seq_2                      cyc=186 op=IK_S_TYPE        instr=0xde7a2b60 sel=1 -> imm=0xfffffdf6
[PASS] seq=crv_seq_2                      cyc=187 op=IK_NONE_TYPE     instr=0x3ed4950d sel=6 -> imm=0x00000000
[PASS] seq=crv_seq_2                      cyc=188 op=IK_NONE_TYPE     instr=0x5bf8e708 sel=6 -> imm=0x00000000
[PASS] seq=crv_seq_2                      cyc=189 op=IK_B_TYPE        instr=0x6f8bf1bf sel=2 -> imm=0x00000ee2
[PASS] seq=crv_seq_2                      cyc=190 op=IK_CSR_TYPE      instr=0x6223fb5c sel=5 -> imm=0x00000007
[PASS] seq=crv_seq_2                      cyc=191 op=IK_S_TYPE        instr=0x3fa038ed sel=1 -> imm=0x000003f1
[PASS] seq=crv_seq_2                      cyc=192 op=IK_NONE_TYPE     instr=0xda4100c6 sel=6 -> imm=0x00000000
[PASS] seq=crv_seq_2                      cyc=193 op=IK_CSR_TYPE      instr=0xe3f7f104 sel=5 -> imm=0x0000000f
[PASS] seq=crv_seq_2                      cyc=194 op=IK_B_TYPE        instr=0xaea0623e sel=2 -> imm=0xfffff2e4
[PASS] seq=crv_seq_2                      cyc=195 op=IK_CSR_TYPE      instr=0x7e67c43e sel=5 -> imm=0x0000000f
[PASS] seq=crv_seq_2                      cyc=196 op=IK_CSR_TYPE      instr=0xe54185c9 sel=5 -> imm=0x00000003
[PASS] seq=crv_seq_2                      cyc=197 op=IK_RANDOM        instr=0x1f36a887 sel=4 -> imm=0x0006a9f2
[PASS] seq=crv_seq_2                      cyc=198 op=IK_J_TYPE        instr=0x6ba5e95d sel=4 -> imm=0x0005e6ba
[PASS] seq=crv_seq_2                      cyc=199 op=IK_BOUNDARY_MAX  instr=0x7fffffff sel=2 -> imm=0x00000ffe
[PASS] seq=crv_seq_3                      cyc=0 op=IK_NONE_TYPE     instr=0x3a724533 sel=6 -> imm=0x00000000
[PASS] seq=crv_seq_3                      cyc=1 op=IK_U_TYPE        instr=0xf604b2a9 sel=3 -> imm=0xf604b000
[PASS] seq=crv_seq_3                      cyc=2 op=IK_S_TYPE        instr=0x24d15feb sel=1 -> imm=0x0000025f
[PASS] seq=crv_seq_3                      cyc=3 op=IK_U_TYPE        instr=0xa40d0701 sel=3 -> imm=0xa40d0000
[PASS] seq=crv_seq_3                      cyc=4 op=IK_NONE_TYPE     instr=0xb5eedcf6 sel=6 -> imm=0x00000000
[PASS] seq=crv_seq_3                      cyc=5 op=IK_B_TYPE        instr=0x10f8da6e sel=2 -> imm=0x00000114
[PASS] seq=crv_seq_3                      cyc=6 op=IK_BOUNDARY_MAX  instr=0x7fffffff sel=3 -> imm=0x7ffff000
[PASS] seq=crv_seq_3                      cyc=7 op=IK_I_TYPE        instr=0x7f893426 sel=0 -> imm=0x000007f8
[PASS] seq=crv_seq_3                      cyc=8 op=IK_CSR_TYPE      instr=0x7819bbf8 sel=5 -> imm=0x00000013
[PASS] seq=crv_seq_3                      cyc=9 op=IK_I_TYPE        instr=0x7a740337 sel=0 -> imm=0x000007a7
[PASS] seq=crv_seq_3                      cyc=10 op=IK_RANDOM        instr=0x6880879c sel=2 -> imm=0x00000e8e
[PASS] seq=crv_seq_3                      cyc=11 op=IK_RANDOM        instr=0xe9a23f74 sel=2 -> imm=0xfffff69e
[PASS] seq=crv_seq_3                      cyc=12 op=IK_I_TYPE        instr=0xa9bbc1d2 sel=0 -> imm=0xfffffa9b
[PASS] seq=crv_seq_3                      cyc=13 op=IK_BOUNDARY_MIN  instr=0xc51507e5 sel=2 -> imm=0xfffffc4e
[PASS] seq=crv_seq_3                      cyc=14 op=IK_U_TYPE        instr=0xc7eee3de sel=3 -> imm=0xc7eee000
[PASS] seq=crv_seq_3                      cyc=15 op=IK_B_TYPE        instr=0xc7bd6cc4 sel=2 -> imm=0xfffffc78
[PASS] seq=crv_seq_3                      cyc=16 op=IK_RANDOM        instr=0xf7609f37 sel=3 -> imm=0xf7609000
[PASS] seq=crv_seq_3                      cyc=17 op=IK_U_TYPE        instr=0x26a406fe sel=3 -> imm=0x26a40000
[PASS] seq=crv_seq_3                      cyc=18 op=IK_BOUNDARY_ZERO instr=0x00000000 sel=0 -> imm=0x00000000
[PASS] seq=crv_seq_3                      cyc=19 op=IK_RANDOM        instr=0x84b097dc sel=1 -> imm=0xfffff84f
[PASS] seq=crv_seq_3                      cyc=20 op=IK_RANDOM        instr=0xbef7c2b6 sel=4 -> imm=0xfff7cbee
[PASS] seq=crv_seq_3                      cyc=21 op=IK_U_TYPE        instr=0xd4228653 sel=3 -> imm=0xd4228000
[PASS] seq=crv_seq_3                      cyc=22 op=IK_S_TYPE        instr=0xb80b3c9b sel=1 -> imm=0xfffffb99
[PASS] seq=crv_seq_3                      cyc=23 op=IK_I_TYPE        instr=0x51ba77ee sel=0 -> imm=0x0000051b
[PASS] seq=crv_seq_3                      cyc=24 op=IK_S_TYPE        instr=0xf5ef8af4 sel=1 -> imm=0xffffff55
[PASS] seq=crv_seq_3                      cyc=25 op=IK_CSR_TYPE      instr=0x32eed2b3 sel=5 -> imm=0x0000001d
[PASS] seq=crv_seq_3                      cyc=26 op=IK_J_TYPE        instr=0x1b571707 sel=4 -> imm=0x000719b4
[PASS] seq=crv_seq_3                      cyc=27 op=IK_I_TYPE        instr=0xf2249fa9 sel=0 -> imm=0xffffff22
[PASS] seq=crv_seq_3                      cyc=28 op=IK_CSR_TYPE      instr=0xf7666d16 sel=5 -> imm=0x0000000c
[PASS] seq=crv_seq_3                      cyc=29 op=IK_CSR_TYPE      instr=0x755eeed7 sel=5 -> imm=0x0000001d
[PASS] seq=crv_seq_3                      cyc=30 op=IK_NONE_TYPE     instr=0xc308d7cd sel=6 -> imm=0x00000000
[PASS] seq=crv_seq_3                      cyc=31 op=IK_RANDOM        instr=0xa6f44e13 sel=4 -> imm=0xfff44a6e
[PASS] seq=crv_seq_3                      cyc=32 op=IK_CSR_TYPE      instr=0x85c05b00 sel=5 -> imm=0x00000000
[PASS] seq=crv_seq_3                      cyc=33 op=IK_S_TYPE        instr=0x0266c1b1 sel=1 -> imm=0x00000023
[PASS] seq=crv_seq_3                      cyc=34 op=IK_BOUNDARY_MAX  instr=0x7fffffff sel=3 -> imm=0x7ffff000
[PASS] seq=crv_seq_3                      cyc=35 op=IK_J_TYPE        instr=0x30d5fa58 sel=4 -> imm=0x0005fb0c
[PASS] seq=crv_seq_3                      cyc=36 op=IK_J_TYPE        instr=0x55c1f061 sel=4 -> imm=0x0001f55c
[PASS] seq=crv_seq_3                      cyc=37 op=IK_U_TYPE        instr=0x29d9c4cd sel=3 -> imm=0x29d9c000
[PASS] seq=crv_seq_3                      cyc=38 op=IK_U_TYPE        instr=0xe315fad8 sel=3 -> imm=0xe315f000
[PASS] seq=crv_seq_3                      cyc=39 op=IK_RANDOM        instr=0x74969314 sel=0 -> imm=0x00000749
[PASS] seq=crv_seq_3                      cyc=40 op=IK_BOUNDARY_ZERO instr=0x00000000 sel=4 -> imm=0x00000000
[PASS] seq=crv_seq_3                      cyc=41 op=IK_I_TYPE        instr=0x10bd6e16 sel=0 -> imm=0x0000010b
[PASS] seq=crv_seq_3                      cyc=42 op=IK_I_TYPE        instr=0x798863cf sel=0 -> imm=0x00000798
[PASS] seq=crv_seq_3                      cyc=43 op=IK_BOUNDARY_MIN  instr=0xba6af2c9 sel=1 -> imm=0xfffffba5
[PASS] seq=crv_seq_3                      cyc=44 op=IK_I_TYPE        instr=0x5d1ccb86 sel=0 -> imm=0x000005d1
[PASS] seq=crv_seq_3                      cyc=45 op=IK_U_TYPE        instr=0xb4da7d26 sel=3 -> imm=0xb4da7000
[PASS] seq=crv_seq_3                      cyc=46 op=IK_S_TYPE        instr=0x2d3d4111 sel=1 -> imm=0x000002c2
[PASS] seq=crv_seq_3                      cyc=47 op=IK_S_TYPE        instr=0x86182949 sel=1 -> imm=0xfffff872
[PASS] seq=crv_seq_3                      cyc=48 op=IK_I_TYPE        instr=0xe1a0e9ab sel=0 -> imm=0xfffffe1a
[PASS] seq=crv_seq_3                      cyc=49 op=IK_CSR_TYPE      instr=0x246bc4e8 sel=5 -> imm=0x00000017
[PASS] seq=crv_seq_3                      cyc=50 op=IK_RANDOM        instr=0xa851d219 sel=3 -> imm=0xa851d000
[PASS] seq=crv_seq_3                      cyc=51 op=IK_CSR_TYPE      instr=0x35a83b22 sel=5 -> imm=0x00000010
[PASS] seq=crv_seq_3                      cyc=52 op=IK_RANDOM        instr=0xab85a230 sel=2 -> imm=0xfffff2a4
[PASS] seq=crv_seq_3                      cyc=53 op=IK_J_TYPE        instr=0x5cc0d9fe sel=4 -> imm=0x0000d5cc
[PASS] seq=crv_seq_3                      cyc=54 op=IK_CSR_TYPE      instr=0xc2c76776 sel=5 -> imm=0x0000000e
[PASS] seq=crv_seq_3                      cyc=55 op=IK_J_TYPE        instr=0x3c6f3a8d sel=4 -> imm=0x000f33c6
[PASS] seq=crv_seq_3                      cyc=56 op=IK_U_TYPE        instr=0xccb07d75 sel=3 -> imm=0xccb07000
[PASS] seq=crv_seq_3                      cyc=57 op=IK_CSR_TYPE      instr=0xc959ef25 sel=5 -> imm=0x00000013
[PASS] seq=crv_seq_3                      cyc=58 op=IK_S_TYPE        instr=0xbee8710a sel=1 -> imm=0xfffffbe2
[PASS] seq=crv_seq_3                      cyc=59 op=IK_CSR_TYPE      instr=0xaef5dc26 sel=5 -> imm=0x0000000b
[PASS] seq=crv_seq_3                      cyc=60 op=IK_CSR_TYPE      instr=0x9d4789da sel=5 -> imm=0x0000000f
[PASS] seq=crv_seq_3                      cyc=61 op=IK_BOUNDARY_MIN  instr=0xa609c844 sel=1 -> imm=0xfffffa70
[PASS] seq=crv_seq_3                      cyc=62 op=IK_RANDOM        instr=0xacf446df sel=2 -> imm=0xfffffacc
[PASS] seq=crv_seq_3                      cyc=63 op=IK_S_TYPE        instr=0x5ab627da sel=1 -> imm=0x000005af
[PASS] seq=crv_seq_3                      cyc=64 op=IK_RANDOM        instr=0x5acffecd sel=2 -> imm=0x00000dbc
[PASS] seq=crv_seq_3                      cyc=65 op=IK_I_TYPE        instr=0x2ddb5449 sel=0 -> imm=0x000002dd
[PASS] seq=crv_seq_3                      cyc=66 op=IK_J_TYPE        instr=0xa3be660d sel=4 -> imm=0xfffe6a3a
[PASS] seq=crv_seq_3                      cyc=67 op=IK_RANDOM        instr=0xdfd4e466 sel=2 -> imm=0xfffff5e8
[PASS] seq=crv_seq_3                      cyc=68 op=IK_BOUNDARY_MIN  instr=0x9ae9c5c0 sel=6 -> imm=0x00000000
[PASS] seq=crv_seq_3                      cyc=69 op=IK_RANDOM        instr=0x4a740539 sel=3 -> imm=0x4a740000
[PASS] seq=crv_seq_3                      cyc=70 op=IK_RANDOM        instr=0x0674ef11 sel=2 -> imm=0x0000007e
[PASS] seq=crv_seq_3                      cyc=71 op=IK_B_TYPE        instr=0x117a6205 sel=2 -> imm=0x00000104
[PASS] seq=crv_seq_3                      cyc=72 op=IK_RANDOM        instr=0x96bc6bfa sel=2 -> imm=0xfffff976
[PASS] seq=crv_seq_3                      cyc=73 op=IK_CSR_TYPE      instr=0xc9c5e6d5 sel=5 -> imm=0x0000000b
[PASS] seq=crv_seq_3                      cyc=74 op=IK_J_TYPE        instr=0x0ecf2948 sel=4 -> imm=0x000f20ec
[PASS] seq=crv_seq_3                      cyc=75 op=IK_RANDOM        instr=0x08b0c232 sel=5 -> imm=0x00000001
[PASS] seq=crv_seq_3                      cyc=76 op=IK_B_TYPE        instr=0xecfc5e91 sel=2 -> imm=0xfffffedc
[PASS] seq=crv_seq_3                      cyc=77 op=IK_BOUNDARY_ZERO instr=0x00000000 sel=3 -> imm=0x00000000
[PASS] seq=crv_seq_3                      cyc=78 op=IK_NONE_TYPE     instr=0x5073eb50 sel=6 -> imm=0x00000000
[PASS] seq=crv_seq_3                      cyc=79 op=IK_RANDOM        instr=0x3e1c30b7 sel=2 -> imm=0x00000be0
[PASS] seq=crv_seq_3                      cyc=80 op=IK_J_TYPE        instr=0x935f7005 sel=4 -> imm=0xffff7934
[PASS] seq=crv_seq_3                      cyc=81 op=IK_RANDOM        instr=0xc3536752 sel=4 -> imm=0xfff36c34
[PASS] seq=crv_seq_3                      cyc=82 op=IK_J_TYPE        instr=0xcba3fd8d sel=4 -> imm=0xfff3f4ba
[PASS] seq=crv_seq_3                      cyc=83 op=IK_S_TYPE        instr=0x46c8a27f sel=1 -> imm=0x00000464
[PASS] seq=crv_seq_3                      cyc=84 op=IK_BOUNDARY_MIN  instr=0xb3089129 sel=3 -> imm=0xb3089000
[PASS] seq=crv_seq_3                      cyc=85 op=IK_U_TYPE        instr=0x3e30a885 sel=3 -> imm=0x3e30a000
[PASS] seq=crv_seq_3                      cyc=86 op=IK_B_TYPE        instr=0x8dcb7c5e sel=2 -> imm=0xfffff0d8
[PASS] seq=crv_seq_3                      cyc=87 op=IK_J_TYPE        instr=0xafd20b0c sel=4 -> imm=0xfff20afc
[PASS] seq=crv_seq_3                      cyc=88 op=IK_CSR_TYPE      instr=0x8036c1cf sel=5 -> imm=0x0000000d
[PASS] seq=crv_seq_3                      cyc=89 op=IK_U_TYPE        instr=0x60b4791d sel=3 -> imm=0x60b47000
[PASS] seq=crv_seq_3                      cyc=90 op=IK_BOUNDARY_MAX  instr=0x7fffffff sel=2 -> imm=0x00000ffe
[PASS] seq=crv_seq_3                      cyc=91 op=IK_I_TYPE        instr=0x8a6c5db7 sel=0 -> imm=0xfffff8a6
[PASS] seq=crv_seq_3                      cyc=92 op=IK_RANDOM        instr=0x1d782fbf sel=3 -> imm=0x1d782000
[PASS] seq=crv_seq_3                      cyc=93 op=IK_J_TYPE        instr=0x6fcdf8a8 sel=4 -> imm=0x000df6fc
[PASS] seq=crv_seq_3                      cyc=94 op=IK_B_TYPE        instr=0x99619ff9 sel=2 -> imm=0xfffff99e
[PASS] seq=crv_seq_3                      cyc=95 op=IK_J_TYPE        instr=0x425dec91 sel=4 -> imm=0x000dec24
[PASS] seq=crv_seq_3                      cyc=96 op=IK_CSR_TYPE      instr=0x99890a7d sel=5 -> imm=0x00000012
[PASS] seq=crv_seq_3                      cyc=97 op=IK_I_TYPE        instr=0x2b6109f4 sel=0 -> imm=0x000002b6
[PASS] seq=crv_seq_3                      cyc=98 op=IK_RANDOM        instr=0x28ee5227 sel=5 -> imm=0x0000001c
[PASS] seq=crv_seq_3                      cyc=99 op=IK_S_TYPE        instr=0xf566094f sel=1 -> imm=0xffffff52
[PASS] seq=crv_seq_3                      cyc=100 op=IK_I_TYPE        instr=0xc73e0ccd sel=0 -> imm=0xfffffc73
[PASS] seq=crv_seq_3                      cyc=101 op=IK_BOUNDARY_MAX  instr=0x7fffffff sel=0 -> imm=0x000007ff
[PASS] seq=crv_seq_3                      cyc=102 op=IK_BOUNDARY_ZERO instr=0x00000000 sel=4 -> imm=0x00000000
[PASS] seq=crv_seq_3                      cyc=103 op=IK_CSR_TYPE      instr=0x18f55d72 sel=5 -> imm=0x0000000a
[PASS] seq=crv_seq_3                      cyc=104 op=IK_B_TYPE        instr=0xe47af4c3 sel=2 -> imm=0xfffffe48
[PASS] seq=crv_seq_3                      cyc=105 op=IK_J_TYPE        instr=0xf66458f1 sel=4 -> imm=0xfff45766
[PASS] seq=crv_seq_3                      cyc=106 op=IK_S_TYPE        instr=0x80e1783f sel=1 -> imm=0xfffff810
[PASS] seq=crv_seq_3                      cyc=107 op=IK_RANDOM        instr=0x21131094 sel=3 -> imm=0x21131000
[PASS] seq=crv_seq_3                      cyc=108 op=IK_NONE_TYPE     instr=0x665d9be1 sel=6 -> imm=0x00000000
[PASS] seq=crv_seq_3                      cyc=109 op=IK_RANDOM        instr=0x02619abe sel=5 -> imm=0x00000003
[PASS] seq=crv_seq_3                      cyc=110 op=IK_B_TYPE        instr=0x106e240f sel=2 -> imm=0x00000108
[PASS] seq=crv_seq_3                      cyc=111 op=IK_S_TYPE        instr=0x77fa8809 sel=1 -> imm=0x00000770
[PASS] seq=crv_seq_3                      cyc=112 op=IK_S_TYPE        instr=0x110f47ec sel=1 -> imm=0x0000010f
[PASS] seq=crv_seq_3                      cyc=113 op=IK_U_TYPE        instr=0x26017240 sel=3 -> imm=0x26017000
[PASS] seq=crv_seq_3                      cyc=114 op=IK_B_TYPE        instr=0x66bc3f7f sel=2 -> imm=0x0000067e
[PASS] seq=crv_seq_3                      cyc=115 op=IK_I_TYPE        instr=0x72b13dcf sel=0 -> imm=0x0000072b
[PASS] seq=crv_seq_3                      cyc=116 op=IK_NONE_TYPE     instr=0x05fb2b28 sel=6 -> imm=0x00000000
[PASS] seq=crv_seq_3                      cyc=117 op=IK_RANDOM        instr=0x67d934bf sel=0 -> imm=0x0000067d
[PASS] seq=crv_seq_3                      cyc=118 op=IK_I_TYPE        instr=0x2d6df84c sel=0 -> imm=0x000002d6
[PASS] seq=crv_seq_3                      cyc=119 op=IK_BOUNDARY_MIN  instr=0x8092a442 sel=3 -> imm=0x8092a000
[PASS] seq=crv_seq_3                      cyc=120 op=IK_J_TYPE        instr=0xb8e6d158 sel=4 -> imm=0xfff6d38e
[PASS] seq=crv_seq_3                      cyc=121 op=IK_U_TYPE        instr=0x504e023b sel=3 -> imm=0x504e0000
[PASS] seq=crv_seq_3                      cyc=122 op=IK_RANDOM        instr=0x3bfd046e sel=6 -> imm=0x00000000
[PASS] seq=crv_seq_3                      cyc=123 op=IK_BOUNDARY_MIN  instr=0x96e9af43 sel=2 -> imm=0xfffff17e
[PASS] seq=crv_seq_3                      cyc=124 op=IK_S_TYPE        instr=0xf054cef0 sel=1 -> imm=0xffffff1d
[PASS] seq=crv_seq_3                      cyc=125 op=IK_J_TYPE        instr=0x67912b44 sel=4 -> imm=0x00012e78
[PASS] seq=crv_seq_3                      cyc=126 op=IK_U_TYPE        instr=0x10faf486 sel=3 -> imm=0x10faf000
[PASS] seq=crv_seq_3                      cyc=127 op=IK_J_TYPE        instr=0xa6c45a5e sel=4 -> imm=0xfff4526c
[PASS] seq=crv_seq_3                      cyc=128 op=IK_RANDOM        instr=0x5b32c5c3 sel=1 -> imm=0x000005ab
[PASS] seq=crv_seq_3                      cyc=129 op=IK_RANDOM        instr=0x480ec2fc sel=4 -> imm=0x000ec480
[PASS] seq=crv_seq_3                      cyc=130 op=IK_RANDOM        instr=0xcb3ceafe sel=4 -> imm=0xfffcecb2
[PASS] seq=crv_seq_3                      cyc=131 op=IK_CSR_TYPE      instr=0x98942b1a sel=5 -> imm=0x00000008
[PASS] seq=crv_seq_3                      cyc=132 op=IK_J_TYPE        instr=0xa77ec250 sel=4 -> imm=0xfffeca76
[PASS] seq=crv_seq_3                      cyc=133 op=IK_I_TYPE        instr=0x8118765d sel=0 -> imm=0xfffff811
[PASS] seq=crv_seq_3                      cyc=134 op=IK_BOUNDARY_MAX  instr=0x7fffffff sel=4 -> imm=0x000ffffe
[PASS] seq=crv_seq_3                      cyc=135 op=IK_NONE_TYPE     instr=0x77972abf sel=6 -> imm=0x00000000
[PASS] seq=crv_seq_3                      cyc=136 op=IK_U_TYPE        instr=0xcbc18390 sel=3 -> imm=0xcbc18000
[PASS] seq=crv_seq_3                      cyc=137 op=IK_I_TYPE        instr=0x66d7c2ef sel=0 -> imm=0x0000066d
[PASS] seq=crv_seq_3                      cyc=138 op=IK_CSR_TYPE      instr=0xc287cb6e sel=5 -> imm=0x0000000f
[PASS] seq=crv_seq_3                      cyc=139 op=IK_U_TYPE        instr=0x3c4a5506 sel=3 -> imm=0x3c4a5000
[PASS] seq=crv_seq_3                      cyc=140 op=IK_B_TYPE        instr=0x5f8156fb sel=2 -> imm=0x00000dec
[PASS] seq=crv_seq_3                      cyc=141 op=IK_S_TYPE        instr=0x54447823 sel=1 -> imm=0x00000550
[PASS] seq=crv_seq_3                      cyc=142 op=IK_CSR_TYPE      instr=0x27b1df31 sel=5 -> imm=0x00000003
[PASS] seq=crv_seq_3                      cyc=143 op=IK_BOUNDARY_ZERO instr=0x00000000 sel=0 -> imm=0x00000000
[PASS] seq=crv_seq_3                      cyc=144 op=IK_U_TYPE        instr=0xe2fff5a0 sel=3 -> imm=0xe2fff000
[PASS] seq=crv_seq_3                      cyc=145 op=IK_CSR_TYPE      instr=0x983c9094 sel=5 -> imm=0x00000019
[PASS] seq=crv_seq_3                      cyc=146 op=IK_S_TYPE        instr=0x2077cd09 sel=1 -> imm=0x0000021a
[PASS] seq=crv_seq_3                      cyc=147 op=IK_RANDOM        instr=0x37fdb9f5 sel=2 -> imm=0x00000b72
[PASS] seq=crv_seq_3                      cyc=148 op=IK_B_TYPE        instr=0xe1f9abd6 sel=2 -> imm=0xfffffe16
[PASS] seq=crv_seq_3                      cyc=149 op=IK_B_TYPE        instr=0x93263e32 sel=2 -> imm=0xfffff13c
[PASS] seq=crv_seq_3                      cyc=150 op=IK_B_TYPE        instr=0xe99fc128 sel=2 -> imm=0xfffff682
[PASS] seq=crv_seq_3                      cyc=151 op=IK_S_TYPE        instr=0x2301ed48 sel=1 -> imm=0x0000023a
[PASS] seq=crv_seq_3                      cyc=152 op=IK_S_TYPE        instr=0x47b050de sel=1 -> imm=0x00000461
[PASS] seq=crv_seq_3                      cyc=153 op=IK_I_TYPE        instr=0x65553377 sel=0 -> imm=0x00000655
[PASS] seq=crv_seq_3                      cyc=154 op=IK_CSR_TYPE      instr=0x064a6d34 sel=5 -> imm=0x00000014
[PASS] seq=crv_seq_3                      cyc=155 op=IK_RANDOM        instr=0xe95394f1 sel=2 -> imm=0xfffffe88
[PASS] seq=crv_seq_3                      cyc=156 op=IK_B_TYPE        instr=0x60acdebb sel=2 -> imm=0x00000e1c
[PASS] seq=crv_seq_3                      cyc=157 op=IK_U_TYPE        instr=0xf1299467 sel=3 -> imm=0xf1299000
[PASS] seq=crv_seq_3                      cyc=158 op=IK_BOUNDARY_MIN  instr=0xc21a868d sel=1 -> imm=0xfffffc2d
[PASS] seq=crv_seq_3                      cyc=159 op=IK_I_TYPE        instr=0xc7a3e5ff sel=0 -> imm=0xfffffc7a
[PASS] seq=crv_seq_3                      cyc=160 op=IK_I_TYPE        instr=0x026accd7 sel=0 -> imm=0x00000026
[PASS] seq=crv_seq_3                      cyc=161 op=IK_J_TYPE        instr=0xa0c769f3 sel=4 -> imm=0xfff7620c
[PASS] seq=crv_seq_3                      cyc=162 op=IK_BOUNDARY_MIN  instr=0xd1186368 sel=5 -> imm=0x00000010
[PASS] seq=crv_seq_3                      cyc=163 op=IK_BOUNDARY_MIN  instr=0x82203254 sel=5 -> imm=0x00000000
[PASS] seq=crv_seq_3                      cyc=164 op=IK_BOUNDARY_MIN  instr=0xd5919403 sel=3 -> imm=0xd5919000
[PASS] seq=crv_seq_3                      cyc=165 op=IK_J_TYPE        instr=0x8e637fd4 sel=4 -> imm=0xfff370e6
[PASS] seq=crv_seq_3                      cyc=166 op=IK_J_TYPE        instr=0x97561c9d sel=4 -> imm=0xfff61974
[PASS] seq=crv_seq_3                      cyc=167 op=IK_U_TYPE        instr=0x771be662 sel=3 -> imm=0x771be000
[PASS] seq=crv_seq_3                      cyc=168 op=IK_S_TYPE        instr=0xce5a5ca8 sel=1 -> imm=0xfffffcf9
[PASS] seq=crv_seq_3                      cyc=169 op=IK_U_TYPE        instr=0xbaaf7261 sel=3 -> imm=0xbaaf7000
[PASS] seq=crv_seq_3                      cyc=170 op=IK_RANDOM        instr=0xeda9bc34 sel=4 -> imm=0xfff9b6da
[PASS] seq=crv_seq_3                      cyc=171 op=IK_B_TYPE        instr=0x681616b4 sel=2 -> imm=0x00000e8c
[PASS] seq=crv_seq_3                      cyc=172 op=IK_B_TYPE        instr=0xb6b1db72 sel=2 -> imm=0xfffff376
[PASS] seq=crv_seq_3                      cyc=173 op=IK_B_TYPE        instr=0x0de71630 sel=2 -> imm=0x000000cc
[PASS] seq=crv_seq_3                      cyc=174 op=IK_U_TYPE        instr=0xc777059f sel=3 -> imm=0xc7770000
[PASS] seq=crv_seq_3                      cyc=175 op=IK_CSR_TYPE      instr=0x6b2b1bf7 sel=5 -> imm=0x00000016
[PASS] seq=crv_seq_3                      cyc=176 op=IK_B_TYPE        instr=0xe870393b sel=2 -> imm=0xfffff692
[PASS] seq=crv_seq_3                      cyc=177 op=IK_I_TYPE        instr=0xb2c4edad sel=0 -> imm=0xfffffb2c
[PASS] seq=crv_seq_3                      cyc=178 op=IK_B_TYPE        instr=0xbd5cab31 sel=2 -> imm=0xfffff3d6
[PASS] seq=crv_seq_3                      cyc=179 op=IK_RANDOM        instr=0xe0bd27f5 sel=5 -> imm=0x0000001a
[PASS] seq=crv_seq_3                      cyc=180 op=IK_RANDOM        instr=0xefffed78 sel=4 -> imm=0xffffeefe
[PASS] seq=crv_seq_3                      cyc=181 op=IK_RANDOM        instr=0xd4e25870 sel=2 -> imm=0xfffff550
[PASS] seq=crv_seq_3                      cyc=182 op=IK_BOUNDARY_ZERO instr=0x00000000 sel=3 -> imm=0x00000000
[PASS] seq=crv_seq_3                      cyc=183 op=IK_NONE_TYPE     instr=0x7a6cdcc9 sel=6 -> imm=0x00000000
[PASS] seq=crv_seq_3                      cyc=184 op=IK_RANDOM        instr=0x0ba4abad sel=4 -> imm=0x0004a0ba
[PASS] seq=crv_seq_3                      cyc=185 op=IK_BOUNDARY_MIN  instr=0x8b1443b6 sel=6 -> imm=0x00000000
[PASS] seq=crv_seq_3                      cyc=186 op=IK_RANDOM        instr=0x4c66b855 sel=6 -> imm=0x00000000
[PASS] seq=crv_seq_3                      cyc=187 op=IK_BOUNDARY_MIN  instr=0x99976c4f sel=2 -> imm=0xfffff198
[PASS] seq=crv_seq_3                      cyc=188 op=IK_S_TYPE        instr=0xc3df579b sel=1 -> imm=0xfffffc2f
[PASS] seq=crv_seq_3                      cyc=189 op=IK_S_TYPE        instr=0x230d57a0 sel=1 -> imm=0x0000022f
[PASS] seq=crv_seq_3                      cyc=190 op=IK_BOUNDARY_MIN  instr=0x835ab485 sel=1 -> imm=0xfffff829
[PASS] seq=crv_seq_3                      cyc=191 op=IK_NONE_TYPE     instr=0x899eb8dc sel=6 -> imm=0x00000000
[PASS] seq=crv_seq_3                      cyc=192 op=IK_S_TYPE        instr=0x956d7b01 sel=1 -> imm=0xfffff956
[PASS] seq=crv_seq_3                      cyc=193 op=IK_B_TYPE        instr=0x8d95a1c5 sel=2 -> imm=0xfffff8c2
[PASS] seq=crv_seq_3                      cyc=194 op=IK_BOUNDARY_MAX  instr=0x7fffffff sel=5 -> imm=0x0000001f
[PASS] seq=crv_seq_3                      cyc=195 op=IK_BOUNDARY_ZERO instr=0x00000000 sel=2 -> imm=0x00000000
[PASS] seq=crv_seq_3                      cyc=196 op=IK_NONE_TYPE     instr=0x798a6ac7 sel=6 -> imm=0x00000000
[PASS] seq=crv_seq_3                      cyc=197 op=IK_BOUNDARY_MAX  instr=0x7fffffff sel=4 -> imm=0x000ffffe
[PASS] seq=crv_seq_3                      cyc=198 op=IK_B_TYPE        instr=0xfaf76451 sel=2 -> imm=0xfffff7a8
[PASS] seq=crv_seq_3                      cyc=199 op=IK_NONE_TYPE     instr=0x22549676 sel=6 -> imm=0x00000000
[PASS] seq=crv_seq_4                      cyc=0 op=IK_S_TYPE        instr=0x3e2e51e6 sel=1 -> imm=0x000003e3
[PASS] seq=crv_seq_4                      cyc=1 op=IK_U_TYPE        instr=0x868910a8 sel=3 -> imm=0x86891000
[PASS] seq=crv_seq_4                      cyc=2 op=IK_NONE_TYPE     instr=0x1e94bc45 sel=6 -> imm=0x00000000
[PASS] seq=crv_seq_4                      cyc=3 op=IK_U_TYPE        instr=0xe070cc57 sel=3 -> imm=0xe070c000
[PASS] seq=crv_seq_4                      cyc=4 op=IK_BOUNDARY_ZERO instr=0x00000000 sel=5 -> imm=0x00000000
[PASS] seq=crv_seq_4                      cyc=5 op=IK_RANDOM        instr=0xd9d3d30d sel=6 -> imm=0x00000000
[PASS] seq=crv_seq_4                      cyc=6 op=IK_RANDOM        instr=0x1e18ad54 sel=4 -> imm=0x0008a9e0
[PASS] seq=crv_seq_4                      cyc=7 op=IK_CSR_TYPE      instr=0x3d0d43ba sel=5 -> imm=0x0000001a
[PASS] seq=crv_seq_4                      cyc=8 op=IK_RANDOM        instr=0x8276f5ee sel=4 -> imm=0xfff6f826
[PASS] seq=crv_seq_4                      cyc=9 op=IK_S_TYPE        instr=0xe87f97b6 sel=1 -> imm=0xfffffe8f
[PASS] seq=crv_seq_4                      cyc=10 op=IK_BOUNDARY_ZERO instr=0x00000000 sel=4 -> imm=0x00000000
[PASS] seq=crv_seq_4                      cyc=11 op=IK_RANDOM        instr=0x323982b5 sel=2 -> imm=0x00000b24
[PASS] seq=crv_seq_4                      cyc=12 op=IK_S_TYPE        instr=0x0b020df3 sel=1 -> imm=0x000000bb
[PASS] seq=crv_seq_4                      cyc=13 op=IK_S_TYPE        instr=0x1169c046 sel=1 -> imm=0x00000100
[PASS] seq=crv_seq_4                      cyc=14 op=IK_I_TYPE        instr=0x6b74aa6f sel=0 -> imm=0x000006b7
[PASS] seq=crv_seq_4                      cyc=15 op=IK_BOUNDARY_MIN  instr=0xac3353e0 sel=2 -> imm=0xfffffac6
[PASS] seq=crv_seq_4                      cyc=16 op=IK_CSR_TYPE      instr=0x41f41b0c sel=5 -> imm=0x00000008
[PASS] seq=crv_seq_4                      cyc=17 op=IK_NONE_TYPE     instr=0xa4befe77 sel=6 -> imm=0x00000000
[PASS] seq=crv_seq_4                      cyc=18 op=IK_BOUNDARY_MIN  instr=0xe640baf3 sel=2 -> imm=0xfffffe74
[PASS] seq=crv_seq_4                      cyc=19 op=IK_RANDOM        instr=0xf5b973fd sel=3 -> imm=0xf5b97000
[PASS] seq=crv_seq_4                      cyc=20 op=IK_BOUNDARY_ZERO instr=0x00000000 sel=4 -> imm=0x00000000
[PASS] seq=crv_seq_4                      cyc=21 op=IK_U_TYPE        instr=0xae293bd6 sel=3 -> imm=0xae293000
[PASS] seq=crv_seq_4                      cyc=22 op=IK_CSR_TYPE      instr=0xbfeea92f sel=5 -> imm=0x0000001d
[PASS] seq=crv_seq_4                      cyc=23 op=IK_NONE_TYPE     instr=0x0059b4c3 sel=6 -> imm=0x00000000
[PASS] seq=crv_seq_4                      cyc=24 op=IK_RANDOM        instr=0x25af2d90 sel=6 -> imm=0x00000000
[PASS] seq=crv_seq_4                      cyc=25 op=IK_NONE_TYPE     instr=0xdd8f7afd sel=6 -> imm=0x00000000
[PASS] seq=crv_seq_4                      cyc=26 op=IK_B_TYPE        instr=0x116c7dfd sel=2 -> imm=0x0000091a
[PASS] seq=crv_seq_4                      cyc=27 op=IK_NONE_TYPE     instr=0x402b3236 sel=6 -> imm=0x00000000
[PASS] seq=crv_seq_4                      cyc=28 op=IK_BOUNDARY_ZERO instr=0x00000000 sel=2 -> imm=0x00000000
[PASS] seq=crv_seq_4                      cyc=29 op=IK_J_TYPE        instr=0x061b4cbf sel=4 -> imm=0x000b4860
[PASS] seq=crv_seq_4                      cyc=30 op=IK_RANDOM        instr=0x1c3538f1 sel=1 -> imm=0x000001d1
[PASS] seq=crv_seq_4                      cyc=31 op=IK_RANDOM        instr=0xc0ad2e19 sel=1 -> imm=0xfffffc1c
[PASS] seq=crv_seq_4                      cyc=32 op=IK_U_TYPE        instr=0xd032d693 sel=3 -> imm=0xd032d000
[PASS] seq=crv_seq_4                      cyc=33 op=IK_BOUNDARY_MAX  instr=0x7fffffff sel=1 -> imm=0x000007ff
[PASS] seq=crv_seq_4                      cyc=34 op=IK_RANDOM        instr=0x68f7bc2c sel=1 -> imm=0x00000698
[PASS] seq=crv_seq_4                      cyc=35 op=IK_J_TYPE        instr=0xb32b26e9 sel=4 -> imm=0xfffb2332
[PASS] seq=crv_seq_4                      cyc=36 op=IK_B_TYPE        instr=0xec1b351d sel=2 -> imm=0xfffff6ca
[PASS] seq=crv_seq_4                      cyc=37 op=IK_J_TYPE        instr=0x21f53268 sel=4 -> imm=0x00053a1e
[PASS] seq=crv_seq_4                      cyc=38 op=IK_RANDOM        instr=0x0b166dac sel=4 -> imm=0x000668b0
[PASS] seq=crv_seq_4                      cyc=39 op=IK_U_TYPE        instr=0x7cd4a127 sel=3 -> imm=0x7cd4a000
[PASS] seq=crv_seq_4                      cyc=40 op=IK_RANDOM        instr=0xfa8a5601 sel=2 -> imm=0xfffff7ac
[PASS] seq=crv_seq_4                      cyc=41 op=IK_U_TYPE        instr=0xb9c54040 sel=3 -> imm=0xb9c54000
[PASS] seq=crv_seq_4                      cyc=42 op=IK_I_TYPE        instr=0x176e7910 sel=0 -> imm=0x00000176
[PASS] seq=crv_seq_4                      cyc=43 op=IK_B_TYPE        instr=0x69769d34 sel=2 -> imm=0x0000069a
[PASS] seq=crv_seq_4                      cyc=44 op=IK_S_TYPE        instr=0x4472617c sel=1 -> imm=0x00000442
[PASS] seq=crv_seq_4                      cyc=45 op=IK_BOUNDARY_MIN  instr=0x8de7af00 sel=6 -> imm=0x00000000
[PASS] seq=crv_seq_4                      cyc=46 op=IK_S_TYPE        instr=0x664e3d9a sel=1 -> imm=0x0000067b
[PASS] seq=crv_seq_4                      cyc=47 op=IK_J_TYPE        instr=0x336be308 sel=4 -> imm=0x000be336
[PASS] seq=crv_seq_4                      cyc=48 op=IK_B_TYPE        instr=0x42d2fb8d sel=2 -> imm=0x00000c36
[PASS] seq=crv_seq_4                      cyc=49 op=IK_B_TYPE        instr=0x255e2af0 sel=2 -> imm=0x00000a54
[PASS] seq=crv_seq_4                      cyc=50 op=IK_B_TYPE        instr=0x69a8af40 sel=2 -> imm=0x0000069e
[PASS] seq=crv_seq_4                      cyc=51 op=IK_S_TYPE        instr=0x67c7e511 sel=1 -> imm=0x0000066a
[PASS] seq=crv_seq_4                      cyc=52 op=IK_RANDOM        instr=0x476f6fb8 sel=1 -> imm=0x0000047f
[PASS] seq=crv_seq_4                      cyc=53 op=IK_RANDOM        instr=0x4bd8200a sel=4 -> imm=0x00082cbc
[PASS] seq=crv_seq_4                      cyc=54 op=IK_U_TYPE        instr=0x1245002a sel=3 -> imm=0x12450000
[PASS] seq=crv_seq_4                      cyc=55 op=IK_U_TYPE        instr=0x2cceeefa sel=3 -> imm=0x2ccee000
[PASS] seq=crv_seq_4                      cyc=56 op=IK_CSR_TYPE      instr=0xacaaa0e6 sel=5 -> imm=0x00000015
[PASS] seq=crv_seq_4                      cyc=57 op=IK_J_TYPE        instr=0x5effc3dc sel=4 -> imm=0x000fcdee
[PASS] seq=crv_seq_4                      cyc=58 op=IK_RANDOM        instr=0x968b4d99 sel=1 -> imm=0xfffff97b
[PASS] seq=crv_seq_4                      cyc=59 op=IK_I_TYPE        instr=0x9fe63bf5 sel=0 -> imm=0xfffff9fe
[PASS] seq=crv_seq_4                      cyc=60 op=IK_BOUNDARY_MIN  instr=0xcbb25853 sel=3 -> imm=0xcbb25000
[PASS] seq=crv_seq_4                      cyc=61 op=IK_I_TYPE        instr=0x4bee47bd sel=0 -> imm=0x000004be
[PASS] seq=crv_seq_4                      cyc=62 op=IK_RANDOM        instr=0xd744336f sel=0 -> imm=0xfffffd74
[PASS] seq=crv_seq_4                      cyc=63 op=IK_BOUNDARY_MAX  instr=0x7fffffff sel=1 -> imm=0x000007ff
[PASS] seq=crv_seq_4                      cyc=64 op=IK_B_TYPE        instr=0xb0f6391e sel=2 -> imm=0xfffff312
[PASS] seq=crv_seq_4                      cyc=65 op=IK_I_TYPE        instr=0x18cca333 sel=0 -> imm=0x0000018c
[PASS] seq=crv_seq_4                      cyc=66 op=IK_J_TYPE        instr=0xb4af6dcd sel=4 -> imm=0xffff634a
[PASS] seq=crv_seq_4                      cyc=67 op=IK_J_TYPE        instr=0x0174418f sel=4 -> imm=0x00044816
[PASS] seq=crv_seq_4                      cyc=68 op=IK_S_TYPE        instr=0x6454042a sel=1 -> imm=0x00000648
[PASS] seq=crv_seq_4                      cyc=69 op=IK_J_TYPE        instr=0xba37b874 sel=4 -> imm=0xfff7bba2
[PASS] seq=crv_seq_4                      cyc=70 op=IK_CSR_TYPE      instr=0x4ff4d684 sel=5 -> imm=0x00000009
[PASS] seq=crv_seq_4                      cyc=71 op=IK_RANDOM        instr=0xa7535ecf sel=6 -> imm=0x00000000
[PASS] seq=crv_seq_4                      cyc=72 op=IK_NONE_TYPE     instr=0xe6d87a68 sel=6 -> imm=0x00000000
[PASS] seq=crv_seq_4                      cyc=73 op=IK_I_TYPE        instr=0x0f900d4f sel=0 -> imm=0x000000f9
[PASS] seq=crv_seq_4                      cyc=74 op=IK_S_TYPE        instr=0x7234eab7 sel=1 -> imm=0x00000735
[PASS] seq=crv_seq_4                      cyc=75 op=IK_RANDOM        instr=0x28a2b9a3 sel=3 -> imm=0x28a2b000
[PASS] seq=crv_seq_4                      cyc=76 op=IK_NONE_TYPE     instr=0x87c68743 sel=6 -> imm=0x00000000
[PASS] seq=crv_seq_4                      cyc=77 op=IK_CSR_TYPE      instr=0xfcd79499 sel=5 -> imm=0x0000000f
[PASS] seq=crv_seq_4                      cyc=78 op=IK_CSR_TYPE      instr=0x2ce06147 sel=5 -> imm=0x00000000
[PASS] seq=crv_seq_4                      cyc=79 op=IK_RANDOM        instr=0x65e5e479 sel=3 -> imm=0x65e5e000
[PASS] seq=crv_seq_4                      cyc=80 op=IK_B_TYPE        instr=0x86ddcb6a sel=2 -> imm=0xfffff076
[PASS] seq=crv_seq_4                      cyc=81 op=IK_BOUNDARY_MIN  instr=0x9fa83490 sel=4 -> imm=0xfff831fa
[PASS] seq=crv_seq_4                      cyc=82 op=IK_RANDOM        instr=0x92a02eac sel=5 -> imm=0x00000000
[PASS] seq=crv_seq_4                      cyc=83 op=IK_B_TYPE        instr=0xaf493160 sel=2 -> imm=0xfffff2e2
[PASS] seq=crv_seq_4                      cyc=84 op=IK_U_TYPE        instr=0xa05e5b0a sel=3 -> imm=0xa05e5000
[PASS] seq=crv_seq_4                      cyc=85 op=IK_RANDOM        instr=0x9c94c27c sel=2 -> imm=0xfffff1c4
[PASS] seq=crv_seq_4                      cyc=86 op=IK_RANDOM        instr=0xc05a3eeb sel=3 -> imm=0xc05a3000
[PASS] seq=crv_seq_4                      cyc=87 op=IK_I_TYPE        instr=0x9f000d37 sel=0 -> imm=0xfffff9f0
[PASS] seq=crv_seq_4                      cyc=88 op=IK_CSR_TYPE      instr=0x196ae7e2 sel=5 -> imm=0x00000015
[PASS] seq=crv_seq_4                      cyc=89 op=IK_RANDOM        instr=0x2bf70be1 sel=2 -> imm=0x00000ab6
[PASS] seq=crv_seq_4                      cyc=90 op=IK_U_TYPE        instr=0x4d8730a6 sel=3 -> imm=0x4d873000
[PASS] seq=crv_seq_4                      cyc=91 op=IK_U_TYPE        instr=0x90e0beef sel=3 -> imm=0x90e0b000
[PASS] seq=crv_seq_4                      cyc=92 op=IK_B_TYPE        instr=0xf440d84a sel=2 -> imm=0xfffff750
[PASS] seq=crv_seq_4                      cyc=93 op=IK_S_TYPE        instr=0x8e2679a4 sel=1 -> imm=0xfffff8f3
[PASS] seq=crv_seq_4                      cyc=94 op=IK_NONE_TYPE     instr=0x6d8e262f sel=6 -> imm=0x00000000
[PASS] seq=crv_seq_4                      cyc=95 op=IK_BOUNDARY_ZERO instr=0x00000000 sel=2 -> imm=0x00000000
[PASS] seq=crv_seq_4                      cyc=96 op=IK_RANDOM        instr=0x87e19933 sel=6 -> imm=0x00000000
[PASS] seq=crv_seq_4                      cyc=97 op=IK_J_TYPE        instr=0xebc702d3 sel=4 -> imm=0xfff706bc
[PASS] seq=crv_seq_4                      cyc=98 op=IK_CSR_TYPE      instr=0x333ad120 sel=5 -> imm=0x00000015
[PASS] seq=crv_seq_4                      cyc=99 op=IK_BOUNDARY_MIN  instr=0xafd88dbe sel=5 -> imm=0x00000011
[PASS] seq=crv_seq_4                      cyc=100 op=IK_I_TYPE        instr=0xbfa45df0 sel=0 -> imm=0xfffffbfa
[PASS] seq=crv_seq_4                      cyc=101 op=IK_J_TYPE        instr=0xdf3eafa3 sel=4 -> imm=0xfffeadf2
[PASS] seq=crv_seq_4                      cyc=102 op=IK_I_TYPE        instr=0xcc21b31e sel=0 -> imm=0xfffffcc2
[PASS] seq=crv_seq_4                      cyc=103 op=IK_J_TYPE        instr=0x95d88195 sel=4 -> imm=0xfff8895c
[PASS] seq=crv_seq_4                      cyc=104 op=IK_I_TYPE        instr=0x444784bf sel=0 -> imm=0x00000444
[PASS] seq=crv_seq_4                      cyc=105 op=IK_S_TYPE        instr=0xc6167c2f sel=1 -> imm=0xfffffc78
[PASS] seq=crv_seq_4                      cyc=106 op=IK_U_TYPE        instr=0x5de16b84 sel=3 -> imm=0x5de16000
[PASS] seq=crv_seq_4                      cyc=107 op=IK_B_TYPE        instr=0x9b896009 sel=2 -> imm=0xfffff1a0
[PASS] seq=crv_seq_4                      cyc=108 op=IK_B_TYPE        instr=0x37c4d5a0 sel=2 -> imm=0x00000b6a
[PASS] seq=crv_seq_4                      cyc=109 op=IK_RANDOM        instr=0xd5e8a549 sel=2 -> imm=0xfffff54a
[PASS] seq=crv_seq_4                      cyc=110 op=IK_J_TYPE        instr=0x63fbea77 sel=4 -> imm=0x000bee3e
[PASS] seq=crv_seq_4                      cyc=111 op=IK_BOUNDARY_MIN  instr=0xff9de0f7 sel=4 -> imm=0xfffdeff8
[PASS] seq=crv_seq_4                      cyc=112 op=IK_I_TYPE        instr=0x5e80cc35 sel=0 -> imm=0x000005e8
[PASS] seq=crv_seq_4                      cyc=113 op=IK_J_TYPE        instr=0x0abd79ac sel=4 -> imm=0x000d78aa
[PASS] seq=crv_seq_4                      cyc=114 op=IK_I_TYPE        instr=0xb7823976 sel=0 -> imm=0xfffffb78
[PASS] seq=crv_seq_4                      cyc=115 op=IK_CSR_TYPE      instr=0x19d46bd7 sel=5 -> imm=0x00000008
[PASS] seq=crv_seq_4                      cyc=116 op=IK_CSR_TYPE      instr=0xcd85f965 sel=5 -> imm=0x0000000b
[PASS] seq=crv_seq_4                      cyc=117 op=IK_J_TYPE        instr=0xc4aec7ea sel=4 -> imm=0xfffec44a
[PASS] seq=crv_seq_4                      cyc=118 op=IK_B_TYPE        instr=0xaf68cb94 sel=2 -> imm=0xfffffaf6
[PASS] seq=crv_seq_4                      cyc=119 op=IK_I_TYPE        instr=0x75ba433a sel=0 -> imm=0x0000075b
[PASS] seq=crv_seq_4                      cyc=120 op=IK_CSR_TYPE      instr=0x37733cb8 sel=5 -> imm=0x00000006
[PASS] seq=crv_seq_4                      cyc=121 op=IK_J_TYPE        instr=0x2cd2b442 sel=4 -> imm=0x0002bacc
[PASS] seq=crv_seq_4                      cyc=122 op=IK_NONE_TYPE     instr=0x74373cee sel=6 -> imm=0x00000000
[PASS] seq=crv_seq_4                      cyc=123 op=IK_CSR_TYPE      instr=0x744fc263 sel=5 -> imm=0x0000001f
[PASS] seq=crv_seq_4                      cyc=124 op=IK_BOUNDARY_ZERO instr=0x00000000 sel=2 -> imm=0x00000000
[PASS] seq=crv_seq_4                      cyc=125 op=IK_RANDOM        instr=0xd515fcb8 sel=3 -> imm=0xd515f000
[PASS] seq=crv_seq_4                      cyc=126 op=IK_I_TYPE        instr=0x98b3080b sel=0 -> imm=0xfffff98b
[PASS] seq=crv_seq_4                      cyc=127 op=IK_RANDOM        instr=0xecc29a6b sel=2 -> imm=0xfffff6d4
[PASS] seq=crv_seq_4                      cyc=128 op=IK_I_TYPE        instr=0xba93b334 sel=0 -> imm=0xfffffba9
[PASS] seq=crv_seq_4                      cyc=129 op=IK_B_TYPE        instr=0x12f39665 sel=2 -> imm=0x0000012c
[PASS] seq=crv_seq_4                      cyc=130 op=IK_NONE_TYPE     instr=0x65671149 sel=6 -> imm=0x00000000
[PASS] seq=crv_seq_4                      cyc=131 op=IK_U_TYPE        instr=0x583736bc sel=3 -> imm=0x58373000
[PASS] seq=crv_seq_4                      cyc=132 op=IK_J_TYPE        instr=0x945c12ec sel=4 -> imm=0xfffc1944
[PASS] seq=crv_seq_4                      cyc=133 op=IK_U_TYPE        instr=0xe32f43b2 sel=3 -> imm=0xe32f4000
[PASS] seq=crv_seq_4                      cyc=134 op=IK_I_TYPE        instr=0xf368fef0 sel=0 -> imm=0xffffff36
[PASS] seq=crv_seq_4                      cyc=135 op=IK_B_TYPE        instr=0xb2a39eb9 sel=2 -> imm=0xfffffb3c
[PASS] seq=crv_seq_4                      cyc=136 op=IK_RANDOM        instr=0xec16cf23 sel=4 -> imm=0xfff6cec0
[PASS] seq=crv_seq_4                      cyc=137 op=IK_CSR_TYPE      instr=0x8d762e99 sel=5 -> imm=0x0000000c
[PASS] seq=crv_seq_4                      cyc=138 op=IK_BOUNDARY_ZERO instr=0x00000000 sel=0 -> imm=0x00000000
[PASS] seq=crv_seq_4                      cyc=139 op=IK_S_TYPE        instr=0x908fab2b sel=1 -> imm=0xfffff916
[PASS] seq=crv_seq_4                      cyc=140 op=IK_RANDOM        instr=0xb7114c4c sel=4 -> imm=0xfff14b70
[PASS] seq=crv_seq_4                      cyc=141 op=IK_BOUNDARY_ZERO instr=0x00000000 sel=3 -> imm=0x00000000
[PASS] seq=crv_seq_4                      cyc=142 op=IK_J_TYPE        instr=0x93b50121 sel=4 -> imm=0xfff5093a
[PASS] seq=crv_seq_4                      cyc=143 op=IK_B_TYPE        instr=0x988f47c8 sel=2 -> imm=0xfffff98e
[PASS] seq=crv_seq_4                      cyc=144 op=IK_S_TYPE        instr=0x7ca9eb8a sel=1 -> imm=0x000007d7
[PASS] seq=crv_seq_4                      cyc=145 op=IK_CSR_TYPE      instr=0x6f42c02f sel=5 -> imm=0x00000005
[PASS] seq=crv_seq_4                      cyc=146 op=IK_RANDOM        instr=0x39735434 sel=1 -> imm=0x00000388
[PASS] seq=crv_seq_4                      cyc=147 op=IK_RANDOM        instr=0xbaf7e23a sel=4 -> imm=0xfff7ebae
[PASS] seq=crv_seq_4                      cyc=148 op=IK_NONE_TYPE     instr=0xf81b9a2f sel=6 -> imm=0x00000000
[PASS] seq=crv_seq_4                      cyc=149 op=IK_BOUNDARY_MIN  instr=0x9e0b9177 sel=4 -> imm=0xfffb91e0
[PASS] seq=crv_seq_4                      cyc=150 op=IK_J_TYPE        instr=0x9fc1bf44 sel=4 -> imm=0xfff1b1fc
[PASS] seq=crv_seq_4                      cyc=151 op=IK_BOUNDARY_MIN  instr=0xaf9981ef sel=0 -> imm=0xfffffaf9
[PASS] seq=crv_seq_4                      cyc=152 op=IK_RANDOM        instr=0x8862e69b sel=4 -> imm=0xfff2e086
[PASS] seq=crv_seq_4                      cyc=153 op=IK_RANDOM        instr=0xf85ebb28 sel=6 -> imm=0x00000000
[PASS] seq=crv_seq_4                      cyc=154 op=IK_RANDOM        instr=0x118c95aa sel=2 -> imm=0x0000090a
[PASS] seq=crv_seq_4                      cyc=155 op=IK_CSR_TYPE      instr=0xbbb72d8a sel=5 -> imm=0x0000000e
[PASS] seq=crv_seq_4                      cyc=156 op=IK_B_TYPE        instr=0x772035f9 sel=2 -> imm=0x00000f6a
[PASS] seq=crv_seq_4                      cyc=157 op=IK_U_TYPE        instr=0xeb7e0312 sel=3 -> imm=0xeb7e0000
[PASS] seq=crv_seq_4                      cyc=158 op=IK_I_TYPE        instr=0xe6711486 sel=0 -> imm=0xfffffe67
[PASS] seq=crv_seq_4                      cyc=159 op=IK_BOUNDARY_MAX  instr=0x7fffffff sel=5 -> imm=0x0000001f
[PASS] seq=crv_seq_4                      cyc=160 op=IK_CSR_TYPE      instr=0x134ea132 sel=5 -> imm=0x0000001d
[PASS] seq=crv_seq_4                      cyc=161 op=IK_RANDOM        instr=0xe9e9f5e6 sel=4 -> imm=0xfff9f69e
[PASS] seq=crv_seq_4                      cyc=162 op=IK_RANDOM        instr=0x3a021190 sel=6 -> imm=0x00000000
[PASS] seq=crv_seq_4                      cyc=163 op=IK_S_TYPE        instr=0xd6101d57 sel=1 -> imm=0xfffffd7a
[PASS] seq=crv_seq_4                      cyc=164 op=IK_I_TYPE        instr=0x9c0e1911 sel=0 -> imm=0xfffff9c0
[PASS] seq=crv_seq_4                      cyc=165 op=IK_B_TYPE        instr=0x2c13b03a sel=2 -> imm=0x000002c0
[PASS] seq=crv_seq_4                      cyc=166 op=IK_I_TYPE        instr=0x9e9dedfc sel=0 -> imm=0xfffff9e9
[PASS] seq=crv_seq_4                      cyc=167 op=IK_U_TYPE        instr=0x8a6665dc sel=3 -> imm=0x8a666000
[PASS] seq=crv_seq_4                      cyc=168 op=IK_I_TYPE        instr=0x34fdba5e sel=0 -> imm=0x0000034f
[PASS] seq=crv_seq_4                      cyc=169 op=IK_CSR_TYPE      instr=0x8f553723 sel=5 -> imm=0x0000000a
[PASS] seq=crv_seq_4                      cyc=170 op=IK_CSR_TYPE      instr=0x72bcf019 sel=5 -> imm=0x00000019
[PASS] seq=crv_seq_4                      cyc=171 op=IK_U_TYPE        instr=0x63359cc8 sel=3 -> imm=0x63359000
[PASS] seq=crv_seq_4                      cyc=172 op=IK_CSR_TYPE      instr=0x7ee07051 sel=5 -> imm=0x00000000
[PASS] seq=crv_seq_4                      cyc=173 op=IK_BOUNDARY_ZERO instr=0x00000000 sel=3 -> imm=0x00000000
[PASS] seq=crv_seq_4                      cyc=174 op=IK_B_TYPE        instr=0xa93ab18c sel=2 -> imm=0xfffffa82
[PASS] seq=crv_seq_4                      cyc=175 op=IK_RANDOM        instr=0x740a5d88 sel=5 -> imm=0x00000014
[PASS] seq=crv_seq_4                      cyc=176 op=IK_BOUNDARY_ZERO instr=0x00000000 sel=2 -> imm=0x00000000
[PASS] seq=crv_seq_4                      cyc=177 op=IK_BOUNDARY_MAX  instr=0x7fffffff sel=5 -> imm=0x0000001f
[PASS] seq=crv_seq_4                      cyc=178 op=IK_CSR_TYPE      instr=0x871e4e54 sel=5 -> imm=0x0000001c
[PASS] seq=crv_seq_4                      cyc=179 op=IK_I_TYPE        instr=0xe1775f5e sel=0 -> imm=0xfffffe17
[PASS] seq=crv_seq_4                      cyc=180 op=IK_CSR_TYPE      instr=0x133e7777 sel=5 -> imm=0x0000001c
[PASS] seq=crv_seq_4                      cyc=181 op=IK_B_TYPE        instr=0x3aebef1e sel=2 -> imm=0x000003be
[PASS] seq=crv_seq_4                      cyc=182 op=IK_BOUNDARY_MAX  instr=0x7fffffff sel=3 -> imm=0x7ffff000
[PASS] seq=crv_seq_4                      cyc=183 op=IK_I_TYPE        instr=0x9a0ebf2a sel=0 -> imm=0xfffff9a0
[PASS] seq=crv_seq_4                      cyc=184 op=IK_CSR_TYPE      instr=0x6898dca2 sel=5 -> imm=0x00000011
[PASS] seq=crv_seq_4                      cyc=185 op=IK_B_TYPE        instr=0x2f2bd49b sel=2 -> imm=0x00000ae8
[PASS] seq=crv_seq_4                      cyc=186 op=IK_S_TYPE        instr=0xa3efab4e sel=1 -> imm=0xfffffa36
[PASS] seq=crv_seq_4                      cyc=187 op=IK_B_TYPE        instr=0xc821a78b sel=2 -> imm=0xfffffc8e
[PASS] seq=crv_seq_4                      cyc=188 op=IK_S_TYPE        instr=0xe13787b5 sel=1 -> imm=0xfffffe0f
[PASS] seq=crv_seq_4                      cyc=189 op=IK_S_TYPE        instr=0xccb23dd3 sel=1 -> imm=0xfffffcdb
[PASS] seq=crv_seq_4                      cyc=190 op=IK_BOUNDARY_MIN  instr=0x91ecda85 sel=6 -> imm=0x00000000
[PASS] seq=crv_seq_4                      cyc=191 op=IK_I_TYPE        instr=0x2c055204 sel=0 -> imm=0x000002c0
[PASS] seq=crv_seq_4                      cyc=192 op=IK_I_TYPE        instr=0x40d90927 sel=0 -> imm=0x0000040d
[PASS] seq=crv_seq_4                      cyc=193 op=IK_I_TYPE        instr=0x96655c3b sel=0 -> imm=0xfffff966
[PASS] seq=crv_seq_4                      cyc=194 op=IK_BOUNDARY_MAX  instr=0x7fffffff sel=2 -> imm=0x00000ffe
[PASS] seq=crv_seq_4                      cyc=195 op=IK_BOUNDARY_MIN  instr=0xf96be4d0 sel=4 -> imm=0xfffbe796
[PASS] seq=crv_seq_4                      cyc=196 op=IK_RANDOM        instr=0x21be13e2 sel=1 -> imm=0x00000207
[PASS] seq=crv_seq_4                      cyc=197 op=IK_B_TYPE        instr=0xa141d142 sel=2 -> imm=0xfffff202
[PASS] seq=crv_seq_4                      cyc=198 op=IK_RANDOM        instr=0xe8937ad1 sel=2 -> imm=0xfffffe94
[PASS] seq=crv_seq_4                      cyc=199 op=IK_BOUNDARY_MAX  instr=0x7fffffff sel=5 -> imm=0x0000001f
[PASS] seq=crv_seq_5                      cyc=0 op=IK_S_TYPE        instr=0xa1ff2bd0 sel=1 -> imm=0xfffffa17
[PASS] seq=crv_seq_5                      cyc=1 op=IK_U_TYPE        instr=0x56ca474e sel=3 -> imm=0x56ca4000
[PASS] seq=crv_seq_5                      cyc=2 op=IK_RANDOM        instr=0x1c10fb02 sel=0 -> imm=0x000001c1
[PASS] seq=crv_seq_5                      cyc=3 op=IK_RANDOM        instr=0x515a1e0a sel=6 -> imm=0x00000000
[PASS] seq=crv_seq_5                      cyc=4 op=IK_J_TYPE        instr=0xb3aea1f3 sel=4 -> imm=0xfffea33a
[PASS] seq=crv_seq_5                      cyc=5 op=IK_U_TYPE        instr=0x168f4273 sel=3 -> imm=0x168f4000
[PASS] seq=crv_seq_5                      cyc=6 op=IK_S_TYPE        instr=0xa2a9d8a5 sel=1 -> imm=0xfffffa31
[PASS] seq=crv_seq_5                      cyc=7 op=IK_J_TYPE        instr=0xe7d8f55a sel=4 -> imm=0xfff8fe7c
[PASS] seq=crv_seq_5                      cyc=8 op=IK_S_TYPE        instr=0x40609733 sel=1 -> imm=0x0000040e
[PASS] seq=crv_seq_5                      cyc=9 op=IK_RANDOM        instr=0x5a69078d sel=2 -> imm=0x00000dae
[PASS] seq=crv_seq_5                      cyc=10 op=IK_J_TYPE        instr=0xdbe4d745 sel=4 -> imm=0xfff4d5be
[PASS] seq=crv_seq_5                      cyc=11 op=IK_I_TYPE        instr=0xb10fd3e7 sel=0 -> imm=0xfffffb10
[PASS] seq=crv_seq_5                      cyc=12 op=IK_I_TYPE        instr=0x3af6da68 sel=0 -> imm=0x000003af
[PASS] seq=crv_seq_5                      cyc=13 op=IK_U_TYPE        instr=0xf74ec37f sel=3 -> imm=0xf74ec000
[PASS] seq=crv_seq_5                      cyc=14 op=IK_S_TYPE        instr=0x60423787 sel=1 -> imm=0x0000060f
[PASS] seq=crv_seq_5                      cyc=15 op=IK_CSR_TYPE      instr=0x5747a813 sel=5 -> imm=0x0000000f
[PASS] seq=crv_seq_5                      cyc=16 op=IK_BOUNDARY_MAX  instr=0x7fffffff sel=1 -> imm=0x000007ff
[PASS] seq=crv_seq_5                      cyc=17 op=IK_U_TYPE        instr=0xb5d98a32 sel=3 -> imm=0xb5d98000
[PASS] seq=crv_seq_5                      cyc=18 op=IK_RANDOM        instr=0x7cdf1c5b sel=2 -> imm=0x000007d8
[PASS] seq=crv_seq_5                      cyc=19 op=IK_RANDOM        instr=0x2ade38c3 sel=0 -> imm=0x000002ad
[PASS] seq=crv_seq_5                      cyc=20 op=IK_CSR_TYPE      instr=0x880fe663 sel=5 -> imm=0x0000001f
[PASS] seq=crv_seq_5                      cyc=21 op=IK_RANDOM        instr=0xea1fef89 sel=2 -> imm=0xfffffebe
[PASS] seq=crv_seq_5                      cyc=22 op=IK_U_TYPE        instr=0xbe25b29e sel=3 -> imm=0xbe25b000
[PASS] seq=crv_seq_5                      cyc=23 op=IK_CSR_TYPE      instr=0xb1e6041d sel=5 -> imm=0x0000000c
[PASS] seq=crv_seq_5                      cyc=24 op=IK_S_TYPE        instr=0x1d27c3dc sel=1 -> imm=0x000001c7
[PASS] seq=crv_seq_5                      cyc=25 op=IK_B_TYPE        instr=0x7ad5b490 sel=2 -> imm=0x00000fa8
[PASS] seq=crv_seq_5                      cyc=26 op=IK_CSR_TYPE      instr=0x775484f2 sel=5 -> imm=0x00000009
[PASS] seq=crv_seq_5                      cyc=27 op=IK_RANDOM        instr=0x01275137 sel=5 -> imm=0x0000000e
[PASS] seq=crv_seq_5                      cyc=28 op=IK_BOUNDARY_ZERO instr=0x00000000 sel=3 -> imm=0x00000000
[PASS] seq=crv_seq_5                      cyc=29 op=IK_S_TYPE        instr=0x771c04f0 sel=1 -> imm=0x00000769
[PASS] seq=crv_seq_5                      cyc=30 op=IK_RANDOM        instr=0x0080e05d sel=5 -> imm=0x00000001
[PASS] seq=crv_seq_5                      cyc=31 op=IK_J_TYPE        instr=0x9148ee72 sel=4 -> imm=0xfff8e114
[PASS] seq=crv_seq_5                      cyc=32 op=IK_J_TYPE        instr=0x520207d1 sel=4 -> imm=0x00020520
[PASS] seq=crv_seq_5                      cyc=33 op=IK_CSR_TYPE      instr=0x2f237d46 sel=5 -> imm=0x00000006
[PASS] seq=crv_seq_5                      cyc=34 op=IK_S_TYPE        instr=0x5f343b37 sel=1 -> imm=0x000005f6
[PASS] seq=crv_seq_5                      cyc=35 op=IK_BOUNDARY_ZERO instr=0x00000000 sel=3 -> imm=0x00000000
[PASS] seq=crv_seq_5                      cyc=36 op=IK_RANDOM        instr=0x3f80d843 sel=3 -> imm=0x3f80d000
[PASS] seq=crv_seq_5                      cyc=37 op=IK_I_TYPE        instr=0x68fa21da sel=0 -> imm=0x0000068f
[PASS] seq=crv_seq_5                      cyc=38 op=IK_B_TYPE        instr=0x9a148e69 sel=2 -> imm=0xfffff1bc
[PASS] seq=crv_seq_5                      cyc=39 op=IK_CSR_TYPE      instr=0x62b6b3a2 sel=5 -> imm=0x0000000d
[PASS] seq=crv_seq_5                      cyc=40 op=IK_I_TYPE        instr=0x7e7ae961 sel=0 -> imm=0x000007e7
[PASS] seq=crv_seq_5                      cyc=41 op=IK_U_TYPE        instr=0xf8f845e1 sel=3 -> imm=0xf8f84000
[PASS] seq=crv_seq_5                      cyc=42 op=IK_BOUNDARY_MIN  instr=0xa88cbb2d sel=1 -> imm=0xfffffa96
[PASS] seq=crv_seq_5                      cyc=43 op=IK_CSR_TYPE      instr=0xf9ab251c sel=5 -> imm=0x00000016
[PASS] seq=crv_seq_5                      cyc=44 op=IK_B_TYPE        instr=0x2da40540 sel=2 -> imm=0x000002ca
[PASS] seq=crv_seq_5                      cyc=45 op=IK_RANDOM        instr=0xc1ca7a85 sel=5 -> imm=0x00000014
[PASS] seq=crv_seq_5                      cyc=46 op=IK_I_TYPE        instr=0xcaa078ee sel=0 -> imm=0xfffffcaa
[PASS] seq=crv_seq_5                      cyc=47 op=IK_BOUNDARY_MAX  instr=0x7fffffff sel=0 -> imm=0x000007ff
[PASS] seq=crv_seq_5                      cyc=48 op=IK_B_TYPE        instr=0x15d1d122 sel=2 -> imm=0x00000142
[PASS] seq=crv_seq_5                      cyc=49 op=IK_CSR_TYPE      instr=0xab7f3064 sel=5 -> imm=0x0000001e
[PASS] seq=crv_seq_5                      cyc=50 op=IK_J_TYPE        instr=0xe463e01b sel=4 -> imm=0xfff3e646
[PASS] seq=crv_seq_5                      cyc=51 op=IK_I_TYPE        instr=0xbdcd784f sel=0 -> imm=0xfffffbdc
[PASS] seq=crv_seq_5                      cyc=52 op=IK_J_TYPE        instr=0x345c1cd9 sel=4 -> imm=0x000c1b44
[PASS] seq=crv_seq_5                      cyc=53 op=IK_RANDOM        instr=0x5f0cc93e sel=3 -> imm=0x5f0cc000
[PASS] seq=crv_seq_5                      cyc=54 op=IK_RANDOM        instr=0xecce0cef sel=1 -> imm=0xfffffed9
[PASS] seq=crv_seq_5                      cyc=55 op=IK_J_TYPE        instr=0x810f70ba sel=4 -> imm=0xffff7010
[PASS] seq=crv_seq_5                      cyc=56 op=IK_S_TYPE        instr=0x20b1e9ea sel=1 -> imm=0x00000213
[PASS] seq=crv_seq_5                      cyc=57 op=IK_B_TYPE        instr=0xd0c08c1f sel=2 -> imm=0xfffff518
[PASS] seq=crv_seq_5                      cyc=58 op=IK_B_TYPE        instr=0xb491eca1 sel=2 -> imm=0xfffffb58
[PASS] seq=crv_seq_5                      cyc=59 op=IK_RANDOM        instr=0xfef347f1 sel=3 -> imm=0xfef34000
[PASS] seq=crv_seq_5                      cyc=60 op=IK_BOUNDARY_MIN  instr=0x902d4d3c sel=3 -> imm=0x902d4000
[PASS] seq=crv_seq_5                      cyc=61 op=IK_NONE_TYPE     instr=0x4f27da63 sel=6 -> imm=0x00000000
[PASS] seq=crv_seq_5                      cyc=62 op=IK_CSR_TYPE      instr=0xdd2cda1b sel=5 -> imm=0x00000019
[PASS] seq=crv_seq_5                      cyc=63 op=IK_NONE_TYPE     instr=0xfd7b4dda sel=6 -> imm=0x00000000
[PASS] seq=crv_seq_5                      cyc=64 op=IK_S_TYPE        instr=0xc61854f8 sel=1 -> imm=0xfffffc69
[PASS] seq=crv_seq_5                      cyc=65 op=IK_BOUNDARY_MAX  instr=0x7fffffff sel=1 -> imm=0x000007ff
[PASS] seq=crv_seq_5                      cyc=66 op=IK_J_TYPE        instr=0x171b2069 sel=4 -> imm=0x000b2970
[PASS] seq=crv_seq_5                      cyc=67 op=IK_J_TYPE        instr=0x55853045 sel=4 -> imm=0x00053558
[PASS] seq=crv_seq_5                      cyc=68 op=IK_CSR_TYPE      instr=0xf820a79a sel=5 -> imm=0x00000001
[PASS] seq=crv_seq_5                      cyc=69 op=IK_I_TYPE        instr=0x75a45e74 sel=0 -> imm=0x0000075a
[PASS] seq=crv_seq_5                      cyc=70 op=IK_U_TYPE        instr=0x2ccb9e58 sel=3 -> imm=0x2ccb9000
[PASS] seq=crv_seq_5                      cyc=71 op=IK_I_TYPE        instr=0x284ca6f7 sel=0 -> imm=0x00000284
[PASS] seq=crv_seq_5                      cyc=72 op=IK_U_TYPE        instr=0x6cdecc16 sel=3 -> imm=0x6cdec000
[PASS] seq=crv_seq_5                      cyc=73 op=IK_RANDOM        instr=0xc3a40a6c sel=3 -> imm=0xc3a40000
[PASS] seq=crv_seq_5                      cyc=74 op=IK_I_TYPE        instr=0x7593b088 sel=0 -> imm=0x00000759
[PASS] seq=crv_seq_5                      cyc=75 op=IK_S_TYPE        instr=0xd1b295cd sel=1 -> imm=0xfffffd0b
[PASS] seq=crv_seq_5                      cyc=76 op=IK_CSR_TYPE      instr=0x6b0925e3 sel=5 -> imm=0x00000012
[PASS] seq=crv_seq_5                      cyc=77 op=IK_RANDOM        instr=0x694d494d sel=6 -> imm=0x00000000
[PASS] seq=crv_seq_5                      cyc=78 op=IK_B_TYPE        instr=0xedaedb4b sel=2 -> imm=0xfffff6d6
[PASS] seq=crv_seq_5                      cyc=79 op=IK_BOUNDARY_MAX  instr=0x7fffffff sel=2 -> imm=0x00000ffe
[PASS] seq=crv_seq_5                      cyc=80 op=IK_BOUNDARY_MAX  instr=0x7fffffff sel=5 -> imm=0x0000001f
[PASS] seq=crv_seq_5                      cyc=81 op=IK_U_TYPE        instr=0xc0b9bde3 sel=3 -> imm=0xc0b9b000
[PASS] seq=crv_seq_5                      cyc=82 op=IK_U_TYPE        instr=0x8dcad8c8 sel=3 -> imm=0x8dcad000
[PASS] seq=crv_seq_5                      cyc=83 op=IK_I_TYPE        instr=0x3e1e47a0 sel=0 -> imm=0x000003e1
[PASS] seq=crv_seq_5                      cyc=84 op=IK_J_TYPE        instr=0x33f0be3b sel=4 -> imm=0x0000bb3e
[PASS] seq=crv_seq_5                      cyc=85 op=IK_BOUNDARY_ZERO instr=0x00000000 sel=4 -> imm=0x00000000
[PASS] seq=crv_seq_5                      cyc=86 op=IK_J_TYPE        instr=0x314d7845 sel=4 -> imm=0x000d7314
[PASS] seq=crv_seq_5                      cyc=87 op=IK_J_TYPE        instr=0x8604c987 sel=4 -> imm=0xfff4c060
[PASS] seq=crv_seq_5                      cyc=88 op=IK_U_TYPE        instr=0x28e6b873 sel=3 -> imm=0x28e6b000
[PASS] seq=crv_seq_5                      cyc=89 op=IK_I_TYPE        instr=0x10f524d6 sel=0 -> imm=0x0000010f
[PASS] seq=crv_seq_5                      cyc=90 op=IK_RANDOM        instr=0x14c52c65 sel=2 -> imm=0x00000158
[PASS] seq=crv_seq_5                      cyc=91 op=IK_BOUNDARY_MAX  instr=0x7fffffff sel=6 -> imm=0x00000000
[PASS] seq=crv_seq_5                      cyc=92 op=IK_B_TYPE        instr=0x7af1216f sel=2 -> imm=0x000007a2
[PASS] seq=crv_seq_5                      cyc=93 op=IK_CSR_TYPE      instr=0x453f2d22 sel=5 -> imm=0x0000001e
[PASS] seq=crv_seq_5                      cyc=94 op=IK_BOUNDARY_ZERO instr=0x00000000 sel=5 -> imm=0x00000000
[PASS] seq=crv_seq_5                      cyc=95 op=IK_BOUNDARY_MAX  instr=0x7fffffff sel=0 -> imm=0x000007ff
[PASS] seq=crv_seq_5                      cyc=96 op=IK_RANDOM        instr=0x0ff66782 sel=3 -> imm=0x0ff66000
[PASS] seq=crv_seq_5                      cyc=97 op=IK_U_TYPE        instr=0x30584ae1 sel=3 -> imm=0x30584000
[PASS] seq=crv_seq_5                      cyc=98 op=IK_I_TYPE        instr=0x4903c8de sel=0 -> imm=0x00000490
[PASS] seq=crv_seq_5                      cyc=99 op=IK_NONE_TYPE     instr=0xb87dd467 sel=6 -> imm=0x00000000
[PASS] seq=crv_seq_5                      cyc=100 op=IK_I_TYPE        instr=0x50daa08a sel=0 -> imm=0x0000050d
[PASS] seq=crv_seq_5                      cyc=101 op=IK_RANDOM        instr=0xce27e254 sel=5 -> imm=0x0000000f
[PASS] seq=crv_seq_5                      cyc=102 op=IK_BOUNDARY_ZERO instr=0x00000000 sel=1 -> imm=0x00000000
[PASS] seq=crv_seq_5                      cyc=103 op=IK_RANDOM        instr=0xdb6513fc sel=2 -> imm=0xfffffda6
[PASS] seq=crv_seq_5                      cyc=104 op=IK_RANDOM        instr=0x7a69982b sel=5 -> imm=0x00000013
[PASS] seq=crv_seq_5                      cyc=105 op=IK_S_TYPE        instr=0xbe463e32 sel=1 -> imm=0xfffffbfc
[PASS] seq=crv_seq_5                      cyc=106 op=IK_U_TYPE        instr=0xb62c198f sel=3 -> imm=0xb62c1000
[PASS] seq=crv_seq_5                      cyc=107 op=IK_J_TYPE        instr=0xd72c3858 sel=4 -> imm=0xfffc3572
[PASS] seq=crv_seq_5                      cyc=108 op=IK_BOUNDARY_MAX  instr=0x7fffffff sel=5 -> imm=0x0000001f
[PASS] seq=crv_seq_5                      cyc=109 op=IK_U_TYPE        instr=0x2dd85f2b sel=3 -> imm=0x2dd85000
[PASS] seq=crv_seq_5                      cyc=110 op=IK_I_TYPE        instr=0x77ecbd21 sel=0 -> imm=0x0000077e
[PASS] seq=crv_seq_5                      cyc=111 op=IK_RANDOM        instr=0xdbf4db42 sel=0 -> imm=0xfffffdbf
[PASS] seq=crv_seq_5                      cyc=112 op=IK_U_TYPE        instr=0xc857ef20 sel=3 -> imm=0xc857e000
[PASS] seq=crv_seq_5                      cyc=113 op=IK_RANDOM        instr=0x99b742ef sel=5 -> imm=0x0000000e
[PASS] seq=crv_seq_5                      cyc=114 op=IK_RANDOM        instr=0x35834f02 sel=4 -> imm=0x00034358
[PASS] seq=crv_seq_5                      cyc=115 op=IK_I_TYPE        instr=0x0ee56285 sel=0 -> imm=0x000000ee
[PASS] seq=crv_seq_5                      cyc=116 op=IK_B_TYPE        instr=0x8643a1f4 sel=2 -> imm=0xfffff862
[PASS] seq=crv_seq_5                      cyc=117 op=IK_RANDOM        instr=0xb0506697 sel=2 -> imm=0xfffffb0c
[PASS] seq=crv_seq_5                      cyc=118 op=IK_RANDOM        instr=0x1968725d sel=2 -> imm=0x00000184
[PASS] seq=crv_seq_5                      cyc=119 op=IK_J_TYPE        instr=0xcf45225b sel=4 -> imm=0xfff524f4
[PASS] seq=crv_seq_5                      cyc=120 op=IK_CSR_TYPE      instr=0x2d03daae sel=5 -> imm=0x00000007
[PASS] seq=crv_seq_5                      cyc=121 op=IK_BOUNDARY_ZERO instr=0x00000000 sel=0 -> imm=0x00000000
[PASS] seq=crv_seq_5                      cyc=122 op=IK_NONE_TYPE     instr=0x5a967174 sel=6 -> imm=0x00000000
[PASS] seq=crv_seq_5                      cyc=123 op=IK_U_TYPE        instr=0xbc0adb22 sel=3 -> imm=0xbc0ad000
[PASS] seq=crv_seq_5                      cyc=124 op=IK_J_TYPE        instr=0x0e2e8e43 sel=4 -> imm=0x000e80e2
[PASS] seq=crv_seq_5                      cyc=125 op=IK_CSR_TYPE      instr=0x9555f191 sel=5 -> imm=0x0000000b
[PASS] seq=crv_seq_5                      cyc=126 op=IK_U_TYPE        instr=0xaf4e41f8 sel=3 -> imm=0xaf4e4000
[PASS] seq=crv_seq_5                      cyc=127 op=IK_I_TYPE        instr=0xb865e2ef sel=0 -> imm=0xfffffb86
[PASS] seq=crv_seq_5                      cyc=128 op=IK_J_TYPE        instr=0xea657837 sel=4 -> imm=0xfff576a6
[PASS] seq=crv_seq_5                      cyc=129 op=IK_U_TYPE        instr=0x3caa8112 sel=3 -> imm=0x3caa8000
[PASS] seq=crv_seq_5                      cyc=130 op=IK_J_TYPE        instr=0x60c2a0f5 sel=4 -> imm=0x0002a60c
[PASS] seq=crv_seq_5                      cyc=131 op=IK_B_TYPE        instr=0x10919955 sel=2 -> imm=0x00000112
[PASS] seq=crv_seq_5                      cyc=132 op=IK_B_TYPE        instr=0xb379c0b0 sel=2 -> imm=0xfffffb20
[PASS] seq=crv_seq_5                      cyc=133 op=IK_S_TYPE        instr=0xaa1b11c1 sel=1 -> imm=0xfffffaa3
[PASS] seq=crv_seq_5                      cyc=134 op=IK_RANDOM        instr=0x8aa7a714 sel=0 -> imm=0xfffff8aa
[PASS] seq=crv_seq_5                      cyc=135 op=IK_CSR_TYPE      instr=0x4077429c sel=5 -> imm=0x0000000e
[PASS] seq=crv_seq_5                      cyc=136 op=IK_J_TYPE        instr=0xd4a1b3ac sel=4 -> imm=0xfff1b54a
[PASS] seq=crv_seq_5                      cyc=137 op=IK_S_TYPE        instr=0xf5ea766f sel=1 -> imm=0xffffff4c
[PASS] seq=crv_seq_5                      cyc=138 op=IK_BOUNDARY_ZERO instr=0x00000000 sel=5 -> imm=0x00000000
[PASS] seq=crv_seq_5                      cyc=139 op=IK_RANDOM        instr=0x8d53d806 sel=1 -> imm=0xfffff8d0
[PASS] seq=crv_seq_5                      cyc=140 op=IK_RANDOM        instr=0xf3288059 sel=0 -> imm=0xffffff32
[PASS] seq=crv_seq_5                      cyc=141 op=IK_BOUNDARY_MAX  instr=0x7fffffff sel=2 -> imm=0x00000ffe
[PASS] seq=crv_seq_5                      cyc=142 op=IK_CSR_TYPE      instr=0x7efe7158 sel=5 -> imm=0x0000001c
[PASS] seq=crv_seq_5                      cyc=143 op=IK_CSR_TYPE      instr=0x43548b65 sel=5 -> imm=0x00000009
[PASS] seq=crv_seq_5                      cyc=144 op=IK_BOUNDARY_ZERO instr=0x00000000 sel=2 -> imm=0x00000000
[PASS] seq=crv_seq_5                      cyc=145 op=IK_S_TYPE        instr=0x66d02f2d sel=1 -> imm=0x0000067e
[PASS] seq=crv_seq_5                      cyc=146 op=IK_B_TYPE        instr=0x6d9bda9b sel=2 -> imm=0x00000ed4
[PASS] seq=crv_seq_5                      cyc=147 op=IK_CSR_TYPE      instr=0x95149d9e sel=5 -> imm=0x00000009
[PASS] seq=crv_seq_5                      cyc=148 op=IK_RANDOM        instr=0x44aa3635 sel=2 -> imm=0x0000044c
[PASS] seq=crv_seq_5                      cyc=149 op=IK_S_TYPE        instr=0x8898500c sel=1 -> imm=0xfffff880
[PASS] seq=crv_seq_5                      cyc=150 op=IK_U_TYPE        instr=0x9412a6d1 sel=3 -> imm=0x9412a000
[PASS] seq=crv_seq_5                      cyc=151 op=IK_NONE_TYPE     instr=0xf678bc92 sel=6 -> imm=0x00000000
[PASS] seq=crv_seq_5                      cyc=152 op=IK_RANDOM        instr=0xb9ebcb14 sel=2 -> imm=0xfffff396
[PASS] seq=crv_seq_5                      cyc=153 op=IK_S_TYPE        instr=0x8eb93311 sel=1 -> imm=0xfffff8e6
[PASS] seq=crv_seq_5                      cyc=154 op=IK_RANDOM        instr=0xf8be7751 sel=6 -> imm=0x00000000
[PASS] seq=crv_seq_5                      cyc=155 op=IK_CSR_TYPE      instr=0xf6a0a7c8 sel=5 -> imm=0x00000001
[PASS] seq=crv_seq_5                      cyc=156 op=IK_CSR_TYPE      instr=0x332ee4dc sel=5 -> imm=0x0000001d
[PASS] seq=crv_seq_5                      cyc=157 op=IK_B_TYPE        instr=0x7ad5f2f2 sel=2 -> imm=0x00000fa4
[PASS] seq=crv_seq_5                      cyc=158 op=IK_RANDOM        instr=0xac78e0ff sel=4 -> imm=0xfff8eac6
[PASS] seq=crv_seq_5                      cyc=159 op=IK_I_TYPE        instr=0x252a9e95 sel=0 -> imm=0x00000252
[PASS] seq=crv_seq_5                      cyc=160 op=IK_B_TYPE        instr=0xa2d6c81f sel=2 -> imm=0xfffff230
[PASS] seq=crv_seq_5                      cyc=161 op=IK_U_TYPE        instr=0x24dfeb8a sel=3 -> imm=0x24dfe000
[PASS] seq=crv_seq_5                      cyc=162 op=IK_U_TYPE        instr=0xf2479208 sel=3 -> imm=0xf2479000
[PASS] seq=crv_seq_5                      cyc=163 op=IK_BOUNDARY_MAX  instr=0x7fffffff sel=1 -> imm=0x000007ff
[PASS] seq=crv_seq_5                      cyc=164 op=IK_I_TYPE        instr=0xc8f84659 sel=0 -> imm=0xfffffc8f
[PASS] seq=crv_seq_5                      cyc=165 op=IK_BOUNDARY_MIN  instr=0xbfd5b70c sel=5 -> imm=0x0000000b
[PASS] seq=crv_seq_5                      cyc=166 op=IK_J_TYPE        instr=0x179e77eb sel=4 -> imm=0x000e7978
[PASS] seq=crv_seq_5                      cyc=167 op=IK_RANDOM        instr=0xd6da79f6 sel=4 -> imm=0xfffa7d6c
[PASS] seq=crv_seq_5                      cyc=168 op=IK_BOUNDARY_ZERO instr=0x00000000 sel=3 -> imm=0x00000000
[PASS] seq=crv_seq_5                      cyc=169 op=IK_S_TYPE        instr=0x4164c22e sel=1 -> imm=0x00000404
[PASS] seq=crv_seq_5                      cyc=170 op=IK_B_TYPE        instr=0xe7d74c99 sel=2 -> imm=0xfffffe78
[PASS] seq=crv_seq_5                      cyc=171 op=IK_RANDOM        instr=0xbbd737dc sel=2 -> imm=0xfffffbae
[PASS] seq=crv_seq_5                      cyc=172 op=IK_NONE_TYPE     instr=0x00007da5 sel=6 -> imm=0x00000000
[PASS] seq=crv_seq_5                      cyc=173 op=IK_I_TYPE        instr=0x4429ddcf sel=0 -> imm=0x00000442
[PASS] seq=crv_seq_5                      cyc=174 op=IK_B_TYPE        instr=0x2c6a831a sel=2 -> imm=0x000002c6
[PASS] seq=crv_seq_5                      cyc=175 op=IK_RANDOM        instr=0x1b74f5c2 sel=1 -> imm=0x000001ab
[PASS] seq=crv_seq_5                      cyc=176 op=IK_NONE_TYPE     instr=0x1a078481 sel=6 -> imm=0x00000000
[PASS] seq=crv_seq_5                      cyc=177 op=IK_RANDOM        instr=0x36f13bdb sel=1 -> imm=0x00000377
[PASS] seq=crv_seq_5                      cyc=178 op=IK_U_TYPE        instr=0x16ac4471 sel=3 -> imm=0x16ac4000
[PASS] seq=crv_seq_5                      cyc=179 op=IK_CSR_TYPE      instr=0x3651c447 sel=5 -> imm=0x00000003
[PASS] seq=crv_seq_5                      cyc=180 op=IK_BOUNDARY_MAX  instr=0x7fffffff sel=5 -> imm=0x0000001f
[PASS] seq=crv_seq_5                      cyc=181 op=IK_BOUNDARY_MAX  instr=0x7fffffff sel=3 -> imm=0x7ffff000
[PASS] seq=crv_seq_5                      cyc=182 op=IK_U_TYPE        instr=0xf7f618bd sel=3 -> imm=0xf7f61000
[PASS] seq=crv_seq_5                      cyc=183 op=IK_B_TYPE        instr=0x11935f3f sel=2 -> imm=0x0000011e
[PASS] seq=crv_seq_5                      cyc=184 op=IK_BOUNDARY_ZERO instr=0x00000000 sel=6 -> imm=0x00000000
[PASS] seq=crv_seq_5                      cyc=185 op=IK_I_TYPE        instr=0x60e122a9 sel=0 -> imm=0x0000060e
[PASS] seq=crv_seq_5                      cyc=186 op=IK_S_TYPE        instr=0xe8f0e417 sel=1 -> imm=0xfffffe88
[PASS] seq=crv_seq_5                      cyc=187 op=IK_BOUNDARY_ZERO instr=0x00000000 sel=4 -> imm=0x00000000
[PASS] seq=crv_seq_5                      cyc=188 op=IK_J_TYPE        instr=0xc854d827 sel=4 -> imm=0xfff4dc84
[PASS] seq=crv_seq_5                      cyc=189 op=IK_NONE_TYPE     instr=0x6ac580bb sel=6 -> imm=0x00000000
[PASS] seq=crv_seq_5                      cyc=190 op=IK_BOUNDARY_MIN  instr=0xb816efd0 sel=1 -> imm=0xfffffb9f
[PASS] seq=crv_seq_5                      cyc=191 op=IK_NONE_TYPE     instr=0x49e456af sel=6 -> imm=0x00000000
[PASS] seq=crv_seq_5                      cyc=192 op=IK_I_TYPE        instr=0xbe745793 sel=0 -> imm=0xfffffbe7
[PASS] seq=crv_seq_5                      cyc=193 op=IK_BOUNDARY_MIN  instr=0xb950fc0f sel=6 -> imm=0x00000000
[PASS] seq=crv_seq_5                      cyc=194 op=IK_J_TYPE        instr=0x2f6e9ba9 sel=4 -> imm=0x000e92f6
[PASS] seq=crv_seq_5                      cyc=195 op=IK_RANDOM        instr=0x7ec89d8b sel=4 -> imm=0x000897ec
[PASS] seq=crv_seq_5                      cyc=196 op=IK_RANDOM        instr=0xe6e6ba6c sel=4 -> imm=0xfff6b66e
[PASS] seq=crv_seq_5                      cyc=197 op=IK_J_TYPE        instr=0x2da0ab26 sel=4 -> imm=0x0000a2da
[PASS] seq=crv_seq_5                      cyc=198 op=IK_S_TYPE        instr=0x57b5317c sel=1 -> imm=0x00000562
[PASS] seq=crv_seq_5                      cyc=199 op=IK_U_TYPE        instr=0x409f71d2 sel=3 -> imm=0x409f7000
[PASS] seq=crv_seq_6                      cyc=0 op=IK_B_TYPE        instr=0xe987def7 sel=2 -> imm=0xfffffe9c
[PASS] seq=crv_seq_6                      cyc=1 op=IK_B_TYPE        instr=0xed2e5181 sel=2 -> imm=0xfffffec2
[PASS] seq=crv_seq_6                      cyc=2 op=IK_BOUNDARY_ZERO instr=0x00000000 sel=1 -> imm=0x00000000
[PASS] seq=crv_seq_6                      cyc=3 op=IK_RANDOM        instr=0xf623e17d sel=0 -> imm=0xffffff62
[PASS] seq=crv_seq_6                      cyc=4 op=IK_BOUNDARY_MAX  instr=0x7fffffff sel=3 -> imm=0x7ffff000
[PASS] seq=crv_seq_6                      cyc=5 op=IK_BOUNDARY_MIN  instr=0xb805ba77 sel=6 -> imm=0x00000000
[PASS] seq=crv_seq_6                      cyc=6 op=IK_RANDOM        instr=0x992c4919 sel=1 -> imm=0xfffff992
[PASS] seq=crv_seq_6                      cyc=7 op=IK_CSR_TYPE      instr=0x362d3b6a sel=5 -> imm=0x0000001a
[PASS] seq=crv_seq_6                      cyc=8 op=IK_CSR_TYPE      instr=0x964921e9 sel=5 -> imm=0x00000012
[PASS] seq=crv_seq_6                      cyc=9 op=IK_S_TYPE        instr=0x09268b4f sel=1 -> imm=0x00000096
[PASS] seq=crv_seq_6                      cyc=10 op=IK_BOUNDARY_ZERO instr=0x00000000 sel=1 -> imm=0x00000000
[PASS] seq=crv_seq_6                      cyc=11 op=IK_J_TYPE        instr=0x9e64755b sel=4 -> imm=0xfff471e6
[PASS] seq=crv_seq_6                      cyc=12 op=IK_BOUNDARY_ZERO instr=0x00000000 sel=4 -> imm=0x00000000
[PASS] seq=crv_seq_6                      cyc=13 op=IK_BOUNDARY_ZERO instr=0x00000000 sel=3 -> imm=0x00000000
[PASS] seq=crv_seq_6                      cyc=14 op=IK_CSR_TYPE      instr=0x016fd956 sel=5 -> imm=0x0000001f
[PASS] seq=crv_seq_6                      cyc=15 op=IK_S_TYPE        instr=0xdaa911a5 sel=1 -> imm=0xfffffda3
[PASS] seq=crv_seq_6                      cyc=16 op=IK_RANDOM        instr=0xf5206987 sel=6 -> imm=0x00000000
[PASS] seq=crv_seq_6                      cyc=17 op=IK_RANDOM        instr=0x06bca16b sel=4 -> imm=0x000ca86a
[PASS] seq=crv_seq_6                      cyc=18 op=IK_RANDOM        instr=0xe432b64b sel=3 -> imm=0xe432b000
[PASS] seq=crv_seq_6                      cyc=19 op=IK_NONE_TYPE     instr=0x4c85be14 sel=6 -> imm=0x00000000
[PASS] seq=crv_seq_6                      cyc=20 op=IK_RANDOM        instr=0xaa8b2f1a sel=6 -> imm=0x00000000
[PASS] seq=crv_seq_6                      cyc=21 op=IK_S_TYPE        instr=0xf54c7751 sel=1 -> imm=0xffffff4e
[PASS] seq=crv_seq_6                      cyc=22 op=IK_B_TYPE        instr=0xf38182db sel=2 -> imm=0xffffff24
[PASS] seq=crv_seq_6                      cyc=23 op=IK_I_TYPE        instr=0xc5b9c670 sel=0 -> imm=0xfffffc5b
[PASS] seq=crv_seq_6                      cyc=24 op=IK_U_TYPE        instr=0xa56076ce sel=3 -> imm=0xa5607000
[PASS] seq=crv_seq_6                      cyc=25 op=IK_CSR_TYPE      instr=0xb09d5988 sel=5 -> imm=0x0000001a
[PASS] seq=crv_seq_6                      cyc=26 op=IK_S_TYPE        instr=0x629b73da sel=1 -> imm=0x00000627
[PASS] seq=crv_seq_6                      cyc=27 op=IK_RANDOM        instr=0xe1995077 sel=0 -> imm=0xfffffe19
[PASS] seq=crv_seq_6                      cyc=28 op=IK_S_TYPE        instr=0xcde35c00 sel=1 -> imm=0xfffffcd8
[PASS] seq=crv_seq_6                      cyc=29 op=IK_S_TYPE        instr=0x33a9baa2 sel=1 -> imm=0x00000335
[PASS] seq=crv_seq_6                      cyc=30 op=IK_I_TYPE        instr=0xf10bce6a sel=0 -> imm=0xffffff10
[PASS] seq=crv_seq_6                      cyc=31 op=IK_S_TYPE        instr=0x77f69945 sel=1 -> imm=0x00000772
[PASS] seq=crv_seq_6                      cyc=32 op=IK_B_TYPE        instr=0xfd0f7f27 sel=2 -> imm=0xfffff7de
[PASS] seq=crv_seq_6                      cyc=33 op=IK_J_TYPE        instr=0xdbd1e395 sel=4 -> imm=0xfff1edbc
[PASS] seq=crv_seq_6                      cyc=34 op=IK_CSR_TYPE      instr=0xb1f3c4ef sel=5 -> imm=0x00000007
[PASS] seq=crv_seq_6                      cyc=35 op=IK_S_TYPE        instr=0x78fd1544 sel=1 -> imm=0x0000078a
[PASS] seq=crv_seq_6                      cyc=36 op=IK_RANDOM        instr=0x9b0c8464 sel=4 -> imm=0xfffc81b0
[PASS] seq=crv_seq_6                      cyc=37 op=IK_S_TYPE        instr=0x56518c98 sel=1 -> imm=0x00000579
[PASS] seq=crv_seq_6                      cyc=38 op=IK_S_TYPE        instr=0xad28f553 sel=1 -> imm=0xfffffaca
[PASS] seq=crv_seq_6                      cyc=39 op=IK_U_TYPE        instr=0x1ffca1fd sel=3 -> imm=0x1ffca000
[PASS] seq=crv_seq_6                      cyc=40 op=IK_U_TYPE        instr=0xce07fe17 sel=3 -> imm=0xce07f000
[PASS] seq=crv_seq_6                      cyc=41 op=IK_RANDOM        instr=0x06fa4c91 sel=4 -> imm=0x000a486e
[PASS] seq=crv_seq_6                      cyc=42 op=IK_B_TYPE        instr=0x5719eb1b sel=2 -> imm=0x00000576
[PASS] seq=crv_seq_6                      cyc=43 op=IK_RANDOM        instr=0xc6bca4d9 sel=1 -> imm=0xfffffc69
[PASS] seq=crv_seq_6                      cyc=44 op=IK_J_TYPE        instr=0xc592fc58 sel=4 -> imm=0xfff2fc58
[PASS] seq=crv_seq_6                      cyc=45 op=IK_I_TYPE        instr=0x953251b7 sel=0 -> imm=0xfffff953
[PASS] seq=crv_seq_6                      cyc=46 op=IK_RANDOM        instr=0x25dee2a0 sel=2 -> imm=0x00000a44
[PASS] seq=crv_seq_6                      cyc=47 op=IK_BOUNDARY_MIN  instr=0x8e6109c1 sel=4 -> imm=0xfff100e6
[PASS] seq=crv_seq_6                      cyc=48 op=IK_I_TYPE        instr=0x3f774cc7 sel=0 -> imm=0x000003f7
[PASS] seq=crv_seq_6                      cyc=49 op=IK_BOUNDARY_MAX  instr=0x7fffffff sel=4 -> imm=0x000ffffe
[PASS] seq=crv_seq_6                      cyc=50 op=IK_J_TYPE        instr=0xe4b1bfa9 sel=4 -> imm=0xfff1be4a
[PASS] seq=crv_seq_6                      cyc=51 op=IK_RANDOM        instr=0x66bc1ec4 sel=3 -> imm=0x66bc1000
[PASS] seq=crv_seq_6                      cyc=52 op=IK_B_TYPE        instr=0xf195b794 sel=2 -> imm=0xffffff0e
[PASS] seq=crv_seq_6                      cyc=53 op=IK_RANDOM        instr=0x4b85551e sel=6 -> imm=0x00000000
[PASS] seq=crv_seq_6                      cyc=54 op=IK_U_TYPE        instr=0x18746814 sel=3 -> imm=0x18746000
[PASS] seq=crv_seq_6                      cyc=55 op=IK_J_TYPE        instr=0x4f961573 sel=4 -> imm=0x00061cf8
[PASS] seq=crv_seq_6                      cyc=56 op=IK_B_TYPE        instr=0xafac40b3 sel=2 -> imm=0xfffffae0
[PASS] seq=crv_seq_6                      cyc=57 op=IK_BOUNDARY_MAX  instr=0x7fffffff sel=6 -> imm=0x00000000
[PASS] seq=crv_seq_6                      cyc=58 op=IK_B_TYPE        instr=0xc653afe0 sel=2 -> imm=0xfffffc7e
[PASS] seq=crv_seq_6                      cyc=59 op=IK_BOUNDARY_ZERO instr=0x00000000 sel=5 -> imm=0x00000000
[PASS] seq=crv_seq_6                      cyc=60 op=IK_I_TYPE        instr=0x80d1ca62 sel=0 -> imm=0xfffff80d
[PASS] seq=crv_seq_6                      cyc=61 op=IK_RANDOM        instr=0xfc0258a5 sel=5 -> imm=0x00000004
[PASS] seq=crv_seq_6                      cyc=62 op=IK_NONE_TYPE     instr=0x21c00c6a sel=6 -> imm=0x00000000
[PASS] seq=crv_seq_6                      cyc=63 op=IK_RANDOM        instr=0x555f400d sel=0 -> imm=0x00000555
[PASS] seq=crv_seq_6                      cyc=64 op=IK_J_TYPE        instr=0x76c60b0c sel=4 -> imm=0x0006076c
[PASS] seq=crv_seq_6                      cyc=65 op=IK_I_TYPE        instr=0xa78a7ef3 sel=0 -> imm=0xfffffa78
[PASS] seq=crv_seq_6                      cyc=66 op=IK_BOUNDARY_MIN  instr=0xe5f55cbd sel=4 -> imm=0xfff55e5e
[PASS] seq=crv_seq_6                      cyc=67 op=IK_B_TYPE        instr=0x9c1cf6c4 sel=2 -> imm=0xfffff9cc
[PASS] seq=crv_seq_6                      cyc=68 op=IK_RANDOM        instr=0x6b8625ae sel=2 -> imm=0x00000eaa
[PASS] seq=crv_seq_6                      cyc=69 op=IK_RANDOM        instr=0x936d303b sel=3 -> imm=0x936d3000
[PASS] seq=crv_seq_6                      cyc=70 op=IK_I_TYPE        instr=0xc20a837a sel=0 -> imm=0xfffffc20
[PASS] seq=crv_seq_6                      cyc=71 op=IK_BOUNDARY_MIN  instr=0xf8fc527b sel=5 -> imm=0x00000018
[PASS] seq=crv_seq_6                      cyc=72 op=IK_B_TYPE        instr=0xb17bd53b sel=2 -> imm=0xfffff30a
[PASS] seq=crv_seq_6                      cyc=73 op=IK_U_TYPE        instr=0xf4376e00 sel=3 -> imm=0xf4376000
[PASS] seq=crv_seq_6                      cyc=74 op=IK_BOUNDARY_ZERO instr=0x00000000 sel=0 -> imm=0x00000000
[PASS] seq=crv_seq_6                      cyc=75 op=IK_RANDOM        instr=0xb8f11d61 sel=6 -> imm=0x00000000
[PASS] seq=crv_seq_6                      cyc=76 op=IK_CSR_TYPE      instr=0x638f4275 sel=5 -> imm=0x0000001e
[PASS] seq=crv_seq_6                      cyc=77 op=IK_RANDOM        instr=0x72af037b sel=2 -> imm=0x00000726
[PASS] seq=crv_seq_6                      cyc=78 op=IK_J_TYPE        instr=0x62938c7f sel=4 -> imm=0x00038e28
[PASS] seq=crv_seq_6                      cyc=79 op=IK_BOUNDARY_MIN  instr=0xb071c48b sel=5 -> imm=0x00000003
[PASS] seq=crv_seq_6                      cyc=80 op=IK_B_TYPE        instr=0xde315dda sel=2 -> imm=0xfffffdfa
[PASS] seq=crv_seq_6                      cyc=81 op=IK_B_TYPE        instr=0xd7f12fbc sel=2 -> imm=0xfffffd7e
[PASS] seq=crv_seq_6                      cyc=82 op=IK_RANDOM        instr=0x20f14239 sel=6 -> imm=0x00000000
[PASS] seq=crv_seq_6                      cyc=83 op=IK_RANDOM        instr=0xc73e0e81 sel=4 -> imm=0xfffe0c72
[PASS] seq=crv_seq_6                      cyc=84 op=IK_J_TYPE        instr=0x8787ff3d sel=4 -> imm=0xfff7f078
[PASS] seq=crv_seq_6                      cyc=85 op=IK_J_TYPE        instr=0xa996ea96 sel=4 -> imm=0xfff6ea98
[PASS] seq=crv_seq_6                      cyc=86 op=IK_BOUNDARY_MIN  instr=0xfc8401b3 sel=1 -> imm=0xffffffc3
[PASS] seq=crv_seq_6                      cyc=87 op=IK_J_TYPE        instr=0x55391e09 sel=4 -> imm=0x00091d52
[PASS] seq=crv_seq_6                      cyc=88 op=IK_S_TYPE        instr=0x395fea44 sel=1 -> imm=0x00000394
[PASS] seq=crv_seq_6                      cyc=89 op=IK_RANDOM        instr=0x3be6e5b5 sel=4 -> imm=0x0006e3be
[PASS] seq=crv_seq_6                      cyc=90 op=IK_CSR_TYPE      instr=0x3b368a98 sel=5 -> imm=0x0000000d
[PASS] seq=crv_seq_6                      cyc=91 op=IK_RANDOM        instr=0x1079da38 sel=0 -> imm=0x00000107
[PASS] seq=crv_seq_6                      cyc=92 op=IK_I_TYPE        instr=0x4e39d0a8 sel=0 -> imm=0x000004e3
[PASS] seq=crv_seq_6                      cyc=93 op=IK_B_TYPE        instr=0xc8f67717 sel=2 -> imm=0xfffff48e
[PASS] seq=crv_seq_6                      cyc=94 op=IK_I_TYPE        instr=0xd30f5098 sel=0 -> imm=0xfffffd30
[PASS] seq=crv_seq_6                      cyc=95 op=IK_U_TYPE        instr=0x3a261b9b sel=3 -> imm=0x3a261000
[PASS] seq=crv_seq_6                      cyc=96 op=IK_U_TYPE        instr=0x7387ebbb sel=3 -> imm=0x7387e000
[PASS] seq=crv_seq_6                      cyc=97 op=IK_U_TYPE        instr=0x5232cbbc sel=3 -> imm=0x5232c000
[PASS] seq=crv_seq_6                      cyc=98 op=IK_U_TYPE        instr=0x865c1065 sel=3 -> imm=0x865c1000
[PASS] seq=crv_seq_6                      cyc=99 op=IK_U_TYPE        instr=0xe3f53714 sel=3 -> imm=0xe3f53000
[PASS] seq=crv_seq_6                      cyc=100 op=IK_CSR_TYPE      instr=0x68670716 sel=5 -> imm=0x0000000e
[PASS] seq=crv_seq_6                      cyc=101 op=IK_RANDOM        instr=0x17dbc7f7 sel=5 -> imm=0x00000017
[PASS] seq=crv_seq_6                      cyc=102 op=IK_B_TYPE        instr=0xbf97b2cd sel=2 -> imm=0xfffffbe4
[PASS] seq=crv_seq_6                      cyc=103 op=IK_BOUNDARY_MAX  instr=0x7fffffff sel=0 -> imm=0x000007ff
[PASS] seq=crv_seq_6                      cyc=104 op=IK_J_TYPE        instr=0x82f056bc sel=4 -> imm=0xfff0582e
[PASS] seq=crv_seq_6                      cyc=105 op=IK_CSR_TYPE      instr=0xf64034b2 sel=5 -> imm=0x00000000
[PASS] seq=crv_seq_6                      cyc=106 op=IK_J_TYPE        instr=0x620f86c7 sel=4 -> imm=0x000f8620
[PASS] seq=crv_seq_6                      cyc=107 op=IK_RANDOM        instr=0x875bc9c7 sel=2 -> imm=0xfffff872
[PASS] seq=crv_seq_6                      cyc=108 op=IK_S_TYPE        instr=0x525e17bc sel=1 -> imm=0x0000052f
[PASS] seq=crv_seq_6                      cyc=109 op=IK_BOUNDARY_ZERO instr=0x00000000 sel=5 -> imm=0x00000000
[PASS] seq=crv_seq_6                      cyc=110 op=IK_CSR_TYPE      instr=0xb4840b37 sel=5 -> imm=0x00000008
[PASS] seq=crv_seq_6                      cyc=111 op=IK_J_TYPE        instr=0x07db04a9 sel=4 -> imm=0x000b087c
[PASS] seq=crv_seq_6                      cyc=112 op=IK_B_TYPE        instr=0x74a5f24d sel=2 -> imm=0x00000744
[PASS] seq=crv_seq_6                      cyc=113 op=IK_RANDOM        instr=0xd0f19c4e sel=2 -> imm=0xfffff518
[PASS] seq=crv_seq_6                      cyc=114 op=IK_U_TYPE        instr=0xa2d247fc sel=3 -> imm=0xa2d24000
[PASS] seq=crv_seq_6                      cyc=115 op=IK_RANDOM        instr=0x48b182a7 sel=6 -> imm=0x00000000
[PASS] seq=crv_seq_6                      cyc=116 op=IK_I_TYPE        instr=0x19a56aae sel=0 -> imm=0x0000019a
[PASS] seq=crv_seq_6                      cyc=117 op=IK_RANDOM        instr=0x1224472d sel=1 -> imm=0x0000012e
[PASS] seq=crv_seq_6                      cyc=118 op=IK_S_TYPE        instr=0xb192fbdf sel=1 -> imm=0xfffffb17
[PASS] seq=crv_seq_6                      cyc=119 op=IK_CSR_TYPE      instr=0x94d70fea sel=5 -> imm=0x0000000e
[PASS] seq=crv_seq_6                      cyc=120 op=IK_CSR_TYPE      instr=0xdcfccda2 sel=5 -> imm=0x00000019
[PASS] seq=crv_seq_6                      cyc=121 op=IK_BOUNDARY_MIN  instr=0xc194250b sel=2 -> imm=0xfffff40a
[PASS] seq=crv_seq_6                      cyc=122 op=IK_I_TYPE        instr=0x7f730d7f sel=0 -> imm=0x000007f7
[PASS] seq=crv_seq_6                      cyc=123 op=IK_BOUNDARY_MAX  instr=0x7fffffff sel=5 -> imm=0x0000001f
[PASS] seq=crv_seq_6                      cyc=124 op=IK_J_TYPE        instr=0x268645e5 sel=4 -> imm=0x00064268
[PASS] seq=crv_seq_6                      cyc=125 op=IK_U_TYPE        instr=0x7ad872ca sel=3 -> imm=0x7ad87000
[PASS] seq=crv_seq_6                      cyc=126 op=IK_U_TYPE        instr=0xaa71616f sel=3 -> imm=0xaa716000
[PASS] seq=crv_seq_6                      cyc=127 op=IK_I_TYPE        instr=0x799d68ca sel=0 -> imm=0x00000799
[PASS] seq=crv_seq_6                      cyc=128 op=IK_BOUNDARY_ZERO instr=0x00000000 sel=3 -> imm=0x00000000
[PASS] seq=crv_seq_6                      cyc=129 op=IK_RANDOM        instr=0x8d6677bf sel=1 -> imm=0xfffff8cf
[PASS] seq=crv_seq_6                      cyc=130 op=IK_RANDOM        instr=0x93a3da1a sel=0 -> imm=0xfffff93a
[PASS] seq=crv_seq_6                      cyc=131 op=IK_BOUNDARY_MAX  instr=0x7fffffff sel=3 -> imm=0x7ffff000
[PASS] seq=crv_seq_6                      cyc=132 op=IK_J_TYPE        instr=0xeca08c86 sel=4 -> imm=0xfff086ca
[PASS] seq=crv_seq_6                      cyc=133 op=IK_CSR_TYPE      instr=0x15f6e1dd sel=5 -> imm=0x0000000d
[PASS] seq=crv_seq_6                      cyc=134 op=IK_RANDOM        instr=0x926ac969 sel=6 -> imm=0x00000000
[PASS] seq=crv_seq_6                      cyc=135 op=IK_I_TYPE        instr=0xe43f4c6c sel=0 -> imm=0xfffffe43
[PASS] seq=crv_seq_6                      cyc=136 op=IK_RANDOM        instr=0x6e444fd9 sel=1 -> imm=0x000006ff
[PASS] seq=crv_seq_6                      cyc=137 op=IK_BOUNDARY_MAX  instr=0x7fffffff sel=5 -> imm=0x0000001f
[PASS] seq=crv_seq_6                      cyc=138 op=IK_BOUNDARY_ZERO instr=0x00000000 sel=3 -> imm=0x00000000
[PASS] seq=crv_seq_6                      cyc=139 op=IK_U_TYPE        instr=0x3f5b277d sel=3 -> imm=0x3f5b2000
[PASS] seq=crv_seq_6                      cyc=140 op=IK_U_TYPE        instr=0x54a44676 sel=3 -> imm=0x54a44000
[PASS] seq=crv_seq_6                      cyc=141 op=IK_RANDOM        instr=0x803ad3a2 sel=3 -> imm=0x803ad000
[PASS] seq=crv_seq_6                      cyc=142 op=IK_CSR_TYPE      instr=0x55935d16 sel=5 -> imm=0x00000006
[PASS] seq=crv_seq_6                      cyc=143 op=IK_NONE_TYPE     instr=0xd75ab117 sel=6 -> imm=0x00000000
[PASS] seq=crv_seq_6                      cyc=144 op=IK_J_TYPE        instr=0x9455b388 sel=4 -> imm=0xfff5b944
[PASS] seq=crv_seq_6                      cyc=145 op=IK_RANDOM        instr=0xb7422104 sel=0 -> imm=0xfffffb74
[PASS] seq=crv_seq_6                      cyc=146 op=IK_BOUNDARY_MAX  instr=0x7fffffff sel=2 -> imm=0x00000ffe
[PASS] seq=crv_seq_6                      cyc=147 op=IK_BOUNDARY_ZERO instr=0x00000000 sel=1 -> imm=0x00000000
[PASS] seq=crv_seq_6                      cyc=148 op=IK_B_TYPE        instr=0xd157cd38 sel=2 -> imm=0xfffff51a
[PASS] seq=crv_seq_6                      cyc=149 op=IK_J_TYPE        instr=0x7ad7f361 sel=4 -> imm=0x0007ffac
[PASS] seq=crv_seq_6                      cyc=150 op=IK_I_TYPE        instr=0x98b0c463 sel=0 -> imm=0xfffff98b
[PASS] seq=crv_seq_6                      cyc=151 op=IK_RANDOM        instr=0x35cf9afb sel=3 -> imm=0x35cf9000
[PASS] seq=crv_seq_6                      cyc=152 op=IK_RANDOM        instr=0xad6af72a sel=2 -> imm=0xfffff2ce
[PASS] seq=crv_seq_6                      cyc=153 op=IK_I_TYPE        instr=0x646a4d11 sel=0 -> imm=0x00000646
[PASS] seq=crv_seq_6                      cyc=154 op=IK_CSR_TYPE      instr=0x5ebfad5b sel=5 -> imm=0x0000001f
[PASS] seq=crv_seq_6                      cyc=155 op=IK_RANDOM        instr=0xbfc8de28 sel=5 -> imm=0x00000011
[PASS] seq=crv_seq_6                      cyc=156 op=IK_B_TYPE        instr=0x4572829c sel=2 -> imm=0x00000c44
[PASS] seq=crv_seq_6                      cyc=157 op=IK_I_TYPE        instr=0x1262e121 sel=0 -> imm=0x00000126
[PASS] seq=crv_seq_6                      cyc=158 op=IK_J_TYPE        instr=0xed4cba08 sel=4 -> imm=0xfffcb6d4
[PASS] seq=crv_seq_6                      cyc=159 op=IK_CSR_TYPE      instr=0xa0464321 sel=5 -> imm=0x0000000c
[PASS] seq=crv_seq_6                      cyc=160 op=IK_BOUNDARY_MIN  instr=0x93801fd8 sel=3 -> imm=0x93801000
[PASS] seq=crv_seq_6                      cyc=161 op=IK_U_TYPE        instr=0xc08f3d5a sel=3 -> imm=0xc08f3000
[PASS] seq=crv_seq_6                      cyc=162 op=IK_RANDOM        instr=0x22772005 sel=3 -> imm=0x22772000
[PASS] seq=crv_seq_6                      cyc=163 op=IK_J_TYPE        instr=0x19f4a485 sel=4 -> imm=0x0004a99e
[PASS] seq=crv_seq_6                      cyc=164 op=IK_B_TYPE        instr=0x97041f1b sel=2 -> imm=0xfffff17e
[PASS] seq=crv_seq_6                      cyc=165 op=IK_CSR_TYPE      instr=0x1fc20fa2 sel=5 -> imm=0x00000004
[PASS] seq=crv_seq_6                      cyc=166 op=IK_CSR_TYPE      instr=0x07dd0228 sel=5 -> imm=0x0000001a
[PASS] seq=crv_seq_6                      cyc=167 op=IK_I_TYPE        instr=0x58e90bf6 sel=0 -> imm=0x0000058e
[PASS] seq=crv_seq_6                      cyc=168 op=IK_CSR_TYPE      instr=0x243a2036 sel=5 -> imm=0x00000014
[PASS] seq=crv_seq_6                      cyc=169 op=IK_I_TYPE        instr=0xcee22407 sel=0 -> imm=0xfffffcee
[PASS] seq=crv_seq_6                      cyc=170 op=IK_BOUNDARY_MIN  instr=0xde4235ce sel=1 -> imm=0xfffffdeb
[PASS] seq=crv_seq_6                      cyc=171 op=IK_BOUNDARY_MIN  instr=0xd57186ba sel=1 -> imm=0xfffffd4d
[PASS] seq=crv_seq_6                      cyc=172 op=IK_B_TYPE        instr=0x680c2f3f sel=2 -> imm=0x0000069e
[PASS] seq=crv_seq_6                      cyc=173 op=IK_I_TYPE        instr=0x3640d555 sel=0 -> imm=0x00000364
[PASS] seq=crv_seq_6                      cyc=174 op=IK_RANDOM        instr=0x678a0a61 sel=1 -> imm=0x00000674
[PASS] seq=crv_seq_6                      cyc=175 op=IK_B_TYPE        instr=0xc9cebdcd sel=2 -> imm=0xfffffc9a
[PASS] seq=crv_seq_6                      cyc=176 op=IK_U_TYPE        instr=0xc280f51e sel=3 -> imm=0xc280f000
[PASS] seq=crv_seq_6                      cyc=177 op=IK_NONE_TYPE     instr=0xf3c26f87 sel=6 -> imm=0x00000000
[PASS] seq=crv_seq_6                      cyc=178 op=IK_CSR_TYPE      instr=0xc7511693 sel=5 -> imm=0x00000002
[PASS] seq=crv_seq_6                      cyc=179 op=IK_BOUNDARY_MIN  instr=0xaa17001b sel=0 -> imm=0xfffffaa1
[PASS] seq=crv_seq_6                      cyc=180 op=IK_RANDOM        instr=0x6a5618f5 sel=0 -> imm=0x000006a5
[PASS] seq=crv_seq_6                      cyc=181 op=IK_U_TYPE        instr=0x6811590f sel=3 -> imm=0x68115000
[PASS] seq=crv_seq_6                      cyc=182 op=IK_B_TYPE        instr=0x7acc9e18 sel=2 -> imm=0x000007bc
[PASS] seq=crv_seq_6                      cyc=183 op=IK_RANDOM        instr=0x99eb92a8 sel=6 -> imm=0x00000000
[PASS] seq=crv_seq_6                      cyc=184 op=IK_B_TYPE        instr=0x0a224d5c sel=2 -> imm=0x000000ba
[PASS] seq=crv_seq_6                      cyc=185 op=IK_BOUNDARY_MIN  instr=0xb02c0fd0 sel=1 -> imm=0xfffffb1f
[PASS] seq=crv_seq_6                      cyc=186 op=IK_CSR_TYPE      instr=0x6ecdb8f7 sel=5 -> imm=0x0000001b
[PASS] seq=crv_seq_6                      cyc=187 op=IK_CSR_TYPE      instr=0x5dfdf167 sel=5 -> imm=0x0000001b
[PASS] seq=crv_seq_6                      cyc=188 op=IK_RANDOM        instr=0xcee214e8 sel=0 -> imm=0xfffffcee
[PASS] seq=crv_seq_6                      cyc=189 op=IK_J_TYPE        instr=0x0fa83ff8 sel=4 -> imm=0x000830fa
[PASS] seq=crv_seq_6                      cyc=190 op=IK_BOUNDARY_MIN  instr=0xe0d4e50a sel=0 -> imm=0xfffffe0d
[PASS] seq=crv_seq_6                      cyc=191 op=IK_BOUNDARY_MIN  instr=0xc1f891b4 sel=4 -> imm=0xfff89c1e
[PASS] seq=crv_seq_6                      cyc=192 op=IK_J_TYPE        instr=0xc2cfcb5e sel=4 -> imm=0xffffc42c
[PASS] seq=crv_seq_6                      cyc=193 op=IK_B_TYPE        instr=0x18b38c40 sel=2 -> imm=0x00000198
[PASS] seq=crv_seq_6                      cyc=194 op=IK_RANDOM        instr=0xdac7effa sel=2 -> imm=0xfffffdbe
[PASS] seq=crv_seq_6                      cyc=195 op=IK_B_TYPE        instr=0x387cc291 sel=2 -> imm=0x00000b84
[PASS] seq=crv_seq_6                      cyc=196 op=IK_CSR_TYPE      instr=0xdd225bc0 sel=5 -> imm=0x00000004
[PASS] seq=crv_seq_6                      cyc=197 op=IK_CSR_TYPE      instr=0x71a126d7 sel=5 -> imm=0x00000002
[PASS] seq=crv_seq_6                      cyc=198 op=IK_S_TYPE        instr=0x881fb8c0 sel=1 -> imm=0xfffff891
[PASS] seq=crv_seq_6                      cyc=199 op=IK_B_TYPE        instr=0x549c387b sel=2 -> imm=0x00000550
[PASS] seq=crv_seq_7                      cyc=0 op=IK_BOUNDARY_MIN  instr=0xd9f98556 sel=0 -> imm=0xfffffd9f
[PASS] seq=crv_seq_7                      cyc=1 op=IK_BOUNDARY_MIN  instr=0xd4ba0b4e sel=6 -> imm=0x00000000
[PASS] seq=crv_seq_7                      cyc=2 op=IK_J_TYPE        instr=0xaca01724 sel=4 -> imm=0xfff012ca
[PASS] seq=crv_seq_7                      cyc=3 op=IK_J_TYPE        instr=0xa9b82f1b sel=4 -> imm=0xfff82a9a
[PASS] seq=crv_seq_7                      cyc=4 op=IK_NONE_TYPE     instr=0xb753d035 sel=6 -> imm=0x00000000
[PASS] seq=crv_seq_7                      cyc=5 op=IK_RANDOM        instr=0xe6233977 sel=4 -> imm=0xfff33662
[PASS] seq=crv_seq_7                      cyc=6 op=IK_CSR_TYPE      instr=0x6189d5f5 sel=5 -> imm=0x00000013
[PASS] seq=crv_seq_7                      cyc=7 op=IK_RANDOM        instr=0x5ec3cb8e sel=0 -> imm=0x000005ec
[PASS] seq=crv_seq_7                      cyc=8 op=IK_S_TYPE        instr=0x42106e1c sel=1 -> imm=0x0000043c
[PASS] seq=crv_seq_7                      cyc=9 op=IK_CSR_TYPE      instr=0x483c282a sel=5 -> imm=0x00000018
[PASS] seq=crv_seq_7                      cyc=10 op=IK_J_TYPE        instr=0x94b2c3f5 sel=4 -> imm=0xfff2c94a
[PASS] seq=crv_seq_7                      cyc=11 op=IK_U_TYPE        instr=0xdd873b0e sel=3 -> imm=0xdd873000
[PASS] seq=crv_seq_7                      cyc=12 op=IK_RANDOM        instr=0xa44f8e6c sel=2 -> imm=0xfffff25c
[PASS] seq=crv_seq_7                      cyc=13 op=IK_B_TYPE        instr=0x5dc06a33 sel=2 -> imm=0x000005d4
[PASS] seq=crv_seq_7                      cyc=14 op=IK_CSR_TYPE      instr=0xc247eb25 sel=5 -> imm=0x0000000f
[PASS] seq=crv_seq_7                      cyc=15 op=IK_S_TYPE        instr=0x02a2f3cd sel=1 -> imm=0x00000027
[PASS] seq=crv_seq_7                      cyc=16 op=IK_RANDOM        instr=0x1f076b3d sel=6 -> imm=0x00000000
[PASS] seq=crv_seq_7                      cyc=17 op=IK_RANDOM        instr=0xa39a66cf sel=5 -> imm=0x00000014
[PASS] seq=crv_seq_7                      cyc=18 op=IK_BOUNDARY_ZERO instr=0x00000000 sel=3 -> imm=0x00000000
[PASS] seq=crv_seq_7                      cyc=19 op=IK_BOUNDARY_MAX  instr=0x7fffffff sel=5 -> imm=0x0000001f
[PASS] seq=crv_seq_7                      cyc=20 op=IK_RANDOM        instr=0x9f2f81ba sel=4 -> imm=0xffff81f2
[PASS] seq=crv_seq_7                      cyc=21 op=IK_S_TYPE        instr=0x845564c9 sel=1 -> imm=0xfffff849
[PASS] seq=crv_seq_7                      cyc=22 op=IK_U_TYPE        instr=0xf34f5b2d sel=3 -> imm=0xf34f5000
[PASS] seq=crv_seq_7                      cyc=23 op=IK_RANDOM        instr=0x400fa9c1 sel=6 -> imm=0x00000000
[PASS] seq=crv_seq_7                      cyc=24 op=IK_BOUNDARY_MIN  instr=0x9dd49280 sel=2 -> imm=0xfffff9c4
[PASS] seq=crv_seq_7                      cyc=25 op=IK_I_TYPE        instr=0xdbc4b9b8 sel=0 -> imm=0xfffffdbc
[PASS] seq=crv_seq_7                      cyc=26 op=IK_S_TYPE        instr=0x0eab1ff7 sel=1 -> imm=0x000000ff
[PASS] seq=crv_seq_7                      cyc=27 op=IK_S_TYPE        instr=0xe425dd93 sel=1 -> imm=0xfffffe5b
[PASS] seq=crv_seq_7                      cyc=28 op=IK_BOUNDARY_MIN  instr=0x9144fe13 sel=0 -> imm=0xfffff914
[PASS] seq=crv_seq_7                      cyc=29 op=IK_J_TYPE        instr=0x416d87a9 sel=4 -> imm=0x000d8416
[PASS] seq=crv_seq_7                      cyc=30 op=IK_B_TYPE        instr=0x5d8768c9 sel=2 -> imm=0x00000dd0
[PASS] seq=crv_seq_7                      cyc=31 op=IK_RANDOM        instr=0xda1188c5 sel=1 -> imm=0xfffffdb1
[PASS] seq=crv_seq_7                      cyc=32 op=IK_RANDOM        instr=0x1d7c542b sel=6 -> imm=0x00000000
[PASS] seq=crv_seq_7                      cyc=33 op=IK_CSR_TYPE      instr=0x8c36aaa6 sel=5 -> imm=0x0000000d
[PASS] seq=crv_seq_7                      cyc=34 op=IK_I_TYPE        instr=0xfb466390 sel=0 -> imm=0xffffffb4
[PASS] seq=crv_seq_7                      cyc=35 op=IK_RANDOM        instr=0xcb5ed374 sel=0 -> imm=0xfffffcb5
[PASS] seq=crv_seq_7                      cyc=36 op=IK_S_TYPE        instr=0x522b2892 sel=1 -> imm=0x00000531
[PASS] seq=crv_seq_7                      cyc=37 op=IK_S_TYPE        instr=0x1dd4b55c sel=1 -> imm=0x000001ca
[PASS] seq=crv_seq_7                      cyc=38 op=IK_RANDOM        instr=0x1b925c8d sel=3 -> imm=0x1b925000
[PASS] seq=crv_seq_7                      cyc=39 op=IK_B_TYPE        instr=0xccc23953 sel=2 -> imm=0xfffff4d2
[PASS] seq=crv_seq_7                      cyc=40 op=IK_RANDOM        instr=0x58fcc897 sel=0 -> imm=0x0000058f
[PASS] seq=crv_seq_7                      cyc=41 op=IK_S_TYPE        instr=0x862ec6c8 sel=1 -> imm=0xfffff86d
[PASS] seq=crv_seq_7                      cyc=42 op=IK_BOUNDARY_ZERO instr=0x00000000 sel=0 -> imm=0x00000000
[PASS] seq=crv_seq_7                      cyc=43 op=IK_S_TYPE        instr=0xb33dcd33 sel=1 -> imm=0xfffffb3a
[PASS] seq=crv_seq_7                      cyc=44 op=IK_NONE_TYPE     instr=0x2950ed10 sel=6 -> imm=0x00000000
[PASS] seq=crv_seq_7                      cyc=45 op=IK_S_TYPE        instr=0x1c43a291 sel=1 -> imm=0x000001c5
[PASS] seq=crv_seq_7                      cyc=46 op=IK_J_TYPE        instr=0x0b54d6e8 sel=4 -> imm=0x0004d8b4
[PASS] seq=crv_seq_7                      cyc=47 op=IK_BOUNDARY_MIN  instr=0xddab854d sel=6 -> imm=0x00000000
[PASS] seq=crv_seq_7                      cyc=48 op=IK_RANDOM        instr=0x6ddaccc9 sel=2 -> imm=0x00000ed8
[PASS] seq=crv_seq_7                      cyc=49 op=IK_CSR_TYPE      instr=0x6002ffd5 sel=5 -> imm=0x00000005
[PASS] seq=crv_seq_7                      cyc=50 op=IK_RANDOM        instr=0x103d229b sel=6 -> imm=0x00000000
[PASS] seq=crv_seq_7                      cyc=51 op=IK_I_TYPE        instr=0xb8f2ce31 sel=0 -> imm=0xfffffb8f
[PASS] seq=crv_seq_7                      cyc=52 op=IK_S_TYPE        instr=0x65ea75d9 sel=1 -> imm=0x0000064b
[PASS] seq=crv_seq_7                      cyc=53 op=IK_I_TYPE        instr=0xb761fb5a sel=0 -> imm=0xfffffb76
[PASS] seq=crv_seq_7                      cyc=54 op=IK_BOUNDARY_MAX  instr=0x7fffffff sel=3 -> imm=0x7ffff000
[PASS] seq=crv_seq_7                      cyc=55 op=IK_J_TYPE        instr=0xd44fbccf sel=4 -> imm=0xffffb544
[PASS] seq=crv_seq_7                      cyc=56 op=IK_B_TYPE        instr=0xf0e02f92 sel=2 -> imm=0xffffff1e
[PASS] seq=crv_seq_7                      cyc=57 op=IK_I_TYPE        instr=0xc9b73491 sel=0 -> imm=0xfffffc9b
[PASS] seq=crv_seq_7                      cyc=58 op=IK_RANDOM        instr=0xe7aef93a sel=2 -> imm=0xfffff672
[PASS] seq=crv_seq_7                      cyc=59 op=IK_S_TYPE        instr=0xaecb7e50 sel=1 -> imm=0xfffffafc
[PASS] seq=crv_seq_7                      cyc=60 op=IK_RANDOM        instr=0xe623dd85 sel=5 -> imm=0x00000007
[PASS] seq=crv_seq_7                      cyc=61 op=IK_RANDOM        instr=0xd0a2de43 sel=6 -> imm=0x00000000
[PASS] seq=crv_seq_7                      cyc=62 op=IK_J_TYPE        instr=0x8791622a sel=4 -> imm=0xfff16878
[PASS] seq=crv_seq_7                      cyc=63 op=IK_B_TYPE        instr=0x3eea0716 sel=2 -> imm=0x000003ee
[PASS] seq=crv_seq_7                      cyc=64 op=IK_BOUNDARY_MIN  instr=0xbe8ad820 sel=2 -> imm=0xfffff3f0
[PASS] seq=crv_seq_7                      cyc=65 op=IK_J_TYPE        instr=0x4ebcc8da sel=4 -> imm=0x000cccea
[PASS] seq=crv_seq_7                      cyc=66 op=IK_CSR_TYPE      instr=0xb638a825 sel=5 -> imm=0x00000011
[PASS] seq=crv_seq_7                      cyc=67 op=IK_B_TYPE        instr=0x4189a407 sel=2 -> imm=0x00000408
[PASS] seq=crv_seq_7                      cyc=68 op=IK_BOUNDARY_MIN  instr=0x8271dad5 sel=2 -> imm=0xfffff834
[PASS] seq=crv_seq_7                      cyc=69 op=IK_I_TYPE        instr=0xa8fd6497 sel=0 -> imm=0xfffffa8f
[PASS] seq=crv_seq_7                      cyc=70 op=IK_B_TYPE        instr=0x5d1cb1e5 sel=2 -> imm=0x00000dc2
[PASS] seq=crv_seq_7                      cyc=71 op=IK_BOUNDARY_MAX  instr=0x7fffffff sel=4 -> imm=0x000ffffe
[PASS] seq=crv_seq_7                      cyc=72 op=IK_U_TYPE        instr=0x21b2bacb sel=3 -> imm=0x21b2b000
[PASS] seq=crv_seq_7                      cyc=73 op=IK_U_TYPE        instr=0x058f931a sel=3 -> imm=0x058f9000
[PASS] seq=crv_seq_7                      cyc=74 op=IK_U_TYPE        instr=0xd66a9fb0 sel=3 -> imm=0xd66a9000
[PASS] seq=crv_seq_7                      cyc=75 op=IK_U_TYPE        instr=0x5185f1f3 sel=3 -> imm=0x5185f000
[PASS] seq=crv_seq_7                      cyc=76 op=IK_BOUNDARY_MIN  instr=0x9cbbac63 sel=3 -> imm=0x9cbba000
[PASS] seq=crv_seq_7                      cyc=77 op=IK_B_TYPE        instr=0x10710b54 sel=2 -> imm=0x00000116
[PASS] seq=crv_seq_7                      cyc=78 op=IK_B_TYPE        instr=0xd9be3dc4 sel=2 -> imm=0xfffffd9a
[PASS] seq=crv_seq_7                      cyc=79 op=IK_B_TYPE        instr=0x154ae40c sel=2 -> imm=0x00000148
[PASS] seq=crv_seq_7                      cyc=80 op=IK_B_TYPE        instr=0x526240e4 sel=2 -> imm=0x00000d20
[PASS] seq=crv_seq_7                      cyc=81 op=IK_S_TYPE        instr=0x76338002 sel=1 -> imm=0x00000760
[PASS] seq=crv_seq_7                      cyc=82 op=IK_BOUNDARY_MAX  instr=0x7fffffff sel=3 -> imm=0x7ffff000
[PASS] seq=crv_seq_7                      cyc=83 op=IK_S_TYPE        instr=0xade10746 sel=1 -> imm=0xffffface
[PASS] seq=crv_seq_7                      cyc=84 op=IK_U_TYPE        instr=0x0cac6567 sel=3 -> imm=0x0cac6000
[PASS] seq=crv_seq_7                      cyc=85 op=IK_J_TYPE        instr=0xdcfd0751 sel=4 -> imm=0xfffd0dce
[PASS] seq=crv_seq_7                      cyc=86 op=IK_RANDOM        instr=0xa2c406a7 sel=4 -> imm=0xfff4022c
[PASS] seq=crv_seq_7                      cyc=87 op=IK_B_TYPE        instr=0x45e5f0e5 sel=2 -> imm=0x00000c40
[PASS] seq=crv_seq_7                      cyc=88 op=IK_U_TYPE        instr=0x23291cd7 sel=3 -> imm=0x23291000
[PASS] seq=crv_seq_7                      cyc=89 op=IK_S_TYPE        instr=0x4c64b77d sel=1 -> imm=0x000004ce
[PASS] seq=crv_seq_7                      cyc=90 op=IK_I_TYPE        instr=0xcf05952f sel=0 -> imm=0xfffffcf0
[PASS] seq=crv_seq_7                      cyc=91 op=IK_S_TYPE        instr=0x74361c0c sel=1 -> imm=0x00000758
[PASS] seq=crv_seq_7                      cyc=92 op=IK_U_TYPE        instr=0xfe434eb0 sel=3 -> imm=0xfe434000
[PASS] seq=crv_seq_7                      cyc=93 op=IK_U_TYPE        instr=0x0fbf3a7b sel=3 -> imm=0x0fbf3000
[PASS] seq=crv_seq_7                      cyc=94 op=IK_J_TYPE        instr=0xb6bc5be6 sel=4 -> imm=0xfffc5b6a
[PASS] seq=crv_seq_7                      cyc=95 op=IK_B_TYPE        instr=0xe3362c6f sel=2 -> imm=0xfffff638
[PASS] seq=crv_seq_7                      cyc=96 op=IK_BOUNDARY_MIN  instr=0x9be3272d sel=6 -> imm=0x00000000
[PASS] seq=crv_seq_7                      cyc=97 op=IK_U_TYPE        instr=0xcc2a2a18 sel=3 -> imm=0xcc2a2000
[PASS] seq=crv_seq_7                      cyc=98 op=IK_U_TYPE        instr=0x0078c3cd sel=3 -> imm=0x0078c000
[PASS] seq=crv_seq_7                      cyc=99 op=IK_CSR_TYPE      instr=0xe8cfd359 sel=5 -> imm=0x0000001f
[PASS] seq=crv_seq_7                      cyc=100 op=IK_S_TYPE        instr=0x6b182efd sel=1 -> imm=0x000006bd
[PASS] seq=crv_seq_7                      cyc=101 op=IK_NONE_TYPE     instr=0x7339fff0 sel=6 -> imm=0x00000000
[PASS] seq=crv_seq_7                      cyc=102 op=IK_NONE_TYPE     instr=0xd4ed56a6 sel=6 -> imm=0x00000000
[PASS] seq=crv_seq_7                      cyc=103 op=IK_U_TYPE        instr=0x2fb03192 sel=3 -> imm=0x2fb03000
[PASS] seq=crv_seq_7                      cyc=104 op=IK_J_TYPE        instr=0x63788bd5 sel=4 -> imm=0x00088e36
[PASS] seq=crv_seq_7                      cyc=105 op=IK_RANDOM        instr=0x3d76b19d sel=4 -> imm=0x0006bbd6
[PASS] seq=crv_seq_7                      cyc=106 op=IK_BOUNDARY_ZERO instr=0x00000000 sel=5 -> imm=0x00000000
[PASS] seq=crv_seq_7                      cyc=107 op=IK_I_TYPE        instr=0x1016dac6 sel=0 -> imm=0x00000101
[PASS] seq=crv_seq_7                      cyc=108 op=IK_BOUNDARY_MAX  instr=0x7fffffff sel=2 -> imm=0x00000ffe
[PASS] seq=crv_seq_7                      cyc=109 op=IK_I_TYPE        instr=0xbbdc372a sel=0 -> imm=0xfffffbbd
[PASS] seq=crv_seq_7                      cyc=110 op=IK_RANDOM        instr=0x30f18e1d sel=5 -> imm=0x00000003
[PASS] seq=crv_seq_7                      cyc=111 op=IK_B_TYPE        instr=0xe6b97006 sel=2 -> imm=0xfffff660
[PASS] seq=crv_seq_7                      cyc=112 op=IK_CSR_TYPE      instr=0x19cee3f2 sel=5 -> imm=0x0000001d
[PASS] seq=crv_seq_7                      cyc=113 op=IK_BOUNDARY_MIN  instr=0x9aeb2985 sel=1 -> imm=0xfffff9b3
[PASS] seq=crv_seq_7                      cyc=114 op=IK_I_TYPE        instr=0x2dc15830 sel=0 -> imm=0x000002dc
[PASS] seq=crv_seq_7                      cyc=115 op=IK_RANDOM        instr=0x9937ef4f sel=1 -> imm=0xfffff99e
[PASS] seq=crv_seq_7                      cyc=116 op=IK_I_TYPE        instr=0x16be7651 sel=0 -> imm=0x0000016b
[PASS] seq=crv_seq_7                      cyc=117 op=IK_RANDOM        instr=0xdabdc626 sel=2 -> imm=0xfffff5ac
[PASS] seq=crv_seq_7                      cyc=118 op=IK_BOUNDARY_MIN  instr=0x8310fee8 sel=5 -> imm=0x00000001
[PASS] seq=crv_seq_7                      cyc=119 op=IK_BOUNDARY_MAX  instr=0x7fffffff sel=2 -> imm=0x00000ffe
[PASS] seq=crv_seq_7                      cyc=120 op=IK_NONE_TYPE     instr=0xa5e6af31 sel=6 -> imm=0x00000000
[PASS] seq=crv_seq_7                      cyc=121 op=IK_U_TYPE        instr=0x31fd3fd9 sel=3 -> imm=0x31fd3000
[PASS] seq=crv_seq_7                      cyc=122 op=IK_J_TYPE        instr=0xa7aef36c sel=4 -> imm=0xfffef27a
[PASS] seq=crv_seq_7                      cyc=123 op=IK_B_TYPE        instr=0x6fe2c35b sel=2 -> imm=0x000006e6
[PASS] seq=crv_seq_7                      cyc=124 op=IK_NONE_TYPE     instr=0x9bca3f25 sel=6 -> imm=0x00000000
[PASS] seq=crv_seq_7                      cyc=125 op=IK_CSR_TYPE      instr=0x02285a08 sel=5 -> imm=0x00000010
[PASS] seq=crv_seq_7                      cyc=126 op=IK_S_TYPE        instr=0xc82ea22e sel=1 -> imm=0xfffffc84
[PASS] seq=crv_seq_7                      cyc=127 op=IK_J_TYPE        instr=0xa29ff100 sel=4 -> imm=0xfffffa28
[PASS] seq=crv_seq_7                      cyc=128 op=IK_S_TYPE        instr=0x275ceddd sel=1 -> imm=0x0000027b
[PASS] seq=crv_seq_7                      cyc=129 op=IK_U_TYPE        instr=0x44cc6c47 sel=3 -> imm=0x44cc6000
[PASS] seq=crv_seq_7                      cyc=130 op=IK_J_TYPE        instr=0xe6d5ed31 sel=4 -> imm=0xfff5ee6c
[PASS] seq=crv_seq_7                      cyc=131 op=IK_J_TYPE        instr=0x0d29021c sel=4 -> imm=0x000900d2
[PASS] seq=crv_seq_7                      cyc=132 op=IK_U_TYPE        instr=0x59dae2a6 sel=3 -> imm=0x59dae000
[PASS] seq=crv_seq_7                      cyc=133 op=IK_J_TYPE        instr=0xfdcd29bd sel=4 -> imm=0xfffd27dc
[PASS] seq=crv_seq_7                      cyc=134 op=IK_B_TYPE        instr=0x96438070 sel=2 -> imm=0xfffff160
[PASS] seq=crv_seq_7                      cyc=135 op=IK_CSR_TYPE      instr=0x4c56ac45 sel=5 -> imm=0x0000000d
[PASS] seq=crv_seq_7                      cyc=136 op=IK_RANDOM        instr=0xdd589eb7 sel=0 -> imm=0xfffffdd5
[PASS] seq=crv_seq_7                      cyc=137 op=IK_B_TYPE        instr=0xc67b9513 sel=2 -> imm=0xfffff46a
[PASS] seq=crv_seq_7                      cyc=138 op=IK_CSR_TYPE      instr=0x21518c95 sel=5 -> imm=0x00000003
[PASS] seq=crv_seq_7                      cyc=139 op=IK_RANDOM        instr=0xf68bc918 sel=4 -> imm=0xfffbc768
[PASS] seq=crv_seq_7                      cyc=140 op=IK_I_TYPE        instr=0x2e02bb65 sel=0 -> imm=0x000002e0
[PASS] seq=crv_seq_7                      cyc=141 op=IK_NONE_TYPE     instr=0x953a8fa9 sel=6 -> imm=0x00000000
[PASS] seq=crv_seq_7                      cyc=142 op=IK_U_TYPE        instr=0xc50e9594 sel=3 -> imm=0xc50e9000
[PASS] seq=crv_seq_7                      cyc=143 op=IK_J_TYPE        instr=0xa7be53ec sel=4 -> imm=0xfffe5a7a
[PASS] seq=crv_seq_7                      cyc=144 op=IK_U_TYPE        instr=0x98688d9a sel=3 -> imm=0x98688000
[PASS] seq=crv_seq_7                      cyc=145 op=IK_J_TYPE        instr=0x62595abc sel=4 -> imm=0x00095e24
[PASS] seq=crv_seq_7                      cyc=146 op=IK_BOUNDARY_ZERO instr=0x00000000 sel=2 -> imm=0x00000000
[PASS] seq=crv_seq_7                      cyc=147 op=IK_U_TYPE        instr=0x0d187d45 sel=3 -> imm=0x0d187000
[PASS] seq=crv_seq_7                      cyc=148 op=IK_S_TYPE        instr=0x59b71c71 sel=1 -> imm=0x00000598
[PASS] seq=crv_seq_7                      cyc=149 op=IK_I_TYPE        instr=0xe255ebc2 sel=0 -> imm=0xfffffe25
[PASS] seq=crv_seq_7                      cyc=150 op=IK_S_TYPE        instr=0xdbd77af7 sel=1 -> imm=0xfffffdb5
[PASS] seq=crv_seq_7                      cyc=151 op=IK_U_TYPE        instr=0x2f3d9cc6 sel=3 -> imm=0x2f3d9000
[PASS] seq=crv_seq_7                      cyc=152 op=IK_J_TYPE        instr=0x53633718 sel=4 -> imm=0x00033536
[PASS] seq=crv_seq_7                      cyc=153 op=IK_RANDOM        instr=0xa3a7bd93 sel=2 -> imm=0xfffffa3a
[PASS] seq=crv_seq_7                      cyc=154 op=IK_BOUNDARY_MAX  instr=0x7fffffff sel=5 -> imm=0x0000001f
[PASS] seq=crv_seq_7                      cyc=155 op=IK_U_TYPE        instr=0xc51c6d97 sel=3 -> imm=0xc51c6000
[PASS] seq=crv_seq_7                      cyc=156 op=IK_RANDOM        instr=0xcc8cd1f8 sel=4 -> imm=0xfffcd4c8
[PASS] seq=crv_seq_7                      cyc=157 op=IK_U_TYPE        instr=0x62d920db sel=3 -> imm=0x62d92000
[PASS] seq=crv_seq_7                      cyc=158 op=IK_RANDOM        instr=0xc21ff255 sel=3 -> imm=0xc21ff000
[PASS] seq=crv_seq_7                      cyc=159 op=IK_J_TYPE        instr=0xe8e24709 sel=4 -> imm=0xfff2468e
[PASS] seq=crv_seq_7                      cyc=160 op=IK_RANDOM        instr=0x88bf8b4a sel=6 -> imm=0x00000000
[PASS] seq=crv_seq_7                      cyc=161 op=IK_U_TYPE        instr=0x0ca632d0 sel=3 -> imm=0x0ca63000
[PASS] seq=crv_seq_7                      cyc=162 op=IK_J_TYPE        instr=0x0643848a sel=4 -> imm=0x00038064
[PASS] seq=crv_seq_7                      cyc=163 op=IK_B_TYPE        instr=0x5309bbfa sel=2 -> imm=0x00000d36
[PASS] seq=crv_seq_7                      cyc=164 op=IK_CSR_TYPE      instr=0x8ee9f978 sel=5 -> imm=0x00000013
[PASS] seq=crv_seq_7                      cyc=165 op=IK_U_TYPE        instr=0x8b035ea4 sel=3 -> imm=0x8b035000
[PASS] seq=crv_seq_7                      cyc=166 op=IK_CSR_TYPE      instr=0xc6121c6a sel=5 -> imm=0x00000004
[PASS] seq=crv_seq_7                      cyc=167 op=IK_J_TYPE        instr=0x829ce319 sel=4 -> imm=0xfffce828
[PASS] seq=crv_seq_7                      cyc=168 op=IK_RANDOM        instr=0x1672d511 sel=5 -> imm=0x00000005
[PASS] seq=crv_seq_7                      cyc=169 op=IK_CSR_TYPE      instr=0x4c3a027b sel=5 -> imm=0x00000014
[PASS] seq=crv_seq_7                      cyc=170 op=IK_S_TYPE        instr=0xc9e0c08e sel=1 -> imm=0xfffffc81
[PASS] seq=crv_seq_7                      cyc=171 op=IK_BOUNDARY_MIN  instr=0xd39fee8b sel=1 -> imm=0xfffffd3d
[PASS] seq=crv_seq_7                      cyc=172 op=IK_B_TYPE        instr=0x302ba75b sel=2 -> imm=0x0000030e
[PASS] seq=crv_seq_7                      cyc=173 op=IK_U_TYPE        instr=0x69ef25ab sel=3 -> imm=0x69ef2000
[PASS] seq=crv_seq_7                      cyc=174 op=IK_B_TYPE        instr=0x7b212d17 sel=2 -> imm=0x000007ba
[PASS] seq=crv_seq_7                      cyc=175 op=IK_RANDOM        instr=0x75232bde sel=2 -> imm=0x00000f56
[PASS] seq=crv_seq_7                      cyc=176 op=IK_BOUNDARY_MIN  instr=0xc3a2abe0 sel=2 -> imm=0xfffffc36
[PASS] seq=crv_seq_7                      cyc=177 op=IK_J_TYPE        instr=0xa23b5a52 sel=4 -> imm=0xfffb5a22
[PASS] seq=crv_seq_7                      cyc=178 op=IK_RANDOM        instr=0x79f75624 sel=0 -> imm=0x0000079f
[PASS] seq=crv_seq_7                      cyc=179 op=IK_S_TYPE        instr=0x7b2e94d2 sel=1 -> imm=0x000007a9
[PASS] seq=crv_seq_7                      cyc=180 op=IK_RANDOM        instr=0x458b75df sel=1 -> imm=0x0000044b
[PASS] seq=crv_seq_7                      cyc=181 op=IK_S_TYPE        instr=0x98e18504 sel=1 -> imm=0xfffff98a
[PASS] seq=crv_seq_7                      cyc=182 op=IK_NONE_TYPE     instr=0xec2e11b6 sel=6 -> imm=0x00000000
[PASS] seq=crv_seq_7                      cyc=183 op=IK_S_TYPE        instr=0xd06e269e sel=1 -> imm=0xfffffd0d
[PASS] seq=crv_seq_7                      cyc=184 op=IK_I_TYPE        instr=0xca470499 sel=0 -> imm=0xfffffca4
[PASS] seq=crv_seq_7                      cyc=185 op=IK_CSR_TYPE      instr=0x690b81d7 sel=5 -> imm=0x00000017
[PASS] seq=crv_seq_7                      cyc=186 op=IK_J_TYPE        instr=0x2e67fa3e sel=4 -> imm=0x0007f2e6
[PASS] seq=crv_seq_7                      cyc=187 op=IK_I_TYPE        instr=0xacd5b4cd sel=0 -> imm=0xfffffacd
[PASS] seq=crv_seq_7                      cyc=188 op=IK_BOUNDARY_MIN  instr=0x9384dc9e sel=5 -> imm=0x00000009
[PASS] seq=crv_seq_7                      cyc=189 op=IK_B_TYPE        instr=0x9bf39c43 sel=2 -> imm=0xfffff1b8
[PASS] seq=crv_seq_7                      cyc=190 op=IK_BOUNDARY_MIN  instr=0xf2a583a8 sel=0 -> imm=0xffffff2a
[PASS] seq=crv_seq_7                      cyc=191 op=IK_NONE_TYPE     instr=0xafa6d751 sel=6 -> imm=0x00000000
[PASS] seq=crv_seq_7                      cyc=192 op=IK_U_TYPE        instr=0x5879be9e sel=3 -> imm=0x5879b000
[PASS] seq=crv_seq_7                      cyc=193 op=IK_U_TYPE        instr=0xc16d4704 sel=3 -> imm=0xc16d4000
[PASS] seq=crv_seq_7                      cyc=194 op=IK_S_TYPE        instr=0xc811a051 sel=1 -> imm=0xfffffc80
[PASS] seq=crv_seq_7                      cyc=195 op=IK_RANDOM        instr=0x86b62f83 sel=3 -> imm=0x86b62000
[PASS] seq=crv_seq_7                      cyc=196 op=IK_U_TYPE        instr=0x9b7bfc27 sel=3 -> imm=0x9b7bf000
[PASS] seq=crv_seq_7                      cyc=197 op=IK_J_TYPE        instr=0x7ce5629a sel=4 -> imm=0x000567ce
[PASS] seq=crv_seq_7                      cyc=198 op=IK_I_TYPE        instr=0x873b04e7 sel=0 -> imm=0xfffff873
[PASS] seq=crv_seq_7                      cyc=199 op=IK_U_TYPE        instr=0x10f7113d sel=3 -> imm=0x10f71000
[PASS] seq=crv_seq_8                      cyc=0 op=IK_S_TYPE        instr=0x9797097c sel=1 -> imm=0xfffff972
[PASS] seq=crv_seq_8                      cyc=1 op=IK_BOUNDARY_MAX  instr=0x7fffffff sel=2 -> imm=0x00000ffe
[PASS] seq=crv_seq_8                      cyc=2 op=IK_J_TYPE        instr=0xefe45f41 sel=4 -> imm=0xfff456fe
[PASS] seq=crv_seq_8                      cyc=3 op=IK_I_TYPE        instr=0x5e557854 sel=0 -> imm=0x000005e5
[PASS] seq=crv_seq_8                      cyc=4 op=IK_BOUNDARY_MIN  instr=0x8401afb3 sel=1 -> imm=0xfffff85f
[PASS] seq=crv_seq_8                      cyc=5 op=IK_J_TYPE        instr=0xdcb4b9da sel=4 -> imm=0xfff4bdca
[PASS] seq=crv_seq_8                      cyc=6 op=IK_BOUNDARY_MIN  instr=0x8f273b9b sel=4 -> imm=0xfff730f2
[PASS] seq=crv_seq_8                      cyc=7 op=IK_NONE_TYPE     instr=0x5cdd7659 sel=6 -> imm=0x00000000
[PASS] seq=crv_seq_8                      cyc=8 op=IK_I_TYPE        instr=0x48d0b323 sel=0 -> imm=0x0000048d
[PASS] seq=crv_seq_8                      cyc=9 op=IK_J_TYPE        instr=0xc95e9f80 sel=4 -> imm=0xfffe9c94
[PASS] seq=crv_seq_8                      cyc=10 op=IK_CSR_TYPE      instr=0x4e2c135e sel=5 -> imm=0x00000018
[PASS] seq=crv_seq_8                      cyc=11 op=IK_S_TYPE        instr=0x99499e70 sel=1 -> imm=0xfffff99c
[PASS] seq=crv_seq_8                      cyc=12 op=IK_NONE_TYPE     instr=0x9aca222a sel=6 -> imm=0x00000000
[PASS] seq=crv_seq_8                      cyc=13 op=IK_U_TYPE        instr=0x9db3c114 sel=3 -> imm=0x9db3c000
[PASS] seq=crv_seq_8                      cyc=14 op=IK_BOUNDARY_MIN  instr=0xab73e611 sel=6 -> imm=0x00000000
[PASS] seq=crv_seq_8                      cyc=15 op=IK_S_TYPE        instr=0x7711b9de sel=1 -> imm=0x00000773
[PASS] seq=crv_seq_8                      cyc=16 op=IK_BOUNDARY_ZERO instr=0x00000000 sel=5 -> imm=0x00000000
[PASS] seq=crv_seq_8                      cyc=17 op=IK_U_TYPE        instr=0xdb2f2491 sel=3 -> imm=0xdb2f2000
[PASS] seq=crv_seq_8                      cyc=18 op=IK_NONE_TYPE     instr=0x5157f179 sel=6 -> imm=0x00000000
[PASS] seq=crv_seq_8                      cyc=19 op=IK_J_TYPE        instr=0xa9214c19 sel=4 -> imm=0xfff14292
[PASS] seq=crv_seq_8                      cyc=20 op=IK_I_TYPE        instr=0xa449f854 sel=0 -> imm=0xfffffa44
[PASS] seq=crv_seq_8                      cyc=21 op=IK_U_TYPE        instr=0x22f7ced6 sel=3 -> imm=0x22f7c000
[PASS] seq=crv_seq_8                      cyc=22 op=IK_B_TYPE        instr=0xfc3bde16 sel=2 -> imm=0xfffff7dc
[PASS] seq=crv_seq_8                      cyc=23 op=IK_RANDOM        instr=0x02aeaf3a sel=4 -> imm=0x000ea02a
[PASS] seq=crv_seq_8                      cyc=24 op=IK_BOUNDARY_MAX  instr=0x7fffffff sel=5 -> imm=0x0000001f
[PASS] seq=crv_seq_8                      cyc=25 op=IK_BOUNDARY_MAX  instr=0x7fffffff sel=4 -> imm=0x000ffffe
[PASS] seq=crv_seq_8                      cyc=26 op=IK_NONE_TYPE     instr=0xe20e41e0 sel=6 -> imm=0x00000000
[PASS] seq=crv_seq_8                      cyc=27 op=IK_J_TYPE        instr=0xfd234357 sel=4 -> imm=0xfff347d2
[PASS] seq=crv_seq_8                      cyc=28 op=IK_CSR_TYPE      instr=0x103dc718 sel=5 -> imm=0x0000001b
[PASS] seq=crv_seq_8                      cyc=29 op=IK_BOUNDARY_MAX  instr=0x7fffffff sel=4 -> imm=0x000ffffe
[PASS] seq=crv_seq_8                      cyc=30 op=IK_RANDOM        instr=0xcb6c0fd7 sel=3 -> imm=0xcb6c0000
[PASS] seq=crv_seq_8                      cyc=31 op=IK_J_TYPE        instr=0xe4e72abc sel=4 -> imm=0xfff7264e
[PASS] seq=crv_seq_8                      cyc=32 op=IK_U_TYPE        instr=0x09a3959e sel=3 -> imm=0x09a39000
[PASS] seq=crv_seq_8                      cyc=33 op=IK_RANDOM        instr=0xb9278fcf sel=4 -> imm=0xfff78392
[PASS] seq=crv_seq_8                      cyc=34 op=IK_I_TYPE        instr=0xf819ff0c sel=0 -> imm=0xffffff81
[PASS] seq=crv_seq_8                      cyc=35 op=IK_RANDOM        instr=0x5d03f255 sel=0 -> imm=0x000005d0
[PASS] seq=crv_seq_8                      cyc=36 op=IK_J_TYPE        instr=0x13f39a29 sel=4 -> imm=0x0003993e
[PASS] seq=crv_seq_8                      cyc=37 op=IK_BOUNDARY_ZERO instr=0x00000000 sel=5 -> imm=0x00000000
[PASS] seq=crv_seq_8                      cyc=38 op=IK_J_TYPE        instr=0x76ff2ef9 sel=4 -> imm=0x000f2f6e
[PASS] seq=crv_seq_8                      cyc=39 op=IK_NONE_TYPE     instr=0x3a258a82 sel=6 -> imm=0x00000000
[PASS] seq=crv_seq_8                      cyc=40 op=IK_RANDOM        instr=0xe3349cc1 sel=1 -> imm=0xfffffe39
[PASS] seq=crv_seq_8                      cyc=41 op=IK_S_TYPE        instr=0x057b115e sel=1 -> imm=0x00000042
[PASS] seq=crv_seq_8                      cyc=42 op=IK_S_TYPE        instr=0xcdcde194 sel=1 -> imm=0xfffffcc3
[PASS] seq=crv_seq_8                      cyc=43 op=IK_U_TYPE        instr=0x9210e787 sel=3 -> imm=0x9210e000
[PASS] seq=crv_seq_8                      cyc=44 op=IK_BOUNDARY_MIN  instr=0xb510abd5 sel=5 -> imm=0x00000001
[PASS] seq=crv_seq_8                      cyc=45 op=IK_CSR_TYPE      instr=0xc7486be9 sel=5 -> imm=0x00000010
[PASS] seq=crv_seq_8                      cyc=46 op=IK_RANDOM        instr=0x4533de17 sel=6 -> imm=0x00000000
[PASS] seq=crv_seq_8                      cyc=47 op=IK_CSR_TYPE      instr=0x10d78624 sel=5 -> imm=0x0000000f
[PASS] seq=crv_seq_8                      cyc=48 op=IK_RANDOM        instr=0x024c2db3 sel=2 -> imm=0x0000083a
[PASS] seq=crv_seq_8                      cyc=49 op=IK_I_TYPE        instr=0x2a019e0f sel=0 -> imm=0x000002a0
[PASS] seq=crv_seq_8                      cyc=50 op=IK_B_TYPE        instr=0xe1c35b42 sel=2 -> imm=0xfffff616
[PASS] seq=crv_seq_8                      cyc=51 op=IK_NONE_TYPE     instr=0xf4fe196a sel=6 -> imm=0x00000000
[PASS] seq=crv_seq_8                      cyc=52 op=IK_S_TYPE        instr=0xe8d43a56 sel=1 -> imm=0xfffffe94
[PASS] seq=crv_seq_8                      cyc=53 op=IK_B_TYPE        instr=0x8e52f895 sel=2 -> imm=0xfffff8f0
[PASS] seq=crv_seq_8                      cyc=54 op=IK_RANDOM        instr=0x741c550a sel=1 -> imm=0x0000074a
[PASS] seq=crv_seq_8                      cyc=55 op=IK_BOUNDARY_MAX  instr=0x7fffffff sel=3 -> imm=0x7ffff000
[PASS] seq=crv_seq_8                      cyc=56 op=IK_B_TYPE        instr=0x2d6c605f sel=2 -> imm=0x000002c0
[PASS] seq=crv_seq_8                      cyc=57 op=IK_J_TYPE        instr=0x0b7b35b3 sel=4 -> imm=0x000b38b6
[PASS] seq=crv_seq_8                      cyc=58 op=IK_NONE_TYPE     instr=0x1a389bea sel=6 -> imm=0x00000000
[PASS] seq=crv_seq_8                      cyc=59 op=IK_U_TYPE        instr=0x08523b30 sel=3 -> imm=0x08523000
[PASS] seq=crv_seq_8                      cyc=60 op=IK_S_TYPE        instr=0x9e8cb435 sel=1 -> imm=0xfffff9e8
[PASS] seq=crv_seq_8                      cyc=61 op=IK_S_TYPE        instr=0x19d4fa4a sel=1 -> imm=0x00000194
[PASS] seq=crv_seq_8                      cyc=62 op=IK_CSR_TYPE      instr=0x05db471e sel=5 -> imm=0x00000016
[PASS] seq=crv_seq_8                      cyc=63 op=IK_B_TYPE        instr=0x7b9ce9b1 sel=2 -> imm=0x00000fb2
[PASS] seq=crv_seq_8                      cyc=64 op=IK_B_TYPE        instr=0xf33d6fb3 sel=2 -> imm=0xffffff3e
[PASS] seq=crv_seq_8                      cyc=65 op=IK_RANDOM        instr=0x4516da5a sel=2 -> imm=0x00000454
[PASS] seq=crv_seq_8                      cyc=66 op=IK_S_TYPE        instr=0x4b84e375 sel=1 -> imm=0x000004a6
[PASS] seq=crv_seq_8                      cyc=67 op=IK_I_TYPE        instr=0xd4d155d9 sel=0 -> imm=0xfffffd4d
[PASS] seq=crv_seq_8                      cyc=68 op=IK_BOUNDARY_MIN  instr=0xaabd0e3b sel=6 -> imm=0x00000000
[PASS] seq=crv_seq_8                      cyc=69 op=IK_RANDOM        instr=0xafeb2f05 sel=0 -> imm=0xfffffafe
[PASS] seq=crv_seq_8                      cyc=70 op=IK_RANDOM        instr=0x125cfdaf sel=1 -> imm=0x0000013b
[PASS] seq=crv_seq_8                      cyc=71 op=IK_I_TYPE        instr=0xca60f0de sel=0 -> imm=0xfffffca6
[PASS] seq=crv_seq_8                      cyc=72 op=IK_BOUNDARY_MIN  instr=0xfdee2587 sel=0 -> imm=0xffffffde
[PASS] seq=crv_seq_8                      cyc=73 op=IK_NONE_TYPE     instr=0x13dbe70c sel=6 -> imm=0x00000000
[PASS] seq=crv_seq_8                      cyc=74 op=IK_BOUNDARY_ZERO instr=0x00000000 sel=2 -> imm=0x00000000
[PASS] seq=crv_seq_8                      cyc=75 op=IK_U_TYPE        instr=0x37bb082e sel=3 -> imm=0x37bb0000
[PASS] seq=crv_seq_8                      cyc=76 op=IK_BOUNDARY_MIN  instr=0xd5d490c6 sel=1 -> imm=0xfffffd41
[PASS] seq=crv_seq_8                      cyc=77 op=IK_U_TYPE        instr=0xc0b54dd0 sel=3 -> imm=0xc0b54000
[PASS] seq=crv_seq_8                      cyc=78 op=IK_RANDOM        instr=0x4a6f765a sel=2 -> imm=0x000004ac
[PASS] seq=crv_seq_8                      cyc=79 op=IK_J_TYPE        instr=0xa77fdef8 sel=4 -> imm=0xffffda76
[PASS] seq=crv_seq_8                      cyc=80 op=IK_NONE_TYPE     instr=0x38339350 sel=6 -> imm=0x00000000
[PASS] seq=crv_seq_8                      cyc=81 op=IK_I_TYPE        instr=0x66c1084c sel=0 -> imm=0x0000066c
[PASS] seq=crv_seq_8                      cyc=82 op=IK_RANDOM        instr=0xacfc35da sel=3 -> imm=0xacfc3000
[PASS] seq=crv_seq_8                      cyc=83 op=IK_I_TYPE        instr=0xb65b092c sel=0 -> imm=0xfffffb65
[PASS] seq=crv_seq_8                      cyc=84 op=IK_S_TYPE        instr=0xc0c1f132 sel=1 -> imm=0xfffffc02
[PASS] seq=crv_seq_8                      cyc=85 op=IK_B_TYPE        instr=0x865991b5 sel=2 -> imm=0xfffff862
[PASS] seq=crv_seq_8                      cyc=86 op=IK_RANDOM        instr=0xf08b541a sel=3 -> imm=0xf08b5000
[PASS] seq=crv_seq_8                      cyc=87 op=IK_CSR_TYPE      instr=0x8d580e83 sel=5 -> imm=0x00000010
[PASS] seq=crv_seq_8                      cyc=88 op=IK_NONE_TYPE     instr=0x55750e16 sel=6 -> imm=0x00000000
[PASS] seq=crv_seq_8                      cyc=89 op=IK_J_TYPE        instr=0xa385112c sel=4 -> imm=0xfff51238
[PASS] seq=crv_seq_8                      cyc=90 op=IK_S_TYPE        instr=0xa4d3d519 sel=1 -> imm=0xfffffa4a
[PASS] seq=crv_seq_8                      cyc=91 op=IK_NONE_TYPE     instr=0xfcb498a9 sel=6 -> imm=0x00000000
[PASS] seq=crv_seq_8                      cyc=92 op=IK_NONE_TYPE     instr=0xbf1eb405 sel=6 -> imm=0x00000000
[PASS] seq=crv_seq_8                      cyc=93 op=IK_I_TYPE        instr=0x82142b42 sel=0 -> imm=0xfffff821
[PASS] seq=crv_seq_8                      cyc=94 op=IK_U_TYPE        instr=0x550e5092 sel=3 -> imm=0x550e5000
[PASS] seq=crv_seq_8                      cyc=95 op=IK_BOUNDARY_ZERO instr=0x00000000 sel=0 -> imm=0x00000000
[PASS] seq=crv_seq_8                      cyc=96 op=IK_U_TYPE        instr=0x3e3135b7 sel=3 -> imm=0x3e313000
[PASS] seq=crv_seq_8                      cyc=97 op=IK_RANDOM        instr=0x07a78e3d sel=6 -> imm=0x00000000
[PASS] seq=crv_seq_8                      cyc=98 op=IK_B_TYPE        instr=0xf978cd15 sel=2 -> imm=0xfffff79a
[PASS] seq=crv_seq_8                      cyc=99 op=IK_RANDOM        instr=0xf5d8320f sel=1 -> imm=0xffffff44
[PASS] seq=crv_seq_8                      cyc=100 op=IK_BOUNDARY_MIN  instr=0xd8e68b35 sel=3 -> imm=0xd8e68000
[PASS] seq=crv_seq_8                      cyc=101 op=IK_S_TYPE        instr=0x804458c9 sel=1 -> imm=0xfffff811
[PASS] seq=crv_seq_8                      cyc=102 op=IK_J_TYPE        instr=0x521cd132 sel=4 -> imm=0x000cdd20
[PASS] seq=crv_seq_8                      cyc=103 op=IK_BOUNDARY_MIN  instr=0xeedd443d sel=6 -> imm=0x00000000
[PASS] seq=crv_seq_8                      cyc=104 op=IK_J_TYPE        instr=0x2bae937d sel=4 -> imm=0x000e92ba
[PASS] seq=crv_seq_8                      cyc=105 op=IK_RANDOM        instr=0xa7523ad5 sel=1 -> imm=0xfffffa75
[PASS] seq=crv_seq_8                      cyc=106 op=IK_S_TYPE        instr=0xd118173f sel=1 -> imm=0xfffffd0e
[PASS] seq=crv_seq_8                      cyc=107 op=IK_I_TYPE        instr=0xb679d9d6 sel=0 -> imm=0xfffffb67
[PASS] seq=crv_seq_8                      cyc=108 op=IK_I_TYPE        instr=0x4187fda7 sel=0 -> imm=0x00000418
[PASS] seq=crv_seq_8                      cyc=109 op=IK_U_TYPE        instr=0xbea21ae7 sel=3 -> imm=0xbea21000
[PASS] seq=crv_seq_8                      cyc=110 op=IK_I_TYPE        instr=0x54a5d4ae sel=0 -> imm=0x0000054a
[PASS] seq=crv_seq_8                      cyc=111 op=IK_S_TYPE        instr=0x869b9017 sel=1 -> imm=0xfffff860
[PASS] seq=crv_seq_8                      cyc=112 op=IK_S_TYPE        instr=0xd8b95775 sel=1 -> imm=0xfffffd8e
[PASS] seq=crv_seq_8                      cyc=113 op=IK_RANDOM        instr=0x7dc8c7cd sel=0 -> imm=0x000007dc
[PASS] seq=crv_seq_8                      cyc=114 op=IK_CSR_TYPE      instr=0x95adb748 sel=5 -> imm=0x0000001b
[PASS] seq=crv_seq_8                      cyc=115 op=IK_BOUNDARY_MAX  instr=0x7fffffff sel=3 -> imm=0x7ffff000
[PASS] seq=crv_seq_8                      cyc=116 op=IK_BOUNDARY_MIN  instr=0xa3f00e28 sel=6 -> imm=0x00000000
[PASS] seq=crv_seq_8                      cyc=117 op=IK_S_TYPE        instr=0x318e5739 sel=1 -> imm=0x0000030e
[PASS] seq=crv_seq_8                      cyc=118 op=IK_I_TYPE        instr=0x648b03c6 sel=0 -> imm=0x00000648
[PASS] seq=crv_seq_8                      cyc=119 op=IK_RANDOM        instr=0xc06c6a17 sel=5 -> imm=0x00000018
[PASS] seq=crv_seq_8                      cyc=120 op=IK_BOUNDARY_MIN  instr=0xd75ffe07 sel=0 -> imm=0xfffffd75
[PASS] seq=crv_seq_8                      cyc=121 op=IK_RANDOM        instr=0xb2ce6903 sel=6 -> imm=0x00000000
[PASS] seq=crv_seq_8                      cyc=122 op=IK_RANDOM        instr=0x2dabb9ec sel=1 -> imm=0x000002d3
[PASS] seq=crv_seq_8                      cyc=123 op=IK_RANDOM        instr=0x78814e5c sel=0 -> imm=0x00000788
[PASS] seq=crv_seq_8                      cyc=124 op=IK_BOUNDARY_MAX  instr=0x7fffffff sel=0 -> imm=0x000007ff
[PASS] seq=crv_seq_8                      cyc=125 op=IK_NONE_TYPE     instr=0xc29fb514 sel=6 -> imm=0x00000000
[PASS] seq=crv_seq_8                      cyc=126 op=IK_U_TYPE        instr=0x6520c0b5 sel=3 -> imm=0x6520c000
[PASS] seq=crv_seq_8                      cyc=127 op=IK_S_TYPE        instr=0x00d9e736 sel=1 -> imm=0x0000000e
[PASS] seq=crv_seq_8                      cyc=128 op=IK_CSR_TYPE      instr=0xf5ec63a9 sel=5 -> imm=0x00000018
[PASS] seq=crv_seq_8                      cyc=129 op=IK_RANDOM        instr=0x8a7015f6 sel=2 -> imm=0xfffff8aa
[PASS] seq=crv_seq_8                      cyc=130 op=IK_BOUNDARY_MAX  instr=0x7fffffff sel=5 -> imm=0x0000001f
[PASS] seq=crv_seq_8                      cyc=131 op=IK_U_TYPE        instr=0x7913fa9b sel=3 -> imm=0x7913f000
[PASS] seq=crv_seq_8                      cyc=132 op=IK_BOUNDARY_MIN  instr=0xb4df7cce sel=3 -> imm=0xb4df7000
[PASS] seq=crv_seq_8                      cyc=133 op=IK_B_TYPE        instr=0xe94f394c sel=2 -> imm=0xfffff692
[PASS] seq=crv_seq_8                      cyc=134 op=IK_BOUNDARY_MIN  instr=0xe5e9ec96 sel=5 -> imm=0x00000013
[PASS] seq=crv_seq_8                      cyc=135 op=IK_S_TYPE        instr=0xa3e59f1e sel=1 -> imm=0xfffffa3e
[PASS] seq=crv_seq_8                      cyc=136 op=IK_CSR_TYPE      instr=0xedba707a sel=5 -> imm=0x00000014
[PASS] seq=crv_seq_8                      cyc=137 op=IK_U_TYPE        instr=0x1a139d73 sel=3 -> imm=0x1a139000
[PASS] seq=crv_seq_8                      cyc=138 op=IK_U_TYPE        instr=0x73f47127 sel=3 -> imm=0x73f47000
[PASS] seq=crv_seq_8                      cyc=139 op=IK_S_TYPE        instr=0x28cd5569 sel=1 -> imm=0x0000028a
[PASS] seq=crv_seq_8                      cyc=140 op=IK_RANDOM        instr=0x2ad14a96 sel=0 -> imm=0x000002ad
[PASS] seq=crv_seq_8                      cyc=141 op=IK_I_TYPE        instr=0x239aaf36 sel=0 -> imm=0x00000239
[PASS] seq=crv_seq_8                      cyc=142 op=IK_BOUNDARY_MAX  instr=0x7fffffff sel=0 -> imm=0x000007ff
[PASS] seq=crv_seq_8                      cyc=143 op=IK_BOUNDARY_MIN  instr=0xe10d2470 sel=6 -> imm=0x00000000
[PASS] seq=crv_seq_8                      cyc=144 op=IK_CSR_TYPE      instr=0x263c29a1 sel=5 -> imm=0x00000018
[PASS] seq=crv_seq_8                      cyc=145 op=IK_RANDOM        instr=0x8314889a sel=0 -> imm=0xfffff831
[PASS] seq=crv_seq_8                      cyc=146 op=IK_RANDOM        instr=0x87fa1077 sel=6 -> imm=0x00000000
[PASS] seq=crv_seq_8                      cyc=147 op=IK_BOUNDARY_ZERO instr=0x00000000 sel=5 -> imm=0x00000000
[PASS] seq=crv_seq_8                      cyc=148 op=IK_CSR_TYPE      instr=0xd073217b sel=5 -> imm=0x00000006
[PASS] seq=crv_seq_8                      cyc=149 op=IK_S_TYPE        instr=0x7802168d sel=1 -> imm=0x0000078d
[PASS] seq=crv_seq_8                      cyc=150 op=IK_U_TYPE        instr=0x1ac202d5 sel=3 -> imm=0x1ac20000
[PASS] seq=crv_seq_8                      cyc=151 op=IK_U_TYPE        instr=0xaf906f27 sel=3 -> imm=0xaf906000
[PASS] seq=crv_seq_8                      cyc=152 op=IK_I_TYPE        instr=0x6a49a982 sel=0 -> imm=0x000006a4
[PASS] seq=crv_seq_8                      cyc=153 op=IK_I_TYPE        instr=0xbc5bb0dc sel=0 -> imm=0xfffffbc5
[PASS] seq=crv_seq_8                      cyc=154 op=IK_S_TYPE        instr=0x8ae3305a sel=1 -> imm=0xfffff8a0
[PASS] seq=crv_seq_8                      cyc=155 op=IK_NONE_TYPE     instr=0x06ea3986 sel=6 -> imm=0x00000000
[PASS] seq=crv_seq_8                      cyc=156 op=IK_B_TYPE        instr=0x4ba31cad sel=2 -> imm=0x00000cb8
[PASS] seq=crv_seq_8                      cyc=157 op=IK_U_TYPE        instr=0x1bf434e0 sel=3 -> imm=0x1bf43000
[PASS] seq=crv_seq_8                      cyc=158 op=IK_RANDOM        instr=0x0062ed44 sel=4 -> imm=0x0002e006
[PASS] seq=crv_seq_8                      cyc=159 op=IK_RANDOM        instr=0x3b3efd3b sel=1 -> imm=0x000003ba
[PASS] seq=crv_seq_8                      cyc=160 op=IK_J_TYPE        instr=0x36321eea sel=4 -> imm=0x00021b62
[PASS] seq=crv_seq_8                      cyc=161 op=IK_B_TYPE        instr=0xddc03ded sel=2 -> imm=0xfffffdda
[PASS] seq=crv_seq_8                      cyc=162 op=IK_NONE_TYPE     instr=0xc5ad8fe7 sel=6 -> imm=0x00000000
[PASS] seq=crv_seq_8                      cyc=163 op=IK_CSR_TYPE      instr=0xe42a033a sel=5 -> imm=0x00000014
[PASS] seq=crv_seq_8                      cyc=164 op=IK_S_TYPE        instr=0x82f9df35 sel=1 -> imm=0xfffff83e
[PASS] seq=crv_seq_8                      cyc=165 op=IK_U_TYPE        instr=0xa0804c28 sel=3 -> imm=0xa0804000
[PASS] seq=crv_seq_8                      cyc=166 op=IK_CSR_TYPE      instr=0xe3b2ca48 sel=5 -> imm=0x00000005
[PASS] seq=crv_seq_8                      cyc=167 op=IK_RANDOM        instr=0xad3cb945 sel=1 -> imm=0xfffffad2
[PASS] seq=crv_seq_8                      cyc=168 op=IK_B_TYPE        instr=0xc32e075d sel=2 -> imm=0xfffff42e
[PASS] seq=crv_seq_8                      cyc=169 op=IK_B_TYPE        instr=0x7e5c1588 sel=2 -> imm=0x00000fea
[PASS] seq=crv_seq_8                      cyc=170 op=IK_RANDOM        instr=0x0c3f0c21 sel=0 -> imm=0x000000c3
[PASS] seq=crv_seq_8                      cyc=171 op=IK_BOUNDARY_ZERO instr=0x00000000 sel=0 -> imm=0x00000000
[PASS] seq=crv_seq_8                      cyc=172 op=IK_S_TYPE        instr=0x89f2161b sel=1 -> imm=0xfffff88c
[PASS] seq=crv_seq_8                      cyc=173 op=IK_U_TYPE        instr=0x60a2753b sel=3 -> imm=0x60a27000
[PASS] seq=crv_seq_8                      cyc=174 op=IK_I_TYPE        instr=0x2ea8da9d sel=0 -> imm=0x000002ea
[PASS] seq=crv_seq_8                      cyc=175 op=IK_J_TYPE        instr=0x659abd01 sel=4 -> imm=0x000abe58
[PASS] seq=crv_seq_8                      cyc=176 op=IK_RANDOM        instr=0x64b7b9ac sel=6 -> imm=0x00000000
[PASS] seq=crv_seq_8                      cyc=177 op=IK_NONE_TYPE     instr=0x9f5c64c7 sel=6 -> imm=0x00000000
[PASS] seq=crv_seq_8                      cyc=178 op=IK_S_TYPE        instr=0x2c59cce1 sel=1 -> imm=0x000002d9
[PASS] seq=crv_seq_8                      cyc=179 op=IK_S_TYPE        instr=0xd0c85195 sel=1 -> imm=0xfffffd03
[PASS] seq=crv_seq_8                      cyc=180 op=IK_B_TYPE        instr=0x1ab77183 sel=2 -> imm=0x000009a2
[PASS] seq=crv_seq_8                      cyc=181 op=IK_BOUNDARY_ZERO instr=0x00000000 sel=4 -> imm=0x00000000
[PASS] seq=crv_seq_8                      cyc=182 op=IK_NONE_TYPE     instr=0xb0ead604 sel=6 -> imm=0x00000000
[PASS] seq=crv_seq_8                      cyc=183 op=IK_J_TYPE        instr=0x0237e2ba sel=4 -> imm=0x0007e822
[PASS] seq=crv_seq_8                      cyc=184 op=IK_S_TYPE        instr=0x4e056b0b sel=1 -> imm=0x000004f6
[PASS] seq=crv_seq_8                      cyc=185 op=IK_NONE_TYPE     instr=0xd82a3905 sel=6 -> imm=0x00000000
[PASS] seq=crv_seq_8                      cyc=186 op=IK_BOUNDARY_MAX  instr=0x7fffffff sel=1 -> imm=0x000007ff
[PASS] seq=crv_seq_8                      cyc=187 op=IK_U_TYPE        instr=0x218915f4 sel=3 -> imm=0x21891000
[PASS] seq=crv_seq_8                      cyc=188 op=IK_U_TYPE        instr=0xece525cf sel=3 -> imm=0xece52000
[PASS] seq=crv_seq_8                      cyc=189 op=IK_J_TYPE        instr=0x73c29ead sel=4 -> imm=0x0002973c
[PASS] seq=crv_seq_8                      cyc=190 op=IK_CSR_TYPE      instr=0x31e781ee sel=5 -> imm=0x0000000f
[PASS] seq=crv_seq_8                      cyc=191 op=IK_RANDOM        instr=0x0f33be9d sel=2 -> imm=0x000008fc
[PASS] seq=crv_seq_8                      cyc=192 op=IK_J_TYPE        instr=0x9a420c24 sel=4 -> imm=0xfff201a4
[PASS] seq=crv_seq_8                      cyc=193 op=IK_RANDOM        instr=0x93a3c41e sel=6 -> imm=0x00000000
[PASS] seq=crv_seq_8                      cyc=194 op=IK_NONE_TYPE     instr=0x040460f2 sel=6 -> imm=0x00000000
[PASS] seq=crv_seq_8                      cyc=195 op=IK_B_TYPE        instr=0xd2414937 sel=2 -> imm=0xfffff532
[PASS] seq=crv_seq_8                      cyc=196 op=IK_CSR_TYPE      instr=0x89e99195 sel=5 -> imm=0x00000013
[PASS] seq=crv_seq_8                      cyc=197 op=IK_CSR_TYPE      instr=0x48540b39 sel=5 -> imm=0x00000008
[PASS] seq=crv_seq_8                      cyc=198 op=IK_BOUNDARY_ZERO instr=0x00000000 sel=0 -> imm=0x00000000
[PASS] seq=crv_seq_8                      cyc=199 op=IK_J_TYPE        instr=0xe8e1e0cf sel=4 -> imm=0xfff1e68e
[PASS] seq=crv_seq_9                      cyc=0 op=IK_I_TYPE        instr=0x82af216e sel=0 -> imm=0xfffff82a
[PASS] seq=crv_seq_9                      cyc=1 op=IK_S_TYPE        instr=0x9d91750b sel=1 -> imm=0xfffff9ca
[PASS] seq=crv_seq_9                      cyc=2 op=IK_BOUNDARY_ZERO instr=0x00000000 sel=4 -> imm=0x00000000
[PASS] seq=crv_seq_9                      cyc=3 op=IK_BOUNDARY_MAX  instr=0x7fffffff sel=3 -> imm=0x7ffff000
[PASS] seq=crv_seq_9                      cyc=4 op=IK_I_TYPE        instr=0x26027555 sel=0 -> imm=0x00000260
[PASS] seq=crv_seq_9                      cyc=5 op=IK_I_TYPE        instr=0x74c5f32e sel=0 -> imm=0x0000074c
[PASS] seq=crv_seq_9                      cyc=6 op=IK_J_TYPE        instr=0x35228a35 sel=4 -> imm=0x00028352
[PASS] seq=crv_seq_9                      cyc=7 op=IK_U_TYPE        instr=0x770b51fb sel=3 -> imm=0x770b5000
[PASS] seq=crv_seq_9                      cyc=8 op=IK_U_TYPE        instr=0x6022b08e sel=3 -> imm=0x6022b000
[PASS] seq=crv_seq_9                      cyc=9 op=IK_BOUNDARY_ZERO instr=0x00000000 sel=3 -> imm=0x00000000
[PASS] seq=crv_seq_9                      cyc=10 op=IK_RANDOM        instr=0xfafe2b4d sel=6 -> imm=0x00000000
[PASS] seq=crv_seq_9                      cyc=11 op=IK_RANDOM        instr=0x12dbf7bc sel=4 -> imm=0x000bf92c
[PASS] seq=crv_seq_9                      cyc=12 op=IK_NONE_TYPE     instr=0xb363bb43 sel=6 -> imm=0x00000000
[PASS] seq=crv_seq_9                      cyc=13 op=IK_RANDOM        instr=0xbec5900a sel=3 -> imm=0xbec59000
[PASS] seq=crv_seq_9                      cyc=14 op=IK_B_TYPE        instr=0x2a10c9d2 sel=2 -> imm=0x00000ab2
[PASS] seq=crv_seq_9                      cyc=15 op=IK_RANDOM        instr=0xa35c103b sel=6 -> imm=0x00000000
[PASS] seq=crv_seq_9                      cyc=16 op=IK_BOUNDARY_MAX  instr=0x7fffffff sel=6 -> imm=0x00000000
[PASS] seq=crv_seq_9                      cyc=17 op=IK_RANDOM        instr=0x9c13ca55 sel=1 -> imm=0xfffff9d4
[PASS] seq=crv_seq_9                      cyc=18 op=IK_RANDOM        instr=0x103024bd sel=4 -> imm=0x00002902
[PASS] seq=crv_seq_9                      cyc=19 op=IK_I_TYPE        instr=0xce891013 sel=0 -> imm=0xfffffce8
[PASS] seq=crv_seq_9                      cyc=20 op=IK_CSR_TYPE      instr=0x88544b71 sel=5 -> imm=0x00000008
[PASS] seq=crv_seq_9                      cyc=21 op=IK_B_TYPE        instr=0xbc0ea897 sel=2 -> imm=0xfffffbd0
[PASS] seq=crv_seq_9                      cyc=22 op=IK_RANDOM        instr=0x8becfa18 sel=4 -> imm=0xfffcf0be
[PASS] seq=crv_seq_9                      cyc=23 op=IK_U_TYPE        instr=0x2565936a sel=3 -> imm=0x25659000
[PASS] seq=crv_seq_9                      cyc=24 op=IK_BOUNDARY_MIN  instr=0xf7c6f50a sel=1 -> imm=0xffffff6a
[PASS] seq=crv_seq_9                      cyc=25 op=IK_B_TYPE        instr=0xf3ab62a5 sel=2 -> imm=0xffffff24
[PASS] seq=crv_seq_9                      cyc=26 op=IK_U_TYPE        instr=0xc4fc78e0 sel=3 -> imm=0xc4fc7000
[PASS] seq=crv_seq_9                      cyc=27 op=IK_J_TYPE        instr=0x0c2cbbc2 sel=4 -> imm=0x000cb0c2
[PASS] seq=crv_seq_9                      cyc=28 op=IK_RANDOM        instr=0xcb1f23e2 sel=4 -> imm=0xffff2cb0
[PASS] seq=crv_seq_9                      cyc=29 op=IK_I_TYPE        instr=0x684c0d8e sel=0 -> imm=0x00000684
[PASS] seq=crv_seq_9                      cyc=30 op=IK_RANDOM        instr=0x8a714072 sel=3 -> imm=0x8a714000
[PASS] seq=crv_seq_9                      cyc=31 op=IK_S_TYPE        instr=0xcf08375c sel=1 -> imm=0xfffffcee
[PASS] seq=crv_seq_9                      cyc=32 op=IK_B_TYPE        instr=0x58cde6ce sel=2 -> imm=0x00000d8c
[PASS] seq=crv_seq_9                      cyc=33 op=IK_RANDOM        instr=0xf726b167 sel=1 -> imm=0xffffff62
[PASS] seq=crv_seq_9                      cyc=34 op=IK_RANDOM        instr=0xb5d81053 sel=0 -> imm=0xfffffb5d
[PASS] seq=crv_seq_9                      cyc=35 op=IK_J_TYPE        instr=0xc33f40aa sel=4 -> imm=0xffff4c32
[PASS] seq=crv_seq_9                      cyc=36 op=IK_BOUNDARY_MIN  instr=0xc9c8f186 sel=2 -> imm=0xfffffc82
[PASS] seq=crv_seq_9                      cyc=37 op=IK_CSR_TYPE      instr=0x788c28ad sel=5 -> imm=0x00000018
[PASS] seq=crv_seq_9                      cyc=38 op=IK_BOUNDARY_MAX  instr=0x7fffffff sel=3 -> imm=0x7ffff000
[PASS] seq=crv_seq_9                      cyc=39 op=IK_RANDOM        instr=0xdcb8fa04 sel=0 -> imm=0xfffffdcb
[PASS] seq=crv_seq_9                      cyc=40 op=IK_RANDOM        instr=0x97ce8ca3 sel=6 -> imm=0x00000000
[PASS] seq=crv_seq_9                      cyc=41 op=IK_I_TYPE        instr=0xb44259e2 sel=0 -> imm=0xfffffb44
[PASS] seq=crv_seq_9                      cyc=42 op=IK_U_TYPE        instr=0xee604d0c sel=3 -> imm=0xee604000
[PASS] seq=crv_seq_9                      cyc=43 op=IK_J_TYPE        instr=0x10f0dc9c sel=4 -> imm=0x0000d90e
[PASS] seq=crv_seq_9                      cyc=44 op=IK_CSR_TYPE      instr=0x5ee6ff7f sel=5 -> imm=0x0000000d
[PASS] seq=crv_seq_9                      cyc=45 op=IK_CSR_TYPE      instr=0x661752b0 sel=5 -> imm=0x0000000e
[PASS] seq=crv_seq_9                      cyc=46 op=IK_CSR_TYPE      instr=0x44b70423 sel=5 -> imm=0x0000000e
[PASS] seq=crv_seq_9                      cyc=47 op=IK_RANDOM        instr=0x9aaadb58 sel=4 -> imm=0xfffad1aa
[PASS] seq=crv_seq_9                      cyc=48 op=IK_BOUNDARY_MIN  instr=0xfde8d1c9 sel=2 -> imm=0xffffffc2
[PASS] seq=crv_seq_9                      cyc=49 op=IK_I_TYPE        instr=0x2fdb490e sel=0 -> imm=0x000002fd
[PASS] seq=crv_seq_9                      cyc=50 op=IK_BOUNDARY_ZERO instr=0x00000000 sel=4 -> imm=0x00000000
[PASS] seq=crv_seq_9                      cyc=51 op=IK_RANDOM        instr=0x3f16bd0f sel=2 -> imm=0x000003fa
[PASS] seq=crv_seq_9                      cyc=52 op=IK_I_TYPE        instr=0x70d0502b sel=0 -> imm=0x0000070d
[PASS] seq=crv_seq_9                      cyc=53 op=IK_CSR_TYPE      instr=0x93fd5d2e sel=5 -> imm=0x0000001a
[PASS] seq=crv_seq_9                      cyc=54 op=IK_CSR_TYPE      instr=0x66f5770e sel=5 -> imm=0x0000000a
[PASS] seq=crv_seq_9                      cyc=55 op=IK_U_TYPE        instr=0x520efbd1 sel=3 -> imm=0x520ef000
[PASS] seq=crv_seq_9                      cyc=56 op=IK_CSR_TYPE      instr=0x8bcc0705 sel=5 -> imm=0x00000018
[PASS] seq=crv_seq_9                      cyc=57 op=IK_I_TYPE        instr=0xf33a2ac2 sel=0 -> imm=0xffffff33
[PASS] seq=crv_seq_9                      cyc=58 op=IK_CSR_TYPE      instr=0x9d726048 sel=5 -> imm=0x00000004
[PASS] seq=crv_seq_9                      cyc=59 op=IK_NONE_TYPE     instr=0xe9410a89 sel=6 -> imm=0x00000000
[PASS] seq=crv_seq_9                      cyc=60 op=IK_RANDOM        instr=0x8811819f sel=2 -> imm=0xfffff882
[PASS] seq=crv_seq_9                      cyc=61 op=IK_CSR_TYPE      instr=0xa1541fb5 sel=5 -> imm=0x00000008
[PASS] seq=crv_seq_9                      cyc=62 op=IK_BOUNDARY_MIN  instr=0xdf1366b4 sel=0 -> imm=0xfffffdf1
[PASS] seq=crv_seq_9                      cyc=63 op=IK_S_TYPE        instr=0xdb2c321e sel=1 -> imm=0xfffffda4
[PASS] seq=crv_seq_9                      cyc=64 op=IK_RANDOM        instr=0x07e5cda2 sel=3 -> imm=0x07e5c000
[PASS] seq=crv_seq_9                      cyc=65 op=IK_CSR_TYPE      instr=0x1e1068ce sel=5 -> imm=0x00000000
[PASS] seq=crv_seq_9                      cyc=66 op=IK_BOUNDARY_MAX  instr=0x7fffffff sel=2 -> imm=0x00000ffe
[PASS] seq=crv_seq_9                      cyc=67 op=IK_RANDOM        instr=0x9dcaf465 sel=6 -> imm=0x00000000
[PASS] seq=crv_seq_9                      cyc=68 op=IK_U_TYPE        instr=0x01b90c46 sel=3 -> imm=0x01b90000
[PASS] seq=crv_seq_9                      cyc=69 op=IK_B_TYPE        instr=0x66db57d8 sel=2 -> imm=0x00000e6e
[PASS] seq=crv_seq_9                      cyc=70 op=IK_RANDOM        instr=0xf1a9eee5 sel=2 -> imm=0xffffff1c
[PASS] seq=crv_seq_9                      cyc=71 op=IK_BOUNDARY_MAX  instr=0x7fffffff sel=0 -> imm=0x000007ff
[PASS] seq=crv_seq_9                      cyc=72 op=IK_S_TYPE        instr=0xce50dc70 sel=1 -> imm=0xfffffcf8
[PASS] seq=crv_seq_9                      cyc=73 op=IK_S_TYPE        instr=0xe81d49ff sel=1 -> imm=0xfffffe93
[PASS] seq=crv_seq_9                      cyc=74 op=IK_S_TYPE        instr=0x1c71d0c4 sel=1 -> imm=0x000001c1
[PASS] seq=crv_seq_9                      cyc=75 op=IK_CSR_TYPE      instr=0x0d9a5aac sel=5 -> imm=0x00000014
[PASS] seq=crv_seq_9                      cyc=76 op=IK_U_TYPE        instr=0x53e3091b sel=3 -> imm=0x53e30000
[PASS] seq=crv_seq_9                      cyc=77 op=IK_J_TYPE        instr=0x6a675ffb sel=4 -> imm=0x000756a6
[PASS] seq=crv_seq_9                      cyc=78 op=IK_CSR_TYPE      instr=0xb4e026a7 sel=5 -> imm=0x00000000
[PASS] seq=crv_seq_9                      cyc=79 op=IK_I_TYPE        instr=0xbe1fdf1f sel=0 -> imm=0xfffffbe1
[PASS] seq=crv_seq_9                      cyc=80 op=IK_RANDOM        instr=0x34a185a9 sel=2 -> imm=0x00000b4a
[PASS] seq=crv_seq_9                      cyc=81 op=IK_RANDOM        instr=0x46c70047 sel=6 -> imm=0x00000000
[PASS] seq=crv_seq_9                      cyc=82 op=IK_S_TYPE        instr=0x6792acc9 sel=1 -> imm=0x00000679
[PASS] seq=crv_seq_9                      cyc=83 op=IK_J_TYPE        instr=0xe50c6dec sel=4 -> imm=0xfffc6650
[PASS] seq=crv_seq_9                      cyc=84 op=IK_RANDOM        instr=0x98dd9110 sel=1 -> imm=0xfffff982
[PASS] seq=crv_seq_9                      cyc=85 op=IK_RANDOM        instr=0x4f272f04 sel=5 -> imm=0x0000000e
[PASS] seq=crv_seq_9                      cyc=86 op=IK_NONE_TYPE     instr=0x78b16ae0 sel=6 -> imm=0x00000000
[PASS] seq=crv_seq_9                      cyc=87 op=IK_B_TYPE        instr=0x3ebeba9b sel=2 -> imm=0x00000bf4
[PASS] seq=crv_seq_9                      cyc=88 op=IK_RANDOM        instr=0xb4d3a9a6 sel=5 -> imm=0x00000007
[PASS] seq=crv_seq_9                      cyc=89 op=IK_NONE_TYPE     instr=0xbba6a4e5 sel=6 -> imm=0x00000000
[PASS] seq=crv_seq_9                      cyc=90 op=IK_CSR_TYPE      instr=0xa4dcac17 sel=5 -> imm=0x00000019
[PASS] seq=crv_seq_9                      cyc=91 op=IK_B_TYPE        instr=0xe334e998 sel=2 -> imm=0xfffffe32
[PASS] seq=crv_seq_9                      cyc=92 op=IK_BOUNDARY_ZERO instr=0x00000000 sel=5 -> imm=0x00000000
[PASS] seq=crv_seq_9                      cyc=93 op=IK_S_TYPE        instr=0x0e823a07 sel=1 -> imm=0x000000f4
[PASS] seq=crv_seq_9                      cyc=94 op=IK_CSR_TYPE      instr=0xe9a86b2a sel=5 -> imm=0x00000010
[PASS] seq=crv_seq_9                      cyc=95 op=IK_RANDOM        instr=0xce60e1fb sel=4 -> imm=0xfff0e4e6
[PASS] seq=crv_seq_9                      cyc=96 op=IK_J_TYPE        instr=0xb109b738 sel=4 -> imm=0xfff9b310
[PASS] seq=crv_seq_9                      cyc=97 op=IK_J_TYPE        instr=0x822f4879 sel=4 -> imm=0xffff4022
[PASS] seq=crv_seq_9                      cyc=98 op=IK_B_TYPE        instr=0x52a2cf87 sel=2 -> imm=0x00000d3e
[PASS] seq=crv_seq_9                      cyc=99 op=IK_NONE_TYPE     instr=0x19d8ecb7 sel=6 -> imm=0x00000000
[PASS] seq=crv_seq_9                      cyc=100 op=IK_CSR_TYPE      instr=0xb9fe70d4 sel=5 -> imm=0x0000001c
[PASS] seq=crv_seq_9                      cyc=101 op=IK_S_TYPE        instr=0xbe4ce815 sel=1 -> imm=0xfffffbf0
[PASS] seq=crv_seq_9                      cyc=102 op=IK_S_TYPE        instr=0x243eb157 sel=1 -> imm=0x00000242
[PASS] seq=crv_seq_9                      cyc=103 op=IK_S_TYPE        instr=0xb111a90e sel=1 -> imm=0xfffffb12
[PASS] seq=crv_seq_9                      cyc=104 op=IK_CSR_TYPE      instr=0xb2374e49 sel=5 -> imm=0x0000000e
[PASS] seq=crv_seq_9                      cyc=105 op=IK_I_TYPE        instr=0xe51d9d74 sel=0 -> imm=0xfffffe51
[PASS] seq=crv_seq_9                      cyc=106 op=IK_J_TYPE        instr=0xf03ba623 sel=4 -> imm=0xfffbaf02
[PASS] seq=crv_seq_9                      cyc=107 op=IK_BOUNDARY_MAX  instr=0x7fffffff sel=0 -> imm=0x000007ff
[PASS] seq=crv_seq_9                      cyc=108 op=IK_BOUNDARY_MIN  instr=0x8935eeb7 sel=3 -> imm=0x8935e000
[PASS] seq=crv_seq_9                      cyc=109 op=IK_J_TYPE        instr=0x7f315ea6 sel=4 -> imm=0x00015ff2
[PASS] seq=crv_seq_9                      cyc=110 op=IK_U_TYPE        instr=0xb140afd9 sel=3 -> imm=0xb140a000
[PASS] seq=crv_seq_9                      cyc=111 op=IK_RANDOM        instr=0xe6fb9857 sel=0 -> imm=0xfffffe6f
[PASS] seq=crv_seq_9                      cyc=112 op=IK_B_TYPE        instr=0xff6bc763 sel=2 -> imm=0xfffff7ee
[PASS] seq=crv_seq_9                      cyc=113 op=IK_U_TYPE        instr=0x62de5d21 sel=3 -> imm=0x62de5000
[PASS] seq=crv_seq_9                      cyc=114 op=IK_B_TYPE        instr=0xd01b34ef sel=2 -> imm=0xfffffd08
[PASS] seq=crv_seq_9                      cyc=115 op=IK_U_TYPE        instr=0x606b5a3f sel=3 -> imm=0x606b5000
[PASS] seq=crv_seq_9                      cyc=116 op=IK_CSR_TYPE      instr=0x563c1065 sel=5 -> imm=0x00000018
[PASS] seq=crv_seq_9                      cyc=117 op=IK_S_TYPE        instr=0xe7edbd15 sel=1 -> imm=0xfffffe7a
[PASS] seq=crv_seq_9                      cyc=118 op=IK_NONE_TYPE     instr=0x3c2ee12a sel=6 -> imm=0x00000000
[PASS] seq=crv_seq_9                      cyc=119 op=IK_J_TYPE        instr=0x01a5d5af sel=4 -> imm=0x0005d01a
[PASS] seq=crv_seq_9                      cyc=120 op=IK_RANDOM        instr=0x59e00cb8 sel=6 -> imm=0x00000000
[PASS] seq=crv_seq_9                      cyc=121 op=IK_I_TYPE        instr=0x6e560d3a sel=0 -> imm=0x000006e5
[PASS] seq=crv_seq_9                      cyc=122 op=IK_BOUNDARY_MAX  instr=0x7fffffff sel=3 -> imm=0x7ffff000
[PASS] seq=crv_seq_9                      cyc=123 op=IK_B_TYPE        instr=0xb0eab170 sel=2 -> imm=0xfffff302
[PASS] seq=crv_seq_9                      cyc=124 op=IK_S_TYPE        instr=0xf2554bd3 sel=1 -> imm=0xffffff37
[PASS] seq=crv_seq_9                      cyc=125 op=IK_U_TYPE        instr=0xa055cc57 sel=3 -> imm=0xa055c000
[PASS] seq=crv_seq_9                      cyc=126 op=IK_U_TYPE        instr=0x0d4c575a sel=3 -> imm=0x0d4c5000
[PASS] seq=crv_seq_9                      cyc=127 op=IK_J_TYPE        instr=0x8fc03788 sel=4 -> imm=0xfff030fc
[PASS] seq=crv_seq_9                      cyc=128 op=IK_RANDOM        instr=0x2dd6f9fe sel=4 -> imm=0x0006fadc
[PASS] seq=crv_seq_9                      cyc=129 op=IK_NONE_TYPE     instr=0xc02d108a sel=6 -> imm=0x00000000
[PASS] seq=crv_seq_9                      cyc=130 op=IK_U_TYPE        instr=0x0ffdfae3 sel=3 -> imm=0x0ffdf000
[PASS] seq=crv_seq_9                      cyc=131 op=IK_J_TYPE        instr=0x27e66852 sel=4 -> imm=0x0006627e
[PASS] seq=crv_seq_9                      cyc=132 op=IK_S_TYPE        instr=0xa804e506 sel=1 -> imm=0xfffffa8a
[PASS] seq=crv_seq_9                      cyc=133 op=IK_S_TYPE        instr=0xb6d7b94e sel=1 -> imm=0xfffffb72
[PASS] seq=crv_seq_9                      cyc=134 op=IK_BOUNDARY_MIN  instr=0xcb47ec36 sel=6 -> imm=0x00000000
[PASS] seq=crv_seq_9                      cyc=135 op=IK_S_TYPE        instr=0xe466e7b8 sel=1 -> imm=0xfffffe4f
[PASS] seq=crv_seq_9                      cyc=136 op=IK_I_TYPE        instr=0x4ea575b7 sel=0 -> imm=0x000004ea
[PASS] seq=crv_seq_9                      cyc=137 op=IK_S_TYPE        instr=0xf6805f73 sel=1 -> imm=0xffffff7e
[PASS] seq=crv_seq_9                      cyc=138 op=IK_RANDOM        instr=0x422d16e5 sel=3 -> imm=0x422d1000
[PASS] seq=crv_seq_9                      cyc=139 op=IK_J_TYPE        instr=0x4c58905a sel=4 -> imm=0x00089cc4
[PASS] seq=crv_seq_9                      cyc=140 op=IK_BOUNDARY_ZERO instr=0x00000000 sel=5 -> imm=0x00000000
[PASS] seq=crv_seq_9                      cyc=141 op=IK_S_TYPE        instr=0xd430b69b sel=1 -> imm=0xfffffd4d
[PASS] seq=crv_seq_9                      cyc=142 op=IK_J_TYPE        instr=0x9815015d sel=4 -> imm=0xfff50980
[PASS] seq=crv_seq_9                      cyc=143 op=IK_CSR_TYPE      instr=0x0c158172 sel=5 -> imm=0x0000000b
[PASS] seq=crv_seq_9                      cyc=144 op=IK_S_TYPE        instr=0x145b6b8e sel=1 -> imm=0x00000157
[PASS] seq=crv_seq_9                      cyc=145 op=IK_B_TYPE        instr=0xfa6d2ce9 sel=2 -> imm=0xffffffb8
[PASS] seq=crv_seq_9                      cyc=146 op=IK_I_TYPE        instr=0x734a27b6 sel=0 -> imm=0x00000734
[PASS] seq=crv_seq_9                      cyc=147 op=IK_S_TYPE        instr=0x80772a5e sel=1 -> imm=0xfffff814
[PASS] seq=crv_seq_9                      cyc=148 op=IK_CSR_TYPE      instr=0x908bcf17 sel=5 -> imm=0x00000017
[PASS] seq=crv_seq_9                      cyc=149 op=IK_BOUNDARY_MAX  instr=0x7fffffff sel=3 -> imm=0x7ffff000
[PASS] seq=crv_seq_9                      cyc=150 op=IK_J_TYPE        instr=0x7a0e3f43 sel=4 -> imm=0x000e37a0
[PASS] seq=crv_seq_9                      cyc=151 op=IK_B_TYPE        instr=0x7f72dee2 sel=2 -> imm=0x00000ffc
[PASS] seq=crv_seq_9                      cyc=152 op=IK_I_TYPE        instr=0xf115008c sel=0 -> imm=0xffffff11
[PASS] seq=crv_seq_9                      cyc=153 op=IK_RANDOM        instr=0x04255c4d sel=3 -> imm=0x04255000
[PASS] seq=crv_seq_9                      cyc=154 op=IK_B_TYPE        instr=0x4ce9b657 sel=2 -> imm=0x000004cc
[PASS] seq=crv_seq_9                      cyc=155 op=IK_RANDOM        instr=0x5d3fd53f sel=5 -> imm=0x0000001f
[PASS] seq=crv_seq_9                      cyc=156 op=IK_RANDOM        instr=0x77d1abaa sel=2 -> imm=0x00000f76
[PASS] seq=crv_seq_9                      cyc=157 op=IK_I_TYPE        instr=0xd2f4bb69 sel=0 -> imm=0xfffffd2f
[PASS] seq=crv_seq_9                      cyc=158 op=IK_U_TYPE        instr=0x4baa02d3 sel=3 -> imm=0x4baa0000
[PASS] seq=crv_seq_9                      cyc=159 op=IK_S_TYPE        instr=0x6f1aca4a sel=1 -> imm=0x000006f4
[PASS] seq=crv_seq_9                      cyc=160 op=IK_BOUNDARY_MIN  instr=0xa2838628 sel=3 -> imm=0xa2838000
[PASS] seq=crv_seq_9                      cyc=161 op=IK_U_TYPE        instr=0x94dad3c5 sel=3 -> imm=0x94dad000
[PASS] seq=crv_seq_9                      cyc=162 op=IK_RANDOM        instr=0xdd964ec6 sel=2 -> imm=0xfffffddc
[PASS] seq=crv_seq_9                      cyc=163 op=IK_B_TYPE        instr=0x60cf4ac4 sel=2 -> imm=0x00000e14
[PASS] seq=crv_seq_9                      cyc=164 op=IK_I_TYPE        instr=0xdb67d452 sel=0 -> imm=0xfffffdb6
[PASS] seq=crv_seq_9                      cyc=165 op=IK_U_TYPE        instr=0x2faa14db sel=3 -> imm=0x2faa1000
[PASS] seq=crv_seq_9                      cyc=166 op=IK_U_TYPE        instr=0x4c025750 sel=3 -> imm=0x4c025000
[PASS] seq=crv_seq_9                      cyc=167 op=IK_CSR_TYPE      instr=0x1d756fe5 sel=5 -> imm=0x0000000a
[PASS] seq=crv_seq_9                      cyc=168 op=IK_I_TYPE        instr=0xabd668c2 sel=0 -> imm=0xfffffabd
[PASS] seq=crv_seq_9                      cyc=169 op=IK_BOUNDARY_ZERO instr=0x00000000 sel=6 -> imm=0x00000000
[PASS] seq=crv_seq_9                      cyc=170 op=IK_U_TYPE        instr=0x788df0c5 sel=3 -> imm=0x788df000
[PASS] seq=crv_seq_9                      cyc=171 op=IK_U_TYPE        instr=0x26e04093 sel=3 -> imm=0x26e04000
[PASS] seq=crv_seq_9                      cyc=172 op=IK_RANDOM        instr=0x2b82f85b sel=2 -> imm=0x000002b0
[PASS] seq=crv_seq_9                      cyc=173 op=IK_J_TYPE        instr=0xe51a9c09 sel=4 -> imm=0xfffa9e50
[PASS] seq=crv_seq_9                      cyc=174 op=IK_RANDOM        instr=0x6b25b3f1 sel=0 -> imm=0x000006b2
[PASS] seq=crv_seq_9                      cyc=175 op=IK_RANDOM        instr=0x2c028635 sel=3 -> imm=0x2c028000
[PASS] seq=crv_seq_9                      cyc=176 op=IK_RANDOM        instr=0x33cf7a50 sel=5 -> imm=0x0000001e
[PASS] seq=crv_seq_9                      cyc=177 op=IK_J_TYPE        instr=0x127b2b34 sel=4 -> imm=0x000b2926
[PASS] seq=crv_seq_9                      cyc=178 op=IK_BOUNDARY_MAX  instr=0x7fffffff sel=5 -> imm=0x0000001f
[PASS] seq=crv_seq_9                      cyc=179 op=IK_BOUNDARY_ZERO instr=0x00000000 sel=5 -> imm=0x00000000
[PASS] seq=crv_seq_9                      cyc=180 op=IK_B_TYPE        instr=0xc6c15498 sel=2 -> imm=0xfffffc68
[PASS] seq=crv_seq_9                      cyc=181 op=IK_S_TYPE        instr=0x5df2e9a7 sel=1 -> imm=0x000005d3
[PASS] seq=crv_seq_9                      cyc=182 op=IK_I_TYPE        instr=0xe76c15f4 sel=0 -> imm=0xfffffe76
[PASS] seq=crv_seq_9                      cyc=183 op=IK_RANDOM        instr=0xa48dbbbf sel=4 -> imm=0xfffdb248
[PASS] seq=crv_seq_9                      cyc=184 op=IK_BOUNDARY_MIN  instr=0xa0790c21 sel=3 -> imm=0xa0790000
[PASS] seq=crv_seq_9                      cyc=185 op=IK_U_TYPE        instr=0x94543437 sel=3 -> imm=0x94543000
[PASS] seq=crv_seq_9                      cyc=186 op=IK_I_TYPE        instr=0x3c9052f5 sel=0 -> imm=0x000003c9
[PASS] seq=crv_seq_9                      cyc=187 op=IK_U_TYPE        instr=0x6338d522 sel=3 -> imm=0x6338d000
[PASS] seq=crv_seq_9                      cyc=188 op=IK_I_TYPE        instr=0x4fe219af sel=0 -> imm=0x000004fe
[PASS] seq=crv_seq_9                      cyc=189 op=IK_S_TYPE        instr=0xf17ffa8d sel=1 -> imm=0xffffff15
[PASS] seq=crv_seq_9                      cyc=190 op=IK_B_TYPE        instr=0xee5dd9de sel=2 -> imm=0xfffffef2
[PASS] seq=crv_seq_9                      cyc=191 op=IK_I_TYPE        instr=0x00fb6f22 sel=0 -> imm=0x0000000f
[PASS] seq=crv_seq_9                      cyc=192 op=IK_RANDOM        instr=0x1c97af40 sel=0 -> imm=0x000001c9
[PASS] seq=crv_seq_9                      cyc=193 op=IK_I_TYPE        instr=0x6d3d1632 sel=0 -> imm=0x000006d3
[PASS] seq=crv_seq_9                      cyc=194 op=IK_I_TYPE        instr=0xdad8b6cd sel=0 -> imm=0xfffffdad
[PASS] seq=crv_seq_9                      cyc=195 op=IK_RANDOM        instr=0xaa71e7fc sel=5 -> imm=0x00000003
[PASS] seq=crv_seq_9                      cyc=196 op=IK_S_TYPE        instr=0x582a5784 sel=1 -> imm=0x0000058f
[PASS] seq=crv_seq_9                      cyc=197 op=IK_J_TYPE        instr=0x3e803145 sel=4 -> imm=0x000033e8
[PASS] seq=crv_seq_9                      cyc=198 op=IK_CSR_TYPE      instr=0x408f89b1 sel=5 -> imm=0x0000001f
[PASS] seq=crv_seq_9                      cyc=199 op=IK_U_TYPE        instr=0xd57e32ee sel=3 -> imm=0xd57e3000

============ IMM_GEN UNIT TB SUMMARY ============
 SEQUENCES=22  TOTAL_CYCLES=2047  PASS=2047  FAIL=0
 FUNCTIONAL COVERAGE = 90.62 %
 RESULT: ALL CHECKS PASSED
===================================================

$finish called from file "tb_imm_gen.sv", line 570.
$finish at simulation time             20491000

---------------------------------------------------------------------------
VCS Coverage Metrics: during simulation line, cond, FSM, branch, tgl was monitored
---------------------------------------------------------------------------

 Coverage status: End of All Coverages ...

           V C S   S i m u l a t i o n   R e p o r t 
Time: 20491000 ps
CPU Time:      0.160 seconds;       Data structure size:   0.0Mb
Thu Jul 30 09:27:47 2026
[SCL] 07/30/2026 09:27:47 PID:10774 Client:cvr-vlsi63.cvr.ac.in checkin (null) 
[vlsi@cvr-vlsi63 1TOPS_SV]$ verdi -cov -covdir simv.vdb &
[1] 11414
[vlsi@cvr-vlsi63 1TOPS_SV]$ logDir = /home/vlsi/MAJOR_PROJECT_87_A3_C7/1TOPS_SV/vdCovLog


                                   Verdi (R)

               Version U-2023.03-SP1 for linux64 - May 28, 2023 

                    Copyright (c) 1999 - 2023 Synopsys, Inc.
   This software and the associated documentation are proprietary to Synopsys,
 Inc. This software may only be used in accordance with the terms and conditions
 of a written license agreement with Synopsys, Inc. All other use, reproduction,
   or distribution of this software is strictly prohibited.  Licensed Products
     communicate with Synopsys servers for the purpose of providing software
    updates, detecting software piracy and verifying that customers are using
    Licensed Products in conformity with the applicable License Key for such
  Licensed Products. Synopsys will use information gathered in connection with
    this process to deliver software updates and pursue software pirates and
                                   infringers.

 Inclusivity & Diversity - Visit SolvNetPlus to read the "Synopsys Statement on
            Inclusivity and Diversity" (Refer to article 000036315 at
                        https://solvnetplus.synopsys.com)
rcfile = /home/vlsi/MAJOR_PROJECT_87_A3_C7/1TOPS_SV/novas.rc
guiConfFile (read)= /home/vlsi/MAJOR_PROJECT_87_A3_C7/1TOPS_SV/novas.conf (working directory)
guiConfFile (write)= /home/vlsi/MAJOR_PROJECT_87_A3_C7/1TOPS_SV/novas.conf (working directory)
FlexNet Licensing checkout error: No such feature exists.
Feature:       Verdi
License path:  27020@14.139.1.126:
FlexNet Licensing error:-5,147
license file(s):  27020@14.139.1.126
[SCL] 07/30/2026 09:36:54 PID:11414 Client:cvr-vlsi63.cvr.ac.in Checkout denied Verdi 2023.03
*WARN* Verdi-Elite (Verdi) license is not available. Try to check out Verdi-Apex (Verdi-Ultra) license.
Checkout succeeded: VERDI-ULTRA/4FDAF427BAC6CB6B4F42
	License file: 27020@14.139.1.126
	License Server: 27020@14.139.1.126
[SCL] 07/30/2026 09:36:55 Checking status for feature VERDI-ULTRA
[SCL] 07/30/2026 09:36:55 PID:11414 Client:cvr-vlsi63.cvr.ac.in Server:27020@14.139.1.126 Checkout succeeded VERDI-ULTRA 2023.03 from Verdi-3-Apex-Pkg
[SCL] 07/30/2026 09:36:55 PID:11414 Client:cvr-vlsi63.cvr.ac.in checkin Verdi 
Checkout succeeded: VCSTools_Net/4F5A3477DFF9C51315E1
	License file: 27020@14.139.1.126
	License Server: 27020@14.139.1.126
[SCL] 07/30/2026 09:36:58 PID:11414 Client:cvr-vlsi63.cvr.ac.in checkin VCSTools_Net 
[SCL] 07/30/2026 09:37:23 PID:11414 Client:cvr-vlsi63.cvr.ac.in checkin VERDI-ULTRA 
verdi -cov -covdir simv.vdb gedit tb_imm_gen.sv
[1]  + Done                          verdi -cov -covdir simv.vdb
[vlsi@cvr-vlsi63 1TOPS_SV]$ urg -dir simv.vdb -show text
Note: Bumping stack limit from 8192 to unlimited Kbytes.
URG Version U-2023.03                       Copyright (c) 1991 -  Synopsys, Inc.
   This software and the associated documentation are proprietary to Synopsys,
 Inc. This software may only be used in accordance with the terms and conditions
 of a written license agreement with Synopsys, Inc. All other use, reproduction,
   or distribution of this software is strictly prohibited.  Licensed Products
     communicate with Synopsys servers for the purpose of providing software
    updates, detecting software piracy and verifying that customers are using
    Licensed Products in conformity with the applicable License Key for such
  Licensed Products. Synopsys will use information gathered in connection with
    this process to deliver software updates and pursue software pirates and
                                   infringers.

 Inclusivity & Diversity - Visit SolvNetPlus to read the "Synopsys Statement on
            Inclusivity and Diversity" (Refer to article 000036315 at
                        https://solvnetplus.synopsys.com)
Checkout succeeded: VCSTools_Net/4F5A3477DFF9C51315E1
	License file: 27020@14.139.1.126
	License Server: 27020@14.139.1.126
[SCL] 07/30/2026 09:37:54 PID:11465 Client:cvr-vlsi63.cvr.ac.in checkin VCSTools_Net 
Checkout succeeded: VCSTools_Net/4F5A3477DFF9C51315E1
	License file: 27020@14.139.1.126
	License Server: 27020@14.139.1.126
[SCL] 07/30/2026 09:37:55 Checking status for feature VCSTools_Net
[SCL] 07/30/2026 09:37:55 PID:11465 Client:cvr-vlsi63.cvr.ac.in Server:27020@14.139.1.126 Checkout succeeded VCSTools_Net 1.0
[SCL] 07/30/2026 09:37:55 PID:11465 Client:cvr-vlsi63.cvr.ac.in checkin VCSTools_Net 
Load Failed: 
Warning-[UCAPI-SNF] Shape Not Found
  'Fsm' coverage shape is not there in the vdb 'simv.vdb'. Coverage of this 
  metric will not be reported.
  Please check if proper -cm option was used at compile time.
Load Failed: 
Warning-[UCAPI-SNF] Shape Not Found
  'Condition' coverage shape is not there in the vdb 'simv.vdb'. Coverage of 
  this metric will not be reported.
  Please check if proper -cm option was used at compile time.

Note-[URG-RDG] Report directory generated
  Report written to directory urgReport

[vlsi@cvr-vlsi63 1TOPS_SV]$ source run.tcl
Info: [VCS_SAVE_RESTORE_INFO] ASLR (Address Space Layout Randomization) is detected on the machine. To enable $save functionality, ASLR will be switched off and simv re-executed.
Please use '-no_save' simv switch to avoid this.
                         Chronologic VCS (TM)
         Version U-2023.03_Full64 -- Thu Jul 30 09:46:00 2026

                    Copyright (c) 1991 - 2023 Synopsys, Inc.
   This software and the associated documentation are proprietary to Synopsys,
 Inc. This software may only be used in accordance with the terms and conditions
 of a written license agreement with Synopsys, Inc. All other use, reproduction,
   or distribution of this software is strictly prohibited.  Licensed Products
     communicate with Synopsys servers for the purpose of providing software
    updates, detecting software piracy and verifying that customers are using
    Licensed Products in conformity with the applicable License Key for such
  Licensed Products. Synopsys will use information gathered in connection with
    this process to deliver software updates and pursue software pirates and
                                   infringers.

 Inclusivity & Diversity - Visit SolvNetPlus to read the "Synopsys Statement on
            Inclusivity and Diversity" (Refer to article 000036315 at
                        https://solvnetplus.synopsys.com)

Checkout succeeded: VCS-BASE-COMPILE/EF2A74E732F8557B0C2E
	License file: 27020@14.139.1.126
	License Server: 27020@14.139.1.126
[SCL] 07/30/2026 09:46:01 Checking status for feature VCS-BASE-COMPILE
[SCL] 07/30/2026 09:46:01 PID:12337 Client:cvr-vlsi63.cvr.ac.in Server:27020@14.139.1.126 Checkout succeeded VCS-BASE-COMPILE 2023.03 from VCS-Base-Compile-Pkg
Parsing design file 'tb_imm_gen.sv'
Top Level Modules:
       tb_top
TimeScale is 1 ns / 1 ps
VCS Coverage Metrics Release U-2023.03_Full64 Copyright (c) 1991-2023 by Synopsys Inc.
Starting vcs inline pass...
3 modules and 0 UDP read.
recompiling module tb_top
	However, due to incremental compilation, only 1 module needs to be compiled. 
[SCL] 07/30/2026 09:46:02 PID:12337 Client:cvr-vlsi63.cvr.ac.in checkin (null) 
Checkout succeeded: VCS-BASE-COMPILE/EF2A74E732F8557B0C2E
	License file: 27020@14.139.1.126
	License Server: 27020@14.139.1.126
[SCL] 07/30/2026 09:46:03 Checking status for feature VCS-BASE-COMPILE
[SCL] 07/30/2026 09:46:03 PID:12401 Client:cvr-vlsi63.cvr.ac.in Server:27020@14.139.1.126 Checkout succeeded VCS-BASE-COMPILE 2023.03 from VCS-Base-Compile-Pkg
rm -f _cuarc*.so _csrc*.so pre_vcsobj_*.so share_vcsobj_*.so
if [ -x ../simv ]; then chmod a-x ../simv; fi
g++  -o ../simv      -rdynamic  -Wl,-rpath='$ORIGIN'/simv.daidir -Wl,-rpath=./simv.daidir -Wl,-rpath=/home/vlsi/synopsys_install/vcs/U-2023.03/linux64/lib -L/home/vlsi/synopsys_install/vcs/U-2023.03/linux64/lib  -Wl,-rpath-link=./  /usr/lib64/libnuma.so.1   objs/amcQw_d.o   _12337_archive_1.so _prev_archive_1.so  SIM_l.o      rmapats_mop.o rmapats.o rmar.o rmar_nd.o  rmar_llvm_0_1.o rmar_llvm_0_0.o            -lvirsim -lerrorinf -lsnpsmalloc -lvfs    -lvcsnew -lsimprofile -lreader_common /home/vlsi/synopsys_install/vcs/U-2023.03/linux64/lib/libBA.a -luclinative /home/vlsi/synopsys_install/vcs/U-2023.03/linux64/lib/vcs_tls.o   -Wl,-whole-archive  -lvcsucli    -Wl,-no-whole-archive        _vcs_pli_stub_.o   /home/vlsi/synopsys_install/vcs/U-2023.03/linux64/lib/vcs_save_restore_new.o /home/vlsi/synopsys_install/verdi/U-2023.03-SP1/share/PLI/VCS/LINUX64/pli.a -ldl  -lc -lm -lpthread -ldl 
../simv up to date
CPU time: .227 seconds to compile + .146 seconds to elab + .142 seconds to link
Verdi KDB elaboration done and the database successfully generated: 0 error(s), 0 warning(s)
Info: [VCS_SAVE_RESTORE_INFO] ASLR (Address Space Layout Randomization) is detected on the machine. To enable $save functionality, ASLR will be switched off and simv re-executed.
Please use '-no_save' simv switch to avoid this.
Chronologic VCS simulator copyright 1991-2023
Contains Synopsys proprietary information.
Compiler version U-2023.03_Full64; Runtime version U-2023.03_Full64;  Jul 30 09:46 2026
Checkout succeeded: VCS-BASE-RUNTIME/AF3AD4D7787CF4828637
	License file: 27020@14.139.1.126
	License Server: 27020@14.139.1.126
[SCL] 07/30/2026 09:46:05 Checking status for feature VCS-BASE-RUNTIME
[SCL] 07/30/2026 09:46:05 PID:12618 Client:cvr-vlsi63.cvr.ac.in Server:27020@14.139.1.126 Checkout succeeded VCS-BASE-RUNTIME 2023.03 from VCS-Base-Runtime-Pkg

 VCS Coverage Metrics Release U-2023.03_Full64 Copyright (c) 1991-2023 by Synopsys Inc.
[PASS] seq=idle_nop                       cyc=0 op=IK_NONE_TYPE     instr=0x00000013 sel=6 -> imm=0x00000000
[PASS] seq=i_type_boundaries              cyc=0 op=IK_I_TYPE        instr=0x80000000 sel=0 -> imm=0xfffff800
[PASS] seq=i_type_boundaries              cyc=1 op=IK_I_TYPE        instr=0x7ff00000 sel=0 -> imm=0x000007ff
[PASS] seq=i_type_boundaries              cyc=2 op=IK_I_TYPE        instr=0x00000000 sel=0 -> imm=0x00000000
[PASS] seq=i_type_boundaries              cyc=3 op=IK_I_TYPE        instr=0xfff00000 sel=0 -> imm=0xffffffff
[PASS] seq=s_type_boundaries              cyc=0 op=IK_S_TYPE        instr=0x80000000 sel=1 -> imm=0xfffff800
[PASS] seq=s_type_boundaries              cyc=1 op=IK_S_TYPE        instr=0x7e000f80 sel=1 -> imm=0x000007ff
[PASS] seq=s_type_boundaries              cyc=2 op=IK_S_TYPE        instr=0x00000000 sel=1 -> imm=0x00000000
[PASS] seq=b_type_boundaries              cyc=0 op=IK_B_TYPE        instr=0x80000000 sel=2 -> imm=0xfffff000
[PASS] seq=b_type_boundaries              cyc=1 op=IK_B_TYPE        instr=0x00000000 sel=2 -> imm=0x00000000
[PASS] seq=b_type_boundaries              cyc=2 op=IK_B_TYPE        instr=0x7e000f80 sel=2 -> imm=0x00000ffe
[PASS] seq=u_type_boundaries              cyc=0 op=IK_U_TYPE        instr=0xfffff000 sel=3 -> imm=0xfffff000
[PASS] seq=u_type_boundaries              cyc=1 op=IK_U_TYPE        instr=0x00000000 sel=3 -> imm=0x00000000
[PASS] seq=u_type_boundaries              cyc=2 op=IK_U_TYPE        instr=0x80000000 sel=3 -> imm=0x80000000
[PASS] seq=j_type_boundaries              cyc=0 op=IK_J_TYPE        instr=0x00000000 sel=4 -> imm=0x00000000
[PASS] seq=j_type_boundaries              cyc=1 op=IK_J_TYPE        instr=0x80000000 sel=4 -> imm=0xfff00000
[PASS] seq=csr_zero_extension_boundaries  cyc=0 op=IK_CSR_TYPE      instr=0xfff00000 sel=5 -> imm=0x00000000
[PASS] seq=csr_zero_extension_boundaries  cyc=1 op=IK_CSR_TYPE      instr=0xffff8000 sel=5 -> imm=0x0000001f
[PASS] seq=csr_zero_extension_boundaries  cyc=2 op=IK_CSR_TYPE      instr=0xfff88000 sel=5 -> imm=0x00000011
[PASS] seq=none_forces_zero               cyc=0 op=IK_NONE_TYPE     instr=0xffffffff sel=6 -> imm=0x00000000
[PASS] seq=none_forces_zero               cyc=1 op=IK_NONE_TYPE     instr=0xdeadbeef sel=6 -> imm=0x00000000
[PASS] seq=imm_b_j_liveness_all_sel       cyc=0 op=IK_RANDOM        instr=0xa5a5a5a5 sel=0 -> imm=0xfffffa5a
[PASS] seq=imm_b_j_liveness_all_sel       cyc=1 op=IK_RANDOM        instr=0xa5a5a5a5 sel=1 -> imm=0xfffffa4b
[PASS] seq=imm_b_j_liveness_all_sel       cyc=2 op=IK_RANDOM        instr=0xa5a5a5a5 sel=2 -> imm=0xfffffa4a
[PASS] seq=imm_b_j_liveness_all_sel       cyc=3 op=IK_RANDOM        instr=0xa5a5a5a5 sel=3 -> imm=0xa5a5a000
[PASS] seq=imm_b_j_liveness_all_sel       cyc=4 op=IK_RANDOM        instr=0xa5a5a5a5 sel=4 -> imm=0xfff5a25a
[PASS] seq=imm_b_j_liveness_all_sel       cyc=5 op=IK_RANDOM        instr=0xa5a5a5a5 sel=5 -> imm=0x0000000b
[PASS] seq=imm_b_j_liveness_all_sel       cyc=6 op=IK_RANDOM        instr=0xa5a5a5a5 sel=6 -> imm=0x00000000
[PASS] seq=unassigned_sel_encoding        cyc=0 op=IK_RANDOM        instr=0xffffffff sel=7 -> imm=0x00000000
[PASS] seq=stress_repeated_select         cyc=0 op=IK_I_TYPE        instr=0x12345678 sel=0 -> imm=0x00000123
[PASS] seq=stress_repeated_select         cyc=1 op=IK_I_TYPE        instr=0x12345678 sel=0 -> imm=0x00000123
[PASS] seq=stress_repeated_select         cyc=2 op=IK_I_TYPE        instr=0x12345678 sel=0 -> imm=0x00000123
[PASS] seq=stress_repeated_select         cyc=3 op=IK_I_TYPE        instr=0x12345678 sel=0 -> imm=0x00000123
[PASS] seq=stress_repeated_select         cyc=4 op=IK_I_TYPE        instr=0x12345678 sel=0 -> imm=0x00000123
[PASS] seq=stress_repeated_select         cyc=5 op=IK_I_TYPE        instr=0x12345678 sel=0 -> imm=0x00000123
[PASS] seq=stress_repeated_select         cyc=6 op=IK_I_TYPE        instr=0x12345678 sel=0 -> imm=0x00000123
[PASS] seq=stress_repeated_select         cyc=7 op=IK_I_TYPE        instr=0x12345678 sel=0 -> imm=0x00000123
[PASS] seq=stress_repeated_select         cyc=8 op=IK_I_TYPE        instr=0x12345678 sel=0 -> imm=0x00000123
[PASS] seq=stress_repeated_select         cyc=9 op=IK_I_TYPE        instr=0x12345678 sel=0 -> imm=0x00000123
[PASS] seq=stress_alternating_format      cyc=0 op=IK_U_TYPE        instr=0xffffffff sel=3 -> imm=0xfffff000
[PASS] seq=stress_alternating_format      cyc=1 op=IK_J_TYPE        instr=0xffffffff sel=4 -> imm=0xfffffffe
[PASS] seq=stress_alternating_format      cyc=2 op=IK_U_TYPE        instr=0xffffffff sel=3 -> imm=0xfffff000
[PASS] seq=stress_alternating_format      cyc=3 op=IK_J_TYPE        instr=0xffffffff sel=4 -> imm=0xfffffffe
[PASS] seq=stress_alternating_format      cyc=4 op=IK_U_TYPE        instr=0xffffffff sel=3 -> imm=0xfffff000
[PASS] seq=stress_alternating_format      cyc=5 op=IK_J_TYPE        instr=0xffffffff sel=4 -> imm=0xfffffffe
[PASS] seq=stress_alternating_format      cyc=6 op=IK_U_TYPE        instr=0xffffffff sel=3 -> imm=0xfffff000
[PASS] seq=stress_alternating_format      cyc=7 op=IK_J_TYPE        instr=0xffffffff sel=4 -> imm=0xfffffffe
[PASS] seq=crv_seq_0                      cyc=0 op=IK_RANDOM        instr=0x0e687202 sel=0 -> imm=0x000000e6
[PASS] seq=crv_seq_0                      cyc=1 op=IK_J_TYPE        instr=0xa26c4cf0 sel=4 -> imm=0xfffc4226
[PASS] seq=crv_seq_0                      cyc=2 op=IK_BOUNDARY_MIN  instr=0xc3800316 sel=3 -> imm=0xc3800000
[PASS] seq=crv_seq_0                      cyc=3 op=IK_RANDOM        instr=0xf6e93e1d sel=5 -> imm=0x00000012
[PASS] seq=crv_seq_0                      cyc=4 op=IK_U_TYPE        instr=0xc027dbb7 sel=3 -> imm=0xc027d000
[PASS] seq=crv_seq_0                      cyc=5 op=IK_B_TYPE        instr=0xa7f0c370 sel=2 -> imm=0xfffff266
[PASS] seq=crv_seq_0                      cyc=6 op=IK_I_TYPE        instr=0x49f87716 sel=0 -> imm=0x0000049f
[PASS] seq=crv_seq_0                      cyc=7 op=IK_CSR_TYPE      instr=0xb46329bf sel=5 -> imm=0x00000006
[PASS] seq=crv_seq_0                      cyc=8 op=IK_NONE_TYPE     instr=0x12704184 sel=6 -> imm=0x00000000
[PASS] seq=crv_seq_0                      cyc=9 op=IK_J_TYPE        instr=0x00196801 sel=4 -> imm=0x00096800
[PASS] seq=crv_seq_0                      cyc=10 op=IK_S_TYPE        instr=0x93ff8d2b sel=1 -> imm=0xfffff93a
[PASS] seq=crv_seq_0                      cyc=11 op=IK_B_TYPE        instr=0x21ed1ae6 sel=2 -> imm=0x00000a14
[PASS] seq=crv_seq_0                      cyc=12 op=IK_I_TYPE        instr=0x31cc06cc sel=0 -> imm=0x0000031c
[PASS] seq=crv_seq_0                      cyc=13 op=IK_I_TYPE        instr=0xaf81d8dc sel=0 -> imm=0xfffffaf8
[PASS] seq=crv_seq_0                      cyc=14 op=IK_RANDOM        instr=0x6b9f0bd4 sel=2 -> imm=0x00000eb6
[PASS] seq=crv_seq_0                      cyc=15 op=IK_RANDOM        instr=0x4905b589 sel=3 -> imm=0x4905b000
[PASS] seq=crv_seq_0                      cyc=16 op=IK_U_TYPE        instr=0xb2e00fb7 sel=3 -> imm=0xb2e00000
[PASS] seq=crv_seq_0                      cyc=17 op=IK_I_TYPE        instr=0xfa5a62b5 sel=0 -> imm=0xffffffa5
[PASS] seq=crv_seq_0                      cyc=18 op=IK_CSR_TYPE      instr=0xe7923f63 sel=5 -> imm=0x00000004
[PASS] seq=crv_seq_0                      cyc=19 op=IK_U_TYPE        instr=0x246c9965 sel=3 -> imm=0x246c9000
[PASS] seq=crv_seq_0                      cyc=20 op=IK_S_TYPE        instr=0xd9e46414 sel=1 -> imm=0xfffffd88
[PASS] seq=crv_seq_0                      cyc=21 op=IK_B_TYPE        instr=0xab17a2da sel=2 -> imm=0xfffffaa4
[PASS] seq=crv_seq_0                      cyc=22 op=IK_NONE_TYPE     instr=0x021ca03f sel=6 -> imm=0x00000000
[PASS] seq=crv_seq_0                      cyc=23 op=IK_NONE_TYPE     instr=0x8c5cc5c6 sel=6 -> imm=0x00000000
[PASS] seq=crv_seq_0                      cyc=24 op=IK_CSR_TYPE      instr=0x343870de sel=5 -> imm=0x00000010
[PASS] seq=crv_seq_0                      cyc=25 op=IK_B_TYPE        instr=0x3e343fb8 sel=2 -> imm=0x00000bfe
[PASS] seq=crv_seq_0                      cyc=26 op=IK_RANDOM        instr=0xeebc70b4 sel=5 -> imm=0x00000018
[PASS] seq=crv_seq_0                      cyc=27 op=IK_RANDOM        instr=0xc70bbd70 sel=6 -> imm=0x00000000
[PASS] seq=crv_seq_0                      cyc=28 op=IK_CSR_TYPE      instr=0x5a71f16c sel=5 -> imm=0x00000003
[PASS] seq=crv_seq_0                      cyc=29 op=IK_U_TYPE        instr=0x3a34188f sel=3 -> imm=0x3a341000
[PASS] seq=crv_seq_0                      cyc=30 op=IK_J_TYPE        instr=0xd71be93f sel=4 -> imm=0xfffbed70
[PASS] seq=crv_seq_0                      cyc=31 op=IK_U_TYPE        instr=0xc5ea9564 sel=3 -> imm=0xc5ea9000
[PASS] seq=crv_seq_0                      cyc=32 op=IK_BOUNDARY_ZERO instr=0x00000000 sel=4 -> imm=0x00000000
[PASS] seq=crv_seq_0                      cyc=33 op=IK_J_TYPE        instr=0x4274bd0e sel=4 -> imm=0x0004bc26
[PASS] seq=crv_seq_0                      cyc=34 op=IK_J_TYPE        instr=0x06cae130 sel=4 -> imm=0x000ae06c
[PASS] seq=crv_seq_0                      cyc=35 op=IK_RANDOM        instr=0xc81eaa78 sel=3 -> imm=0xc81ea000
[PASS] seq=crv_seq_0                      cyc=36 op=IK_J_TYPE        instr=0x72f182c7 sel=4 -> imm=0x00018f2e
[PASS] seq=crv_seq_0                      cyc=37 op=IK_J_TYPE        instr=0xd70d16eb sel=4 -> imm=0xfffd1570
[PASS] seq=crv_seq_0                      cyc=38 op=IK_BOUNDARY_MAX  instr=0x7fffffff sel=3 -> imm=0x7ffff000
[PASS] seq=crv_seq_0                      cyc=39 op=IK_U_TYPE        instr=0xd8ae3db3 sel=3 -> imm=0xd8ae3000
[PASS] seq=crv_seq_0                      cyc=40 op=IK_BOUNDARY_MIN  instr=0x9ff6dabd sel=2 -> imm=0xfffff9f4
[PASS] seq=crv_seq_0                      cyc=41 op=IK_J_TYPE        instr=0x7e9eb75e sel=4 -> imm=0x000ebfe8
[PASS] seq=crv_seq_0                      cyc=42 op=IK_S_TYPE        instr=0x9cebf0c8 sel=1 -> imm=0xfffff9c1
[PASS] seq=crv_seq_0                      cyc=43 op=IK_CSR_TYPE      instr=0x9a1e6ece sel=5 -> imm=0x0000001c
[PASS] seq=crv_seq_0                      cyc=44 op=IK_CSR_TYPE      instr=0x5c04638e sel=5 -> imm=0x00000008
[PASS] seq=crv_seq_0                      cyc=45 op=IK_I_TYPE        instr=0x43e3c46c sel=0 -> imm=0x0000043e
[PASS] seq=crv_seq_0                      cyc=46 op=IK_NONE_TYPE     instr=0xb2af9d0c sel=6 -> imm=0x00000000
[PASS] seq=crv_seq_0                      cyc=47 op=IK_U_TYPE        instr=0xb0259274 sel=3 -> imm=0xb0259000
[PASS] seq=crv_seq_0                      cyc=48 op=IK_S_TYPE        instr=0xadc7d07b sel=1 -> imm=0xfffffac0
[PASS] seq=crv_seq_0                      cyc=49 op=IK_S_TYPE        instr=0xe6cef5f1 sel=1 -> imm=0xfffffe6b
[PASS] seq=crv_seq_0                      cyc=50 op=IK_U_TYPE        instr=0xdd2faac6 sel=3 -> imm=0xdd2fa000
[PASS] seq=crv_seq_0                      cyc=51 op=IK_B_TYPE        instr=0xb925f521 sel=2 -> imm=0xfffff38a
[PASS] seq=crv_seq_0                      cyc=52 op=IK_U_TYPE        instr=0x3051e170 sel=3 -> imm=0x3051e000
[PASS] seq=crv_seq_0                      cyc=53 op=IK_S_TYPE        instr=0x69978782 sel=1 -> imm=0x0000068f
[PASS] seq=crv_seq_0                      cyc=54 op=IK_J_TYPE        instr=0x6ea053a4 sel=4 -> imm=0x000056ea
[PASS] seq=crv_seq_0                      cyc=55 op=IK_RANDOM        instr=0x8f37be20 sel=2 -> imm=0xfffff0fc
[PASS] seq=crv_seq_0                      cyc=56 op=IK_RANDOM        instr=0x95f34f20 sel=4 -> imm=0xfff3495e
[PASS] seq=crv_seq_0                      cyc=57 op=IK_RANDOM        instr=0x18c7c6e9 sel=0 -> imm=0x0000018c
[PASS] seq=crv_seq_0                      cyc=58 op=IK_S_TYPE        instr=0xb30fb466 sel=1 -> imm=0xfffffb28
[PASS] seq=crv_seq_0                      cyc=59 op=IK_U_TYPE        instr=0x9a62eb9f sel=3 -> imm=0x9a62e000
[PASS] seq=crv_seq_0                      cyc=60 op=IK_J_TYPE        instr=0x15706aac sel=4 -> imm=0x00006956
[PASS] seq=crv_seq_0                      cyc=61 op=IK_S_TYPE        instr=0x226bfbcc sel=1 -> imm=0x00000237
[PASS] seq=crv_seq_0                      cyc=62 op=IK_RANDOM        instr=0x4b3c8ff2 sel=5 -> imm=0x00000019
[PASS] seq=crv_seq_0                      cyc=63 op=IK_CSR_TYPE      instr=0x07092d22 sel=5 -> imm=0x00000012
[PASS] seq=crv_seq_0                      cyc=64 op=IK_J_TYPE        instr=0xc1e72ed3 sel=4 -> imm=0xfff7241e
[PASS] seq=crv_seq_0                      cyc=65 op=IK_I_TYPE        instr=0x19f423d9 sel=0 -> imm=0x0000019f
[PASS] seq=crv_seq_0                      cyc=66 op=IK_RANDOM        instr=0x29c4386a sel=3 -> imm=0x29c43000
[PASS] seq=crv_seq_0                      cyc=67 op=IK_BOUNDARY_ZERO instr=0x00000000 sel=3 -> imm=0x00000000
[PASS] seq=crv_seq_0                      cyc=68 op=IK_I_TYPE        instr=0x357a8875 sel=0 -> imm=0x00000357
[PASS] seq=crv_seq_0                      cyc=69 op=IK_S_TYPE        instr=0xfe7e0b11 sel=1 -> imm=0xfffffff6
[PASS] seq=crv_seq_0                      cyc=70 op=IK_RANDOM        instr=0xb683a10c sel=6 -> imm=0x00000000
[PASS] seq=crv_seq_0                      cyc=71 op=IK_S_TYPE        instr=0x83e10634 sel=1 -> imm=0xfffff82c
[PASS] seq=crv_seq_0                      cyc=72 op=IK_J_TYPE        instr=0xe6ac09d0 sel=4 -> imm=0xfffc066a
[PASS] seq=crv_seq_0                      cyc=73 op=IK_RANDOM        instr=0x4cb05834 sel=2 -> imm=0x000004d0
[PASS] seq=crv_seq_0                      cyc=74 op=IK_I_TYPE        instr=0xf36d1a57 sel=0 -> imm=0xffffff36
[PASS] seq=crv_seq_0                      cyc=75 op=IK_CSR_TYPE      instr=0x009e4600 sel=5 -> imm=0x0000001c
[PASS] seq=crv_seq_0                      cyc=76 op=IK_RANDOM        instr=0xeb689977 sel=0 -> imm=0xfffffeb6
[PASS] seq=crv_seq_0                      cyc=77 op=IK_U_TYPE        instr=0xf769769a sel=3 -> imm=0xf7697000
[PASS] seq=crv_seq_0                      cyc=78 op=IK_RANDOM        instr=0xbbf5bf37 sel=2 -> imm=0xfffff3be
[PASS] seq=crv_seq_0                      cyc=79 op=IK_B_TYPE        instr=0x3b55bed0 sel=2 -> imm=0x00000bbc
[PASS] seq=crv_seq_0                      cyc=80 op=IK_CSR_TYPE      instr=0x18107c3f sel=5 -> imm=0x00000000
[PASS] seq=crv_seq_0                      cyc=81 op=IK_U_TYPE        instr=0x1bd6f94a sel=3 -> imm=0x1bd6f000
[PASS] seq=crv_seq_0                      cyc=82 op=IK_I_TYPE        instr=0x291295a9 sel=0 -> imm=0x00000291
[PASS] seq=crv_seq_0                      cyc=83 op=IK_RANDOM        instr=0x32020893 sel=0 -> imm=0x00000320
[PASS] seq=crv_seq_0                      cyc=84 op=IK_S_TYPE        instr=0xc6a56211 sel=1 -> imm=0xfffffc64
[PASS] seq=crv_seq_0                      cyc=85 op=IK_B_TYPE        instr=0x80346acf sel=2 -> imm=0xfffff814
[PASS] seq=crv_seq_0                      cyc=86 op=IK_RANDOM        instr=0x257ee2d9 sel=4 -> imm=0x000eea56
[PASS] seq=crv_seq_0                      cyc=87 op=IK_NONE_TYPE     instr=0x1a6b95e0 sel=6 -> imm=0x00000000
[PASS] seq=crv_seq_0                      cyc=88 op=IK_BOUNDARY_ZERO instr=0x00000000 sel=3 -> imm=0x00000000
[PASS] seq=crv_seq_0                      cyc=89 op=IK_CSR_TYPE      instr=0xdd4da436 sel=5 -> imm=0x0000001b
[PASS] seq=crv_seq_0                      cyc=90 op=IK_BOUNDARY_ZERO instr=0x00000000 sel=4 -> imm=0x00000000
[PASS] seq=crv_seq_0                      cyc=91 op=IK_S_TYPE        instr=0x7faae66b sel=1 -> imm=0x000007ec
[PASS] seq=crv_seq_0                      cyc=92 op=IK_RANDOM        instr=0x98bba40b sel=6 -> imm=0x00000000
[PASS] seq=crv_seq_0                      cyc=93 op=IK_RANDOM        instr=0x46d65125 sel=0 -> imm=0x0000046d
[PASS] seq=crv_seq_0                      cyc=94 op=IK_RANDOM        instr=0x492fa1f0 sel=0 -> imm=0x00000492
[PASS] seq=crv_seq_0                      cyc=95 op=IK_NONE_TYPE     instr=0x06b0e634 sel=6 -> imm=0x00000000
[PASS] seq=crv_seq_0                      cyc=96 op=IK_I_TYPE        instr=0x6e37f8ae sel=0 -> imm=0x000006e3
[PASS] seq=crv_seq_0                      cyc=97 op=IK_U_TYPE        instr=0xff062ae3 sel=3 -> imm=0xff062000
[PASS] seq=crv_seq_0                      cyc=98 op=IK_BOUNDARY_ZERO instr=0x00000000 sel=3 -> imm=0x00000000
[PASS] seq=crv_seq_0                      cyc=99 op=IK_CSR_TYPE      instr=0xb6a44746 sel=5 -> imm=0x00000008
[PASS] seq=crv_seq_0                      cyc=100 op=IK_NONE_TYPE     instr=0x5740c2f0 sel=6 -> imm=0x00000000
[PASS] seq=crv_seq_0                      cyc=101 op=IK_CSR_TYPE      instr=0x81066fef sel=5 -> imm=0x0000000c
[PASS] seq=crv_seq_0                      cyc=102 op=IK_RANDOM        instr=0x1154a11e sel=5 -> imm=0x00000009
[PASS] seq=crv_seq_0                      cyc=103 op=IK_CSR_TYPE      instr=0x0997742e sel=5 -> imm=0x0000000e
[PASS] seq=crv_seq_0                      cyc=104 op=IK_J_TYPE        instr=0xadec5a66 sel=4 -> imm=0xfffc52de
[PASS] seq=crv_seq_0                      cyc=105 op=IK_RANDOM        instr=0x29ace1c4 sel=3 -> imm=0x29ace000
[PASS] seq=crv_seq_0                      cyc=106 op=IK_I_TYPE        instr=0x2268e246 sel=0 -> imm=0x00000226
[PASS] seq=crv_seq_0                      cyc=107 op=IK_NONE_TYPE     instr=0xd3d79ee7 sel=6 -> imm=0x00000000
[PASS] seq=crv_seq_0                      cyc=108 op=IK_BOUNDARY_MIN  instr=0xf9517b9d sel=4 -> imm=0xfff17f94
[PASS] seq=crv_seq_0                      cyc=109 op=IK_S_TYPE        instr=0x997820f0 sel=1 -> imm=0xfffff981
[PASS] seq=crv_seq_0                      cyc=110 op=IK_RANDOM        instr=0x687895d4 sel=5 -> imm=0x00000011
[PASS] seq=crv_seq_0                      cyc=111 op=IK_I_TYPE        instr=0x9b6d3cbb sel=0 -> imm=0xfffff9b6
[PASS] seq=crv_seq_0                      cyc=112 op=IK_NONE_TYPE     instr=0x8dc90f75 sel=6 -> imm=0x00000000
[PASS] seq=crv_seq_0                      cyc=113 op=IK_S_TYPE        instr=0x99c90f81 sel=1 -> imm=0xfffff99f
[PASS] seq=crv_seq_0                      cyc=114 op=IK_BOUNDARY_ZERO instr=0x00000000 sel=0 -> imm=0x00000000
[PASS] seq=crv_seq_0                      cyc=115 op=IK_J_TYPE        instr=0x5bae661d sel=4 -> imm=0x000e65ba
[PASS] seq=crv_seq_0                      cyc=116 op=IK_S_TYPE        instr=0x02ee4540 sel=1 -> imm=0x0000002a
[PASS] seq=crv_seq_0                      cyc=117 op=IK_NONE_TYPE     instr=0x524321ce sel=6 -> imm=0x00000000
[PASS] seq=crv_seq_0                      cyc=118 op=IK_J_TYPE        instr=0x8af2f373 sel=4 -> imm=0xfff2f8ae
[PASS] seq=crv_seq_0                      cyc=119 op=IK_J_TYPE        instr=0xc8c709c5 sel=4 -> imm=0xfff7048c
[PASS] seq=crv_seq_0                      cyc=120 op=IK_B_TYPE        instr=0x257f0255 sel=2 -> imm=0x00000244
[PASS] seq=crv_seq_0                      cyc=121 op=IK_BOUNDARY_MIN  instr=0xa71500be sel=2 -> imm=0xfffffa60
[PASS] seq=crv_seq_0                      cyc=122 op=IK_RANDOM        instr=0x6ab98ee2 sel=6 -> imm=0x00000000
[PASS] seq=crv_seq_0                      cyc=123 op=IK_BOUNDARY_MIN  instr=0xecf755a5 sel=6 -> imm=0x00000000
[PASS] seq=crv_seq_0                      cyc=124 op=IK_CSR_TYPE      instr=0x6a6dcd64 sel=5 -> imm=0x0000001b
[PASS] seq=crv_seq_0                      cyc=125 op=IK_U_TYPE        instr=0x46961bb3 sel=3 -> imm=0x46961000
[PASS] seq=crv_seq_0                      cyc=126 op=IK_B_TYPE        instr=0xdd53442a sel=2 -> imm=0xfffff5c8
[PASS] seq=crv_seq_0                      cyc=127 op=IK_RANDOM        instr=0x8b29d3bd sel=2 -> imm=0xfffff8a6
[PASS] seq=crv_seq_0                      cyc=128 op=IK_U_TYPE        instr=0x05812f53 sel=3 -> imm=0x05812000
[PASS] seq=crv_seq_0                      cyc=129 op=IK_RANDOM        instr=0xbc985853 sel=0 -> imm=0xfffffbc9
[PASS] seq=crv_seq_0                      cyc=130 op=IK_CSR_TYPE      instr=0xa6908c3a sel=5 -> imm=0x00000001
[PASS] seq=crv_seq_0                      cyc=131 op=IK_U_TYPE        instr=0xda05fe8a sel=3 -> imm=0xda05f000
[PASS] seq=crv_seq_0                      cyc=132 op=IK_BOUNDARY_MAX  instr=0x7fffffff sel=0 -> imm=0x000007ff
[PASS] seq=crv_seq_0                      cyc=133 op=IK_I_TYPE        instr=0xb35dc786 sel=0 -> imm=0xfffffb35
[PASS] seq=crv_seq_0                      cyc=134 op=IK_I_TYPE        instr=0x1944f6d8 sel=0 -> imm=0x00000194
[PASS] seq=crv_seq_0                      cyc=135 op=IK_J_TYPE        instr=0xa9dd4c26 sel=4 -> imm=0xfffd4a9c
[PASS] seq=crv_seq_0                      cyc=136 op=IK_B_TYPE        instr=0x8c62b400 sel=2 -> imm=0xfffff0c8
[PASS] seq=crv_seq_0                      cyc=137 op=IK_U_TYPE        instr=0x66f9c00a sel=3 -> imm=0x66f9c000
[PASS] seq=crv_seq_0                      cyc=138 op=IK_I_TYPE        instr=0xc1950767 sel=0 -> imm=0xfffffc19
[PASS] seq=crv_seq_0                      cyc=139 op=IK_S_TYPE        instr=0x3763e990 sel=1 -> imm=0x00000373
[PASS] seq=crv_seq_0                      cyc=140 op=IK_I_TYPE        instr=0x84e60481 sel=0 -> imm=0xfffff84e
[PASS] seq=crv_seq_0                      cyc=141 op=IK_I_TYPE        instr=0x86c3864c sel=0 -> imm=0xfffff86c
[PASS] seq=crv_seq_0                      cyc=142 op=IK_J_TYPE        instr=0x2e676005 sel=4 -> imm=0x000762e6
[PASS] seq=crv_seq_0                      cyc=143 op=IK_RANDOM        instr=0xa7f8d353 sel=5 -> imm=0x00000011
[PASS] seq=crv_seq_0                      cyc=144 op=IK_S_TYPE        instr=0x76071d42 sel=1 -> imm=0x0000077a
[PASS] seq=crv_seq_0                      cyc=145 op=IK_RANDOM        instr=0x2fef4993 sel=1 -> imm=0x000002f3
[PASS] seq=crv_seq_0                      cyc=146 op=IK_B_TYPE        instr=0xb675090b sel=2 -> imm=0xfffff372
[PASS] seq=crv_seq_0                      cyc=147 op=IK_BOUNDARY_ZERO instr=0x00000000 sel=3 -> imm=0x00000000
[PASS] seq=crv_seq_0                      cyc=148 op=IK_J_TYPE        instr=0x632a1e00 sel=4 -> imm=0x000a1632
[PASS] seq=crv_seq_0                      cyc=149 op=IK_RANDOM        instr=0xaead3c4e sel=2 -> imm=0xfffff2f8
[PASS] seq=crv_seq_0                      cyc=150 op=IK_RANDOM        instr=0x6771cbaa sel=4 -> imm=0x0001ce76
[PASS] seq=crv_seq_0                      cyc=151 op=IK_U_TYPE        instr=0x6bce9ea8 sel=3 -> imm=0x6bce9000
[PASS] seq=crv_seq_0                      cyc=152 op=IK_RANDOM        instr=0x457ac93b sel=3 -> imm=0x457ac000
[PASS] seq=crv_seq_0                      cyc=153 op=IK_BOUNDARY_MAX  instr=0x7fffffff sel=0 -> imm=0x000007ff
[PASS] seq=crv_seq_0                      cyc=154 op=IK_U_TYPE        instr=0xb1d37ee4 sel=3 -> imm=0xb1d37000
[PASS] seq=crv_seq_0                      cyc=155 op=IK_I_TYPE        instr=0x8394eb36 sel=0 -> imm=0xfffff839
[PASS] seq=crv_seq_0                      cyc=156 op=IK_RANDOM        instr=0x540d2536 sel=1 -> imm=0x0000054a
[PASS] seq=crv_seq_0                      cyc=157 op=IK_RANDOM        instr=0x2c2d5d52 sel=5 -> imm=0x0000001a
[PASS] seq=crv_seq_0                      cyc=158 op=IK_J_TYPE        instr=0xe2f1ea39 sel=4 -> imm=0xfff1ee2e
[PASS] seq=crv_seq_0                      cyc=159 op=IK_BOUNDARY_ZERO instr=0x00000000 sel=5 -> imm=0x00000000
[PASS] seq=crv_seq_0                      cyc=160 op=IK_B_TYPE        instr=0xc8372f60 sel=2 -> imm=0xfffff49e
[PASS] seq=crv_seq_0                      cyc=161 op=IK_RANDOM        instr=0x3efd876a sel=4 -> imm=0x000d8bee
[PASS] seq=crv_seq_0                      cyc=162 op=IK_J_TYPE        instr=0x246e026b sel=4 -> imm=0x000e0246
[PASS] seq=crv_seq_0                      cyc=163 op=IK_BOUNDARY_MIN  instr=0xce60dd3b sel=4 -> imm=0xfff0d4e6
[PASS] seq=crv_seq_0                      cyc=164 op=IK_J_TYPE        instr=0x600c6678 sel=4 -> imm=0x000c6600
[PASS] seq=crv_seq_0                      cyc=165 op=IK_CSR_TYPE      instr=0x7fd8e79a sel=5 -> imm=0x00000011
[PASS] seq=crv_seq_0                      cyc=166 op=IK_I_TYPE        instr=0x75a168be sel=0 -> imm=0x0000075a
[PASS] seq=crv_seq_0                      cyc=167 op=IK_J_TYPE        instr=0x23c0d397 sel=4 -> imm=0x0000d23c
[PASS] seq=crv_seq_0                      cyc=168 op=IK_RANDOM        instr=0xaa714c95 sel=3 -> imm=0xaa714000
[PASS] seq=crv_seq_0                      cyc=169 op=IK_I_TYPE        instr=0x9fc157cb sel=0 -> imm=0xfffff9fc
[PASS] seq=crv_seq_0                      cyc=170 op=IK_S_TYPE        instr=0xa472b4e1 sel=1 -> imm=0xfffffa49
[PASS] seq=crv_seq_0                      cyc=171 op=IK_I_TYPE        instr=0x0583a85e sel=0 -> imm=0x00000058
[PASS] seq=crv_seq_0                      cyc=172 op=IK_RANDOM        instr=0x5bbad00a sel=3 -> imm=0x5bbad000
[PASS] seq=crv_seq_0                      cyc=173 op=IK_I_TYPE        instr=0x517c6485 sel=0 -> imm=0x00000517
[PASS] seq=crv_seq_0                      cyc=174 op=IK_BOUNDARY_ZERO instr=0x00000000 sel=5 -> imm=0x00000000
[PASS] seq=crv_seq_0                      cyc=175 op=IK_B_TYPE        instr=0x23236b3a sel=2 -> imm=0x00000236
[PASS] seq=crv_seq_0                      cyc=176 op=IK_I_TYPE        instr=0xdcf201ae sel=0 -> imm=0xfffffdcf
[PASS] seq=crv_seq_0                      cyc=177 op=IK_B_TYPE        instr=0xe84924fd sel=2 -> imm=0xfffffe88
[PASS] seq=crv_seq_0                      cyc=178 op=IK_RANDOM        instr=0xc6cbf17b sel=6 -> imm=0x00000000
[PASS] seq=crv_seq_0                      cyc=179 op=IK_CSR_TYPE      instr=0x94d4e691 sel=5 -> imm=0x00000009
[PASS] seq=crv_seq_0                      cyc=180 op=IK_B_TYPE        instr=0xcac8ffe6 sel=2 -> imm=0xfffffcbe
[PASS] seq=crv_seq_0                      cyc=181 op=IK_RANDOM        instr=0x084d36a8 sel=2 -> imm=0x0000088c
[PASS] seq=crv_seq_0                      cyc=182 op=IK_RANDOM        instr=0x3952b526 sel=2 -> imm=0x0000038a
[PASS] seq=crv_seq_0                      cyc=183 op=IK_BOUNDARY_ZERO instr=0x00000000 sel=5 -> imm=0x00000000
[PASS] seq=crv_seq_0                      cyc=184 op=IK_B_TYPE        instr=0xd1a4f49a sel=2 -> imm=0xfffffd08
[PASS] seq=crv_seq_0                      cyc=185 op=IK_RANDOM        instr=0x6042c3af sel=4 -> imm=0x0002c604
[PASS] seq=crv_seq_0                      cyc=186 op=IK_RANDOM        instr=0x6d8bc969 sel=0 -> imm=0x000006d8
[PASS] seq=crv_seq_0                      cyc=187 op=IK_B_TYPE        instr=0x6290aa1f sel=2 -> imm=0x00000634
[PASS] seq=crv_seq_0                      cyc=188 op=IK_B_TYPE        instr=0x6365c012 sel=2 -> imm=0x00000620
[PASS] seq=crv_seq_0                      cyc=189 op=IK_B_TYPE        instr=0xe4888372 sel=2 -> imm=0xfffff646
[PASS] seq=crv_seq_0                      cyc=190 op=IK_B_TYPE        instr=0x9f4a0257 sel=2 -> imm=0xfffff1e4
[PASS] seq=crv_seq_0                      cyc=191 op=IK_S_TYPE        instr=0x2de44a57 sel=1 -> imm=0x000002d4
[PASS] seq=crv_seq_0                      cyc=192 op=IK_RANDOM        instr=0x196c995e sel=4 -> imm=0x000c9196
[PASS] seq=crv_seq_0                      cyc=193 op=IK_J_TYPE        instr=0x5981b1d3 sel=4 -> imm=0x0001b598
[PASS] seq=crv_seq_0                      cyc=194 op=IK_BOUNDARY_MAX  instr=0x7fffffff sel=5 -> imm=0x0000001f
[PASS] seq=crv_seq_0                      cyc=195 op=IK_RANDOM        instr=0xfa7f6838 sel=0 -> imm=0xffffffa7
[PASS] seq=crv_seq_0                      cyc=196 op=IK_S_TYPE        instr=0x0c11f582 sel=1 -> imm=0x000000cb
[PASS] seq=crv_seq_0                      cyc=197 op=IK_RANDOM        instr=0xbfb84f39 sel=4 -> imm=0xfff84bfa
[PASS] seq=crv_seq_0                      cyc=198 op=IK_U_TYPE        instr=0xe7dec062 sel=3 -> imm=0xe7dec000
[PASS] seq=crv_seq_0                      cyc=199 op=IK_S_TYPE        instr=0x2f46fdb3 sel=1 -> imm=0x000002fb
[PASS] seq=crv_seq_1                      cyc=0 op=IK_BOUNDARY_MIN  instr=0x8226bf2c sel=4 -> imm=0xfff6b022
[PASS] seq=crv_seq_1                      cyc=1 op=IK_BOUNDARY_ZERO instr=0x00000000 sel=6 -> imm=0x00000000
[PASS] seq=crv_seq_1                      cyc=2 op=IK_B_TYPE        instr=0x8b6dc3b2 sel=2 -> imm=0xfffff8a6
[PASS] seq=crv_seq_1                      cyc=3 op=IK_BOUNDARY_MAX  instr=0x7fffffff sel=4 -> imm=0x000ffffe
[PASS] seq=crv_seq_1                      cyc=4 op=IK_RANDOM        instr=0x60b7436e sel=2 -> imm=0x00000606
[PASS] seq=crv_seq_1                      cyc=5 op=IK_J_TYPE        instr=0x586ce358 sel=4 -> imm=0x000ce586
[PASS] seq=crv_seq_1                      cyc=6 op=IK_RANDOM        instr=0x4d3d5664 sel=6 -> imm=0x00000000
[PASS] seq=crv_seq_1                      cyc=7 op=IK_NONE_TYPE     instr=0x716dc941 sel=6 -> imm=0x00000000
[PASS] seq=crv_seq_1                      cyc=8 op=IK_J_TYPE        instr=0xc9bb2fc9 sel=4 -> imm=0xfffb2c9a
[PASS] seq=crv_seq_1                      cyc=9 op=IK_B_TYPE        instr=0x56a822b7 sel=2 -> imm=0x00000d64
[PASS] seq=crv_seq_1                      cyc=10 op=IK_RANDOM        instr=0x867bc009 sel=4 -> imm=0xfffbc866
[PASS] seq=crv_seq_1                      cyc=11 op=IK_U_TYPE        instr=0x204d6897 sel=3 -> imm=0x204d6000
[PASS] seq=crv_seq_1                      cyc=12 op=IK_RANDOM        instr=0x0d7f160a sel=4 -> imm=0x000f18d6
[PASS] seq=crv_seq_1                      cyc=13 op=IK_S_TYPE        instr=0x5a33602b sel=1 -> imm=0x000005a0
[PASS] seq=crv_seq_1                      cyc=14 op=IK_U_TYPE        instr=0x3ea10e6a sel=3 -> imm=0x3ea10000
[PASS] seq=crv_seq_1                      cyc=15 op=IK_RANDOM        instr=0x0de2dc49 sel=4 -> imm=0x0002d0de
[PASS] seq=crv_seq_1                      cyc=16 op=IK_I_TYPE        instr=0x5093f57e sel=0 -> imm=0x00000509
[PASS] seq=crv_seq_1                      cyc=17 op=IK_J_TYPE        instr=0x6bf5423d sel=4 -> imm=0x00054ebe
[PASS] seq=crv_seq_1                      cyc=18 op=IK_B_TYPE        instr=0xf3224a4e sel=2 -> imm=0xfffff734
[PASS] seq=crv_seq_1                      cyc=19 op=IK_J_TYPE        instr=0x8c4c3292 sel=4 -> imm=0xfffc30c4
[PASS] seq=crv_seq_1                      cyc=20 op=IK_U_TYPE        instr=0x8de3c584 sel=3 -> imm=0x8de3c000
[PASS] seq=crv_seq_1                      cyc=21 op=IK_U_TYPE        instr=0x178a8092 sel=3 -> imm=0x178a8000
[PASS] seq=crv_seq_1                      cyc=22 op=IK_RANDOM        instr=0xd7705489 sel=0 -> imm=0xfffffd77
[PASS] seq=crv_seq_1                      cyc=23 op=IK_I_TYPE        instr=0xdae86055 sel=0 -> imm=0xfffffdae
[PASS] seq=crv_seq_1                      cyc=24 op=IK_S_TYPE        instr=0x3fc63859 sel=1 -> imm=0x000003f0
[PASS] seq=crv_seq_1                      cyc=25 op=IK_BOUNDARY_MIN  instr=0x9998e904 sel=6 -> imm=0x00000000
[PASS] seq=crv_seq_1                      cyc=26 op=IK_CSR_TYPE      instr=0x61ea17dc sel=5 -> imm=0x00000014
[PASS] seq=crv_seq_1                      cyc=27 op=IK_BOUNDARY_MIN  instr=0xbebd6356 sel=6 -> imm=0x00000000
[PASS] seq=crv_seq_1                      cyc=28 op=IK_RANDOM        instr=0x237d0953 sel=0 -> imm=0x00000237
[PASS] seq=crv_seq_1                      cyc=29 op=IK_RANDOM        instr=0x27d765e0 sel=6 -> imm=0x00000000
[PASS] seq=crv_seq_1                      cyc=30 op=IK_S_TYPE        instr=0x18ae1bcc sel=1 -> imm=0x00000197
[PASS] seq=crv_seq_1                      cyc=31 op=IK_RANDOM        instr=0x9ef96e43 sel=1 -> imm=0xfffff9fc
[PASS] seq=crv_seq_1                      cyc=32 op=IK_B_TYPE        instr=0xb5aac786 sel=2 -> imm=0xfffffb4e
[PASS] seq=crv_seq_1                      cyc=33 op=IK_BOUNDARY_ZERO instr=0x00000000 sel=2 -> imm=0x00000000
[PASS] seq=crv_seq_1                      cyc=34 op=IK_BOUNDARY_MAX  instr=0x7fffffff sel=1 -> imm=0x000007ff
[PASS] seq=crv_seq_1                      cyc=35 op=IK_S_TYPE        instr=0x86f01aa1 sel=1 -> imm=0xfffff875
[PASS] seq=crv_seq_1                      cyc=36 op=IK_RANDOM        instr=0xaf98208f sel=6 -> imm=0x00000000
[PASS] seq=crv_seq_1                      cyc=37 op=IK_BOUNDARY_MIN  instr=0xe80d4616 sel=0 -> imm=0xfffffe80
[PASS] seq=crv_seq_1                      cyc=38 op=IK_RANDOM        instr=0x06cbbf52 sel=3 -> imm=0x06cbb000
[PASS] seq=crv_seq_1                      cyc=39 op=IK_RANDOM        instr=0x609f6a4b sel=2 -> imm=0x00000614
[PASS] seq=crv_seq_1                      cyc=40 op=IK_RANDOM        instr=0x2aea34dc sel=3 -> imm=0x2aea3000
[PASS] seq=crv_seq_1                      cyc=41 op=IK_RANDOM        instr=0xed8decf0 sel=3 -> imm=0xed8de000
[PASS] seq=crv_seq_1                      cyc=42 op=IK_RANDOM        instr=0xc407800e sel=0 -> imm=0xfffffc40
[PASS] seq=crv_seq_1                      cyc=43 op=IK_RANDOM        instr=0xad70caf3 sel=5 -> imm=0x00000001
[PASS] seq=crv_seq_1                      cyc=44 op=IK_I_TYPE        instr=0x02d41470 sel=0 -> imm=0x0000002d
[PASS] seq=crv_seq_1                      cyc=45 op=IK_B_TYPE        instr=0x66b2e49c sel=2 -> imm=0x00000e68
[PASS] seq=crv_seq_1                      cyc=46 op=IK_BOUNDARY_ZERO instr=0x00000000 sel=0 -> imm=0x00000000
[PASS] seq=crv_seq_1                      cyc=47 op=IK_J_TYPE        instr=0x3e9bd402 sel=4 -> imm=0x000bdbe8
[PASS] seq=crv_seq_1                      cyc=48 op=IK_B_TYPE        instr=0xecbd5866 sel=2 -> imm=0xfffff6d0
[PASS] seq=crv_seq_1                      cyc=49 op=IK_RANDOM        instr=0x917f5b73 sel=3 -> imm=0x917f5000
[PASS] seq=crv_seq_1                      cyc=50 op=IK_B_TYPE        instr=0x1c1fc9cc sel=2 -> imm=0x000009d2
[PASS] seq=crv_seq_1                      cyc=51 op=IK_B_TYPE        instr=0x52d0ab8e sel=2 -> imm=0x00000d36
[PASS] seq=crv_seq_1                      cyc=52 op=IK_NONE_TYPE     instr=0x1c15e9b5 sel=6 -> imm=0x00000000
[PASS] seq=crv_seq_1                      cyc=53 op=IK_I_TYPE        instr=0xe60d5e93 sel=0 -> imm=0xfffffe60
[PASS] seq=crv_seq_1                      cyc=54 op=IK_RANDOM        instr=0x3cd040c7 sel=0 -> imm=0x000003cd
[PASS] seq=crv_seq_1                      cyc=55 op=IK_J_TYPE        instr=0xcbfabe73 sel=4 -> imm=0xfffabcbe
[PASS] seq=crv_seq_1                      cyc=56 op=IK_NONE_TYPE     instr=0xe3ebd36d sel=6 -> imm=0x00000000
[PASS] seq=crv_seq_1                      cyc=57 op=IK_I_TYPE        instr=0x8bdbb7e6 sel=0 -> imm=0xfffff8bd
[PASS] seq=crv_seq_1                      cyc=58 op=IK_RANDOM        instr=0x3d2083d1 sel=5 -> imm=0x00000001
[PASS] seq=crv_seq_1                      cyc=59 op=IK_RANDOM        instr=0x86086559 sel=1 -> imm=0xfffff86a
[PASS] seq=crv_seq_1                      cyc=60 op=IK_I_TYPE        instr=0x584231b8 sel=0 -> imm=0x00000584
[PASS] seq=crv_seq_1                      cyc=61 op=IK_RANDOM        instr=0x47883903 sel=3 -> imm=0x47883000
[PASS] seq=crv_seq_1                      cyc=62 op=IK_S_TYPE        instr=0xfbca1062 sel=1 -> imm=0xffffffa0
[PASS] seq=crv_seq_1                      cyc=63 op=IK_CSR_TYPE      instr=0xf742f29b sel=5 -> imm=0x00000005
[PASS] seq=crv_seq_1                      cyc=64 op=IK_U_TYPE        instr=0x3024e59b sel=3 -> imm=0x3024e000
[PASS] seq=crv_seq_1                      cyc=65 op=IK_RANDOM        instr=0x4551230e sel=1 -> imm=0x00000446
[PASS] seq=crv_seq_1                      cyc=66 op=IK_BOUNDARY_MAX  instr=0x7fffffff sel=5 -> imm=0x0000001f
[PASS] seq=crv_seq_1                      cyc=67 op=IK_RANDOM        instr=0xb53ad950 sel=3 -> imm=0xb53ad000
[PASS] seq=crv_seq_1                      cyc=68 op=IK_NONE_TYPE     instr=0xd6c13fce sel=6 -> imm=0x00000000
[PASS] seq=crv_seq_1                      cyc=69 op=IK_RANDOM        instr=0x94b03513 sel=6 -> imm=0x00000000
[PASS] seq=crv_seq_1                      cyc=70 op=IK_CSR_TYPE      instr=0x04785e81 sel=5 -> imm=0x00000010
[PASS] seq=crv_seq_1                      cyc=71 op=IK_RANDOM        instr=0xd014b7fc sel=4 -> imm=0xfff4bd00
[PASS] seq=crv_seq_1                      cyc=72 op=IK_J_TYPE        instr=0xdfaa601b sel=4 -> imm=0xfffa65fa
[PASS] seq=crv_seq_1                      cyc=73 op=IK_BOUNDARY_MAX  instr=0x7fffffff sel=0 -> imm=0x000007ff
[PASS] seq=crv_seq_1                      cyc=74 op=IK_RANDOM        instr=0x348ac5ee sel=3 -> imm=0x348ac000
[PASS] seq=crv_seq_1                      cyc=75 op=IK_B_TYPE        instr=0x4fdac9a8 sel=2 -> imm=0x00000cf2
[PASS] seq=crv_seq_1                      cyc=76 op=IK_J_TYPE        instr=0x9f080a2a sel=4 -> imm=0xfff801f0
[PASS] seq=crv_seq_1                      cyc=77 op=IK_BOUNDARY_ZERO instr=0x00000000 sel=1 -> imm=0x00000000
[PASS] seq=crv_seq_1                      cyc=78 op=IK_RANDOM        instr=0xf135728d sel=0 -> imm=0xffffff13
[PASS] seq=crv_seq_1                      cyc=79 op=IK_J_TYPE        instr=0x1981cc21 sel=4 -> imm=0x0001c198
[PASS] seq=crv_seq_1                      cyc=80 op=IK_U_TYPE        instr=0xcf2038ad sel=3 -> imm=0xcf203000
[PASS] seq=crv_seq_1                      cyc=81 op=IK_B_TYPE        instr=0xfd8dd95f sel=2 -> imm=0xfffff7d2
[PASS] seq=crv_seq_1                      cyc=82 op=IK_J_TYPE        instr=0x602192a5 sel=4 -> imm=0x00019602
[PASS] seq=crv_seq_1                      cyc=83 op=IK_I_TYPE        instr=0xc07f3c00 sel=0 -> imm=0xfffffc07
[PASS] seq=crv_seq_1                      cyc=84 op=IK_U_TYPE        instr=0xbe7b6dd0 sel=3 -> imm=0xbe7b6000
[PASS] seq=crv_seq_1                      cyc=85 op=IK_U_TYPE        instr=0xc51350ef sel=3 -> imm=0xc5135000
[PASS] seq=crv_seq_1                      cyc=86 op=IK_I_TYPE        instr=0x132afa80 sel=0 -> imm=0x00000132
[PASS] seq=crv_seq_1                      cyc=87 op=IK_U_TYPE        instr=0x1bd8f264 sel=3 -> imm=0x1bd8f000
[PASS] seq=crv_seq_1                      cyc=88 op=IK_S_TYPE        instr=0xbb0a5fa7 sel=1 -> imm=0xfffffbbf
[PASS] seq=crv_seq_1                      cyc=89 op=IK_I_TYPE        instr=0x4617c890 sel=0 -> imm=0x00000461
[PASS] seq=crv_seq_1                      cyc=90 op=IK_I_TYPE        instr=0x76809e3e sel=0 -> imm=0x00000768
[PASS] seq=crv_seq_1                      cyc=91 op=IK_NONE_TYPE     instr=0x915f4001 sel=6 -> imm=0x00000000
[PASS] seq=crv_seq_1                      cyc=92 op=IK_CSR_TYPE      instr=0x807aa0e1 sel=5 -> imm=0x00000015
[PASS] seq=crv_seq_1                      cyc=93 op=IK_I_TYPE        instr=0x95d8828a sel=0 -> imm=0xfffff95d
[PASS] seq=crv_seq_1                      cyc=94 op=IK_BOUNDARY_ZERO instr=0x00000000 sel=3 -> imm=0x00000000
[PASS] seq=crv_seq_1                      cyc=95 op=IK_CSR_TYPE      instr=0xa112f864 sel=5 -> imm=0x00000005
[PASS] seq=crv_seq_1                      cyc=96 op=IK_S_TYPE        instr=0x6c747986 sel=1 -> imm=0x000006d3
[PASS] seq=crv_seq_1                      cyc=97 op=IK_NONE_TYPE     instr=0x3cfafb23 sel=6 -> imm=0x00000000
[PASS] seq=crv_seq_1                      cyc=98 op=IK_BOUNDARY_ZERO instr=0x00000000 sel=0 -> imm=0x00000000
[PASS] seq=crv_seq_1                      cyc=99 op=IK_I_TYPE        instr=0xd9b29607 sel=0 -> imm=0xfffffd9b
[PASS] seq=crv_seq_1                      cyc=100 op=IK_J_TYPE        instr=0xeea88023 sel=4 -> imm=0xfff886ea
[PASS] seq=crv_seq_1                      cyc=101 op=IK_U_TYPE        instr=0xf379c4a5 sel=3 -> imm=0xf379c000
[PASS] seq=crv_seq_1                      cyc=102 op=IK_U_TYPE        instr=0xca69740a sel=3 -> imm=0xca697000
[PASS] seq=crv_seq_1                      cyc=103 op=IK_S_TYPE        instr=0xd2d803f9 sel=1 -> imm=0xfffffd27
[PASS] seq=crv_seq_1                      cyc=104 op=IK_I_TYPE        instr=0xdb6e20e8 sel=0 -> imm=0xfffffdb6
[PASS] seq=crv_seq_1                      cyc=105 op=IK_B_TYPE        instr=0xe9e8ff89 sel=2 -> imm=0xfffffe9e
[PASS] seq=crv_seq_1                      cyc=106 op=IK_CSR_TYPE      instr=0xae8bf4c9 sel=5 -> imm=0x00000017
[PASS] seq=crv_seq_1                      cyc=107 op=IK_RANDOM        instr=0xc893e2a5 sel=1 -> imm=0xfffffc85
[PASS] seq=crv_seq_1                      cyc=108 op=IK_S_TYPE        instr=0x9569f47a sel=1 -> imm=0xfffff948
[PASS] seq=crv_seq_1                      cyc=109 op=IK_CSR_TYPE      instr=0x32db9b31 sel=5 -> imm=0x00000017
[PASS] seq=crv_seq_1                      cyc=110 op=IK_RANDOM        instr=0x2aa1f0ec sel=6 -> imm=0x00000000
[PASS] seq=crv_seq_1                      cyc=111 op=IK_U_TYPE        instr=0xb8a702d1 sel=3 -> imm=0xb8a70000
[PASS] seq=crv_seq_1                      cyc=112 op=IK_BOUNDARY_ZERO instr=0x00000000 sel=5 -> imm=0x00000000
[PASS] seq=crv_seq_1                      cyc=113 op=IK_I_TYPE        instr=0x26a8173b sel=0 -> imm=0x0000026a
[PASS] seq=crv_seq_1                      cyc=114 op=IK_B_TYPE        instr=0x72cd7f05 sel=2 -> imm=0x0000073e
[PASS] seq=crv_seq_1                      cyc=115 op=IK_S_TYPE        instr=0x31abd6f8 sel=1 -> imm=0x0000030d
[PASS] seq=crv_seq_1                      cyc=116 op=IK_J_TYPE        instr=0x13b6c644 sel=4 -> imm=0x0006c93a
[PASS] seq=crv_seq_1                      cyc=117 op=IK_J_TYPE        instr=0x9d02c2d2 sel=4 -> imm=0xfff2c1d0
[PASS] seq=crv_seq_1                      cyc=118 op=IK_U_TYPE        instr=0xdd52f8c9 sel=3 -> imm=0xdd52f000
[PASS] seq=crv_seq_1                      cyc=119 op=IK_S_TYPE        instr=0x2443384d sel=1 -> imm=0x00000250
[PASS] seq=crv_seq_1                      cyc=120 op=IK_RANDOM        instr=0x7bd0520d sel=2 -> imm=0x000007a4
[PASS] seq=crv_seq_1                      cyc=121 op=IK_U_TYPE        instr=0x97007608 sel=3 -> imm=0x97007000
[PASS] seq=crv_seq_1                      cyc=122 op=IK_NONE_TYPE     instr=0xc015648f sel=6 -> imm=0x00000000
[PASS] seq=crv_seq_1                      cyc=123 op=IK_U_TYPE        instr=0x13d106b0 sel=3 -> imm=0x13d10000
[PASS] seq=crv_seq_1                      cyc=124 op=IK_NONE_TYPE     instr=0x286b02de sel=6 -> imm=0x00000000
[PASS] seq=crv_seq_1                      cyc=125 op=IK_U_TYPE        instr=0x2d1a4817 sel=3 -> imm=0x2d1a4000
[PASS] seq=crv_seq_1                      cyc=126 op=IK_BOUNDARY_MIN  instr=0xb6cbf61b sel=3 -> imm=0xb6cbf000
[PASS] seq=crv_seq_1                      cyc=127 op=IK_CSR_TYPE      instr=0x0acdd936 sel=5 -> imm=0x0000001b
[PASS] seq=crv_seq_1                      cyc=128 op=IK_S_TYPE        instr=0x579a0733 sel=1 -> imm=0x0000056e
[PASS] seq=crv_seq_1                      cyc=129 op=IK_RANDOM        instr=0xa7337062 sel=0 -> imm=0xfffffa73
[PASS] seq=crv_seq_1                      cyc=130 op=IK_U_TYPE        instr=0xad96da60 sel=3 -> imm=0xad96d000
[PASS] seq=crv_seq_1                      cyc=131 op=IK_NONE_TYPE     instr=0x0a0f6247 sel=6 -> imm=0x00000000
[PASS] seq=crv_seq_1                      cyc=132 op=IK_RANDOM        instr=0x2c400267 sel=5 -> imm=0x00000000
[PASS] seq=crv_seq_1                      cyc=133 op=IK_BOUNDARY_MAX  instr=0x7fffffff sel=6 -> imm=0x00000000
[PASS] seq=crv_seq_1                      cyc=134 op=IK_RANDOM        instr=0x225e6326 sel=2 -> imm=0x00000226
[PASS] seq=crv_seq_1                      cyc=135 op=IK_CSR_TYPE      instr=0x43fc4125 sel=5 -> imm=0x00000018
[PASS] seq=crv_seq_1                      cyc=136 op=IK_I_TYPE        instr=0xf6b5b21a sel=0 -> imm=0xffffff6b
[PASS] seq=crv_seq_1                      cyc=137 op=IK_U_TYPE        instr=0x3053b9c6 sel=3 -> imm=0x3053b000
[PASS] seq=crv_seq_1                      cyc=138 op=IK_RANDOM        instr=0x3d32d5b9 sel=1 -> imm=0x000003cb
[PASS] seq=crv_seq_1                      cyc=139 op=IK_CSR_TYPE      instr=0x6ec566ac sel=5 -> imm=0x0000000a
[PASS] seq=crv_seq_1                      cyc=140 op=IK_I_TYPE        instr=0xe8b66189 sel=0 -> imm=0xfffffe8b
[PASS] seq=crv_seq_1                      cyc=141 op=IK_RANDOM        instr=0xec49630c sel=0 -> imm=0xfffffec4
[PASS] seq=crv_seq_1                      cyc=142 op=IK_CSR_TYPE      instr=0x64f92431 sel=5 -> imm=0x00000012
[PASS] seq=crv_seq_1                      cyc=143 op=IK_BOUNDARY_ZERO instr=0x00000000 sel=1 -> imm=0x00000000
[PASS] seq=crv_seq_1                      cyc=144 op=IK_RANDOM        instr=0xfc54b5ea sel=2 -> imm=0xffffffca
[PASS] seq=crv_seq_1                      cyc=145 op=IK_J_TYPE        instr=0xf8d137b9 sel=4 -> imm=0xfff13f8c
[PASS] seq=crv_seq_1                      cyc=146 op=IK_BOUNDARY_ZERO instr=0x00000000 sel=6 -> imm=0x00000000
[PASS] seq=crv_seq_1                      cyc=147 op=IK_U_TYPE        instr=0xc260e1e1 sel=3 -> imm=0xc260e000
[PASS] seq=crv_seq_1                      cyc=148 op=IK_NONE_TYPE     instr=0x000aa8d3 sel=6 -> imm=0x00000000
[PASS] seq=crv_seq_1                      cyc=149 op=IK_BOUNDARY_MIN  instr=0xf13958a6 sel=1 -> imm=0xffffff11
[PASS] seq=crv_seq_1                      cyc=150 op=IK_S_TYPE        instr=0x9b76cd8a sel=1 -> imm=0xfffff9bb
[PASS] seq=crv_seq_1                      cyc=151 op=IK_RANDOM        instr=0x12673fc5 sel=4 -> imm=0x00073126
[PASS] seq=crv_seq_1                      cyc=152 op=IK_BOUNDARY_MAX  instr=0x7fffffff sel=5 -> imm=0x0000001f
[PASS] seq=crv_seq_1                      cyc=153 op=IK_BOUNDARY_MIN  instr=0xf9aa90bd sel=5 -> imm=0x00000015
[PASS] seq=crv_seq_1                      cyc=154 op=IK_BOUNDARY_ZERO instr=0x00000000 sel=6 -> imm=0x00000000
[PASS] seq=crv_seq_1                      cyc=155 op=IK_S_TYPE        instr=0x79bd812c sel=1 -> imm=0x00000782
[PASS] seq=crv_seq_1                      cyc=156 op=IK_J_TYPE        instr=0x9691f71b sel=4 -> imm=0xfff1f968
[PASS] seq=crv_seq_1                      cyc=157 op=IK_RANDOM        instr=0xc3c906ac sel=0 -> imm=0xfffffc3c
[PASS] seq=crv_seq_1                      cyc=158 op=IK_RANDOM        instr=0xcc6edc5f sel=6 -> imm=0x00000000
[PASS] seq=crv_seq_1                      cyc=159 op=IK_RANDOM        instr=0xf2fc8a32 sel=0 -> imm=0xffffff2f
[PASS] seq=crv_seq_1                      cyc=160 op=IK_S_TYPE        instr=0x05c160a3 sel=1 -> imm=0x00000041
[PASS] seq=crv_seq_1                      cyc=161 op=IK_S_TYPE        instr=0xf3919a62 sel=1 -> imm=0xffffff34
[PASS] seq=crv_seq_1                      cyc=162 op=IK_BOUNDARY_MAX  instr=0x7fffffff sel=3 -> imm=0x7ffff000
[PASS] seq=crv_seq_1                      cyc=163 op=IK_B_TYPE        instr=0xe1b3b760 sel=2 -> imm=0xfffff60e
[PASS] seq=crv_seq_1                      cyc=164 op=IK_J_TYPE        instr=0x09c5cc11 sel=4 -> imm=0x0005c09c
[PASS] seq=crv_seq_1                      cyc=165 op=IK_B_TYPE        instr=0x2fd2a0ff sel=2 -> imm=0x00000ae0
[PASS] seq=crv_seq_1                      cyc=166 op=IK_U_TYPE        instr=0x08e87b5a sel=3 -> imm=0x08e87000
[PASS] seq=crv_seq_1                      cyc=167 op=IK_U_TYPE        instr=0x20ac2d32 sel=3 -> imm=0x20ac2000
[PASS] seq=crv_seq_1                      cyc=168 op=IK_J_TYPE        instr=0x1464d1d5 sel=4 -> imm=0x0004d146
[PASS] seq=crv_seq_1                      cyc=169 op=IK_U_TYPE        instr=0xdb6537aa sel=3 -> imm=0xdb653000
[PASS] seq=crv_seq_1                      cyc=170 op=IK_RANDOM        instr=0x3a5ea8d6 sel=1 -> imm=0x000003b1
[PASS] seq=crv_seq_1                      cyc=171 op=IK_BOUNDARY_MIN  instr=0xb5bf30db sel=3 -> imm=0xb5bf3000
[PASS] seq=crv_seq_1                      cyc=172 op=IK_B_TYPE        instr=0x52dd7806 sel=2 -> imm=0x00000530
[PASS] seq=crv_seq_1                      cyc=173 op=IK_RANDOM        instr=0x41ad05b0 sel=4 -> imm=0x000d041a
[PASS] seq=crv_seq_1                      cyc=174 op=IK_I_TYPE        instr=0xbe8378af sel=0 -> imm=0xfffffbe8
[PASS] seq=crv_seq_1                      cyc=175 op=IK_I_TYPE        instr=0x4091f43d sel=0 -> imm=0x00000409
[PASS] seq=crv_seq_1                      cyc=176 op=IK_RANDOM        instr=0xcece2a04 sel=3 -> imm=0xcece2000
[PASS] seq=crv_seq_1                      cyc=177 op=IK_NONE_TYPE     instr=0xa2dfaff8 sel=6 -> imm=0x00000000
[PASS] seq=crv_seq_1                      cyc=178 op=IK_J_TYPE        instr=0xa87944e7 sel=4 -> imm=0xfff94a86
[PASS] seq=crv_seq_1                      cyc=179 op=IK_S_TYPE        instr=0x66db2f6f sel=1 -> imm=0x0000067e
[PASS] seq=crv_seq_1                      cyc=180 op=IK_RANDOM        instr=0x9bac9226 sel=5 -> imm=0x00000019
[PASS] seq=crv_seq_1                      cyc=181 op=IK_RANDOM        instr=0xae21d691 sel=3 -> imm=0xae21d000
[PASS] seq=crv_seq_1                      cyc=182 op=IK_BOUNDARY_MIN  instr=0xaac427a0 sel=6 -> imm=0x00000000
[PASS] seq=crv_seq_1                      cyc=183 op=IK_CSR_TYPE      instr=0xddcd4c75 sel=5 -> imm=0x0000001a
[PASS] seq=crv_seq_1                      cyc=184 op=IK_J_TYPE        instr=0x3639d799 sel=4 -> imm=0x0009db62
[PASS] seq=crv_seq_1                      cyc=185 op=IK_S_TYPE        instr=0x54ffa674 sel=1 -> imm=0x0000054c
[PASS] seq=crv_seq_1                      cyc=186 op=IK_CSR_TYPE      instr=0x01ddfd97 sel=5 -> imm=0x0000001b
[PASS] seq=crv_seq_1                      cyc=187 op=IK_RANDOM        instr=0x4ee3ece1 sel=1 -> imm=0x000004f9
[PASS] seq=crv_seq_1                      cyc=188 op=IK_RANDOM        instr=0xcc515792 sel=4 -> imm=0xfff15cc4
[PASS] seq=crv_seq_1                      cyc=189 op=IK_J_TYPE        instr=0xcb268fa0 sel=4 -> imm=0xfff684b2
[PASS] seq=crv_seq_1                      cyc=190 op=IK_S_TYPE        instr=0x7b30e3d4 sel=1 -> imm=0x000007a7
[PASS] seq=crv_seq_1                      cyc=191 op=IK_NONE_TYPE     instr=0x394da6aa sel=6 -> imm=0x00000000
[PASS] seq=crv_seq_1                      cyc=192 op=IK_J_TYPE        instr=0xfacd36e1 sel=4 -> imm=0xfffd37ac
[PASS] seq=crv_seq_1                      cyc=193 op=IK_U_TYPE        instr=0xd8184375 sel=3 -> imm=0xd8184000
[PASS] seq=crv_seq_1                      cyc=194 op=IK_RANDOM        instr=0x02467e72 sel=2 -> imm=0x0000003c
[PASS] seq=crv_seq_1                      cyc=195 op=IK_U_TYPE        instr=0xb700c320 sel=3 -> imm=0xb700c000
[PASS] seq=crv_seq_1                      cyc=196 op=IK_U_TYPE        instr=0xb13d671d sel=3 -> imm=0xb13d6000
[PASS] seq=crv_seq_1                      cyc=197 op=IK_I_TYPE        instr=0xbe11b88a sel=0 -> imm=0xfffffbe1
[PASS] seq=crv_seq_1                      cyc=198 op=IK_B_TYPE        instr=0x022208c5 sel=2 -> imm=0x00000830
[PASS] seq=crv_seq_1                      cyc=199 op=IK_J_TYPE        instr=0x2758a3d5 sel=4 -> imm=0x0008aa74
[PASS] seq=crv_seq_2                      cyc=0 op=IK_RANDOM        instr=0x52549f5b sel=0 -> imm=0x00000525
[PASS] seq=crv_seq_2                      cyc=1 op=IK_RANDOM        instr=0xf254888d sel=0 -> imm=0xffffff25
[PASS] seq=crv_seq_2                      cyc=2 op=IK_I_TYPE        instr=0xa75de6c2 sel=0 -> imm=0xfffffa75
[PASS] seq=crv_seq_2                      cyc=3 op=IK_S_TYPE        instr=0xba715f22 sel=1 -> imm=0xfffffbbe
[PASS] seq=crv_seq_2                      cyc=4 op=IK_CSR_TYPE      instr=0x9ce5b816 sel=5 -> imm=0x0000000b
[PASS] seq=crv_seq_2                      cyc=5 op=IK_RANDOM        instr=0x90ecfdda sel=2 -> imm=0xfffff91a
[PASS] seq=crv_seq_2                      cyc=6 op=IK_I_TYPE        instr=0xa7d872ca sel=0 -> imm=0xfffffa7d
[PASS] seq=crv_seq_2                      cyc=7 op=IK_B_TYPE        instr=0x1eacefae sel=2 -> imm=0x000009fe
[PASS] seq=crv_seq_2                      cyc=8 op=IK_J_TYPE        instr=0x3616769b sel=4 -> imm=0x00067b60
[PASS] seq=crv_seq_2                      cyc=9 op=IK_S_TYPE        instr=0x7fe965e3 sel=1 -> imm=0x000007eb
[PASS] seq=crv_seq_2                      cyc=10 op=IK_RANDOM        instr=0xab166975 sel=0 -> imm=0xfffffab1
[PASS] seq=crv_seq_2                      cyc=11 op=IK_J_TYPE        instr=0xf6bd086b sel=4 -> imm=0xfffd0f6a
[PASS] seq=crv_seq_2                      cyc=12 op=IK_J_TYPE        instr=0x19608ce6 sel=4 -> imm=0x00008196
[PASS] seq=crv_seq_2                      cyc=13 op=IK_RANDOM        instr=0x2bddd41e sel=4 -> imm=0x000ddabc
[PASS] seq=crv_seq_2                      cyc=14 op=IK_J_TYPE        instr=0x2f966d3d sel=4 -> imm=0x00066af8
[PASS] seq=crv_seq_2                      cyc=15 op=IK_S_TYPE        instr=0x2e6bdcc9 sel=1 -> imm=0x000002f9
[PASS] seq=crv_seq_2                      cyc=16 op=IK_J_TYPE        instr=0x5a7be7ac sel=4 -> imm=0x000beda6
[PASS] seq=crv_seq_2                      cyc=17 op=IK_I_TYPE        instr=0xa37bb801 sel=0 -> imm=0xfffffa37
[PASS] seq=crv_seq_2                      cyc=18 op=IK_I_TYPE        instr=0x905d31c3 sel=0 -> imm=0xfffff905
[PASS] seq=crv_seq_2                      cyc=19 op=IK_B_TYPE        instr=0x36830b44 sel=2 -> imm=0x00000376
[PASS] seq=crv_seq_2                      cyc=20 op=IK_RANDOM        instr=0xee9d9d04 sel=5 -> imm=0x0000001b
[PASS] seq=crv_seq_2                      cyc=21 op=IK_RANDOM        instr=0x4e6d3f2b sel=6 -> imm=0x00000000
[PASS] seq=crv_seq_2                      cyc=22 op=IK_I_TYPE        instr=0x7c33ee5b sel=0 -> imm=0x000007c3
[PASS] seq=crv_seq_2                      cyc=23 op=IK_RANDOM        instr=0x3bd4ec0b sel=0 -> imm=0x000003bd
[PASS] seq=crv_seq_2                      cyc=24 op=IK_S_TYPE        instr=0x7ce22f64 sel=1 -> imm=0x000007de
[PASS] seq=crv_seq_2                      cyc=25 op=IK_U_TYPE        instr=0x88265c01 sel=3 -> imm=0x88265000
[PASS] seq=crv_seq_2                      cyc=26 op=IK_BOUNDARY_MIN  instr=0xb51ca3cc sel=0 -> imm=0xfffffb51
[PASS] seq=crv_seq_2                      cyc=27 op=IK_S_TYPE        instr=0x84a32a44 sel=1 -> imm=0xfffff854
[PASS] seq=crv_seq_2                      cyc=28 op=IK_S_TYPE        instr=0xac52c895 sel=1 -> imm=0xfffffad1
[PASS] seq=crv_seq_2                      cyc=29 op=IK_NONE_TYPE     instr=0x9aa7705d sel=6 -> imm=0x00000000
[PASS] seq=crv_seq_2                      cyc=30 op=IK_I_TYPE        instr=0x0ae3a4d3 sel=0 -> imm=0x000000ae
[PASS] seq=crv_seq_2                      cyc=31 op=IK_BOUNDARY_MAX  instr=0x7fffffff sel=5 -> imm=0x0000001f
[PASS] seq=crv_seq_2                      cyc=32 op=IK_RANDOM        instr=0x1273cb21 sel=6 -> imm=0x00000000
[PASS] seq=crv_seq_2                      cyc=33 op=IK_CSR_TYPE      instr=0x685bd109 sel=5 -> imm=0x00000017
[PASS] seq=crv_seq_2                      cyc=34 op=IK_RANDOM        instr=0x7152fad6 sel=4 -> imm=0x0002ff14
[PASS] seq=crv_seq_2                      cyc=35 op=IK_S_TYPE        instr=0x9adc85ce sel=1 -> imm=0xfffff9ab
[PASS] seq=crv_seq_2                      cyc=36 op=IK_BOUNDARY_MIN  instr=0x9dbe0fc8 sel=0 -> imm=0xfffff9db
[PASS] seq=crv_seq_2                      cyc=37 op=IK_I_TYPE        instr=0x463fe873 sel=0 -> imm=0x00000463
[PASS] seq=crv_seq_2                      cyc=38 op=IK_B_TYPE        instr=0x93d91fd1 sel=2 -> imm=0xfffff93e
[PASS] seq=crv_seq_2                      cyc=39 op=IK_J_TYPE        instr=0xcd02638c sel=4 -> imm=0xfff264d0
[PASS] seq=crv_seq_2                      cyc=40 op=IK_S_TYPE        instr=0x546e7fac sel=1 -> imm=0x0000055f
[PASS] seq=crv_seq_2                      cyc=41 op=IK_BOUNDARY_MIN  instr=0x8a864b2c sel=1 -> imm=0xfffff8b6
[PASS] seq=crv_seq_2                      cyc=42 op=IK_J_TYPE        instr=0x3c33d345 sel=4 -> imm=0x0003dbc2
[PASS] seq=crv_seq_2                      cyc=43 op=IK_RANDOM        instr=0x23808e4e sel=0 -> imm=0x00000238
[PASS] seq=crv_seq_2                      cyc=44 op=IK_I_TYPE        instr=0x0d79780e sel=0 -> imm=0x000000d7
[PASS] seq=crv_seq_2                      cyc=45 op=IK_BOUNDARY_MIN  instr=0x9293e6d1 sel=2 -> imm=0xfffff92c
[PASS] seq=crv_seq_2                      cyc=46 op=IK_RANDOM        instr=0xddb74114 sel=2 -> imm=0xfffff5c2
[PASS] seq=crv_seq_2                      cyc=47 op=IK_I_TYPE        instr=0xd46b18d4 sel=0 -> imm=0xfffffd46
[PASS] seq=crv_seq_2                      cyc=48 op=IK_RANDOM        instr=0x0756df67 sel=5 -> imm=0x0000000d
[PASS] seq=crv_seq_2                      cyc=49 op=IK_U_TYPE        instr=0x156eee95 sel=3 -> imm=0x156ee000
[PASS] seq=crv_seq_2                      cyc=50 op=IK_NONE_TYPE     instr=0x6c4b3f7f sel=6 -> imm=0x00000000
[PASS] seq=crv_seq_2                      cyc=51 op=IK_RANDOM        instr=0xef50e527 sel=4 -> imm=0xfff0eef4
[PASS] seq=crv_seq_2                      cyc=52 op=IK_I_TYPE        instr=0xa48e8e64 sel=0 -> imm=0xfffffa48
[PASS] seq=crv_seq_2                      cyc=53 op=IK_RANDOM        instr=0xf6cadea4 sel=1 -> imm=0xffffff7d
[PASS] seq=crv_seq_2                      cyc=54 op=IK_B_TYPE        instr=0x906489ff sel=2 -> imm=0xfffff912
[PASS] seq=crv_seq_2                      cyc=55 op=IK_CSR_TYPE      instr=0x1a22a6df sel=5 -> imm=0x00000005
[PASS] seq=crv_seq_2                      cyc=56 op=IK_I_TYPE        instr=0xb17ac8d4 sel=0 -> imm=0xfffffb17
[PASS] seq=crv_seq_2                      cyc=57 op=IK_B_TYPE        instr=0x8905430b sel=2 -> imm=0xfffff086
[PASS] seq=crv_seq_2                      cyc=58 op=IK_J_TYPE        instr=0xe0ad447f sel=4 -> imm=0xfffd460a
[PASS] seq=crv_seq_2                      cyc=59 op=IK_RANDOM        instr=0x9ba78250 sel=3 -> imm=0x9ba78000
[PASS] seq=crv_seq_2                      cyc=60 op=IK_CSR_TYPE      instr=0x28f6f060 sel=5 -> imm=0x0000000d
[PASS] seq=crv_seq_2                      cyc=61 op=IK_BOUNDARY_MIN  instr=0xe77e2210 sel=5 -> imm=0x0000001c
[PASS] seq=crv_seq_2                      cyc=62 op=IK_U_TYPE        instr=0x9b8d7b8d sel=3 -> imm=0x9b8d7000
[PASS] seq=crv_seq_2                      cyc=63 op=IK_S_TYPE        instr=0x483b81d1 sel=1 -> imm=0x00000483
[PASS] seq=crv_seq_2                      cyc=64 op=IK_U_TYPE        instr=0xe16b3cd2 sel=3 -> imm=0xe16b3000
[PASS] seq=crv_seq_2                      cyc=65 op=IK_S_TYPE        instr=0xbd617be4 sel=1 -> imm=0xfffffbd7
[PASS] seq=crv_seq_2                      cyc=66 op=IK_I_TYPE        instr=0xb12ef06a sel=0 -> imm=0xfffffb12
[PASS] seq=crv_seq_2                      cyc=67 op=IK_RANDOM        instr=0x638d4a24 sel=2 -> imm=0x00000634
[PASS] seq=crv_seq_2                      cyc=68 op=IK_U_TYPE        instr=0x7f82f140 sel=3 -> imm=0x7f82f000
[PASS] seq=crv_seq_2                      cyc=69 op=IK_U_TYPE        instr=0xa2f0ba32 sel=3 -> imm=0xa2f0b000
[PASS] seq=crv_seq_2                      cyc=70 op=IK_CSR_TYPE      instr=0x2eff0e49 sel=5 -> imm=0x0000001e
[PASS] seq=crv_seq_2                      cyc=71 op=IK_RANDOM        instr=0x3d4f0791 sel=5 -> imm=0x0000001e
[PASS] seq=crv_seq_2                      cyc=72 op=IK_CSR_TYPE      instr=0x14e73133 sel=5 -> imm=0x0000000e
[PASS] seq=crv_seq_2                      cyc=73 op=IK_CSR_TYPE      instr=0x00679f77 sel=5 -> imm=0x0000000f
[PASS] seq=crv_seq_2                      cyc=74 op=IK_U_TYPE        instr=0xf6fc43b6 sel=3 -> imm=0xf6fc4000
[PASS] seq=crv_seq_2                      cyc=75 op=IK_S_TYPE        instr=0xeeb1b9f4 sel=1 -> imm=0xfffffef3
[PASS] seq=crv_seq_2                      cyc=76 op=IK_I_TYPE        instr=0x3e65e9b5 sel=0 -> imm=0x000003e6
[PASS] seq=crv_seq_2                      cyc=77 op=IK_BOUNDARY_MIN  instr=0x96ca8adb sel=5 -> imm=0x00000015
[PASS] seq=crv_seq_2                      cyc=78 op=IK_B_TYPE        instr=0x366227c5 sel=2 -> imm=0x00000b6e
[PASS] seq=crv_seq_2                      cyc=79 op=IK_BOUNDARY_ZERO instr=0x00000000 sel=5 -> imm=0x00000000
[PASS] seq=crv_seq_2                      cyc=80 op=IK_BOUNDARY_MAX  instr=0x7fffffff sel=6 -> imm=0x00000000
[PASS] seq=crv_seq_2                      cyc=81 op=IK_U_TYPE        instr=0x7809768e sel=3 -> imm=0x78097000
[PASS] seq=crv_seq_2                      cyc=82 op=IK_RANDOM        instr=0xd70f9ea7 sel=2 -> imm=0xfffffd7c
[PASS] seq=crv_seq_2                      cyc=83 op=IK_J_TYPE        instr=0xa3adcdb0 sel=4 -> imm=0xfffdc23a
[PASS] seq=crv_seq_2                      cyc=84 op=IK_CSR_TYPE      instr=0x8c307ebc sel=5 -> imm=0x00000000
[PASS] seq=crv_seq_2                      cyc=85 op=IK_BOUNDARY_MAX  instr=0x7fffffff sel=1 -> imm=0x000007ff
[PASS] seq=crv_seq_2                      cyc=86 op=IK_CSR_TYPE      instr=0x8481275c sel=5 -> imm=0x00000002
[PASS] seq=crv_seq_2                      cyc=87 op=IK_RANDOM        instr=0xefc3a93d sel=3 -> imm=0xefc3a000
[PASS] seq=crv_seq_2                      cyc=88 op=IK_NONE_TYPE     instr=0x39e4a715 sel=6 -> imm=0x00000000
[PASS] seq=crv_seq_2                      cyc=89 op=IK_B_TYPE        instr=0xe21e5dc6 sel=2 -> imm=0xfffffe3a
[PASS] seq=crv_seq_2                      cyc=90 op=IK_U_TYPE        instr=0xde75db86 sel=3 -> imm=0xde75d000
[PASS] seq=crv_seq_2                      cyc=91 op=IK_S_TYPE        instr=0xfff5c246 sel=1 -> imm=0xffffffe4
[PASS] seq=crv_seq_2                      cyc=92 op=IK_U_TYPE        instr=0x832d7ff5 sel=3 -> imm=0x832d7000
[PASS] seq=crv_seq_2                      cyc=93 op=IK_I_TYPE        instr=0x00a87ec4 sel=0 -> imm=0x0000000a
[PASS] seq=crv_seq_2                      cyc=94 op=IK_S_TYPE        instr=0xdc769459 sel=1 -> imm=0xfffffdc8
[PASS] seq=crv_seq_2                      cyc=95 op=IK_J_TYPE        instr=0x9ab98604 sel=4 -> imm=0xfff989aa
[PASS] seq=crv_seq_2                      cyc=96 op=IK_I_TYPE        instr=0x7c9034a3 sel=0 -> imm=0x000007c9
[PASS] seq=crv_seq_2                      cyc=97 op=IK_B_TYPE        instr=0x46176432 sel=2 -> imm=0x00000468
[PASS] seq=crv_seq_2                      cyc=98 op=IK_BOUNDARY_MAX  instr=0x7fffffff sel=6 -> imm=0x00000000
[PASS] seq=crv_seq_2                      cyc=99 op=IK_RANDOM        instr=0xcded2d3d sel=1 -> imm=0xfffffcda
[PASS] seq=crv_seq_2                      cyc=100 op=IK_B_TYPE        instr=0x2a0262a8 sel=2 -> imm=0x00000aa4
[PASS] seq=crv_seq_2                      cyc=101 op=IK_U_TYPE        instr=0x4f3e1c68 sel=3 -> imm=0x4f3e1000
[PASS] seq=crv_seq_2                      cyc=102 op=IK_NONE_TYPE     instr=0xb00845c2 sel=6 -> imm=0x00000000
[PASS] seq=crv_seq_2                      cyc=103 op=IK_NONE_TYPE     instr=0x497b8a6b sel=6 -> imm=0x00000000
[PASS] seq=crv_seq_2                      cyc=104 op=IK_U_TYPE        instr=0x10ce94e0 sel=3 -> imm=0x10ce9000
[PASS] seq=crv_seq_2                      cyc=105 op=IK_RANDOM        instr=0x9f89dbb4 sel=1 -> imm=0xfffff9f7
[PASS] seq=crv_seq_2                      cyc=106 op=IK_CSR_TYPE      instr=0xe36b43d1 sel=5 -> imm=0x00000016
[PASS] seq=crv_seq_2                      cyc=107 op=IK_J_TYPE        instr=0x04e6e65a sel=4 -> imm=0x0006e04e
[PASS] seq=crv_seq_2                      cyc=108 op=IK_I_TYPE        instr=0x5f1f5b25 sel=0 -> imm=0x000005f1
[PASS] seq=crv_seq_2                      cyc=109 op=IK_I_TYPE        instr=0xb0520bf3 sel=0 -> imm=0xfffffb05
[PASS] seq=crv_seq_2                      cyc=110 op=IK_S_TYPE        instr=0xe67a3036 sel=1 -> imm=0xfffffe60
[PASS] seq=crv_seq_2                      cyc=111 op=IK_I_TYPE        instr=0x0009527d sel=0 -> imm=0x00000000
[PASS] seq=crv_seq_2                      cyc=112 op=IK_RANDOM        instr=0x33f3930a sel=0 -> imm=0x0000033f
[PASS] seq=crv_seq_2                      cyc=113 op=IK_RANDOM        instr=0xb17af810 sel=3 -> imm=0xb17af000
[PASS] seq=crv_seq_2                      cyc=114 op=IK_BOUNDARY_ZERO instr=0x00000000 sel=1 -> imm=0x00000000
[PASS] seq=crv_seq_2                      cyc=115 op=IK_U_TYPE        instr=0x953711a3 sel=3 -> imm=0x95371000
[PASS] seq=crv_seq_2                      cyc=116 op=IK_RANDOM        instr=0x81a0437f sel=4 -> imm=0xfff0401a
[PASS] seq=crv_seq_2                      cyc=117 op=IK_BOUNDARY_MIN  instr=0xb3027111 sel=1 -> imm=0xfffffb22
[PASS] seq=crv_seq_2                      cyc=118 op=IK_B_TYPE        instr=0x782eebc6 sel=2 -> imm=0x00000f96
[PASS] seq=crv_seq_2                      cyc=119 op=IK_NONE_TYPE     instr=0x91b23bd6 sel=6 -> imm=0x00000000
[PASS] seq=crv_seq_2                      cyc=120 op=IK_RANDOM        instr=0xa2a8f791 sel=1 -> imm=0xfffffa2f
[PASS] seq=crv_seq_2                      cyc=121 op=IK_B_TYPE        instr=0x9ea2fbd9 sel=2 -> imm=0xfffff9f6
[PASS] seq=crv_seq_2                      cyc=122 op=IK_RANDOM        instr=0x4c1ca27e sel=1 -> imm=0x000004c4
[PASS] seq=crv_seq_2                      cyc=123 op=IK_RANDOM        instr=0xac3582e1 sel=5 -> imm=0x0000000b
[PASS] seq=crv_seq_2                      cyc=124 op=IK_BOUNDARY_ZERO instr=0x00000000 sel=5 -> imm=0x00000000
[PASS] seq=crv_seq_2                      cyc=125 op=IK_BOUNDARY_MIN  instr=0xf7f13f56 sel=3 -> imm=0xf7f13000
[PASS] seq=crv_seq_2                      cyc=126 op=IK_RANDOM        instr=0xbc41212f sel=6 -> imm=0x00000000
[PASS] seq=crv_seq_2                      cyc=127 op=IK_BOUNDARY_MIN  instr=0xbb166f38 sel=5 -> imm=0x0000000c
[PASS] seq=crv_seq_2                      cyc=128 op=IK_RANDOM        instr=0x6abc787d sel=5 -> imm=0x00000018
[PASS] seq=crv_seq_2                      cyc=129 op=IK_J_TYPE        instr=0x1384196c sel=4 -> imm=0x00041138
[PASS] seq=crv_seq_2                      cyc=130 op=IK_CSR_TYPE      instr=0x412f092e sel=5 -> imm=0x0000001e
[PASS] seq=crv_seq_2                      cyc=131 op=IK_J_TYPE        instr=0x2adb2d6f sel=4 -> imm=0x000b2aac
[PASS] seq=crv_seq_2                      cyc=132 op=IK_BOUNDARY_MIN  instr=0xe47dc7a7 sel=4 -> imm=0xfffdce46
[PASS] seq=crv_seq_2                      cyc=133 op=IK_I_TYPE        instr=0x22a9d917 sel=0 -> imm=0x0000022a
[PASS] seq=crv_seq_2                      cyc=134 op=IK_RANDOM        instr=0xebfc7427 sel=3 -> imm=0xebfc7000
[PASS] seq=crv_seq_2                      cyc=135 op=IK_U_TYPE        instr=0x0845b0ca sel=3 -> imm=0x0845b000
[PASS] seq=crv_seq_2                      cyc=136 op=IK_BOUNDARY_MIN  instr=0xbec8c2a9 sel=4 -> imm=0xfff8c3ec
[PASS] seq=crv_seq_2                      cyc=137 op=IK_S_TYPE        instr=0x981f5e7d sel=1 -> imm=0xfffff99c
[PASS] seq=crv_seq_2                      cyc=138 op=IK_J_TYPE        instr=0x83c8f9bb sel=4 -> imm=0xfff8f03c
[PASS] seq=crv_seq_2                      cyc=139 op=IK_I_TYPE        instr=0x72ffd522 sel=0 -> imm=0x0000072f
[PASS] seq=crv_seq_2                      cyc=140 op=IK_U_TYPE        instr=0x290ba1cc sel=3 -> imm=0x290ba000
[PASS] seq=crv_seq_2                      cyc=141 op=IK_RANDOM        instr=0x475791d2 sel=4 -> imm=0x00079c74
[PASS] seq=crv_seq_2                      cyc=142 op=IK_RANDOM        instr=0xab7fd20d sel=4 -> imm=0xffffdab6
[PASS] seq=crv_seq_2                      cyc=143 op=IK_U_TYPE        instr=0x25d0a8d0 sel=3 -> imm=0x25d0a000
[PASS] seq=crv_seq_2                      cyc=144 op=IK_CSR_TYPE      instr=0x01370f8d sel=5 -> imm=0x0000000e
[PASS] seq=crv_seq_2                      cyc=145 op=IK_BOUNDARY_MIN  instr=0xdc7ebeef sel=5 -> imm=0x0000001d
[PASS] seq=crv_seq_2                      cyc=146 op=IK_S_TYPE        instr=0x703bdb76 sel=1 -> imm=0x00000716
[PASS] seq=crv_seq_2                      cyc=147 op=IK_S_TYPE        instr=0x1e4f2ae5 sel=1 -> imm=0x000001f5
[PASS] seq=crv_seq_2                      cyc=148 op=IK_CSR_TYPE      instr=0x153d3ff1 sel=5 -> imm=0x0000001a
[PASS] seq=crv_seq_2                      cyc=149 op=IK_J_TYPE        instr=0x0024451d sel=4 -> imm=0x00044002
[PASS] seq=crv_seq_2                      cyc=150 op=IK_I_TYPE        instr=0x7d4128b2 sel=0 -> imm=0x000007d4
[PASS] seq=crv_seq_2                      cyc=151 op=IK_U_TYPE        instr=0x33e2b81c sel=3 -> imm=0x33e2b000
[PASS] seq=crv_seq_2                      cyc=152 op=IK_I_TYPE        instr=0x81888cb5 sel=0 -> imm=0xfffff818
[PASS] seq=crv_seq_2                      cyc=153 op=IK_J_TYPE        instr=0x38405208 sel=4 -> imm=0x00005384
[PASS] seq=crv_seq_2                      cyc=154 op=IK_J_TYPE        instr=0xbd85be08 sel=4 -> imm=0xfff5b3d8
[PASS] seq=crv_seq_2                      cyc=155 op=IK_RANDOM        instr=0x9e33ecdf sel=0 -> imm=0xfffff9e3
[PASS] seq=crv_seq_2                      cyc=156 op=IK_B_TYPE        instr=0xdc2b30eb sel=2 -> imm=0xfffffdc0
[PASS] seq=crv_seq_2                      cyc=157 op=IK_U_TYPE        instr=0x0c62f246 sel=3 -> imm=0x0c62f000
[PASS] seq=crv_seq_2                      cyc=158 op=IK_S_TYPE        instr=0x2759ea3b sel=1 -> imm=0x00000274
[PASS] seq=crv_seq_2                      cyc=159 op=IK_RANDOM        instr=0xe517c781 sel=6 -> imm=0x00000000
[PASS] seq=crv_seq_2                      cyc=160 op=IK_RANDOM        instr=0xb69824b2 sel=4 -> imm=0xfff82b68
[PASS] seq=crv_seq_2                      cyc=161 op=IK_BOUNDARY_MAX  instr=0x7fffffff sel=2 -> imm=0x00000ffe
[PASS] seq=crv_seq_2                      cyc=162 op=IK_CSR_TYPE      instr=0x45108ebc sel=5 -> imm=0x00000001
[PASS] seq=crv_seq_2                      cyc=163 op=IK_RANDOM        instr=0x2d23eabe sel=0 -> imm=0x000002d2
[PASS] seq=crv_seq_2                      cyc=164 op=IK_BOUNDARY_MIN  instr=0xf39387a1 sel=5 -> imm=0x00000007
[PASS] seq=crv_seq_2                      cyc=165 op=IK_B_TYPE        instr=0xb849b25a sel=2 -> imm=0xfffff384
[PASS] seq=crv_seq_2                      cyc=166 op=IK_NONE_TYPE     instr=0x57d92cde sel=6 -> imm=0x00000000
[PASS] seq=crv_seq_2                      cyc=167 op=IK_I_TYPE        instr=0xdad92676 sel=0 -> imm=0xfffffdad
[PASS] seq=crv_seq_2                      cyc=168 op=IK_U_TYPE        instr=0xeea0951f sel=3 -> imm=0xeea09000
[PASS] seq=crv_seq_2                      cyc=169 op=IK_BOUNDARY_ZERO instr=0x00000000 sel=5 -> imm=0x00000000
[PASS] seq=crv_seq_2                      cyc=170 op=IK_U_TYPE        instr=0x440d78dd sel=3 -> imm=0x440d7000
[PASS] seq=crv_seq_2                      cyc=171 op=IK_BOUNDARY_MAX  instr=0x7fffffff sel=6 -> imm=0x00000000
[PASS] seq=crv_seq_2                      cyc=172 op=IK_I_TYPE        instr=0x910be950 sel=0 -> imm=0xfffff910
[PASS] seq=crv_seq_2                      cyc=173 op=IK_U_TYPE        instr=0xec6d4210 sel=3 -> imm=0xec6d4000
[PASS] seq=crv_seq_2                      cyc=174 op=IK_B_TYPE        instr=0x6f48903c sel=2 -> imm=0x000006e0
[PASS] seq=crv_seq_2                      cyc=175 op=IK_RANDOM        instr=0xce4083b8 sel=6 -> imm=0x00000000
[PASS] seq=crv_seq_2                      cyc=176 op=IK_RANDOM        instr=0xbac43cdd sel=6 -> imm=0x00000000
[PASS] seq=crv_seq_2                      cyc=177 op=IK_BOUNDARY_MAX  instr=0x7fffffff sel=5 -> imm=0x0000001f
[PASS] seq=crv_seq_2                      cyc=178 op=IK_NONE_TYPE     instr=0x9bc82b4e sel=6 -> imm=0x00000000
[PASS] seq=crv_seq_2                      cyc=179 op=IK_RANDOM        instr=0x244e077b sel=5 -> imm=0x0000001c
[PASS] seq=crv_seq_2                      cyc=180 op=IK_I_TYPE        instr=0x610937c9 sel=0 -> imm=0x00000610
[PASS] seq=crv_seq_2                      cyc=181 op=IK_B_TYPE        instr=0xfef607ad sel=2 -> imm=0xffffffee
[PASS] seq=crv_seq_2                      cyc=182 op=IK_I_TYPE        instr=0x1d3b78d1 sel=0 -> imm=0x000001d3
[PASS] seq=crv_seq_2                      cyc=183 op=IK_J_TYPE        instr=0xed4c3f87 sel=4 -> imm=0xfffc36d4
[PASS] seq=crv_seq_2                      cyc=184 op=IK_RANDOM        instr=0x1ec14628 sel=3 -> imm=0x1ec14000
[PASS] seq=crv_seq_2                      cyc=185 op=IK_J_TYPE        instr=0x23994c0c sel=4 -> imm=0x00094a38
[PASS] seq=crv_seq_2                      cyc=186 op=IK_S_TYPE        instr=0xde7a2b60 sel=1 -> imm=0xfffffdf6
[PASS] seq=crv_seq_2                      cyc=187 op=IK_NONE_TYPE     instr=0x3ed4950d sel=6 -> imm=0x00000000
[PASS] seq=crv_seq_2                      cyc=188 op=IK_NONE_TYPE     instr=0x5bf8e708 sel=6 -> imm=0x00000000
[PASS] seq=crv_seq_2                      cyc=189 op=IK_B_TYPE        instr=0x6f8bf1bf sel=2 -> imm=0x00000ee2
[PASS] seq=crv_seq_2                      cyc=190 op=IK_CSR_TYPE      instr=0x6223fb5c sel=5 -> imm=0x00000007
[PASS] seq=crv_seq_2                      cyc=191 op=IK_S_TYPE        instr=0x3fa038ed sel=1 -> imm=0x000003f1
[PASS] seq=crv_seq_2                      cyc=192 op=IK_NONE_TYPE     instr=0xda4100c6 sel=6 -> imm=0x00000000
[PASS] seq=crv_seq_2                      cyc=193 op=IK_CSR_TYPE      instr=0xe3f7f104 sel=5 -> imm=0x0000000f
[PASS] seq=crv_seq_2                      cyc=194 op=IK_B_TYPE        instr=0xaea0623e sel=2 -> imm=0xfffff2e4
[PASS] seq=crv_seq_2                      cyc=195 op=IK_CSR_TYPE      instr=0x7e67c43e sel=5 -> imm=0x0000000f
[PASS] seq=crv_seq_2                      cyc=196 op=IK_CSR_TYPE      instr=0xe54185c9 sel=5 -> imm=0x00000003
[PASS] seq=crv_seq_2                      cyc=197 op=IK_RANDOM        instr=0x1f36a887 sel=4 -> imm=0x0006a9f2
[PASS] seq=crv_seq_2                      cyc=198 op=IK_J_TYPE        instr=0x6ba5e95d sel=4 -> imm=0x0005e6ba
[PASS] seq=crv_seq_2                      cyc=199 op=IK_BOUNDARY_MAX  instr=0x7fffffff sel=2 -> imm=0x00000ffe
[PASS] seq=crv_seq_3                      cyc=0 op=IK_NONE_TYPE     instr=0x3a724533 sel=6 -> imm=0x00000000
[PASS] seq=crv_seq_3                      cyc=1 op=IK_U_TYPE        instr=0xf604b2a9 sel=3 -> imm=0xf604b000
[PASS] seq=crv_seq_3                      cyc=2 op=IK_S_TYPE        instr=0x24d15feb sel=1 -> imm=0x0000025f
[PASS] seq=crv_seq_3                      cyc=3 op=IK_U_TYPE        instr=0xa40d0701 sel=3 -> imm=0xa40d0000
[PASS] seq=crv_seq_3                      cyc=4 op=IK_NONE_TYPE     instr=0xb5eedcf6 sel=6 -> imm=0x00000000
[PASS] seq=crv_seq_3                      cyc=5 op=IK_B_TYPE        instr=0x10f8da6e sel=2 -> imm=0x00000114
[PASS] seq=crv_seq_3                      cyc=6 op=IK_BOUNDARY_MAX  instr=0x7fffffff sel=3 -> imm=0x7ffff000
[PASS] seq=crv_seq_3                      cyc=7 op=IK_I_TYPE        instr=0x7f893426 sel=0 -> imm=0x000007f8
[PASS] seq=crv_seq_3                      cyc=8 op=IK_CSR_TYPE      instr=0x7819bbf8 sel=5 -> imm=0x00000013
[PASS] seq=crv_seq_3                      cyc=9 op=IK_I_TYPE        instr=0x7a740337 sel=0 -> imm=0x000007a7
[PASS] seq=crv_seq_3                      cyc=10 op=IK_RANDOM        instr=0x6880879c sel=2 -> imm=0x00000e8e
[PASS] seq=crv_seq_3                      cyc=11 op=IK_RANDOM        instr=0xe9a23f74 sel=2 -> imm=0xfffff69e
[PASS] seq=crv_seq_3                      cyc=12 op=IK_I_TYPE        instr=0xa9bbc1d2 sel=0 -> imm=0xfffffa9b
[PASS] seq=crv_seq_3                      cyc=13 op=IK_BOUNDARY_MIN  instr=0xc51507e5 sel=2 -> imm=0xfffffc4e
[PASS] seq=crv_seq_3                      cyc=14 op=IK_U_TYPE        instr=0xc7eee3de sel=3 -> imm=0xc7eee000
[PASS] seq=crv_seq_3                      cyc=15 op=IK_B_TYPE        instr=0xc7bd6cc4 sel=2 -> imm=0xfffffc78
[PASS] seq=crv_seq_3                      cyc=16 op=IK_RANDOM        instr=0xf7609f37 sel=3 -> imm=0xf7609000
[PASS] seq=crv_seq_3                      cyc=17 op=IK_U_TYPE        instr=0x26a406fe sel=3 -> imm=0x26a40000
[PASS] seq=crv_seq_3                      cyc=18 op=IK_BOUNDARY_ZERO instr=0x00000000 sel=0 -> imm=0x00000000
[PASS] seq=crv_seq_3                      cyc=19 op=IK_RANDOM        instr=0x84b097dc sel=1 -> imm=0xfffff84f
[PASS] seq=crv_seq_3                      cyc=20 op=IK_RANDOM        instr=0xbef7c2b6 sel=4 -> imm=0xfff7cbee
[PASS] seq=crv_seq_3                      cyc=21 op=IK_U_TYPE        instr=0xd4228653 sel=3 -> imm=0xd4228000
[PASS] seq=crv_seq_3                      cyc=22 op=IK_S_TYPE        instr=0xb80b3c9b sel=1 -> imm=0xfffffb99
[PASS] seq=crv_seq_3                      cyc=23 op=IK_I_TYPE        instr=0x51ba77ee sel=0 -> imm=0x0000051b
[PASS] seq=crv_seq_3                      cyc=24 op=IK_S_TYPE        instr=0xf5ef8af4 sel=1 -> imm=0xffffff55
[PASS] seq=crv_seq_3                      cyc=25 op=IK_CSR_TYPE      instr=0x32eed2b3 sel=5 -> imm=0x0000001d
[PASS] seq=crv_seq_3                      cyc=26 op=IK_J_TYPE        instr=0x1b571707 sel=4 -> imm=0x000719b4
[PASS] seq=crv_seq_3                      cyc=27 op=IK_I_TYPE        instr=0xf2249fa9 sel=0 -> imm=0xffffff22
[PASS] seq=crv_seq_3                      cyc=28 op=IK_CSR_TYPE      instr=0xf7666d16 sel=5 -> imm=0x0000000c
[PASS] seq=crv_seq_3                      cyc=29 op=IK_CSR_TYPE      instr=0x755eeed7 sel=5 -> imm=0x0000001d
[PASS] seq=crv_seq_3                      cyc=30 op=IK_NONE_TYPE     instr=0xc308d7cd sel=6 -> imm=0x00000000
[PASS] seq=crv_seq_3                      cyc=31 op=IK_RANDOM        instr=0xa6f44e13 sel=4 -> imm=0xfff44a6e
[PASS] seq=crv_seq_3                      cyc=32 op=IK_CSR_TYPE      instr=0x85c05b00 sel=5 -> imm=0x00000000
[PASS] seq=crv_seq_3                      cyc=33 op=IK_S_TYPE        instr=0x0266c1b1 sel=1 -> imm=0x00000023
[PASS] seq=crv_seq_3                      cyc=34 op=IK_BOUNDARY_MAX  instr=0x7fffffff sel=3 -> imm=0x7ffff000
[PASS] seq=crv_seq_3                      cyc=35 op=IK_J_TYPE        instr=0x30d5fa58 sel=4 -> imm=0x0005fb0c
[PASS] seq=crv_seq_3                      cyc=36 op=IK_J_TYPE        instr=0x55c1f061 sel=4 -> imm=0x0001f55c
[PASS] seq=crv_seq_3                      cyc=37 op=IK_U_TYPE        instr=0x29d9c4cd sel=3 -> imm=0x29d9c000
[PASS] seq=crv_seq_3                      cyc=38 op=IK_U_TYPE        instr=0xe315fad8 sel=3 -> imm=0xe315f000
[PASS] seq=crv_seq_3                      cyc=39 op=IK_RANDOM        instr=0x74969314 sel=0 -> imm=0x00000749
[PASS] seq=crv_seq_3                      cyc=40 op=IK_BOUNDARY_ZERO instr=0x00000000 sel=4 -> imm=0x00000000
[PASS] seq=crv_seq_3                      cyc=41 op=IK_I_TYPE        instr=0x10bd6e16 sel=0 -> imm=0x0000010b
[PASS] seq=crv_seq_3                      cyc=42 op=IK_I_TYPE        instr=0x798863cf sel=0 -> imm=0x00000798
[PASS] seq=crv_seq_3                      cyc=43 op=IK_BOUNDARY_MIN  instr=0xba6af2c9 sel=1 -> imm=0xfffffba5
[PASS] seq=crv_seq_3                      cyc=44 op=IK_I_TYPE        instr=0x5d1ccb86 sel=0 -> imm=0x000005d1
[PASS] seq=crv_seq_3                      cyc=45 op=IK_U_TYPE        instr=0xb4da7d26 sel=3 -> imm=0xb4da7000
[PASS] seq=crv_seq_3                      cyc=46 op=IK_S_TYPE        instr=0x2d3d4111 sel=1 -> imm=0x000002c2
[PASS] seq=crv_seq_3                      cyc=47 op=IK_S_TYPE        instr=0x86182949 sel=1 -> imm=0xfffff872
[PASS] seq=crv_seq_3                      cyc=48 op=IK_I_TYPE        instr=0xe1a0e9ab sel=0 -> imm=0xfffffe1a
[PASS] seq=crv_seq_3                      cyc=49 op=IK_CSR_TYPE      instr=0x246bc4e8 sel=5 -> imm=0x00000017
[PASS] seq=crv_seq_3                      cyc=50 op=IK_RANDOM        instr=0xa851d219 sel=3 -> imm=0xa851d000
[PASS] seq=crv_seq_3                      cyc=51 op=IK_CSR_TYPE      instr=0x35a83b22 sel=5 -> imm=0x00000010
[PASS] seq=crv_seq_3                      cyc=52 op=IK_RANDOM        instr=0xab85a230 sel=2 -> imm=0xfffff2a4
[PASS] seq=crv_seq_3                      cyc=53 op=IK_J_TYPE        instr=0x5cc0d9fe sel=4 -> imm=0x0000d5cc
[PASS] seq=crv_seq_3                      cyc=54 op=IK_CSR_TYPE      instr=0xc2c76776 sel=5 -> imm=0x0000000e
[PASS] seq=crv_seq_3                      cyc=55 op=IK_J_TYPE        instr=0x3c6f3a8d sel=4 -> imm=0x000f33c6
[PASS] seq=crv_seq_3                      cyc=56 op=IK_U_TYPE        instr=0xccb07d75 sel=3 -> imm=0xccb07000
[PASS] seq=crv_seq_3                      cyc=57 op=IK_CSR_TYPE      instr=0xc959ef25 sel=5 -> imm=0x00000013
[PASS] seq=crv_seq_3                      cyc=58 op=IK_S_TYPE        instr=0xbee8710a sel=1 -> imm=0xfffffbe2
[PASS] seq=crv_seq_3                      cyc=59 op=IK_CSR_TYPE      instr=0xaef5dc26 sel=5 -> imm=0x0000000b
[PASS] seq=crv_seq_3                      cyc=60 op=IK_CSR_TYPE      instr=0x9d4789da sel=5 -> imm=0x0000000f
[PASS] seq=crv_seq_3                      cyc=61 op=IK_BOUNDARY_MIN  instr=0xa609c844 sel=1 -> imm=0xfffffa70
[PASS] seq=crv_seq_3                      cyc=62 op=IK_RANDOM        instr=0xacf446df sel=2 -> imm=0xfffffacc
[PASS] seq=crv_seq_3                      cyc=63 op=IK_S_TYPE        instr=0x5ab627da sel=1 -> imm=0x000005af
[PASS] seq=crv_seq_3                      cyc=64 op=IK_RANDOM        instr=0x5acffecd sel=2 -> imm=0x00000dbc
[PASS] seq=crv_seq_3                      cyc=65 op=IK_I_TYPE        instr=0x2ddb5449 sel=0 -> imm=0x000002dd
[PASS] seq=crv_seq_3                      cyc=66 op=IK_J_TYPE        instr=0xa3be660d sel=4 -> imm=0xfffe6a3a
[PASS] seq=crv_seq_3                      cyc=67 op=IK_RANDOM        instr=0xdfd4e466 sel=2 -> imm=0xfffff5e8
[PASS] seq=crv_seq_3                      cyc=68 op=IK_BOUNDARY_MIN  instr=0x9ae9c5c0 sel=6 -> imm=0x00000000
[PASS] seq=crv_seq_3                      cyc=69 op=IK_RANDOM        instr=0x4a740539 sel=3 -> imm=0x4a740000
[PASS] seq=crv_seq_3                      cyc=70 op=IK_RANDOM        instr=0x0674ef11 sel=2 -> imm=0x0000007e
[PASS] seq=crv_seq_3                      cyc=71 op=IK_B_TYPE        instr=0x117a6205 sel=2 -> imm=0x00000104
[PASS] seq=crv_seq_3                      cyc=72 op=IK_RANDOM        instr=0x96bc6bfa sel=2 -> imm=0xfffff976
[PASS] seq=crv_seq_3                      cyc=73 op=IK_CSR_TYPE      instr=0xc9c5e6d5 sel=5 -> imm=0x0000000b
[PASS] seq=crv_seq_3                      cyc=74 op=IK_J_TYPE        instr=0x0ecf2948 sel=4 -> imm=0x000f20ec
[PASS] seq=crv_seq_3                      cyc=75 op=IK_RANDOM        instr=0x08b0c232 sel=5 -> imm=0x00000001
[PASS] seq=crv_seq_3                      cyc=76 op=IK_B_TYPE        instr=0xecfc5e91 sel=2 -> imm=0xfffffedc
[PASS] seq=crv_seq_3                      cyc=77 op=IK_BOUNDARY_ZERO instr=0x00000000 sel=3 -> imm=0x00000000
[PASS] seq=crv_seq_3                      cyc=78 op=IK_NONE_TYPE     instr=0x5073eb50 sel=6 -> imm=0x00000000
[PASS] seq=crv_seq_3                      cyc=79 op=IK_RANDOM        instr=0x3e1c30b7 sel=2 -> imm=0x00000be0
[PASS] seq=crv_seq_3                      cyc=80 op=IK_J_TYPE        instr=0x935f7005 sel=4 -> imm=0xffff7934
[PASS] seq=crv_seq_3                      cyc=81 op=IK_RANDOM        instr=0xc3536752 sel=4 -> imm=0xfff36c34
[PASS] seq=crv_seq_3                      cyc=82 op=IK_J_TYPE        instr=0xcba3fd8d sel=4 -> imm=0xfff3f4ba
[PASS] seq=crv_seq_3                      cyc=83 op=IK_S_TYPE        instr=0x46c8a27f sel=1 -> imm=0x00000464
[PASS] seq=crv_seq_3                      cyc=84 op=IK_BOUNDARY_MIN  instr=0xb3089129 sel=3 -> imm=0xb3089000
[PASS] seq=crv_seq_3                      cyc=85 op=IK_U_TYPE        instr=0x3e30a885 sel=3 -> imm=0x3e30a000
[PASS] seq=crv_seq_3                      cyc=86 op=IK_B_TYPE        instr=0x8dcb7c5e sel=2 -> imm=0xfffff0d8
[PASS] seq=crv_seq_3                      cyc=87 op=IK_J_TYPE        instr=0xafd20b0c sel=4 -> imm=0xfff20afc
[PASS] seq=crv_seq_3                      cyc=88 op=IK_CSR_TYPE      instr=0x8036c1cf sel=5 -> imm=0x0000000d
[PASS] seq=crv_seq_3                      cyc=89 op=IK_U_TYPE        instr=0x60b4791d sel=3 -> imm=0x60b47000
[PASS] seq=crv_seq_3                      cyc=90 op=IK_BOUNDARY_MAX  instr=0x7fffffff sel=2 -> imm=0x00000ffe
[PASS] seq=crv_seq_3                      cyc=91 op=IK_I_TYPE        instr=0x8a6c5db7 sel=0 -> imm=0xfffff8a6
[PASS] seq=crv_seq_3                      cyc=92 op=IK_RANDOM        instr=0x1d782fbf sel=3 -> imm=0x1d782000
[PASS] seq=crv_seq_3                      cyc=93 op=IK_J_TYPE        instr=0x6fcdf8a8 sel=4 -> imm=0x000df6fc
[PASS] seq=crv_seq_3                      cyc=94 op=IK_B_TYPE        instr=0x99619ff9 sel=2 -> imm=0xfffff99e
[PASS] seq=crv_seq_3                      cyc=95 op=IK_J_TYPE        instr=0x425dec91 sel=4 -> imm=0x000dec24
[PASS] seq=crv_seq_3                      cyc=96 op=IK_CSR_TYPE      instr=0x99890a7d sel=5 -> imm=0x00000012
[PASS] seq=crv_seq_3                      cyc=97 op=IK_I_TYPE        instr=0x2b6109f4 sel=0 -> imm=0x000002b6
[PASS] seq=crv_seq_3                      cyc=98 op=IK_RANDOM        instr=0x28ee5227 sel=5 -> imm=0x0000001c
[PASS] seq=crv_seq_3                      cyc=99 op=IK_S_TYPE        instr=0xf566094f sel=1 -> imm=0xffffff52
[PASS] seq=crv_seq_3                      cyc=100 op=IK_I_TYPE        instr=0xc73e0ccd sel=0 -> imm=0xfffffc73
[PASS] seq=crv_seq_3                      cyc=101 op=IK_BOUNDARY_MAX  instr=0x7fffffff sel=0 -> imm=0x000007ff
[PASS] seq=crv_seq_3                      cyc=102 op=IK_BOUNDARY_ZERO instr=0x00000000 sel=4 -> imm=0x00000000
[PASS] seq=crv_seq_3                      cyc=103 op=IK_CSR_TYPE      instr=0x18f55d72 sel=5 -> imm=0x0000000a
[PASS] seq=crv_seq_3                      cyc=104 op=IK_B_TYPE        instr=0xe47af4c3 sel=2 -> imm=0xfffffe48
[PASS] seq=crv_seq_3                      cyc=105 op=IK_J_TYPE        instr=0xf66458f1 sel=4 -> imm=0xfff45766
[PASS] seq=crv_seq_3                      cyc=106 op=IK_S_TYPE        instr=0x80e1783f sel=1 -> imm=0xfffff810
[PASS] seq=crv_seq_3                      cyc=107 op=IK_RANDOM        instr=0x21131094 sel=3 -> imm=0x21131000
[PASS] seq=crv_seq_3                      cyc=108 op=IK_NONE_TYPE     instr=0x665d9be1 sel=6 -> imm=0x00000000
[PASS] seq=crv_seq_3                      cyc=109 op=IK_RANDOM        instr=0x02619abe sel=5 -> imm=0x00000003
[PASS] seq=crv_seq_3                      cyc=110 op=IK_B_TYPE        instr=0x106e240f sel=2 -> imm=0x00000108
[PASS] seq=crv_seq_3                      cyc=111 op=IK_S_TYPE        instr=0x77fa8809 sel=1 -> imm=0x00000770
[PASS] seq=crv_seq_3                      cyc=112 op=IK_S_TYPE        instr=0x110f47ec sel=1 -> imm=0x0000010f
[PASS] seq=crv_seq_3                      cyc=113 op=IK_U_TYPE        instr=0x26017240 sel=3 -> imm=0x26017000
[PASS] seq=crv_seq_3                      cyc=114 op=IK_B_TYPE        instr=0x66bc3f7f sel=2 -> imm=0x0000067e
[PASS] seq=crv_seq_3                      cyc=115 op=IK_I_TYPE        instr=0x72b13dcf sel=0 -> imm=0x0000072b
[PASS] seq=crv_seq_3                      cyc=116 op=IK_NONE_TYPE     instr=0x05fb2b28 sel=6 -> imm=0x00000000
[PASS] seq=crv_seq_3                      cyc=117 op=IK_RANDOM        instr=0x67d934bf sel=0 -> imm=0x0000067d
[PASS] seq=crv_seq_3                      cyc=118 op=IK_I_TYPE        instr=0x2d6df84c sel=0 -> imm=0x000002d6
[PASS] seq=crv_seq_3                      cyc=119 op=IK_BOUNDARY_MIN  instr=0x8092a442 sel=3 -> imm=0x8092a000
[PASS] seq=crv_seq_3                      cyc=120 op=IK_J_TYPE        instr=0xb8e6d158 sel=4 -> imm=0xfff6d38e
[PASS] seq=crv_seq_3                      cyc=121 op=IK_U_TYPE        instr=0x504e023b sel=3 -> imm=0x504e0000
[PASS] seq=crv_seq_3                      cyc=122 op=IK_RANDOM        instr=0x3bfd046e sel=6 -> imm=0x00000000
[PASS] seq=crv_seq_3                      cyc=123 op=IK_BOUNDARY_MIN  instr=0x96e9af43 sel=2 -> imm=0xfffff17e
[PASS] seq=crv_seq_3                      cyc=124 op=IK_S_TYPE        instr=0xf054cef0 sel=1 -> imm=0xffffff1d
[PASS] seq=crv_seq_3                      cyc=125 op=IK_J_TYPE        instr=0x67912b44 sel=4 -> imm=0x00012e78
[PASS] seq=crv_seq_3                      cyc=126 op=IK_U_TYPE        instr=0x10faf486 sel=3 -> imm=0x10faf000
[PASS] seq=crv_seq_3                      cyc=127 op=IK_J_TYPE        instr=0xa6c45a5e sel=4 -> imm=0xfff4526c
[PASS] seq=crv_seq_3                      cyc=128 op=IK_RANDOM        instr=0x5b32c5c3 sel=1 -> imm=0x000005ab
[PASS] seq=crv_seq_3                      cyc=129 op=IK_RANDOM        instr=0x480ec2fc sel=4 -> imm=0x000ec480
[PASS] seq=crv_seq_3                      cyc=130 op=IK_RANDOM        instr=0xcb3ceafe sel=4 -> imm=0xfffcecb2
[PASS] seq=crv_seq_3                      cyc=131 op=IK_CSR_TYPE      instr=0x98942b1a sel=5 -> imm=0x00000008
[PASS] seq=crv_seq_3                      cyc=132 op=IK_J_TYPE        instr=0xa77ec250 sel=4 -> imm=0xfffeca76
[PASS] seq=crv_seq_3                      cyc=133 op=IK_I_TYPE        instr=0x8118765d sel=0 -> imm=0xfffff811
[PASS] seq=crv_seq_3                      cyc=134 op=IK_BOUNDARY_MAX  instr=0x7fffffff sel=4 -> imm=0x000ffffe
[PASS] seq=crv_seq_3                      cyc=135 op=IK_NONE_TYPE     instr=0x77972abf sel=6 -> imm=0x00000000
[PASS] seq=crv_seq_3                      cyc=136 op=IK_U_TYPE        instr=0xcbc18390 sel=3 -> imm=0xcbc18000
[PASS] seq=crv_seq_3                      cyc=137 op=IK_I_TYPE        instr=0x66d7c2ef sel=0 -> imm=0x0000066d
[PASS] seq=crv_seq_3                      cyc=138 op=IK_CSR_TYPE      instr=0xc287cb6e sel=5 -> imm=0x0000000f
[PASS] seq=crv_seq_3                      cyc=139 op=IK_U_TYPE        instr=0x3c4a5506 sel=3 -> imm=0x3c4a5000
[PASS] seq=crv_seq_3                      cyc=140 op=IK_B_TYPE        instr=0x5f8156fb sel=2 -> imm=0x00000dec
[PASS] seq=crv_seq_3                      cyc=141 op=IK_S_TYPE        instr=0x54447823 sel=1 -> imm=0x00000550
[PASS] seq=crv_seq_3                      cyc=142 op=IK_CSR_TYPE      instr=0x27b1df31 sel=5 -> imm=0x00000003
[PASS] seq=crv_seq_3                      cyc=143 op=IK_BOUNDARY_ZERO instr=0x00000000 sel=0 -> imm=0x00000000
[PASS] seq=crv_seq_3                      cyc=144 op=IK_U_TYPE        instr=0xe2fff5a0 sel=3 -> imm=0xe2fff000
[PASS] seq=crv_seq_3                      cyc=145 op=IK_CSR_TYPE      instr=0x983c9094 sel=5 -> imm=0x00000019
[PASS] seq=crv_seq_3                      cyc=146 op=IK_S_TYPE        instr=0x2077cd09 sel=1 -> imm=0x0000021a
[PASS] seq=crv_seq_3                      cyc=147 op=IK_RANDOM        instr=0x37fdb9f5 sel=2 -> imm=0x00000b72
[PASS] seq=crv_seq_3                      cyc=148 op=IK_B_TYPE        instr=0xe1f9abd6 sel=2 -> imm=0xfffffe16
[PASS] seq=crv_seq_3                      cyc=149 op=IK_B_TYPE        instr=0x93263e32 sel=2 -> imm=0xfffff13c
[PASS] seq=crv_seq_3                      cyc=150 op=IK_B_TYPE        instr=0xe99fc128 sel=2 -> imm=0xfffff682
[PASS] seq=crv_seq_3                      cyc=151 op=IK_S_TYPE        instr=0x2301ed48 sel=1 -> imm=0x0000023a
[PASS] seq=crv_seq_3                      cyc=152 op=IK_S_TYPE        instr=0x47b050de sel=1 -> imm=0x00000461
[PASS] seq=crv_seq_3                      cyc=153 op=IK_I_TYPE        instr=0x65553377 sel=0 -> imm=0x00000655
[PASS] seq=crv_seq_3                      cyc=154 op=IK_CSR_TYPE      instr=0x064a6d34 sel=5 -> imm=0x00000014
[PASS] seq=crv_seq_3                      cyc=155 op=IK_RANDOM        instr=0xe95394f1 sel=2 -> imm=0xfffffe88
[PASS] seq=crv_seq_3                      cyc=156 op=IK_B_TYPE        instr=0x60acdebb sel=2 -> imm=0x00000e1c
[PASS] seq=crv_seq_3                      cyc=157 op=IK_U_TYPE        instr=0xf1299467 sel=3 -> imm=0xf1299000
[PASS] seq=crv_seq_3                      cyc=158 op=IK_BOUNDARY_MIN  instr=0xc21a868d sel=1 -> imm=0xfffffc2d
[PASS] seq=crv_seq_3                      cyc=159 op=IK_I_TYPE        instr=0xc7a3e5ff sel=0 -> imm=0xfffffc7a
[PASS] seq=crv_seq_3                      cyc=160 op=IK_I_TYPE        instr=0x026accd7 sel=0 -> imm=0x00000026
[PASS] seq=crv_seq_3                      cyc=161 op=IK_J_TYPE        instr=0xa0c769f3 sel=4 -> imm=0xfff7620c
[PASS] seq=crv_seq_3                      cyc=162 op=IK_BOUNDARY_MIN  instr=0xd1186368 sel=5 -> imm=0x00000010
[PASS] seq=crv_seq_3                      cyc=163 op=IK_BOUNDARY_MIN  instr=0x82203254 sel=5 -> imm=0x00000000
[PASS] seq=crv_seq_3                      cyc=164 op=IK_BOUNDARY_MIN  instr=0xd5919403 sel=3 -> imm=0xd5919000
[PASS] seq=crv_seq_3                      cyc=165 op=IK_J_TYPE        instr=0x8e637fd4 sel=4 -> imm=0xfff370e6
[PASS] seq=crv_seq_3                      cyc=166 op=IK_J_TYPE        instr=0x97561c9d sel=4 -> imm=0xfff61974
[PASS] seq=crv_seq_3                      cyc=167 op=IK_U_TYPE        instr=0x771be662 sel=3 -> imm=0x771be000
[PASS] seq=crv_seq_3                      cyc=168 op=IK_S_TYPE        instr=0xce5a5ca8 sel=1 -> imm=0xfffffcf9
[PASS] seq=crv_seq_3                      cyc=169 op=IK_U_TYPE        instr=0xbaaf7261 sel=3 -> imm=0xbaaf7000
[PASS] seq=crv_seq_3                      cyc=170 op=IK_RANDOM        instr=0xeda9bc34 sel=4 -> imm=0xfff9b6da
[PASS] seq=crv_seq_3                      cyc=171 op=IK_B_TYPE        instr=0x681616b4 sel=2 -> imm=0x00000e8c
[PASS] seq=crv_seq_3                      cyc=172 op=IK_B_TYPE        instr=0xb6b1db72 sel=2 -> imm=0xfffff376
[PASS] seq=crv_seq_3                      cyc=173 op=IK_B_TYPE        instr=0x0de71630 sel=2 -> imm=0x000000cc
[PASS] seq=crv_seq_3                      cyc=174 op=IK_U_TYPE        instr=0xc777059f sel=3 -> imm=0xc7770000
[PASS] seq=crv_seq_3                      cyc=175 op=IK_CSR_TYPE      instr=0x6b2b1bf7 sel=5 -> imm=0x00000016
[PASS] seq=crv_seq_3                      cyc=176 op=IK_B_TYPE        instr=0xe870393b sel=2 -> imm=0xfffff692
[PASS] seq=crv_seq_3                      cyc=177 op=IK_I_TYPE        instr=0xb2c4edad sel=0 -> imm=0xfffffb2c
[PASS] seq=crv_seq_3                      cyc=178 op=IK_B_TYPE        instr=0xbd5cab31 sel=2 -> imm=0xfffff3d6
[PASS] seq=crv_seq_3                      cyc=179 op=IK_RANDOM        instr=0xe0bd27f5 sel=5 -> imm=0x0000001a
[PASS] seq=crv_seq_3                      cyc=180 op=IK_RANDOM        instr=0xefffed78 sel=4 -> imm=0xffffeefe
[PASS] seq=crv_seq_3                      cyc=181 op=IK_RANDOM        instr=0xd4e25870 sel=2 -> imm=0xfffff550
[PASS] seq=crv_seq_3                      cyc=182 op=IK_BOUNDARY_ZERO instr=0x00000000 sel=3 -> imm=0x00000000
[PASS] seq=crv_seq_3                      cyc=183 op=IK_NONE_TYPE     instr=0x7a6cdcc9 sel=6 -> imm=0x00000000
[PASS] seq=crv_seq_3                      cyc=184 op=IK_RANDOM        instr=0x0ba4abad sel=4 -> imm=0x0004a0ba
[PASS] seq=crv_seq_3                      cyc=185 op=IK_BOUNDARY_MIN  instr=0x8b1443b6 sel=6 -> imm=0x00000000
[PASS] seq=crv_seq_3                      cyc=186 op=IK_RANDOM        instr=0x4c66b855 sel=6 -> imm=0x00000000
[PASS] seq=crv_seq_3                      cyc=187 op=IK_BOUNDARY_MIN  instr=0x99976c4f sel=2 -> imm=0xfffff198
[PASS] seq=crv_seq_3                      cyc=188 op=IK_S_TYPE        instr=0xc3df579b sel=1 -> imm=0xfffffc2f
[PASS] seq=crv_seq_3                      cyc=189 op=IK_S_TYPE        instr=0x230d57a0 sel=1 -> imm=0x0000022f
[PASS] seq=crv_seq_3                      cyc=190 op=IK_BOUNDARY_MIN  instr=0x835ab485 sel=1 -> imm=0xfffff829
[PASS] seq=crv_seq_3                      cyc=191 op=IK_NONE_TYPE     instr=0x899eb8dc sel=6 -> imm=0x00000000
[PASS] seq=crv_seq_3                      cyc=192 op=IK_S_TYPE        instr=0x956d7b01 sel=1 -> imm=0xfffff956
[PASS] seq=crv_seq_3                      cyc=193 op=IK_B_TYPE        instr=0x8d95a1c5 sel=2 -> imm=0xfffff8c2
[PASS] seq=crv_seq_3                      cyc=194 op=IK_BOUNDARY_MAX  instr=0x7fffffff sel=5 -> imm=0x0000001f
[PASS] seq=crv_seq_3                      cyc=195 op=IK_BOUNDARY_ZERO instr=0x00000000 sel=2 -> imm=0x00000000
[PASS] seq=crv_seq_3                      cyc=196 op=IK_NONE_TYPE     instr=0x798a6ac7 sel=6 -> imm=0x00000000
[PASS] seq=crv_seq_3                      cyc=197 op=IK_BOUNDARY_MAX  instr=0x7fffffff sel=4 -> imm=0x000ffffe
[PASS] seq=crv_seq_3                      cyc=198 op=IK_B_TYPE        instr=0xfaf76451 sel=2 -> imm=0xfffff7a8
[PASS] seq=crv_seq_3                      cyc=199 op=IK_NONE_TYPE     instr=0x22549676 sel=6 -> imm=0x00000000
[PASS] seq=crv_seq_4                      cyc=0 op=IK_S_TYPE        instr=0x3e2e51e6 sel=1 -> imm=0x000003e3
[PASS] seq=crv_seq_4                      cyc=1 op=IK_U_TYPE        instr=0x868910a8 sel=3 -> imm=0x86891000
[PASS] seq=crv_seq_4                      cyc=2 op=IK_NONE_TYPE     instr=0x1e94bc45 sel=6 -> imm=0x00000000
[PASS] seq=crv_seq_4                      cyc=3 op=IK_U_TYPE        instr=0xe070cc57 sel=3 -> imm=0xe070c000
[PASS] seq=crv_seq_4                      cyc=4 op=IK_BOUNDARY_ZERO instr=0x00000000 sel=5 -> imm=0x00000000
[PASS] seq=crv_seq_4                      cyc=5 op=IK_RANDOM        instr=0xd9d3d30d sel=6 -> imm=0x00000000
[PASS] seq=crv_seq_4                      cyc=6 op=IK_RANDOM        instr=0x1e18ad54 sel=4 -> imm=0x0008a9e0
[PASS] seq=crv_seq_4                      cyc=7 op=IK_CSR_TYPE      instr=0x3d0d43ba sel=5 -> imm=0x0000001a
[PASS] seq=crv_seq_4                      cyc=8 op=IK_RANDOM        instr=0x8276f5ee sel=4 -> imm=0xfff6f826
[PASS] seq=crv_seq_4                      cyc=9 op=IK_S_TYPE        instr=0xe87f97b6 sel=1 -> imm=0xfffffe8f
[PASS] seq=crv_seq_4                      cyc=10 op=IK_BOUNDARY_ZERO instr=0x00000000 sel=4 -> imm=0x00000000
[PASS] seq=crv_seq_4                      cyc=11 op=IK_RANDOM        instr=0x323982b5 sel=2 -> imm=0x00000b24
[PASS] seq=crv_seq_4                      cyc=12 op=IK_S_TYPE        instr=0x0b020df3 sel=1 -> imm=0x000000bb
[PASS] seq=crv_seq_4                      cyc=13 op=IK_S_TYPE        instr=0x1169c046 sel=1 -> imm=0x00000100
[PASS] seq=crv_seq_4                      cyc=14 op=IK_I_TYPE        instr=0x6b74aa6f sel=0 -> imm=0x000006b7
[PASS] seq=crv_seq_4                      cyc=15 op=IK_BOUNDARY_MIN  instr=0xac3353e0 sel=2 -> imm=0xfffffac6
[PASS] seq=crv_seq_4                      cyc=16 op=IK_CSR_TYPE      instr=0x41f41b0c sel=5 -> imm=0x00000008
[PASS] seq=crv_seq_4                      cyc=17 op=IK_NONE_TYPE     instr=0xa4befe77 sel=6 -> imm=0x00000000
[PASS] seq=crv_seq_4                      cyc=18 op=IK_BOUNDARY_MIN  instr=0xe640baf3 sel=2 -> imm=0xfffffe74
[PASS] seq=crv_seq_4                      cyc=19 op=IK_RANDOM        instr=0xf5b973fd sel=3 -> imm=0xf5b97000
[PASS] seq=crv_seq_4                      cyc=20 op=IK_BOUNDARY_ZERO instr=0x00000000 sel=4 -> imm=0x00000000
[PASS] seq=crv_seq_4                      cyc=21 op=IK_U_TYPE        instr=0xae293bd6 sel=3 -> imm=0xae293000
[PASS] seq=crv_seq_4                      cyc=22 op=IK_CSR_TYPE      instr=0xbfeea92f sel=5 -> imm=0x0000001d
[PASS] seq=crv_seq_4                      cyc=23 op=IK_NONE_TYPE     instr=0x0059b4c3 sel=6 -> imm=0x00000000
[PASS] seq=crv_seq_4                      cyc=24 op=IK_RANDOM        instr=0x25af2d90 sel=6 -> imm=0x00000000
[PASS] seq=crv_seq_4                      cyc=25 op=IK_NONE_TYPE     instr=0xdd8f7afd sel=6 -> imm=0x00000000
[PASS] seq=crv_seq_4                      cyc=26 op=IK_B_TYPE        instr=0x116c7dfd sel=2 -> imm=0x0000091a
[PASS] seq=crv_seq_4                      cyc=27 op=IK_NONE_TYPE     instr=0x402b3236 sel=6 -> imm=0x00000000
[PASS] seq=crv_seq_4                      cyc=28 op=IK_BOUNDARY_ZERO instr=0x00000000 sel=2 -> imm=0x00000000
[PASS] seq=crv_seq_4                      cyc=29 op=IK_J_TYPE        instr=0x061b4cbf sel=4 -> imm=0x000b4860
[PASS] seq=crv_seq_4                      cyc=30 op=IK_RANDOM        instr=0x1c3538f1 sel=1 -> imm=0x000001d1
[PASS] seq=crv_seq_4                      cyc=31 op=IK_RANDOM        instr=0xc0ad2e19 sel=1 -> imm=0xfffffc1c
[PASS] seq=crv_seq_4                      cyc=32 op=IK_U_TYPE        instr=0xd032d693 sel=3 -> imm=0xd032d000
[PASS] seq=crv_seq_4                      cyc=33 op=IK_BOUNDARY_MAX  instr=0x7fffffff sel=1 -> imm=0x000007ff
[PASS] seq=crv_seq_4                      cyc=34 op=IK_RANDOM        instr=0x68f7bc2c sel=1 -> imm=0x00000698
[PASS] seq=crv_seq_4                      cyc=35 op=IK_J_TYPE        instr=0xb32b26e9 sel=4 -> imm=0xfffb2332
[PASS] seq=crv_seq_4                      cyc=36 op=IK_B_TYPE        instr=0xec1b351d sel=2 -> imm=0xfffff6ca
[PASS] seq=crv_seq_4                      cyc=37 op=IK_J_TYPE        instr=0x21f53268 sel=4 -> imm=0x00053a1e
[PASS] seq=crv_seq_4                      cyc=38 op=IK_RANDOM        instr=0x0b166dac sel=4 -> imm=0x000668b0
[PASS] seq=crv_seq_4                      cyc=39 op=IK_U_TYPE        instr=0x7cd4a127 sel=3 -> imm=0x7cd4a000
[PASS] seq=crv_seq_4                      cyc=40 op=IK_RANDOM        instr=0xfa8a5601 sel=2 -> imm=0xfffff7ac
[PASS] seq=crv_seq_4                      cyc=41 op=IK_U_TYPE        instr=0xb9c54040 sel=3 -> imm=0xb9c54000
[PASS] seq=crv_seq_4                      cyc=42 op=IK_I_TYPE        instr=0x176e7910 sel=0 -> imm=0x00000176
[PASS] seq=crv_seq_4                      cyc=43 op=IK_B_TYPE        instr=0x69769d34 sel=2 -> imm=0x0000069a
[PASS] seq=crv_seq_4                      cyc=44 op=IK_S_TYPE        instr=0x4472617c sel=1 -> imm=0x00000442
[PASS] seq=crv_seq_4                      cyc=45 op=IK_BOUNDARY_MIN  instr=0x8de7af00 sel=6 -> imm=0x00000000
[PASS] seq=crv_seq_4                      cyc=46 op=IK_S_TYPE        instr=0x664e3d9a sel=1 -> imm=0x0000067b
[PASS] seq=crv_seq_4                      cyc=47 op=IK_J_TYPE        instr=0x336be308 sel=4 -> imm=0x000be336
[PASS] seq=crv_seq_4                      cyc=48 op=IK_B_TYPE        instr=0x42d2fb8d sel=2 -> imm=0x00000c36
[PASS] seq=crv_seq_4                      cyc=49 op=IK_B_TYPE        instr=0x255e2af0 sel=2 -> imm=0x00000a54
[PASS] seq=crv_seq_4                      cyc=50 op=IK_B_TYPE        instr=0x69a8af40 sel=2 -> imm=0x0000069e
[PASS] seq=crv_seq_4                      cyc=51 op=IK_S_TYPE        instr=0x67c7e511 sel=1 -> imm=0x0000066a
[PASS] seq=crv_seq_4                      cyc=52 op=IK_RANDOM        instr=0x476f6fb8 sel=1 -> imm=0x0000047f
[PASS] seq=crv_seq_4                      cyc=53 op=IK_RANDOM        instr=0x4bd8200a sel=4 -> imm=0x00082cbc
[PASS] seq=crv_seq_4                      cyc=54 op=IK_U_TYPE        instr=0x1245002a sel=3 -> imm=0x12450000
[PASS] seq=crv_seq_4                      cyc=55 op=IK_U_TYPE        instr=0x2cceeefa sel=3 -> imm=0x2ccee000
[PASS] seq=crv_seq_4                      cyc=56 op=IK_CSR_TYPE      instr=0xacaaa0e6 sel=5 -> imm=0x00000015
[PASS] seq=crv_seq_4                      cyc=57 op=IK_J_TYPE        instr=0x5effc3dc sel=4 -> imm=0x000fcdee
[PASS] seq=crv_seq_4                      cyc=58 op=IK_RANDOM        instr=0x968b4d99 sel=1 -> imm=0xfffff97b
[PASS] seq=crv_seq_4                      cyc=59 op=IK_I_TYPE        instr=0x9fe63bf5 sel=0 -> imm=0xfffff9fe
[PASS] seq=crv_seq_4                      cyc=60 op=IK_BOUNDARY_MIN  instr=0xcbb25853 sel=3 -> imm=0xcbb25000
[PASS] seq=crv_seq_4                      cyc=61 op=IK_I_TYPE        instr=0x4bee47bd sel=0 -> imm=0x000004be
[PASS] seq=crv_seq_4                      cyc=62 op=IK_RANDOM        instr=0xd744336f sel=0 -> imm=0xfffffd74
[PASS] seq=crv_seq_4                      cyc=63 op=IK_BOUNDARY_MAX  instr=0x7fffffff sel=1 -> imm=0x000007ff
[PASS] seq=crv_seq_4                      cyc=64 op=IK_B_TYPE        instr=0xb0f6391e sel=2 -> imm=0xfffff312
[PASS] seq=crv_seq_4                      cyc=65 op=IK_I_TYPE        instr=0x18cca333 sel=0 -> imm=0x0000018c
[PASS] seq=crv_seq_4                      cyc=66 op=IK_J_TYPE        instr=0xb4af6dcd sel=4 -> imm=0xffff634a
[PASS] seq=crv_seq_4                      cyc=67 op=IK_J_TYPE        instr=0x0174418f sel=4 -> imm=0x00044816
[PASS] seq=crv_seq_4                      cyc=68 op=IK_S_TYPE        instr=0x6454042a sel=1 -> imm=0x00000648
[PASS] seq=crv_seq_4                      cyc=69 op=IK_J_TYPE        instr=0xba37b874 sel=4 -> imm=0xfff7bba2
[PASS] seq=crv_seq_4                      cyc=70 op=IK_CSR_TYPE      instr=0x4ff4d684 sel=5 -> imm=0x00000009
[PASS] seq=crv_seq_4                      cyc=71 op=IK_RANDOM        instr=0xa7535ecf sel=6 -> imm=0x00000000
[PASS] seq=crv_seq_4                      cyc=72 op=IK_NONE_TYPE     instr=0xe6d87a68 sel=6 -> imm=0x00000000
[PASS] seq=crv_seq_4                      cyc=73 op=IK_I_TYPE        instr=0x0f900d4f sel=0 -> imm=0x000000f9
[PASS] seq=crv_seq_4                      cyc=74 op=IK_S_TYPE        instr=0x7234eab7 sel=1 -> imm=0x00000735
[PASS] seq=crv_seq_4                      cyc=75 op=IK_RANDOM        instr=0x28a2b9a3 sel=3 -> imm=0x28a2b000
[PASS] seq=crv_seq_4                      cyc=76 op=IK_NONE_TYPE     instr=0x87c68743 sel=6 -> imm=0x00000000
[PASS] seq=crv_seq_4                      cyc=77 op=IK_CSR_TYPE      instr=0xfcd79499 sel=5 -> imm=0x0000000f
[PASS] seq=crv_seq_4                      cyc=78 op=IK_CSR_TYPE      instr=0x2ce06147 sel=5 -> imm=0x00000000
[PASS] seq=crv_seq_4                      cyc=79 op=IK_RANDOM        instr=0x65e5e479 sel=3 -> imm=0x65e5e000
[PASS] seq=crv_seq_4                      cyc=80 op=IK_B_TYPE        instr=0x86ddcb6a sel=2 -> imm=0xfffff076
[PASS] seq=crv_seq_4                      cyc=81 op=IK_BOUNDARY_MIN  instr=0x9fa83490 sel=4 -> imm=0xfff831fa
[PASS] seq=crv_seq_4                      cyc=82 op=IK_RANDOM        instr=0x92a02eac sel=5 -> imm=0x00000000
[PASS] seq=crv_seq_4                      cyc=83 op=IK_B_TYPE        instr=0xaf493160 sel=2 -> imm=0xfffff2e2
[PASS] seq=crv_seq_4                      cyc=84 op=IK_U_TYPE        instr=0xa05e5b0a sel=3 -> imm=0xa05e5000
[PASS] seq=crv_seq_4                      cyc=85 op=IK_RANDOM        instr=0x9c94c27c sel=2 -> imm=0xfffff1c4
[PASS] seq=crv_seq_4                      cyc=86 op=IK_RANDOM        instr=0xc05a3eeb sel=3 -> imm=0xc05a3000
[PASS] seq=crv_seq_4                      cyc=87 op=IK_I_TYPE        instr=0x9f000d37 sel=0 -> imm=0xfffff9f0
[PASS] seq=crv_seq_4                      cyc=88 op=IK_CSR_TYPE      instr=0x196ae7e2 sel=5 -> imm=0x00000015
[PASS] seq=crv_seq_4                      cyc=89 op=IK_RANDOM        instr=0x2bf70be1 sel=2 -> imm=0x00000ab6
[PASS] seq=crv_seq_4                      cyc=90 op=IK_U_TYPE        instr=0x4d8730a6 sel=3 -> imm=0x4d873000
[PASS] seq=crv_seq_4                      cyc=91 op=IK_U_TYPE        instr=0x90e0beef sel=3 -> imm=0x90e0b000
[PASS] seq=crv_seq_4                      cyc=92 op=IK_B_TYPE        instr=0xf440d84a sel=2 -> imm=0xfffff750
[PASS] seq=crv_seq_4                      cyc=93 op=IK_S_TYPE        instr=0x8e2679a4 sel=1 -> imm=0xfffff8f3
[PASS] seq=crv_seq_4                      cyc=94 op=IK_NONE_TYPE     instr=0x6d8e262f sel=6 -> imm=0x00000000
[PASS] seq=crv_seq_4                      cyc=95 op=IK_BOUNDARY_ZERO instr=0x00000000 sel=2 -> imm=0x00000000
[PASS] seq=crv_seq_4                      cyc=96 op=IK_RANDOM        instr=0x87e19933 sel=6 -> imm=0x00000000
[PASS] seq=crv_seq_4                      cyc=97 op=IK_J_TYPE        instr=0xebc702d3 sel=4 -> imm=0xfff706bc
[PASS] seq=crv_seq_4                      cyc=98 op=IK_CSR_TYPE      instr=0x333ad120 sel=5 -> imm=0x00000015
[PASS] seq=crv_seq_4                      cyc=99 op=IK_BOUNDARY_MIN  instr=0xafd88dbe sel=5 -> imm=0x00000011
[PASS] seq=crv_seq_4                      cyc=100 op=IK_I_TYPE        instr=0xbfa45df0 sel=0 -> imm=0xfffffbfa
[PASS] seq=crv_seq_4                      cyc=101 op=IK_J_TYPE        instr=0xdf3eafa3 sel=4 -> imm=0xfffeadf2
[PASS] seq=crv_seq_4                      cyc=102 op=IK_I_TYPE        instr=0xcc21b31e sel=0 -> imm=0xfffffcc2
[PASS] seq=crv_seq_4                      cyc=103 op=IK_J_TYPE        instr=0x95d88195 sel=4 -> imm=0xfff8895c
[PASS] seq=crv_seq_4                      cyc=104 op=IK_I_TYPE        instr=0x444784bf sel=0 -> imm=0x00000444
[PASS] seq=crv_seq_4                      cyc=105 op=IK_S_TYPE        instr=0xc6167c2f sel=1 -> imm=0xfffffc78
[PASS] seq=crv_seq_4                      cyc=106 op=IK_U_TYPE        instr=0x5de16b84 sel=3 -> imm=0x5de16000
[PASS] seq=crv_seq_4                      cyc=107 op=IK_B_TYPE        instr=0x9b896009 sel=2 -> imm=0xfffff1a0
[PASS] seq=crv_seq_4                      cyc=108 op=IK_B_TYPE        instr=0x37c4d5a0 sel=2 -> imm=0x00000b6a
[PASS] seq=crv_seq_4                      cyc=109 op=IK_RANDOM        instr=0xd5e8a549 sel=2 -> imm=0xfffff54a
[PASS] seq=crv_seq_4                      cyc=110 op=IK_J_TYPE        instr=0x63fbea77 sel=4 -> imm=0x000bee3e
[PASS] seq=crv_seq_4                      cyc=111 op=IK_BOUNDARY_MIN  instr=0xff9de0f7 sel=4 -> imm=0xfffdeff8
[PASS] seq=crv_seq_4                      cyc=112 op=IK_I_TYPE        instr=0x5e80cc35 sel=0 -> imm=0x000005e8
[PASS] seq=crv_seq_4                      cyc=113 op=IK_J_TYPE        instr=0x0abd79ac sel=4 -> imm=0x000d78aa
[PASS] seq=crv_seq_4                      cyc=114 op=IK_I_TYPE        instr=0xb7823976 sel=0 -> imm=0xfffffb78
[PASS] seq=crv_seq_4                      cyc=115 op=IK_CSR_TYPE      instr=0x19d46bd7 sel=5 -> imm=0x00000008
[PASS] seq=crv_seq_4                      cyc=116 op=IK_CSR_TYPE      instr=0xcd85f965 sel=5 -> imm=0x0000000b
[PASS] seq=crv_seq_4                      cyc=117 op=IK_J_TYPE        instr=0xc4aec7ea sel=4 -> imm=0xfffec44a
[PASS] seq=crv_seq_4                      cyc=118 op=IK_B_TYPE        instr=0xaf68cb94 sel=2 -> imm=0xfffffaf6
[PASS] seq=crv_seq_4                      cyc=119 op=IK_I_TYPE        instr=0x75ba433a sel=0 -> imm=0x0000075b
[PASS] seq=crv_seq_4                      cyc=120 op=IK_CSR_TYPE      instr=0x37733cb8 sel=5 -> imm=0x00000006
[PASS] seq=crv_seq_4                      cyc=121 op=IK_J_TYPE        instr=0x2cd2b442 sel=4 -> imm=0x0002bacc
[PASS] seq=crv_seq_4                      cyc=122 op=IK_NONE_TYPE     instr=0x74373cee sel=6 -> imm=0x00000000
[PASS] seq=crv_seq_4                      cyc=123 op=IK_CSR_TYPE      instr=0x744fc263 sel=5 -> imm=0x0000001f
[PASS] seq=crv_seq_4                      cyc=124 op=IK_BOUNDARY_ZERO instr=0x00000000 sel=2 -> imm=0x00000000
[PASS] seq=crv_seq_4                      cyc=125 op=IK_RANDOM        instr=0xd515fcb8 sel=3 -> imm=0xd515f000
[PASS] seq=crv_seq_4                      cyc=126 op=IK_I_TYPE        instr=0x98b3080b sel=0 -> imm=0xfffff98b
[PASS] seq=crv_seq_4                      cyc=127 op=IK_RANDOM        instr=0xecc29a6b sel=2 -> imm=0xfffff6d4
[PASS] seq=crv_seq_4                      cyc=128 op=IK_I_TYPE        instr=0xba93b334 sel=0 -> imm=0xfffffba9
[PASS] seq=crv_seq_4                      cyc=129 op=IK_B_TYPE        instr=0x12f39665 sel=2 -> imm=0x0000012c
[PASS] seq=crv_seq_4                      cyc=130 op=IK_NONE_TYPE     instr=0x65671149 sel=6 -> imm=0x00000000
[PASS] seq=crv_seq_4                      cyc=131 op=IK_U_TYPE        instr=0x583736bc sel=3 -> imm=0x58373000
[PASS] seq=crv_seq_4                      cyc=132 op=IK_J_TYPE        instr=0x945c12ec sel=4 -> imm=0xfffc1944
[PASS] seq=crv_seq_4                      cyc=133 op=IK_U_TYPE        instr=0xe32f43b2 sel=3 -> imm=0xe32f4000
[PASS] seq=crv_seq_4                      cyc=134 op=IK_I_TYPE        instr=0xf368fef0 sel=0 -> imm=0xffffff36
[PASS] seq=crv_seq_4                      cyc=135 op=IK_B_TYPE        instr=0xb2a39eb9 sel=2 -> imm=0xfffffb3c
[PASS] seq=crv_seq_4                      cyc=136 op=IK_RANDOM        instr=0xec16cf23 sel=4 -> imm=0xfff6cec0
[PASS] seq=crv_seq_4                      cyc=137 op=IK_CSR_TYPE      instr=0x8d762e99 sel=5 -> imm=0x0000000c
[PASS] seq=crv_seq_4                      cyc=138 op=IK_BOUNDARY_ZERO instr=0x00000000 sel=0 -> imm=0x00000000
[PASS] seq=crv_seq_4                      cyc=139 op=IK_S_TYPE        instr=0x908fab2b sel=1 -> imm=0xfffff916
[PASS] seq=crv_seq_4                      cyc=140 op=IK_RANDOM        instr=0xb7114c4c sel=4 -> imm=0xfff14b70
[PASS] seq=crv_seq_4                      cyc=141 op=IK_BOUNDARY_ZERO instr=0x00000000 sel=3 -> imm=0x00000000
[PASS] seq=crv_seq_4                      cyc=142 op=IK_J_TYPE        instr=0x93b50121 sel=4 -> imm=0xfff5093a
[PASS] seq=crv_seq_4                      cyc=143 op=IK_B_TYPE        instr=0x988f47c8 sel=2 -> imm=0xfffff98e
[PASS] seq=crv_seq_4                      cyc=144 op=IK_S_TYPE        instr=0x7ca9eb8a sel=1 -> imm=0x000007d7
[PASS] seq=crv_seq_4                      cyc=145 op=IK_CSR_TYPE      instr=0x6f42c02f sel=5 -> imm=0x00000005
[PASS] seq=crv_seq_4                      cyc=146 op=IK_RANDOM        instr=0x39735434 sel=1 -> imm=0x00000388
[PASS] seq=crv_seq_4                      cyc=147 op=IK_RANDOM        instr=0xbaf7e23a sel=4 -> imm=0xfff7ebae
[PASS] seq=crv_seq_4                      cyc=148 op=IK_NONE_TYPE     instr=0xf81b9a2f sel=6 -> imm=0x00000000
[PASS] seq=crv_seq_4                      cyc=149 op=IK_BOUNDARY_MIN  instr=0x9e0b9177 sel=4 -> imm=0xfffb91e0
[PASS] seq=crv_seq_4                      cyc=150 op=IK_J_TYPE        instr=0x9fc1bf44 sel=4 -> imm=0xfff1b1fc
[PASS] seq=crv_seq_4                      cyc=151 op=IK_BOUNDARY_MIN  instr=0xaf9981ef sel=0 -> imm=0xfffffaf9
[PASS] seq=crv_seq_4                      cyc=152 op=IK_RANDOM        instr=0x8862e69b sel=4 -> imm=0xfff2e086
[PASS] seq=crv_seq_4                      cyc=153 op=IK_RANDOM        instr=0xf85ebb28 sel=6 -> imm=0x00000000
[PASS] seq=crv_seq_4                      cyc=154 op=IK_RANDOM        instr=0x118c95aa sel=2 -> imm=0x0000090a
[PASS] seq=crv_seq_4                      cyc=155 op=IK_CSR_TYPE      instr=0xbbb72d8a sel=5 -> imm=0x0000000e
[PASS] seq=crv_seq_4                      cyc=156 op=IK_B_TYPE        instr=0x772035f9 sel=2 -> imm=0x00000f6a
[PASS] seq=crv_seq_4                      cyc=157 op=IK_U_TYPE        instr=0xeb7e0312 sel=3 -> imm=0xeb7e0000
[PASS] seq=crv_seq_4                      cyc=158 op=IK_I_TYPE        instr=0xe6711486 sel=0 -> imm=0xfffffe67
[PASS] seq=crv_seq_4                      cyc=159 op=IK_BOUNDARY_MAX  instr=0x7fffffff sel=5 -> imm=0x0000001f
[PASS] seq=crv_seq_4                      cyc=160 op=IK_CSR_TYPE      instr=0x134ea132 sel=5 -> imm=0x0000001d
[PASS] seq=crv_seq_4                      cyc=161 op=IK_RANDOM        instr=0xe9e9f5e6 sel=4 -> imm=0xfff9f69e
[PASS] seq=crv_seq_4                      cyc=162 op=IK_RANDOM        instr=0x3a021190 sel=6 -> imm=0x00000000
[PASS] seq=crv_seq_4                      cyc=163 op=IK_S_TYPE        instr=0xd6101d57 sel=1 -> imm=0xfffffd7a
[PASS] seq=crv_seq_4                      cyc=164 op=IK_I_TYPE        instr=0x9c0e1911 sel=0 -> imm=0xfffff9c0
[PASS] seq=crv_seq_4                      cyc=165 op=IK_B_TYPE        instr=0x2c13b03a sel=2 -> imm=0x000002c0
[PASS] seq=crv_seq_4                      cyc=166 op=IK_I_TYPE        instr=0x9e9dedfc sel=0 -> imm=0xfffff9e9
[PASS] seq=crv_seq_4                      cyc=167 op=IK_U_TYPE        instr=0x8a6665dc sel=3 -> imm=0x8a666000
[PASS] seq=crv_seq_4                      cyc=168 op=IK_I_TYPE        instr=0x34fdba5e sel=0 -> imm=0x0000034f
[PASS] seq=crv_seq_4                      cyc=169 op=IK_CSR_TYPE      instr=0x8f553723 sel=5 -> imm=0x0000000a
[PASS] seq=crv_seq_4                      cyc=170 op=IK_CSR_TYPE      instr=0x72bcf019 sel=5 -> imm=0x00000019
[PASS] seq=crv_seq_4                      cyc=171 op=IK_U_TYPE        instr=0x63359cc8 sel=3 -> imm=0x63359000
[PASS] seq=crv_seq_4                      cyc=172 op=IK_CSR_TYPE      instr=0x7ee07051 sel=5 -> imm=0x00000000
[PASS] seq=crv_seq_4                      cyc=173 op=IK_BOUNDARY_ZERO instr=0x00000000 sel=3 -> imm=0x00000000
[PASS] seq=crv_seq_4                      cyc=174 op=IK_B_TYPE        instr=0xa93ab18c sel=2 -> imm=0xfffffa82
[PASS] seq=crv_seq_4                      cyc=175 op=IK_RANDOM        instr=0x740a5d88 sel=5 -> imm=0x00000014
[PASS] seq=crv_seq_4                      cyc=176 op=IK_BOUNDARY_ZERO instr=0x00000000 sel=2 -> imm=0x00000000
[PASS] seq=crv_seq_4                      cyc=177 op=IK_BOUNDARY_MAX  instr=0x7fffffff sel=5 -> imm=0x0000001f
[PASS] seq=crv_seq_4                      cyc=178 op=IK_CSR_TYPE      instr=0x871e4e54 sel=5 -> imm=0x0000001c
[PASS] seq=crv_seq_4                      cyc=179 op=IK_I_TYPE        instr=0xe1775f5e sel=0 -> imm=0xfffffe17
[PASS] seq=crv_seq_4                      cyc=180 op=IK_CSR_TYPE      instr=0x133e7777 sel=5 -> imm=0x0000001c
[PASS] seq=crv_seq_4                      cyc=181 op=IK_B_TYPE        instr=0x3aebef1e sel=2 -> imm=0x000003be
[PASS] seq=crv_seq_4                      cyc=182 op=IK_BOUNDARY_MAX  instr=0x7fffffff sel=3 -> imm=0x7ffff000
[PASS] seq=crv_seq_4                      cyc=183 op=IK_I_TYPE        instr=0x9a0ebf2a sel=0 -> imm=0xfffff9a0
[PASS] seq=crv_seq_4                      cyc=184 op=IK_CSR_TYPE      instr=0x6898dca2 sel=5 -> imm=0x00000011
[PASS] seq=crv_seq_4                      cyc=185 op=IK_B_TYPE        instr=0x2f2bd49b sel=2 -> imm=0x00000ae8
[PASS] seq=crv_seq_4                      cyc=186 op=IK_S_TYPE        instr=0xa3efab4e sel=1 -> imm=0xfffffa36
[PASS] seq=crv_seq_4                      cyc=187 op=IK_B_TYPE        instr=0xc821a78b sel=2 -> imm=0xfffffc8e
[PASS] seq=crv_seq_4                      cyc=188 op=IK_S_TYPE        instr=0xe13787b5 sel=1 -> imm=0xfffffe0f
[PASS] seq=crv_seq_4                      cyc=189 op=IK_S_TYPE        instr=0xccb23dd3 sel=1 -> imm=0xfffffcdb
[PASS] seq=crv_seq_4                      cyc=190 op=IK_BOUNDARY_MIN  instr=0x91ecda85 sel=6 -> imm=0x00000000
[PASS] seq=crv_seq_4                      cyc=191 op=IK_I_TYPE        instr=0x2c055204 sel=0 -> imm=0x000002c0
[PASS] seq=crv_seq_4                      cyc=192 op=IK_I_TYPE        instr=0x40d90927 sel=0 -> imm=0x0000040d
[PASS] seq=crv_seq_4                      cyc=193 op=IK_I_TYPE        instr=0x96655c3b sel=0 -> imm=0xfffff966
[PASS] seq=crv_seq_4                      cyc=194 op=IK_BOUNDARY_MAX  instr=0x7fffffff sel=2 -> imm=0x00000ffe
[PASS] seq=crv_seq_4                      cyc=195 op=IK_BOUNDARY_MIN  instr=0xf96be4d0 sel=4 -> imm=0xfffbe796
[PASS] seq=crv_seq_4                      cyc=196 op=IK_RANDOM        instr=0x21be13e2 sel=1 -> imm=0x00000207
[PASS] seq=crv_seq_4                      cyc=197 op=IK_B_TYPE        instr=0xa141d142 sel=2 -> imm=0xfffff202
[PASS] seq=crv_seq_4                      cyc=198 op=IK_RANDOM        instr=0xe8937ad1 sel=2 -> imm=0xfffffe94
[PASS] seq=crv_seq_4                      cyc=199 op=IK_BOUNDARY_MAX  instr=0x7fffffff sel=5 -> imm=0x0000001f
[PASS] seq=crv_seq_5                      cyc=0 op=IK_S_TYPE        instr=0xa1ff2bd0 sel=1 -> imm=0xfffffa17
[PASS] seq=crv_seq_5                      cyc=1 op=IK_U_TYPE        instr=0x56ca474e sel=3 -> imm=0x56ca4000
[PASS] seq=crv_seq_5                      cyc=2 op=IK_RANDOM        instr=0x1c10fb02 sel=0 -> imm=0x000001c1
[PASS] seq=crv_seq_5                      cyc=3 op=IK_RANDOM        instr=0x515a1e0a sel=6 -> imm=0x00000000
[PASS] seq=crv_seq_5                      cyc=4 op=IK_J_TYPE        instr=0xb3aea1f3 sel=4 -> imm=0xfffea33a
[PASS] seq=crv_seq_5                      cyc=5 op=IK_U_TYPE        instr=0x168f4273 sel=3 -> imm=0x168f4000
[PASS] seq=crv_seq_5                      cyc=6 op=IK_S_TYPE        instr=0xa2a9d8a5 sel=1 -> imm=0xfffffa31
[PASS] seq=crv_seq_5                      cyc=7 op=IK_J_TYPE        instr=0xe7d8f55a sel=4 -> imm=0xfff8fe7c
[PASS] seq=crv_seq_5                      cyc=8 op=IK_S_TYPE        instr=0x40609733 sel=1 -> imm=0x0000040e
[PASS] seq=crv_seq_5                      cyc=9 op=IK_RANDOM        instr=0x5a69078d sel=2 -> imm=0x00000dae
[PASS] seq=crv_seq_5                      cyc=10 op=IK_J_TYPE        instr=0xdbe4d745 sel=4 -> imm=0xfff4d5be
[PASS] seq=crv_seq_5                      cyc=11 op=IK_I_TYPE        instr=0xb10fd3e7 sel=0 -> imm=0xfffffb10
[PASS] seq=crv_seq_5                      cyc=12 op=IK_I_TYPE        instr=0x3af6da68 sel=0 -> imm=0x000003af
[PASS] seq=crv_seq_5                      cyc=13 op=IK_U_TYPE        instr=0xf74ec37f sel=3 -> imm=0xf74ec000
[PASS] seq=crv_seq_5                      cyc=14 op=IK_S_TYPE        instr=0x60423787 sel=1 -> imm=0x0000060f
[PASS] seq=crv_seq_5                      cyc=15 op=IK_CSR_TYPE      instr=0x5747a813 sel=5 -> imm=0x0000000f
[PASS] seq=crv_seq_5                      cyc=16 op=IK_BOUNDARY_MAX  instr=0x7fffffff sel=1 -> imm=0x000007ff
[PASS] seq=crv_seq_5                      cyc=17 op=IK_U_TYPE        instr=0xb5d98a32 sel=3 -> imm=0xb5d98000
[PASS] seq=crv_seq_5                      cyc=18 op=IK_RANDOM        instr=0x7cdf1c5b sel=2 -> imm=0x000007d8
[PASS] seq=crv_seq_5                      cyc=19 op=IK_RANDOM        instr=0x2ade38c3 sel=0 -> imm=0x000002ad
[PASS] seq=crv_seq_5                      cyc=20 op=IK_CSR_TYPE      instr=0x880fe663 sel=5 -> imm=0x0000001f
[PASS] seq=crv_seq_5                      cyc=21 op=IK_RANDOM        instr=0xea1fef89 sel=2 -> imm=0xfffffebe
[PASS] seq=crv_seq_5                      cyc=22 op=IK_U_TYPE        instr=0xbe25b29e sel=3 -> imm=0xbe25b000
[PASS] seq=crv_seq_5                      cyc=23 op=IK_CSR_TYPE      instr=0xb1e6041d sel=5 -> imm=0x0000000c
[PASS] seq=crv_seq_5                      cyc=24 op=IK_S_TYPE        instr=0x1d27c3dc sel=1 -> imm=0x000001c7
[PASS] seq=crv_seq_5                      cyc=25 op=IK_B_TYPE        instr=0x7ad5b490 sel=2 -> imm=0x00000fa8
[PASS] seq=crv_seq_5                      cyc=26 op=IK_CSR_TYPE      instr=0x775484f2 sel=5 -> imm=0x00000009
[PASS] seq=crv_seq_5                      cyc=27 op=IK_RANDOM        instr=0x01275137 sel=5 -> imm=0x0000000e
[PASS] seq=crv_seq_5                      cyc=28 op=IK_BOUNDARY_ZERO instr=0x00000000 sel=3 -> imm=0x00000000
[PASS] seq=crv_seq_5                      cyc=29 op=IK_S_TYPE        instr=0x771c04f0 sel=1 -> imm=0x00000769
[PASS] seq=crv_seq_5                      cyc=30 op=IK_RANDOM        instr=0x0080e05d sel=5 -> imm=0x00000001
[PASS] seq=crv_seq_5                      cyc=31 op=IK_J_TYPE        instr=0x9148ee72 sel=4 -> imm=0xfff8e114
[PASS] seq=crv_seq_5                      cyc=32 op=IK_J_TYPE        instr=0x520207d1 sel=4 -> imm=0x00020520
[PASS] seq=crv_seq_5                      cyc=33 op=IK_CSR_TYPE      instr=0x2f237d46 sel=5 -> imm=0x00000006
[PASS] seq=crv_seq_5                      cyc=34 op=IK_S_TYPE        instr=0x5f343b37 sel=1 -> imm=0x000005f6
[PASS] seq=crv_seq_5                      cyc=35 op=IK_BOUNDARY_ZERO instr=0x00000000 sel=3 -> imm=0x00000000
[PASS] seq=crv_seq_5                      cyc=36 op=IK_RANDOM        instr=0x3f80d843 sel=3 -> imm=0x3f80d000
[PASS] seq=crv_seq_5                      cyc=37 op=IK_I_TYPE        instr=0x68fa21da sel=0 -> imm=0x0000068f
[PASS] seq=crv_seq_5                      cyc=38 op=IK_B_TYPE        instr=0x9a148e69 sel=2 -> imm=0xfffff1bc
[PASS] seq=crv_seq_5                      cyc=39 op=IK_CSR_TYPE      instr=0x62b6b3a2 sel=5 -> imm=0x0000000d
[PASS] seq=crv_seq_5                      cyc=40 op=IK_I_TYPE        instr=0x7e7ae961 sel=0 -> imm=0x000007e7
[PASS] seq=crv_seq_5                      cyc=41 op=IK_U_TYPE        instr=0xf8f845e1 sel=3 -> imm=0xf8f84000
[PASS] seq=crv_seq_5                      cyc=42 op=IK_BOUNDARY_MIN  instr=0xa88cbb2d sel=1 -> imm=0xfffffa96
[PASS] seq=crv_seq_5                      cyc=43 op=IK_CSR_TYPE      instr=0xf9ab251c sel=5 -> imm=0x00000016
[PASS] seq=crv_seq_5                      cyc=44 op=IK_B_TYPE        instr=0x2da40540 sel=2 -> imm=0x000002ca
[PASS] seq=crv_seq_5                      cyc=45 op=IK_RANDOM        instr=0xc1ca7a85 sel=5 -> imm=0x00000014
[PASS] seq=crv_seq_5                      cyc=46 op=IK_I_TYPE        instr=0xcaa078ee sel=0 -> imm=0xfffffcaa
[PASS] seq=crv_seq_5                      cyc=47 op=IK_BOUNDARY_MAX  instr=0x7fffffff sel=0 -> imm=0x000007ff
[PASS] seq=crv_seq_5                      cyc=48 op=IK_B_TYPE        instr=0x15d1d122 sel=2 -> imm=0x00000142
[PASS] seq=crv_seq_5                      cyc=49 op=IK_CSR_TYPE      instr=0xab7f3064 sel=5 -> imm=0x0000001e
[PASS] seq=crv_seq_5                      cyc=50 op=IK_J_TYPE        instr=0xe463e01b sel=4 -> imm=0xfff3e646
[PASS] seq=crv_seq_5                      cyc=51 op=IK_I_TYPE        instr=0xbdcd784f sel=0 -> imm=0xfffffbdc
[PASS] seq=crv_seq_5                      cyc=52 op=IK_J_TYPE        instr=0x345c1cd9 sel=4 -> imm=0x000c1b44
[PASS] seq=crv_seq_5                      cyc=53 op=IK_RANDOM        instr=0x5f0cc93e sel=3 -> imm=0x5f0cc000
[PASS] seq=crv_seq_5                      cyc=54 op=IK_RANDOM        instr=0xecce0cef sel=1 -> imm=0xfffffed9
[PASS] seq=crv_seq_5                      cyc=55 op=IK_J_TYPE        instr=0x810f70ba sel=4 -> imm=0xffff7010
[PASS] seq=crv_seq_5                      cyc=56 op=IK_S_TYPE        instr=0x20b1e9ea sel=1 -> imm=0x00000213
[PASS] seq=crv_seq_5                      cyc=57 op=IK_B_TYPE        instr=0xd0c08c1f sel=2 -> imm=0xfffff518
[PASS] seq=crv_seq_5                      cyc=58 op=IK_B_TYPE        instr=0xb491eca1 sel=2 -> imm=0xfffffb58
[PASS] seq=crv_seq_5                      cyc=59 op=IK_RANDOM        instr=0xfef347f1 sel=3 -> imm=0xfef34000
[PASS] seq=crv_seq_5                      cyc=60 op=IK_BOUNDARY_MIN  instr=0x902d4d3c sel=3 -> imm=0x902d4000
[PASS] seq=crv_seq_5                      cyc=61 op=IK_NONE_TYPE     instr=0x4f27da63 sel=6 -> imm=0x00000000
[PASS] seq=crv_seq_5                      cyc=62 op=IK_CSR_TYPE      instr=0xdd2cda1b sel=5 -> imm=0x00000019
[PASS] seq=crv_seq_5                      cyc=63 op=IK_NONE_TYPE     instr=0xfd7b4dda sel=6 -> imm=0x00000000
[PASS] seq=crv_seq_5                      cyc=64 op=IK_S_TYPE        instr=0xc61854f8 sel=1 -> imm=0xfffffc69
[PASS] seq=crv_seq_5                      cyc=65 op=IK_BOUNDARY_MAX  instr=0x7fffffff sel=1 -> imm=0x000007ff
[PASS] seq=crv_seq_5                      cyc=66 op=IK_J_TYPE        instr=0x171b2069 sel=4 -> imm=0x000b2970
[PASS] seq=crv_seq_5                      cyc=67 op=IK_J_TYPE        instr=0x55853045 sel=4 -> imm=0x00053558
[PASS] seq=crv_seq_5                      cyc=68 op=IK_CSR_TYPE      instr=0xf820a79a sel=5 -> imm=0x00000001
[PASS] seq=crv_seq_5                      cyc=69 op=IK_I_TYPE        instr=0x75a45e74 sel=0 -> imm=0x0000075a
[PASS] seq=crv_seq_5                      cyc=70 op=IK_U_TYPE        instr=0x2ccb9e58 sel=3 -> imm=0x2ccb9000
[PASS] seq=crv_seq_5                      cyc=71 op=IK_I_TYPE        instr=0x284ca6f7 sel=0 -> imm=0x00000284
[PASS] seq=crv_seq_5                      cyc=72 op=IK_U_TYPE        instr=0x6cdecc16 sel=3 -> imm=0x6cdec000
[PASS] seq=crv_seq_5                      cyc=73 op=IK_RANDOM        instr=0xc3a40a6c sel=3 -> imm=0xc3a40000
[PASS] seq=crv_seq_5                      cyc=74 op=IK_I_TYPE        instr=0x7593b088 sel=0 -> imm=0x00000759
[PASS] seq=crv_seq_5                      cyc=75 op=IK_S_TYPE        instr=0xd1b295cd sel=1 -> imm=0xfffffd0b
[PASS] seq=crv_seq_5                      cyc=76 op=IK_CSR_TYPE      instr=0x6b0925e3 sel=5 -> imm=0x00000012
[PASS] seq=crv_seq_5                      cyc=77 op=IK_RANDOM        instr=0x694d494d sel=6 -> imm=0x00000000
[PASS] seq=crv_seq_5                      cyc=78 op=IK_B_TYPE        instr=0xedaedb4b sel=2 -> imm=0xfffff6d6
[PASS] seq=crv_seq_5                      cyc=79 op=IK_BOUNDARY_MAX  instr=0x7fffffff sel=2 -> imm=0x00000ffe
[PASS] seq=crv_seq_5                      cyc=80 op=IK_BOUNDARY_MAX  instr=0x7fffffff sel=5 -> imm=0x0000001f
[PASS] seq=crv_seq_5                      cyc=81 op=IK_U_TYPE        instr=0xc0b9bde3 sel=3 -> imm=0xc0b9b000
[PASS] seq=crv_seq_5                      cyc=82 op=IK_U_TYPE        instr=0x8dcad8c8 sel=3 -> imm=0x8dcad000
[PASS] seq=crv_seq_5                      cyc=83 op=IK_I_TYPE        instr=0x3e1e47a0 sel=0 -> imm=0x000003e1
[PASS] seq=crv_seq_5                      cyc=84 op=IK_J_TYPE        instr=0x33f0be3b sel=4 -> imm=0x0000bb3e
[PASS] seq=crv_seq_5                      cyc=85 op=IK_BOUNDARY_ZERO instr=0x00000000 sel=4 -> imm=0x00000000
[PASS] seq=crv_seq_5                      cyc=86 op=IK_J_TYPE        instr=0x314d7845 sel=4 -> imm=0x000d7314
[PASS] seq=crv_seq_5                      cyc=87 op=IK_J_TYPE        instr=0x8604c987 sel=4 -> imm=0xfff4c060
[PASS] seq=crv_seq_5                      cyc=88 op=IK_U_TYPE        instr=0x28e6b873 sel=3 -> imm=0x28e6b000
[PASS] seq=crv_seq_5                      cyc=89 op=IK_I_TYPE        instr=0x10f524d6 sel=0 -> imm=0x0000010f
[PASS] seq=crv_seq_5                      cyc=90 op=IK_RANDOM        instr=0x14c52c65 sel=2 -> imm=0x00000158
[PASS] seq=crv_seq_5                      cyc=91 op=IK_BOUNDARY_MAX  instr=0x7fffffff sel=6 -> imm=0x00000000
[PASS] seq=crv_seq_5                      cyc=92 op=IK_B_TYPE        instr=0x7af1216f sel=2 -> imm=0x000007a2
[PASS] seq=crv_seq_5                      cyc=93 op=IK_CSR_TYPE      instr=0x453f2d22 sel=5 -> imm=0x0000001e
[PASS] seq=crv_seq_5                      cyc=94 op=IK_BOUNDARY_ZERO instr=0x00000000 sel=5 -> imm=0x00000000
[PASS] seq=crv_seq_5                      cyc=95 op=IK_BOUNDARY_MAX  instr=0x7fffffff sel=0 -> imm=0x000007ff
[PASS] seq=crv_seq_5                      cyc=96 op=IK_RANDOM        instr=0x0ff66782 sel=3 -> imm=0x0ff66000
[PASS] seq=crv_seq_5                      cyc=97 op=IK_U_TYPE        instr=0x30584ae1 sel=3 -> imm=0x30584000
[PASS] seq=crv_seq_5                      cyc=98 op=IK_I_TYPE        instr=0x4903c8de sel=0 -> imm=0x00000490
[PASS] seq=crv_seq_5                      cyc=99 op=IK_NONE_TYPE     instr=0xb87dd467 sel=6 -> imm=0x00000000
[PASS] seq=crv_seq_5                      cyc=100 op=IK_I_TYPE        instr=0x50daa08a sel=0 -> imm=0x0000050d
[PASS] seq=crv_seq_5                      cyc=101 op=IK_RANDOM        instr=0xce27e254 sel=5 -> imm=0x0000000f
[PASS] seq=crv_seq_5                      cyc=102 op=IK_BOUNDARY_ZERO instr=0x00000000 sel=1 -> imm=0x00000000
[PASS] seq=crv_seq_5                      cyc=103 op=IK_RANDOM        instr=0xdb6513fc sel=2 -> imm=0xfffffda6
[PASS] seq=crv_seq_5                      cyc=104 op=IK_RANDOM        instr=0x7a69982b sel=5 -> imm=0x00000013
[PASS] seq=crv_seq_5                      cyc=105 op=IK_S_TYPE        instr=0xbe463e32 sel=1 -> imm=0xfffffbfc
[PASS] seq=crv_seq_5                      cyc=106 op=IK_U_TYPE        instr=0xb62c198f sel=3 -> imm=0xb62c1000
[PASS] seq=crv_seq_5                      cyc=107 op=IK_J_TYPE        instr=0xd72c3858 sel=4 -> imm=0xfffc3572
[PASS] seq=crv_seq_5                      cyc=108 op=IK_BOUNDARY_MAX  instr=0x7fffffff sel=5 -> imm=0x0000001f
[PASS] seq=crv_seq_5                      cyc=109 op=IK_U_TYPE        instr=0x2dd85f2b sel=3 -> imm=0x2dd85000
[PASS] seq=crv_seq_5                      cyc=110 op=IK_I_TYPE        instr=0x77ecbd21 sel=0 -> imm=0x0000077e
[PASS] seq=crv_seq_5                      cyc=111 op=IK_RANDOM        instr=0xdbf4db42 sel=0 -> imm=0xfffffdbf
[PASS] seq=crv_seq_5                      cyc=112 op=IK_U_TYPE        instr=0xc857ef20 sel=3 -> imm=0xc857e000
[PASS] seq=crv_seq_5                      cyc=113 op=IK_RANDOM        instr=0x99b742ef sel=5 -> imm=0x0000000e
[PASS] seq=crv_seq_5                      cyc=114 op=IK_RANDOM        instr=0x35834f02 sel=4 -> imm=0x00034358
[PASS] seq=crv_seq_5                      cyc=115 op=IK_I_TYPE        instr=0x0ee56285 sel=0 -> imm=0x000000ee
[PASS] seq=crv_seq_5                      cyc=116 op=IK_B_TYPE        instr=0x8643a1f4 sel=2 -> imm=0xfffff862
[PASS] seq=crv_seq_5                      cyc=117 op=IK_RANDOM        instr=0xb0506697 sel=2 -> imm=0xfffffb0c
[PASS] seq=crv_seq_5                      cyc=118 op=IK_RANDOM        instr=0x1968725d sel=2 -> imm=0x00000184
[PASS] seq=crv_seq_5                      cyc=119 op=IK_J_TYPE        instr=0xcf45225b sel=4 -> imm=0xfff524f4
[PASS] seq=crv_seq_5                      cyc=120 op=IK_CSR_TYPE      instr=0x2d03daae sel=5 -> imm=0x00000007
[PASS] seq=crv_seq_5                      cyc=121 op=IK_BOUNDARY_ZERO instr=0x00000000 sel=0 -> imm=0x00000000
[PASS] seq=crv_seq_5                      cyc=122 op=IK_NONE_TYPE     instr=0x5a967174 sel=6 -> imm=0x00000000
[PASS] seq=crv_seq_5                      cyc=123 op=IK_U_TYPE        instr=0xbc0adb22 sel=3 -> imm=0xbc0ad000
[PASS] seq=crv_seq_5                      cyc=124 op=IK_J_TYPE        instr=0x0e2e8e43 sel=4 -> imm=0x000e80e2
[PASS] seq=crv_seq_5                      cyc=125 op=IK_CSR_TYPE      instr=0x9555f191 sel=5 -> imm=0x0000000b
[PASS] seq=crv_seq_5                      cyc=126 op=IK_U_TYPE        instr=0xaf4e41f8 sel=3 -> imm=0xaf4e4000
[PASS] seq=crv_seq_5                      cyc=127 op=IK_I_TYPE        instr=0xb865e2ef sel=0 -> imm=0xfffffb86
[PASS] seq=crv_seq_5                      cyc=128 op=IK_J_TYPE        instr=0xea657837 sel=4 -> imm=0xfff576a6
[PASS] seq=crv_seq_5                      cyc=129 op=IK_U_TYPE        instr=0x3caa8112 sel=3 -> imm=0x3caa8000
[PASS] seq=crv_seq_5                      cyc=130 op=IK_J_TYPE        instr=0x60c2a0f5 sel=4 -> imm=0x0002a60c
[PASS] seq=crv_seq_5                      cyc=131 op=IK_B_TYPE        instr=0x10919955 sel=2 -> imm=0x00000112
[PASS] seq=crv_seq_5                      cyc=132 op=IK_B_TYPE        instr=0xb379c0b0 sel=2 -> imm=0xfffffb20
[PASS] seq=crv_seq_5                      cyc=133 op=IK_S_TYPE        instr=0xaa1b11c1 sel=1 -> imm=0xfffffaa3
[PASS] seq=crv_seq_5                      cyc=134 op=IK_RANDOM        instr=0x8aa7a714 sel=0 -> imm=0xfffff8aa
[PASS] seq=crv_seq_5                      cyc=135 op=IK_CSR_TYPE      instr=0x4077429c sel=5 -> imm=0x0000000e
[PASS] seq=crv_seq_5                      cyc=136 op=IK_J_TYPE        instr=0xd4a1b3ac sel=4 -> imm=0xfff1b54a
[PASS] seq=crv_seq_5                      cyc=137 op=IK_S_TYPE        instr=0xf5ea766f sel=1 -> imm=0xffffff4c
[PASS] seq=crv_seq_5                      cyc=138 op=IK_BOUNDARY_ZERO instr=0x00000000 sel=5 -> imm=0x00000000
[PASS] seq=crv_seq_5                      cyc=139 op=IK_RANDOM        instr=0x8d53d806 sel=1 -> imm=0xfffff8d0
[PASS] seq=crv_seq_5                      cyc=140 op=IK_RANDOM        instr=0xf3288059 sel=0 -> imm=0xffffff32
[PASS] seq=crv_seq_5                      cyc=141 op=IK_BOUNDARY_MAX  instr=0x7fffffff sel=2 -> imm=0x00000ffe
[PASS] seq=crv_seq_5                      cyc=142 op=IK_CSR_TYPE      instr=0x7efe7158 sel=5 -> imm=0x0000001c
[PASS] seq=crv_seq_5                      cyc=143 op=IK_CSR_TYPE      instr=0x43548b65 sel=5 -> imm=0x00000009
[PASS] seq=crv_seq_5                      cyc=144 op=IK_BOUNDARY_ZERO instr=0x00000000 sel=2 -> imm=0x00000000
[PASS] seq=crv_seq_5                      cyc=145 op=IK_S_TYPE        instr=0x66d02f2d sel=1 -> imm=0x0000067e
[PASS] seq=crv_seq_5                      cyc=146 op=IK_B_TYPE        instr=0x6d9bda9b sel=2 -> imm=0x00000ed4
[PASS] seq=crv_seq_5                      cyc=147 op=IK_CSR_TYPE      instr=0x95149d9e sel=5 -> imm=0x00000009
[PASS] seq=crv_seq_5                      cyc=148 op=IK_RANDOM        instr=0x44aa3635 sel=2 -> imm=0x0000044c
[PASS] seq=crv_seq_5                      cyc=149 op=IK_S_TYPE        instr=0x8898500c sel=1 -> imm=0xfffff880
[PASS] seq=crv_seq_5                      cyc=150 op=IK_U_TYPE        instr=0x9412a6d1 sel=3 -> imm=0x9412a000
[PASS] seq=crv_seq_5                      cyc=151 op=IK_NONE_TYPE     instr=0xf678bc92 sel=6 -> imm=0x00000000
[PASS] seq=crv_seq_5                      cyc=152 op=IK_RANDOM        instr=0xb9ebcb14 sel=2 -> imm=0xfffff396
[PASS] seq=crv_seq_5                      cyc=153 op=IK_S_TYPE        instr=0x8eb93311 sel=1 -> imm=0xfffff8e6
[PASS] seq=crv_seq_5                      cyc=154 op=IK_RANDOM        instr=0xf8be7751 sel=6 -> imm=0x00000000
[PASS] seq=crv_seq_5                      cyc=155 op=IK_CSR_TYPE      instr=0xf6a0a7c8 sel=5 -> imm=0x00000001
[PASS] seq=crv_seq_5                      cyc=156 op=IK_CSR_TYPE      instr=0x332ee4dc sel=5 -> imm=0x0000001d
[PASS] seq=crv_seq_5                      cyc=157 op=IK_B_TYPE        instr=0x7ad5f2f2 sel=2 -> imm=0x00000fa4
[PASS] seq=crv_seq_5                      cyc=158 op=IK_RANDOM        instr=0xac78e0ff sel=4 -> imm=0xfff8eac6
[PASS] seq=crv_seq_5                      cyc=159 op=IK_I_TYPE        instr=0x252a9e95 sel=0 -> imm=0x00000252
[PASS] seq=crv_seq_5                      cyc=160 op=IK_B_TYPE        instr=0xa2d6c81f sel=2 -> imm=0xfffff230
[PASS] seq=crv_seq_5                      cyc=161 op=IK_U_TYPE        instr=0x24dfeb8a sel=3 -> imm=0x24dfe000
[PASS] seq=crv_seq_5                      cyc=162 op=IK_U_TYPE        instr=0xf2479208 sel=3 -> imm=0xf2479000
[PASS] seq=crv_seq_5                      cyc=163 op=IK_BOUNDARY_MAX  instr=0x7fffffff sel=1 -> imm=0x000007ff
[PASS] seq=crv_seq_5                      cyc=164 op=IK_I_TYPE        instr=0xc8f84659 sel=0 -> imm=0xfffffc8f
[PASS] seq=crv_seq_5                      cyc=165 op=IK_BOUNDARY_MIN  instr=0xbfd5b70c sel=5 -> imm=0x0000000b
[PASS] seq=crv_seq_5                      cyc=166 op=IK_J_TYPE        instr=0x179e77eb sel=4 -> imm=0x000e7978
[PASS] seq=crv_seq_5                      cyc=167 op=IK_RANDOM        instr=0xd6da79f6 sel=4 -> imm=0xfffa7d6c
[PASS] seq=crv_seq_5                      cyc=168 op=IK_BOUNDARY_ZERO instr=0x00000000 sel=3 -> imm=0x00000000
[PASS] seq=crv_seq_5                      cyc=169 op=IK_S_TYPE        instr=0x4164c22e sel=1 -> imm=0x00000404
[PASS] seq=crv_seq_5                      cyc=170 op=IK_B_TYPE        instr=0xe7d74c99 sel=2 -> imm=0xfffffe78
[PASS] seq=crv_seq_5                      cyc=171 op=IK_RANDOM        instr=0xbbd737dc sel=2 -> imm=0xfffffbae
[PASS] seq=crv_seq_5                      cyc=172 op=IK_NONE_TYPE     instr=0x00007da5 sel=6 -> imm=0x00000000
[PASS] seq=crv_seq_5                      cyc=173 op=IK_I_TYPE        instr=0x4429ddcf sel=0 -> imm=0x00000442
[PASS] seq=crv_seq_5                      cyc=174 op=IK_B_TYPE        instr=0x2c6a831a sel=2 -> imm=0x000002c6
[PASS] seq=crv_seq_5                      cyc=175 op=IK_RANDOM        instr=0x1b74f5c2 sel=1 -> imm=0x000001ab
[PASS] seq=crv_seq_5                      cyc=176 op=IK_NONE_TYPE     instr=0x1a078481 sel=6 -> imm=0x00000000
[PASS] seq=crv_seq_5                      cyc=177 op=IK_RANDOM        instr=0x36f13bdb sel=1 -> imm=0x00000377
[PASS] seq=crv_seq_5                      cyc=178 op=IK_U_TYPE        instr=0x16ac4471 sel=3 -> imm=0x16ac4000
[PASS] seq=crv_seq_5                      cyc=179 op=IK_CSR_TYPE      instr=0x3651c447 sel=5 -> imm=0x00000003
[PASS] seq=crv_seq_5                      cyc=180 op=IK_BOUNDARY_MAX  instr=0x7fffffff sel=5 -> imm=0x0000001f
[PASS] seq=crv_seq_5                      cyc=181 op=IK_BOUNDARY_MAX  instr=0x7fffffff sel=3 -> imm=0x7ffff000
[PASS] seq=crv_seq_5                      cyc=182 op=IK_U_TYPE        instr=0xf7f618bd sel=3 -> imm=0xf7f61000
[PASS] seq=crv_seq_5                      cyc=183 op=IK_B_TYPE        instr=0x11935f3f sel=2 -> imm=0x0000011e
[PASS] seq=crv_seq_5                      cyc=184 op=IK_BOUNDARY_ZERO instr=0x00000000 sel=6 -> imm=0x00000000
[PASS] seq=crv_seq_5                      cyc=185 op=IK_I_TYPE        instr=0x60e122a9 sel=0 -> imm=0x0000060e
[PASS] seq=crv_seq_5                      cyc=186 op=IK_S_TYPE        instr=0xe8f0e417 sel=1 -> imm=0xfffffe88
[PASS] seq=crv_seq_5                      cyc=187 op=IK_BOUNDARY_ZERO instr=0x00000000 sel=4 -> imm=0x00000000
[PASS] seq=crv_seq_5                      cyc=188 op=IK_J_TYPE        instr=0xc854d827 sel=4 -> imm=0xfff4dc84
[PASS] seq=crv_seq_5                      cyc=189 op=IK_NONE_TYPE     instr=0x6ac580bb sel=6 -> imm=0x00000000
[PASS] seq=crv_seq_5                      cyc=190 op=IK_BOUNDARY_MIN  instr=0xb816efd0 sel=1 -> imm=0xfffffb9f
[PASS] seq=crv_seq_5                      cyc=191 op=IK_NONE_TYPE     instr=0x49e456af sel=6 -> imm=0x00000000
[PASS] seq=crv_seq_5                      cyc=192 op=IK_I_TYPE        instr=0xbe745793 sel=0 -> imm=0xfffffbe7
[PASS] seq=crv_seq_5                      cyc=193 op=IK_BOUNDARY_MIN  instr=0xb950fc0f sel=6 -> imm=0x00000000
[PASS] seq=crv_seq_5                      cyc=194 op=IK_J_TYPE        instr=0x2f6e9ba9 sel=4 -> imm=0x000e92f6
[PASS] seq=crv_seq_5                      cyc=195 op=IK_RANDOM        instr=0x7ec89d8b sel=4 -> imm=0x000897ec
[PASS] seq=crv_seq_5                      cyc=196 op=IK_RANDOM        instr=0xe6e6ba6c sel=4 -> imm=0xfff6b66e
[PASS] seq=crv_seq_5                      cyc=197 op=IK_J_TYPE        instr=0x2da0ab26 sel=4 -> imm=0x0000a2da
[PASS] seq=crv_seq_5                      cyc=198 op=IK_S_TYPE        instr=0x57b5317c sel=1 -> imm=0x00000562
[PASS] seq=crv_seq_5                      cyc=199 op=IK_U_TYPE        instr=0x409f71d2 sel=3 -> imm=0x409f7000
[PASS] seq=crv_seq_6                      cyc=0 op=IK_B_TYPE        instr=0xe987def7 sel=2 -> imm=0xfffffe9c
[PASS] seq=crv_seq_6                      cyc=1 op=IK_B_TYPE        instr=0xed2e5181 sel=2 -> imm=0xfffffec2
[PASS] seq=crv_seq_6                      cyc=2 op=IK_BOUNDARY_ZERO instr=0x00000000 sel=1 -> imm=0x00000000
[PASS] seq=crv_seq_6                      cyc=3 op=IK_RANDOM        instr=0xf623e17d sel=0 -> imm=0xffffff62
[PASS] seq=crv_seq_6                      cyc=4 op=IK_BOUNDARY_MAX  instr=0x7fffffff sel=3 -> imm=0x7ffff000
[PASS] seq=crv_seq_6                      cyc=5 op=IK_BOUNDARY_MIN  instr=0xb805ba77 sel=6 -> imm=0x00000000
[PASS] seq=crv_seq_6                      cyc=6 op=IK_RANDOM        instr=0x992c4919 sel=1 -> imm=0xfffff992
[PASS] seq=crv_seq_6                      cyc=7 op=IK_CSR_TYPE      instr=0x362d3b6a sel=5 -> imm=0x0000001a
[PASS] seq=crv_seq_6                      cyc=8 op=IK_CSR_TYPE      instr=0x964921e9 sel=5 -> imm=0x00000012
[PASS] seq=crv_seq_6                      cyc=9 op=IK_S_TYPE        instr=0x09268b4f sel=1 -> imm=0x00000096
[PASS] seq=crv_seq_6                      cyc=10 op=IK_BOUNDARY_ZERO instr=0x00000000 sel=1 -> imm=0x00000000
[PASS] seq=crv_seq_6                      cyc=11 op=IK_J_TYPE        instr=0x9e64755b sel=4 -> imm=0xfff471e6
[PASS] seq=crv_seq_6                      cyc=12 op=IK_BOUNDARY_ZERO instr=0x00000000 sel=4 -> imm=0x00000000
[PASS] seq=crv_seq_6                      cyc=13 op=IK_BOUNDARY_ZERO instr=0x00000000 sel=3 -> imm=0x00000000
[PASS] seq=crv_seq_6                      cyc=14 op=IK_CSR_TYPE      instr=0x016fd956 sel=5 -> imm=0x0000001f
[PASS] seq=crv_seq_6                      cyc=15 op=IK_S_TYPE        instr=0xdaa911a5 sel=1 -> imm=0xfffffda3
[PASS] seq=crv_seq_6                      cyc=16 op=IK_RANDOM        instr=0xf5206987 sel=6 -> imm=0x00000000
[PASS] seq=crv_seq_6                      cyc=17 op=IK_RANDOM        instr=0x06bca16b sel=4 -> imm=0x000ca86a
[PASS] seq=crv_seq_6                      cyc=18 op=IK_RANDOM        instr=0xe432b64b sel=3 -> imm=0xe432b000
[PASS] seq=crv_seq_6                      cyc=19 op=IK_NONE_TYPE     instr=0x4c85be14 sel=6 -> imm=0x00000000
[PASS] seq=crv_seq_6                      cyc=20 op=IK_RANDOM        instr=0xaa8b2f1a sel=6 -> imm=0x00000000
[PASS] seq=crv_seq_6                      cyc=21 op=IK_S_TYPE        instr=0xf54c7751 sel=1 -> imm=0xffffff4e
[PASS] seq=crv_seq_6                      cyc=22 op=IK_B_TYPE        instr=0xf38182db sel=2 -> imm=0xffffff24
[PASS] seq=crv_seq_6                      cyc=23 op=IK_I_TYPE        instr=0xc5b9c670 sel=0 -> imm=0xfffffc5b
[PASS] seq=crv_seq_6                      cyc=24 op=IK_U_TYPE        instr=0xa56076ce sel=3 -> imm=0xa5607000
[PASS] seq=crv_seq_6                      cyc=25 op=IK_CSR_TYPE      instr=0xb09d5988 sel=5 -> imm=0x0000001a
[PASS] seq=crv_seq_6                      cyc=26 op=IK_S_TYPE        instr=0x629b73da sel=1 -> imm=0x00000627
[PASS] seq=crv_seq_6                      cyc=27 op=IK_RANDOM        instr=0xe1995077 sel=0 -> imm=0xfffffe19
[PASS] seq=crv_seq_6                      cyc=28 op=IK_S_TYPE        instr=0xcde35c00 sel=1 -> imm=0xfffffcd8
[PASS] seq=crv_seq_6                      cyc=29 op=IK_S_TYPE        instr=0x33a9baa2 sel=1 -> imm=0x00000335
[PASS] seq=crv_seq_6                      cyc=30 op=IK_I_TYPE        instr=0xf10bce6a sel=0 -> imm=0xffffff10
[PASS] seq=crv_seq_6                      cyc=31 op=IK_S_TYPE        instr=0x77f69945 sel=1 -> imm=0x00000772
[PASS] seq=crv_seq_6                      cyc=32 op=IK_B_TYPE        instr=0xfd0f7f27 sel=2 -> imm=0xfffff7de
[PASS] seq=crv_seq_6                      cyc=33 op=IK_J_TYPE        instr=0xdbd1e395 sel=4 -> imm=0xfff1edbc
[PASS] seq=crv_seq_6                      cyc=34 op=IK_CSR_TYPE      instr=0xb1f3c4ef sel=5 -> imm=0x00000007
[PASS] seq=crv_seq_6                      cyc=35 op=IK_S_TYPE        instr=0x78fd1544 sel=1 -> imm=0x0000078a
[PASS] seq=crv_seq_6                      cyc=36 op=IK_RANDOM        instr=0x9b0c8464 sel=4 -> imm=0xfffc81b0
[PASS] seq=crv_seq_6                      cyc=37 op=IK_S_TYPE        instr=0x56518c98 sel=1 -> imm=0x00000579
[PASS] seq=crv_seq_6                      cyc=38 op=IK_S_TYPE        instr=0xad28f553 sel=1 -> imm=0xfffffaca
[PASS] seq=crv_seq_6                      cyc=39 op=IK_U_TYPE        instr=0x1ffca1fd sel=3 -> imm=0x1ffca000
[PASS] seq=crv_seq_6                      cyc=40 op=IK_U_TYPE        instr=0xce07fe17 sel=3 -> imm=0xce07f000
[PASS] seq=crv_seq_6                      cyc=41 op=IK_RANDOM        instr=0x06fa4c91 sel=4 -> imm=0x000a486e
[PASS] seq=crv_seq_6                      cyc=42 op=IK_B_TYPE        instr=0x5719eb1b sel=2 -> imm=0x00000576
[PASS] seq=crv_seq_6                      cyc=43 op=IK_RANDOM        instr=0xc6bca4d9 sel=1 -> imm=0xfffffc69
[PASS] seq=crv_seq_6                      cyc=44 op=IK_J_TYPE        instr=0xc592fc58 sel=4 -> imm=0xfff2fc58
[PASS] seq=crv_seq_6                      cyc=45 op=IK_I_TYPE        instr=0x953251b7 sel=0 -> imm=0xfffff953
[PASS] seq=crv_seq_6                      cyc=46 op=IK_RANDOM        instr=0x25dee2a0 sel=2 -> imm=0x00000a44
[PASS] seq=crv_seq_6                      cyc=47 op=IK_BOUNDARY_MIN  instr=0x8e6109c1 sel=4 -> imm=0xfff100e6
[PASS] seq=crv_seq_6                      cyc=48 op=IK_I_TYPE        instr=0x3f774cc7 sel=0 -> imm=0x000003f7
[PASS] seq=crv_seq_6                      cyc=49 op=IK_BOUNDARY_MAX  instr=0x7fffffff sel=4 -> imm=0x000ffffe
[PASS] seq=crv_seq_6                      cyc=50 op=IK_J_TYPE        instr=0xe4b1bfa9 sel=4 -> imm=0xfff1be4a
[PASS] seq=crv_seq_6                      cyc=51 op=IK_RANDOM        instr=0x66bc1ec4 sel=3 -> imm=0x66bc1000
[PASS] seq=crv_seq_6                      cyc=52 op=IK_B_TYPE        instr=0xf195b794 sel=2 -> imm=0xffffff0e
[PASS] seq=crv_seq_6                      cyc=53 op=IK_RANDOM        instr=0x4b85551e sel=6 -> imm=0x00000000
[PASS] seq=crv_seq_6                      cyc=54 op=IK_U_TYPE        instr=0x18746814 sel=3 -> imm=0x18746000
[PASS] seq=crv_seq_6                      cyc=55 op=IK_J_TYPE        instr=0x4f961573 sel=4 -> imm=0x00061cf8
[PASS] seq=crv_seq_6                      cyc=56 op=IK_B_TYPE        instr=0xafac40b3 sel=2 -> imm=0xfffffae0
[PASS] seq=crv_seq_6                      cyc=57 op=IK_BOUNDARY_MAX  instr=0x7fffffff sel=6 -> imm=0x00000000
[PASS] seq=crv_seq_6                      cyc=58 op=IK_B_TYPE        instr=0xc653afe0 sel=2 -> imm=0xfffffc7e
[PASS] seq=crv_seq_6                      cyc=59 op=IK_BOUNDARY_ZERO instr=0x00000000 sel=5 -> imm=0x00000000
[PASS] seq=crv_seq_6                      cyc=60 op=IK_I_TYPE        instr=0x80d1ca62 sel=0 -> imm=0xfffff80d
[PASS] seq=crv_seq_6                      cyc=61 op=IK_RANDOM        instr=0xfc0258a5 sel=5 -> imm=0x00000004
[PASS] seq=crv_seq_6                      cyc=62 op=IK_NONE_TYPE     instr=0x21c00c6a sel=6 -> imm=0x00000000
[PASS] seq=crv_seq_6                      cyc=63 op=IK_RANDOM        instr=0x555f400d sel=0 -> imm=0x00000555
[PASS] seq=crv_seq_6                      cyc=64 op=IK_J_TYPE        instr=0x76c60b0c sel=4 -> imm=0x0006076c
[PASS] seq=crv_seq_6                      cyc=65 op=IK_I_TYPE        instr=0xa78a7ef3 sel=0 -> imm=0xfffffa78
[PASS] seq=crv_seq_6                      cyc=66 op=IK_BOUNDARY_MIN  instr=0xe5f55cbd sel=4 -> imm=0xfff55e5e
[PASS] seq=crv_seq_6                      cyc=67 op=IK_B_TYPE        instr=0x9c1cf6c4 sel=2 -> imm=0xfffff9cc
[PASS] seq=crv_seq_6                      cyc=68 op=IK_RANDOM        instr=0x6b8625ae sel=2 -> imm=0x00000eaa
[PASS] seq=crv_seq_6                      cyc=69 op=IK_RANDOM        instr=0x936d303b sel=3 -> imm=0x936d3000
[PASS] seq=crv_seq_6                      cyc=70 op=IK_I_TYPE        instr=0xc20a837a sel=0 -> imm=0xfffffc20
[PASS] seq=crv_seq_6                      cyc=71 op=IK_BOUNDARY_MIN  instr=0xf8fc527b sel=5 -> imm=0x00000018
[PASS] seq=crv_seq_6                      cyc=72 op=IK_B_TYPE        instr=0xb17bd53b sel=2 -> imm=0xfffff30a
[PASS] seq=crv_seq_6                      cyc=73 op=IK_U_TYPE        instr=0xf4376e00 sel=3 -> imm=0xf4376000
[PASS] seq=crv_seq_6                      cyc=74 op=IK_BOUNDARY_ZERO instr=0x00000000 sel=0 -> imm=0x00000000
[PASS] seq=crv_seq_6                      cyc=75 op=IK_RANDOM        instr=0xb8f11d61 sel=6 -> imm=0x00000000
[PASS] seq=crv_seq_6                      cyc=76 op=IK_CSR_TYPE      instr=0x638f4275 sel=5 -> imm=0x0000001e
[PASS] seq=crv_seq_6                      cyc=77 op=IK_RANDOM        instr=0x72af037b sel=2 -> imm=0x00000726
[PASS] seq=crv_seq_6                      cyc=78 op=IK_J_TYPE        instr=0x62938c7f sel=4 -> imm=0x00038e28
[PASS] seq=crv_seq_6                      cyc=79 op=IK_BOUNDARY_MIN  instr=0xb071c48b sel=5 -> imm=0x00000003
[PASS] seq=crv_seq_6                      cyc=80 op=IK_B_TYPE        instr=0xde315dda sel=2 -> imm=0xfffffdfa
[PASS] seq=crv_seq_6                      cyc=81 op=IK_B_TYPE        instr=0xd7f12fbc sel=2 -> imm=0xfffffd7e
[PASS] seq=crv_seq_6                      cyc=82 op=IK_RANDOM        instr=0x20f14239 sel=6 -> imm=0x00000000
[PASS] seq=crv_seq_6                      cyc=83 op=IK_RANDOM        instr=0xc73e0e81 sel=4 -> imm=0xfffe0c72
[PASS] seq=crv_seq_6                      cyc=84 op=IK_J_TYPE        instr=0x8787ff3d sel=4 -> imm=0xfff7f078
[PASS] seq=crv_seq_6                      cyc=85 op=IK_J_TYPE        instr=0xa996ea96 sel=4 -> imm=0xfff6ea98
[PASS] seq=crv_seq_6                      cyc=86 op=IK_BOUNDARY_MIN  instr=0xfc8401b3 sel=1 -> imm=0xffffffc3
[PASS] seq=crv_seq_6                      cyc=87 op=IK_J_TYPE        instr=0x55391e09 sel=4 -> imm=0x00091d52
[PASS] seq=crv_seq_6                      cyc=88 op=IK_S_TYPE        instr=0x395fea44 sel=1 -> imm=0x00000394
[PASS] seq=crv_seq_6                      cyc=89 op=IK_RANDOM        instr=0x3be6e5b5 sel=4 -> imm=0x0006e3be
[PASS] seq=crv_seq_6                      cyc=90 op=IK_CSR_TYPE      instr=0x3b368a98 sel=5 -> imm=0x0000000d
[PASS] seq=crv_seq_6                      cyc=91 op=IK_RANDOM        instr=0x1079da38 sel=0 -> imm=0x00000107
[PASS] seq=crv_seq_6                      cyc=92 op=IK_I_TYPE        instr=0x4e39d0a8 sel=0 -> imm=0x000004e3
[PASS] seq=crv_seq_6                      cyc=93 op=IK_B_TYPE        instr=0xc8f67717 sel=2 -> imm=0xfffff48e
[PASS] seq=crv_seq_6                      cyc=94 op=IK_I_TYPE        instr=0xd30f5098 sel=0 -> imm=0xfffffd30
[PASS] seq=crv_seq_6                      cyc=95 op=IK_U_TYPE        instr=0x3a261b9b sel=3 -> imm=0x3a261000
[PASS] seq=crv_seq_6                      cyc=96 op=IK_U_TYPE        instr=0x7387ebbb sel=3 -> imm=0x7387e000
[PASS] seq=crv_seq_6                      cyc=97 op=IK_U_TYPE        instr=0x5232cbbc sel=3 -> imm=0x5232c000
[PASS] seq=crv_seq_6                      cyc=98 op=IK_U_TYPE        instr=0x865c1065 sel=3 -> imm=0x865c1000
[PASS] seq=crv_seq_6                      cyc=99 op=IK_U_TYPE        instr=0xe3f53714 sel=3 -> imm=0xe3f53000
[PASS] seq=crv_seq_6                      cyc=100 op=IK_CSR_TYPE      instr=0x68670716 sel=5 -> imm=0x0000000e
[PASS] seq=crv_seq_6                      cyc=101 op=IK_RANDOM        instr=0x17dbc7f7 sel=5 -> imm=0x00000017
[PASS] seq=crv_seq_6                      cyc=102 op=IK_B_TYPE        instr=0xbf97b2cd sel=2 -> imm=0xfffffbe4
[PASS] seq=crv_seq_6                      cyc=103 op=IK_BOUNDARY_MAX  instr=0x7fffffff sel=0 -> imm=0x000007ff
[PASS] seq=crv_seq_6                      cyc=104 op=IK_J_TYPE        instr=0x82f056bc sel=4 -> imm=0xfff0582e
[PASS] seq=crv_seq_6                      cyc=105 op=IK_CSR_TYPE      instr=0xf64034b2 sel=5 -> imm=0x00000000
[PASS] seq=crv_seq_6                      cyc=106 op=IK_J_TYPE        instr=0x620f86c7 sel=4 -> imm=0x000f8620
[PASS] seq=crv_seq_6                      cyc=107 op=IK_RANDOM        instr=0x875bc9c7 sel=2 -> imm=0xfffff872
[PASS] seq=crv_seq_6                      cyc=108 op=IK_S_TYPE        instr=0x525e17bc sel=1 -> imm=0x0000052f
[PASS] seq=crv_seq_6                      cyc=109 op=IK_BOUNDARY_ZERO instr=0x00000000 sel=5 -> imm=0x00000000
[PASS] seq=crv_seq_6                      cyc=110 op=IK_CSR_TYPE      instr=0xb4840b37 sel=5 -> imm=0x00000008
[PASS] seq=crv_seq_6                      cyc=111 op=IK_J_TYPE        instr=0x07db04a9 sel=4 -> imm=0x000b087c
[PASS] seq=crv_seq_6                      cyc=112 op=IK_B_TYPE        instr=0x74a5f24d sel=2 -> imm=0x00000744
[PASS] seq=crv_seq_6                      cyc=113 op=IK_RANDOM        instr=0xd0f19c4e sel=2 -> imm=0xfffff518
[PASS] seq=crv_seq_6                      cyc=114 op=IK_U_TYPE        instr=0xa2d247fc sel=3 -> imm=0xa2d24000
[PASS] seq=crv_seq_6                      cyc=115 op=IK_RANDOM        instr=0x48b182a7 sel=6 -> imm=0x00000000
[PASS] seq=crv_seq_6                      cyc=116 op=IK_I_TYPE        instr=0x19a56aae sel=0 -> imm=0x0000019a
[PASS] seq=crv_seq_6                      cyc=117 op=IK_RANDOM        instr=0x1224472d sel=1 -> imm=0x0000012e
[PASS] seq=crv_seq_6                      cyc=118 op=IK_S_TYPE        instr=0xb192fbdf sel=1 -> imm=0xfffffb17
[PASS] seq=crv_seq_6                      cyc=119 op=IK_CSR_TYPE      instr=0x94d70fea sel=5 -> imm=0x0000000e
[PASS] seq=crv_seq_6                      cyc=120 op=IK_CSR_TYPE      instr=0xdcfccda2 sel=5 -> imm=0x00000019
[PASS] seq=crv_seq_6                      cyc=121 op=IK_BOUNDARY_MIN  instr=0xc194250b sel=2 -> imm=0xfffff40a
[PASS] seq=crv_seq_6                      cyc=122 op=IK_I_TYPE        instr=0x7f730d7f sel=0 -> imm=0x000007f7
[PASS] seq=crv_seq_6                      cyc=123 op=IK_BOUNDARY_MAX  instr=0x7fffffff sel=5 -> imm=0x0000001f
[PASS] seq=crv_seq_6                      cyc=124 op=IK_J_TYPE        instr=0x268645e5 sel=4 -> imm=0x00064268
[PASS] seq=crv_seq_6                      cyc=125 op=IK_U_TYPE        instr=0x7ad872ca sel=3 -> imm=0x7ad87000
[PASS] seq=crv_seq_6                      cyc=126 op=IK_U_TYPE        instr=0xaa71616f sel=3 -> imm=0xaa716000
[PASS] seq=crv_seq_6                      cyc=127 op=IK_I_TYPE        instr=0x799d68ca sel=0 -> imm=0x00000799
[PASS] seq=crv_seq_6                      cyc=128 op=IK_BOUNDARY_ZERO instr=0x00000000 sel=3 -> imm=0x00000000
[PASS] seq=crv_seq_6                      cyc=129 op=IK_RANDOM        instr=0x8d6677bf sel=1 -> imm=0xfffff8cf
[PASS] seq=crv_seq_6                      cyc=130 op=IK_RANDOM        instr=0x93a3da1a sel=0 -> imm=0xfffff93a
[PASS] seq=crv_seq_6                      cyc=131 op=IK_BOUNDARY_MAX  instr=0x7fffffff sel=3 -> imm=0x7ffff000
[PASS] seq=crv_seq_6                      cyc=132 op=IK_J_TYPE        instr=0xeca08c86 sel=4 -> imm=0xfff086ca
[PASS] seq=crv_seq_6                      cyc=133 op=IK_CSR_TYPE      instr=0x15f6e1dd sel=5 -> imm=0x0000000d
[PASS] seq=crv_seq_6                      cyc=134 op=IK_RANDOM        instr=0x926ac969 sel=6 -> imm=0x00000000
[PASS] seq=crv_seq_6                      cyc=135 op=IK_I_TYPE        instr=0xe43f4c6c sel=0 -> imm=0xfffffe43
[PASS] seq=crv_seq_6                      cyc=136 op=IK_RANDOM        instr=0x6e444fd9 sel=1 -> imm=0x000006ff
[PASS] seq=crv_seq_6                      cyc=137 op=IK_BOUNDARY_MAX  instr=0x7fffffff sel=5 -> imm=0x0000001f
[PASS] seq=crv_seq_6                      cyc=138 op=IK_BOUNDARY_ZERO instr=0x00000000 sel=3 -> imm=0x00000000
[PASS] seq=crv_seq_6                      cyc=139 op=IK_U_TYPE        instr=0x3f5b277d sel=3 -> imm=0x3f5b2000
[PASS] seq=crv_seq_6                      cyc=140 op=IK_U_TYPE        instr=0x54a44676 sel=3 -> imm=0x54a44000
[PASS] seq=crv_seq_6                      cyc=141 op=IK_RANDOM        instr=0x803ad3a2 sel=3 -> imm=0x803ad000
[PASS] seq=crv_seq_6                      cyc=142 op=IK_CSR_TYPE      instr=0x55935d16 sel=5 -> imm=0x00000006
[PASS] seq=crv_seq_6                      cyc=143 op=IK_NONE_TYPE     instr=0xd75ab117 sel=6 -> imm=0x00000000
[PASS] seq=crv_seq_6                      cyc=144 op=IK_J_TYPE        instr=0x9455b388 sel=4 -> imm=0xfff5b944
[PASS] seq=crv_seq_6                      cyc=145 op=IK_RANDOM        instr=0xb7422104 sel=0 -> imm=0xfffffb74
[PASS] seq=crv_seq_6                      cyc=146 op=IK_BOUNDARY_MAX  instr=0x7fffffff sel=2 -> imm=0x00000ffe
[PASS] seq=crv_seq_6                      cyc=147 op=IK_BOUNDARY_ZERO instr=0x00000000 sel=1 -> imm=0x00000000
[PASS] seq=crv_seq_6                      cyc=148 op=IK_B_TYPE        instr=0xd157cd38 sel=2 -> imm=0xfffff51a
[PASS] seq=crv_seq_6                      cyc=149 op=IK_J_TYPE        instr=0x7ad7f361 sel=4 -> imm=0x0007ffac
[PASS] seq=crv_seq_6                      cyc=150 op=IK_I_TYPE        instr=0x98b0c463 sel=0 -> imm=0xfffff98b
[PASS] seq=crv_seq_6                      cyc=151 op=IK_RANDOM        instr=0x35cf9afb sel=3 -> imm=0x35cf9000
[PASS] seq=crv_seq_6                      cyc=152 op=IK_RANDOM        instr=0xad6af72a sel=2 -> imm=0xfffff2ce
[PASS] seq=crv_seq_6                      cyc=153 op=IK_I_TYPE        instr=0x646a4d11 sel=0 -> imm=0x00000646
[PASS] seq=crv_seq_6                      cyc=154 op=IK_CSR_TYPE      instr=0x5ebfad5b sel=5 -> imm=0x0000001f
[PASS] seq=crv_seq_6                      cyc=155 op=IK_RANDOM        instr=0xbfc8de28 sel=5 -> imm=0x00000011
[PASS] seq=crv_seq_6                      cyc=156 op=IK_B_TYPE        instr=0x4572829c sel=2 -> imm=0x00000c44
[PASS] seq=crv_seq_6                      cyc=157 op=IK_I_TYPE        instr=0x1262e121 sel=0 -> imm=0x00000126
[PASS] seq=crv_seq_6                      cyc=158 op=IK_J_TYPE        instr=0xed4cba08 sel=4 -> imm=0xfffcb6d4
[PASS] seq=crv_seq_6                      cyc=159 op=IK_CSR_TYPE      instr=0xa0464321 sel=5 -> imm=0x0000000c
[PASS] seq=crv_seq_6                      cyc=160 op=IK_BOUNDARY_MIN  instr=0x93801fd8 sel=3 -> imm=0x93801000
[PASS] seq=crv_seq_6                      cyc=161 op=IK_U_TYPE        instr=0xc08f3d5a sel=3 -> imm=0xc08f3000
[PASS] seq=crv_seq_6                      cyc=162 op=IK_RANDOM        instr=0x22772005 sel=3 -> imm=0x22772000
[PASS] seq=crv_seq_6                      cyc=163 op=IK_J_TYPE        instr=0x19f4a485 sel=4 -> imm=0x0004a99e
[PASS] seq=crv_seq_6                      cyc=164 op=IK_B_TYPE        instr=0x97041f1b sel=2 -> imm=0xfffff17e
[PASS] seq=crv_seq_6                      cyc=165 op=IK_CSR_TYPE      instr=0x1fc20fa2 sel=5 -> imm=0x00000004
[PASS] seq=crv_seq_6                      cyc=166 op=IK_CSR_TYPE      instr=0x07dd0228 sel=5 -> imm=0x0000001a
[PASS] seq=crv_seq_6                      cyc=167 op=IK_I_TYPE        instr=0x58e90bf6 sel=0 -> imm=0x0000058e
[PASS] seq=crv_seq_6                      cyc=168 op=IK_CSR_TYPE      instr=0x243a2036 sel=5 -> imm=0x00000014
[PASS] seq=crv_seq_6                      cyc=169 op=IK_I_TYPE        instr=0xcee22407 sel=0 -> imm=0xfffffcee
[PASS] seq=crv_seq_6                      cyc=170 op=IK_BOUNDARY_MIN  instr=0xde4235ce sel=1 -> imm=0xfffffdeb
[PASS] seq=crv_seq_6                      cyc=171 op=IK_BOUNDARY_MIN  instr=0xd57186ba sel=1 -> imm=0xfffffd4d
[PASS] seq=crv_seq_6                      cyc=172 op=IK_B_TYPE        instr=0x680c2f3f sel=2 -> imm=0x0000069e
[PASS] seq=crv_seq_6                      cyc=173 op=IK_I_TYPE        instr=0x3640d555 sel=0 -> imm=0x00000364
[PASS] seq=crv_seq_6                      cyc=174 op=IK_RANDOM        instr=0x678a0a61 sel=1 -> imm=0x00000674
[PASS] seq=crv_seq_6                      cyc=175 op=IK_B_TYPE        instr=0xc9cebdcd sel=2 -> imm=0xfffffc9a
[PASS] seq=crv_seq_6                      cyc=176 op=IK_U_TYPE        instr=0xc280f51e sel=3 -> imm=0xc280f000
[PASS] seq=crv_seq_6                      cyc=177 op=IK_NONE_TYPE     instr=0xf3c26f87 sel=6 -> imm=0x00000000
[PASS] seq=crv_seq_6                      cyc=178 op=IK_CSR_TYPE      instr=0xc7511693 sel=5 -> imm=0x00000002
[PASS] seq=crv_seq_6                      cyc=179 op=IK_BOUNDARY_MIN  instr=0xaa17001b sel=0 -> imm=0xfffffaa1
[PASS] seq=crv_seq_6                      cyc=180 op=IK_RANDOM        instr=0x6a5618f5 sel=0 -> imm=0x000006a5
[PASS] seq=crv_seq_6                      cyc=181 op=IK_U_TYPE        instr=0x6811590f sel=3 -> imm=0x68115000
[PASS] seq=crv_seq_6                      cyc=182 op=IK_B_TYPE        instr=0x7acc9e18 sel=2 -> imm=0x000007bc
[PASS] seq=crv_seq_6                      cyc=183 op=IK_RANDOM        instr=0x99eb92a8 sel=6 -> imm=0x00000000
[PASS] seq=crv_seq_6                      cyc=184 op=IK_B_TYPE        instr=0x0a224d5c sel=2 -> imm=0x000000ba
[PASS] seq=crv_seq_6                      cyc=185 op=IK_BOUNDARY_MIN  instr=0xb02c0fd0 sel=1 -> imm=0xfffffb1f
[PASS] seq=crv_seq_6                      cyc=186 op=IK_CSR_TYPE      instr=0x6ecdb8f7 sel=5 -> imm=0x0000001b
[PASS] seq=crv_seq_6                      cyc=187 op=IK_CSR_TYPE      instr=0x5dfdf167 sel=5 -> imm=0x0000001b
[PASS] seq=crv_seq_6                      cyc=188 op=IK_RANDOM        instr=0xcee214e8 sel=0 -> imm=0xfffffcee
[PASS] seq=crv_seq_6                      cyc=189 op=IK_J_TYPE        instr=0x0fa83ff8 sel=4 -> imm=0x000830fa
[PASS] seq=crv_seq_6                      cyc=190 op=IK_BOUNDARY_MIN  instr=0xe0d4e50a sel=0 -> imm=0xfffffe0d
[PASS] seq=crv_seq_6                      cyc=191 op=IK_BOUNDARY_MIN  instr=0xc1f891b4 sel=4 -> imm=0xfff89c1e
[PASS] seq=crv_seq_6                      cyc=192 op=IK_J_TYPE        instr=0xc2cfcb5e sel=4 -> imm=0xffffc42c
[PASS] seq=crv_seq_6                      cyc=193 op=IK_B_TYPE        instr=0x18b38c40 sel=2 -> imm=0x00000198
[PASS] seq=crv_seq_6                      cyc=194 op=IK_RANDOM        instr=0xdac7effa sel=2 -> imm=0xfffffdbe
[PASS] seq=crv_seq_6                      cyc=195 op=IK_B_TYPE        instr=0x387cc291 sel=2 -> imm=0x00000b84
[PASS] seq=crv_seq_6                      cyc=196 op=IK_CSR_TYPE      instr=0xdd225bc0 sel=5 -> imm=0x00000004
[PASS] seq=crv_seq_6                      cyc=197 op=IK_CSR_TYPE      instr=0x71a126d7 sel=5 -> imm=0x00000002
[PASS] seq=crv_seq_6                      cyc=198 op=IK_S_TYPE        instr=0x881fb8c0 sel=1 -> imm=0xfffff891
[PASS] seq=crv_seq_6                      cyc=199 op=IK_B_TYPE        instr=0x549c387b sel=2 -> imm=0x00000550
[PASS] seq=crv_seq_7                      cyc=0 op=IK_BOUNDARY_MIN  instr=0xd9f98556 sel=0 -> imm=0xfffffd9f
[PASS] seq=crv_seq_7                      cyc=1 op=IK_BOUNDARY_MIN  instr=0xd4ba0b4e sel=6 -> imm=0x00000000
[PASS] seq=crv_seq_7                      cyc=2 op=IK_J_TYPE        instr=0xaca01724 sel=4 -> imm=0xfff012ca
[PASS] seq=crv_seq_7                      cyc=3 op=IK_J_TYPE        instr=0xa9b82f1b sel=4 -> imm=0xfff82a9a
[PASS] seq=crv_seq_7                      cyc=4 op=IK_NONE_TYPE     instr=0xb753d035 sel=6 -> imm=0x00000000
[PASS] seq=crv_seq_7                      cyc=5 op=IK_RANDOM        instr=0xe6233977 sel=4 -> imm=0xfff33662
[PASS] seq=crv_seq_7                      cyc=6 op=IK_CSR_TYPE      instr=0x6189d5f5 sel=5 -> imm=0x00000013
[PASS] seq=crv_seq_7                      cyc=7 op=IK_RANDOM        instr=0x5ec3cb8e sel=0 -> imm=0x000005ec
[PASS] seq=crv_seq_7                      cyc=8 op=IK_S_TYPE        instr=0x42106e1c sel=1 -> imm=0x0000043c
[PASS] seq=crv_seq_7                      cyc=9 op=IK_CSR_TYPE      instr=0x483c282a sel=5 -> imm=0x00000018
[PASS] seq=crv_seq_7                      cyc=10 op=IK_J_TYPE        instr=0x94b2c3f5 sel=4 -> imm=0xfff2c94a
[PASS] seq=crv_seq_7                      cyc=11 op=IK_U_TYPE        instr=0xdd873b0e sel=3 -> imm=0xdd873000
[PASS] seq=crv_seq_7                      cyc=12 op=IK_RANDOM        instr=0xa44f8e6c sel=2 -> imm=0xfffff25c
[PASS] seq=crv_seq_7                      cyc=13 op=IK_B_TYPE        instr=0x5dc06a33 sel=2 -> imm=0x000005d4
[PASS] seq=crv_seq_7                      cyc=14 op=IK_CSR_TYPE      instr=0xc247eb25 sel=5 -> imm=0x0000000f
[PASS] seq=crv_seq_7                      cyc=15 op=IK_S_TYPE        instr=0x02a2f3cd sel=1 -> imm=0x00000027
[PASS] seq=crv_seq_7                      cyc=16 op=IK_RANDOM        instr=0x1f076b3d sel=6 -> imm=0x00000000
[PASS] seq=crv_seq_7                      cyc=17 op=IK_RANDOM        instr=0xa39a66cf sel=5 -> imm=0x00000014
[PASS] seq=crv_seq_7                      cyc=18 op=IK_BOUNDARY_ZERO instr=0x00000000 sel=3 -> imm=0x00000000
[PASS] seq=crv_seq_7                      cyc=19 op=IK_BOUNDARY_MAX  instr=0x7fffffff sel=5 -> imm=0x0000001f
[PASS] seq=crv_seq_7                      cyc=20 op=IK_RANDOM        instr=0x9f2f81ba sel=4 -> imm=0xffff81f2
[PASS] seq=crv_seq_7                      cyc=21 op=IK_S_TYPE        instr=0x845564c9 sel=1 -> imm=0xfffff849
[PASS] seq=crv_seq_7                      cyc=22 op=IK_U_TYPE        instr=0xf34f5b2d sel=3 -> imm=0xf34f5000
[PASS] seq=crv_seq_7                      cyc=23 op=IK_RANDOM        instr=0x400fa9c1 sel=6 -> imm=0x00000000
[PASS] seq=crv_seq_7                      cyc=24 op=IK_BOUNDARY_MIN  instr=0x9dd49280 sel=2 -> imm=0xfffff9c4
[PASS] seq=crv_seq_7                      cyc=25 op=IK_I_TYPE        instr=0xdbc4b9b8 sel=0 -> imm=0xfffffdbc
[PASS] seq=crv_seq_7                      cyc=26 op=IK_S_TYPE        instr=0x0eab1ff7 sel=1 -> imm=0x000000ff
[PASS] seq=crv_seq_7                      cyc=27 op=IK_S_TYPE        instr=0xe425dd93 sel=1 -> imm=0xfffffe5b
[PASS] seq=crv_seq_7                      cyc=28 op=IK_BOUNDARY_MIN  instr=0x9144fe13 sel=0 -> imm=0xfffff914
[PASS] seq=crv_seq_7                      cyc=29 op=IK_J_TYPE        instr=0x416d87a9 sel=4 -> imm=0x000d8416
[PASS] seq=crv_seq_7                      cyc=30 op=IK_B_TYPE        instr=0x5d8768c9 sel=2 -> imm=0x00000dd0
[PASS] seq=crv_seq_7                      cyc=31 op=IK_RANDOM        instr=0xda1188c5 sel=1 -> imm=0xfffffdb1
[PASS] seq=crv_seq_7                      cyc=32 op=IK_RANDOM        instr=0x1d7c542b sel=6 -> imm=0x00000000
[PASS] seq=crv_seq_7                      cyc=33 op=IK_CSR_TYPE      instr=0x8c36aaa6 sel=5 -> imm=0x0000000d
[PASS] seq=crv_seq_7                      cyc=34 op=IK_I_TYPE        instr=0xfb466390 sel=0 -> imm=0xffffffb4
[PASS] seq=crv_seq_7                      cyc=35 op=IK_RANDOM        instr=0xcb5ed374 sel=0 -> imm=0xfffffcb5
[PASS] seq=crv_seq_7                      cyc=36 op=IK_S_TYPE        instr=0x522b2892 sel=1 -> imm=0x00000531
[PASS] seq=crv_seq_7                      cyc=37 op=IK_S_TYPE        instr=0x1dd4b55c sel=1 -> imm=0x000001ca
[PASS] seq=crv_seq_7                      cyc=38 op=IK_RANDOM        instr=0x1b925c8d sel=3 -> imm=0x1b925000
[PASS] seq=crv_seq_7                      cyc=39 op=IK_B_TYPE        instr=0xccc23953 sel=2 -> imm=0xfffff4d2
[PASS] seq=crv_seq_7                      cyc=40 op=IK_RANDOM        instr=0x58fcc897 sel=0 -> imm=0x0000058f
[PASS] seq=crv_seq_7                      cyc=41 op=IK_S_TYPE        instr=0x862ec6c8 sel=1 -> imm=0xfffff86d
[PASS] seq=crv_seq_7                      cyc=42 op=IK_BOUNDARY_ZERO instr=0x00000000 sel=0 -> imm=0x00000000
[PASS] seq=crv_seq_7                      cyc=43 op=IK_S_TYPE        instr=0xb33dcd33 sel=1 -> imm=0xfffffb3a
[PASS] seq=crv_seq_7                      cyc=44 op=IK_NONE_TYPE     instr=0x2950ed10 sel=6 -> imm=0x00000000
[PASS] seq=crv_seq_7                      cyc=45 op=IK_S_TYPE        instr=0x1c43a291 sel=1 -> imm=0x000001c5
[PASS] seq=crv_seq_7                      cyc=46 op=IK_J_TYPE        instr=0x0b54d6e8 sel=4 -> imm=0x0004d8b4
[PASS] seq=crv_seq_7                      cyc=47 op=IK_BOUNDARY_MIN  instr=0xddab854d sel=6 -> imm=0x00000000
[PASS] seq=crv_seq_7                      cyc=48 op=IK_RANDOM        instr=0x6ddaccc9 sel=2 -> imm=0x00000ed8
[PASS] seq=crv_seq_7                      cyc=49 op=IK_CSR_TYPE      instr=0x6002ffd5 sel=5 -> imm=0x00000005
[PASS] seq=crv_seq_7                      cyc=50 op=IK_RANDOM        instr=0x103d229b sel=6 -> imm=0x00000000
[PASS] seq=crv_seq_7                      cyc=51 op=IK_I_TYPE        instr=0xb8f2ce31 sel=0 -> imm=0xfffffb8f
[PASS] seq=crv_seq_7                      cyc=52 op=IK_S_TYPE        instr=0x65ea75d9 sel=1 -> imm=0x0000064b
[PASS] seq=crv_seq_7                      cyc=53 op=IK_I_TYPE        instr=0xb761fb5a sel=0 -> imm=0xfffffb76
[PASS] seq=crv_seq_7                      cyc=54 op=IK_BOUNDARY_MAX  instr=0x7fffffff sel=3 -> imm=0x7ffff000
[PASS] seq=crv_seq_7                      cyc=55 op=IK_J_TYPE        instr=0xd44fbccf sel=4 -> imm=0xffffb544
[PASS] seq=crv_seq_7                      cyc=56 op=IK_B_TYPE        instr=0xf0e02f92 sel=2 -> imm=0xffffff1e
[PASS] seq=crv_seq_7                      cyc=57 op=IK_I_TYPE        instr=0xc9b73491 sel=0 -> imm=0xfffffc9b
[PASS] seq=crv_seq_7                      cyc=58 op=IK_RANDOM        instr=0xe7aef93a sel=2 -> imm=0xfffff672
[PASS] seq=crv_seq_7                      cyc=59 op=IK_S_TYPE        instr=0xaecb7e50 sel=1 -> imm=0xfffffafc
[PASS] seq=crv_seq_7                      cyc=60 op=IK_RANDOM        instr=0xe623dd85 sel=5 -> imm=0x00000007
[PASS] seq=crv_seq_7                      cyc=61 op=IK_RANDOM        instr=0xd0a2de43 sel=6 -> imm=0x00000000
[PASS] seq=crv_seq_7                      cyc=62 op=IK_J_TYPE        instr=0x8791622a sel=4 -> imm=0xfff16878
[PASS] seq=crv_seq_7                      cyc=63 op=IK_B_TYPE        instr=0x3eea0716 sel=2 -> imm=0x000003ee
[PASS] seq=crv_seq_7                      cyc=64 op=IK_BOUNDARY_MIN  instr=0xbe8ad820 sel=2 -> imm=0xfffff3f0
[PASS] seq=crv_seq_7                      cyc=65 op=IK_J_TYPE        instr=0x4ebcc8da sel=4 -> imm=0x000cccea
[PASS] seq=crv_seq_7                      cyc=66 op=IK_CSR_TYPE      instr=0xb638a825 sel=5 -> imm=0x00000011
[PASS] seq=crv_seq_7                      cyc=67 op=IK_B_TYPE        instr=0x4189a407 sel=2 -> imm=0x00000408
[PASS] seq=crv_seq_7                      cyc=68 op=IK_BOUNDARY_MIN  instr=0x8271dad5 sel=2 -> imm=0xfffff834
[PASS] seq=crv_seq_7                      cyc=69 op=IK_I_TYPE        instr=0xa8fd6497 sel=0 -> imm=0xfffffa8f
[PASS] seq=crv_seq_7                      cyc=70 op=IK_B_TYPE        instr=0x5d1cb1e5 sel=2 -> imm=0x00000dc2
[PASS] seq=crv_seq_7                      cyc=71 op=IK_BOUNDARY_MAX  instr=0x7fffffff sel=4 -> imm=0x000ffffe
[PASS] seq=crv_seq_7                      cyc=72 op=IK_U_TYPE        instr=0x21b2bacb sel=3 -> imm=0x21b2b000
[PASS] seq=crv_seq_7                      cyc=73 op=IK_U_TYPE        instr=0x058f931a sel=3 -> imm=0x058f9000
[PASS] seq=crv_seq_7                      cyc=74 op=IK_U_TYPE        instr=0xd66a9fb0 sel=3 -> imm=0xd66a9000
[PASS] seq=crv_seq_7                      cyc=75 op=IK_U_TYPE        instr=0x5185f1f3 sel=3 -> imm=0x5185f000
[PASS] seq=crv_seq_7                      cyc=76 op=IK_BOUNDARY_MIN  instr=0x9cbbac63 sel=3 -> imm=0x9cbba000
[PASS] seq=crv_seq_7                      cyc=77 op=IK_B_TYPE        instr=0x10710b54 sel=2 -> imm=0x00000116
[PASS] seq=crv_seq_7                      cyc=78 op=IK_B_TYPE        instr=0xd9be3dc4 sel=2 -> imm=0xfffffd9a
[PASS] seq=crv_seq_7                      cyc=79 op=IK_B_TYPE        instr=0x154ae40c sel=2 -> imm=0x00000148
[PASS] seq=crv_seq_7                      cyc=80 op=IK_B_TYPE        instr=0x526240e4 sel=2 -> imm=0x00000d20
[PASS] seq=crv_seq_7                      cyc=81 op=IK_S_TYPE        instr=0x76338002 sel=1 -> imm=0x00000760
[PASS] seq=crv_seq_7                      cyc=82 op=IK_BOUNDARY_MAX  instr=0x7fffffff sel=3 -> imm=0x7ffff000
[PASS] seq=crv_seq_7                      cyc=83 op=IK_S_TYPE        instr=0xade10746 sel=1 -> imm=0xffffface
[PASS] seq=crv_seq_7                      cyc=84 op=IK_U_TYPE        instr=0x0cac6567 sel=3 -> imm=0x0cac6000
[PASS] seq=crv_seq_7                      cyc=85 op=IK_J_TYPE        instr=0xdcfd0751 sel=4 -> imm=0xfffd0dce
[PASS] seq=crv_seq_7                      cyc=86 op=IK_RANDOM        instr=0xa2c406a7 sel=4 -> imm=0xfff4022c
[PASS] seq=crv_seq_7                      cyc=87 op=IK_B_TYPE        instr=0x45e5f0e5 sel=2 -> imm=0x00000c40
[PASS] seq=crv_seq_7                      cyc=88 op=IK_U_TYPE        instr=0x23291cd7 sel=3 -> imm=0x23291000
[PASS] seq=crv_seq_7                      cyc=89 op=IK_S_TYPE        instr=0x4c64b77d sel=1 -> imm=0x000004ce
[PASS] seq=crv_seq_7                      cyc=90 op=IK_I_TYPE        instr=0xcf05952f sel=0 -> imm=0xfffffcf0
[PASS] seq=crv_seq_7                      cyc=91 op=IK_S_TYPE        instr=0x74361c0c sel=1 -> imm=0x00000758
[PASS] seq=crv_seq_7                      cyc=92 op=IK_U_TYPE        instr=0xfe434eb0 sel=3 -> imm=0xfe434000
[PASS] seq=crv_seq_7                      cyc=93 op=IK_U_TYPE        instr=0x0fbf3a7b sel=3 -> imm=0x0fbf3000
[PASS] seq=crv_seq_7                      cyc=94 op=IK_J_TYPE        instr=0xb6bc5be6 sel=4 -> imm=0xfffc5b6a
[PASS] seq=crv_seq_7                      cyc=95 op=IK_B_TYPE        instr=0xe3362c6f sel=2 -> imm=0xfffff638
[PASS] seq=crv_seq_7                      cyc=96 op=IK_BOUNDARY_MIN  instr=0x9be3272d sel=6 -> imm=0x00000000
[PASS] seq=crv_seq_7                      cyc=97 op=IK_U_TYPE        instr=0xcc2a2a18 sel=3 -> imm=0xcc2a2000
[PASS] seq=crv_seq_7                      cyc=98 op=IK_U_TYPE        instr=0x0078c3cd sel=3 -> imm=0x0078c000
[PASS] seq=crv_seq_7                      cyc=99 op=IK_CSR_TYPE      instr=0xe8cfd359 sel=5 -> imm=0x0000001f
[PASS] seq=crv_seq_7                      cyc=100 op=IK_S_TYPE        instr=0x6b182efd sel=1 -> imm=0x000006bd
[PASS] seq=crv_seq_7                      cyc=101 op=IK_NONE_TYPE     instr=0x7339fff0 sel=6 -> imm=0x00000000
[PASS] seq=crv_seq_7                      cyc=102 op=IK_NONE_TYPE     instr=0xd4ed56a6 sel=6 -> imm=0x00000000
[PASS] seq=crv_seq_7                      cyc=103 op=IK_U_TYPE        instr=0x2fb03192 sel=3 -> imm=0x2fb03000
[PASS] seq=crv_seq_7                      cyc=104 op=IK_J_TYPE        instr=0x63788bd5 sel=4 -> imm=0x00088e36
[PASS] seq=crv_seq_7                      cyc=105 op=IK_RANDOM        instr=0x3d76b19d sel=4 -> imm=0x0006bbd6
[PASS] seq=crv_seq_7                      cyc=106 op=IK_BOUNDARY_ZERO instr=0x00000000 sel=5 -> imm=0x00000000
[PASS] seq=crv_seq_7                      cyc=107 op=IK_I_TYPE        instr=0x1016dac6 sel=0 -> imm=0x00000101
[PASS] seq=crv_seq_7                      cyc=108 op=IK_BOUNDARY_MAX  instr=0x7fffffff sel=2 -> imm=0x00000ffe
[PASS] seq=crv_seq_7                      cyc=109 op=IK_I_TYPE        instr=0xbbdc372a sel=0 -> imm=0xfffffbbd
[PASS] seq=crv_seq_7                      cyc=110 op=IK_RANDOM        instr=0x30f18e1d sel=5 -> imm=0x00000003
[PASS] seq=crv_seq_7                      cyc=111 op=IK_B_TYPE        instr=0xe6b97006 sel=2 -> imm=0xfffff660
[PASS] seq=crv_seq_7                      cyc=112 op=IK_CSR_TYPE      instr=0x19cee3f2 sel=5 -> imm=0x0000001d
[PASS] seq=crv_seq_7                      cyc=113 op=IK_BOUNDARY_MIN  instr=0x9aeb2985 sel=1 -> imm=0xfffff9b3
[PASS] seq=crv_seq_7                      cyc=114 op=IK_I_TYPE        instr=0x2dc15830 sel=0 -> imm=0x000002dc
[PASS] seq=crv_seq_7                      cyc=115 op=IK_RANDOM        instr=0x9937ef4f sel=1 -> imm=0xfffff99e
[PASS] seq=crv_seq_7                      cyc=116 op=IK_I_TYPE        instr=0x16be7651 sel=0 -> imm=0x0000016b
[PASS] seq=crv_seq_7                      cyc=117 op=IK_RANDOM        instr=0xdabdc626 sel=2 -> imm=0xfffff5ac
[PASS] seq=crv_seq_7                      cyc=118 op=IK_BOUNDARY_MIN  instr=0x8310fee8 sel=5 -> imm=0x00000001
[PASS] seq=crv_seq_7                      cyc=119 op=IK_BOUNDARY_MAX  instr=0x7fffffff sel=2 -> imm=0x00000ffe
[PASS] seq=crv_seq_7                      cyc=120 op=IK_NONE_TYPE     instr=0xa5e6af31 sel=6 -> imm=0x00000000
[PASS] seq=crv_seq_7                      cyc=121 op=IK_U_TYPE        instr=0x31fd3fd9 sel=3 -> imm=0x31fd3000
[PASS] seq=crv_seq_7                      cyc=122 op=IK_J_TYPE        instr=0xa7aef36c sel=4 -> imm=0xfffef27a
[PASS] seq=crv_seq_7                      cyc=123 op=IK_B_TYPE        instr=0x6fe2c35b sel=2 -> imm=0x000006e6
[PASS] seq=crv_seq_7                      cyc=124 op=IK_NONE_TYPE     instr=0x9bca3f25 sel=6 -> imm=0x00000000
[PASS] seq=crv_seq_7                      cyc=125 op=IK_CSR_TYPE      instr=0x02285a08 sel=5 -> imm=0x00000010
[PASS] seq=crv_seq_7                      cyc=126 op=IK_S_TYPE        instr=0xc82ea22e sel=1 -> imm=0xfffffc84
[PASS] seq=crv_seq_7                      cyc=127 op=IK_J_TYPE        instr=0xa29ff100 sel=4 -> imm=0xfffffa28
[PASS] seq=crv_seq_7                      cyc=128 op=IK_S_TYPE        instr=0x275ceddd sel=1 -> imm=0x0000027b
[PASS] seq=crv_seq_7                      cyc=129 op=IK_U_TYPE        instr=0x44cc6c47 sel=3 -> imm=0x44cc6000
[PASS] seq=crv_seq_7                      cyc=130 op=IK_J_TYPE        instr=0xe6d5ed31 sel=4 -> imm=0xfff5ee6c
[PASS] seq=crv_seq_7                      cyc=131 op=IK_J_TYPE        instr=0x0d29021c sel=4 -> imm=0x000900d2
[PASS] seq=crv_seq_7                      cyc=132 op=IK_U_TYPE        instr=0x59dae2a6 sel=3 -> imm=0x59dae000
[PASS] seq=crv_seq_7                      cyc=133 op=IK_J_TYPE        instr=0xfdcd29bd sel=4 -> imm=0xfffd27dc
[PASS] seq=crv_seq_7                      cyc=134 op=IK_B_TYPE        instr=0x96438070 sel=2 -> imm=0xfffff160
[PASS] seq=crv_seq_7                      cyc=135 op=IK_CSR_TYPE      instr=0x4c56ac45 sel=5 -> imm=0x0000000d
[PASS] seq=crv_seq_7                      cyc=136 op=IK_RANDOM        instr=0xdd589eb7 sel=0 -> imm=0xfffffdd5
[PASS] seq=crv_seq_7                      cyc=137 op=IK_B_TYPE        instr=0xc67b9513 sel=2 -> imm=0xfffff46a
[PASS] seq=crv_seq_7                      cyc=138 op=IK_CSR_TYPE      instr=0x21518c95 sel=5 -> imm=0x00000003
[PASS] seq=crv_seq_7                      cyc=139 op=IK_RANDOM        instr=0xf68bc918 sel=4 -> imm=0xfffbc768
[PASS] seq=crv_seq_7                      cyc=140 op=IK_I_TYPE        instr=0x2e02bb65 sel=0 -> imm=0x000002e0
[PASS] seq=crv_seq_7                      cyc=141 op=IK_NONE_TYPE     instr=0x953a8fa9 sel=6 -> imm=0x00000000
[PASS] seq=crv_seq_7                      cyc=142 op=IK_U_TYPE        instr=0xc50e9594 sel=3 -> imm=0xc50e9000
[PASS] seq=crv_seq_7                      cyc=143 op=IK_J_TYPE        instr=0xa7be53ec sel=4 -> imm=0xfffe5a7a
[PASS] seq=crv_seq_7                      cyc=144 op=IK_U_TYPE        instr=0x98688d9a sel=3 -> imm=0x98688000
[PASS] seq=crv_seq_7                      cyc=145 op=IK_J_TYPE        instr=0x62595abc sel=4 -> imm=0x00095e24
[PASS] seq=crv_seq_7                      cyc=146 op=IK_BOUNDARY_ZERO instr=0x00000000 sel=2 -> imm=0x00000000
[PASS] seq=crv_seq_7                      cyc=147 op=IK_U_TYPE        instr=0x0d187d45 sel=3 -> imm=0x0d187000
[PASS] seq=crv_seq_7                      cyc=148 op=IK_S_TYPE        instr=0x59b71c71 sel=1 -> imm=0x00000598
[PASS] seq=crv_seq_7                      cyc=149 op=IK_I_TYPE        instr=0xe255ebc2 sel=0 -> imm=0xfffffe25
[PASS] seq=crv_seq_7                      cyc=150 op=IK_S_TYPE        instr=0xdbd77af7 sel=1 -> imm=0xfffffdb5
[PASS] seq=crv_seq_7                      cyc=151 op=IK_U_TYPE        instr=0x2f3d9cc6 sel=3 -> imm=0x2f3d9000
[PASS] seq=crv_seq_7                      cyc=152 op=IK_J_TYPE        instr=0x53633718 sel=4 -> imm=0x00033536
[PASS] seq=crv_seq_7                      cyc=153 op=IK_RANDOM        instr=0xa3a7bd93 sel=2 -> imm=0xfffffa3a
[PASS] seq=crv_seq_7                      cyc=154 op=IK_BOUNDARY_MAX  instr=0x7fffffff sel=5 -> imm=0x0000001f
[PASS] seq=crv_seq_7                      cyc=155 op=IK_U_TYPE        instr=0xc51c6d97 sel=3 -> imm=0xc51c6000
[PASS] seq=crv_seq_7                      cyc=156 op=IK_RANDOM        instr=0xcc8cd1f8 sel=4 -> imm=0xfffcd4c8
[PASS] seq=crv_seq_7                      cyc=157 op=IK_U_TYPE        instr=0x62d920db sel=3 -> imm=0x62d92000
[PASS] seq=crv_seq_7                      cyc=158 op=IK_RANDOM        instr=0xc21ff255 sel=3 -> imm=0xc21ff000
[PASS] seq=crv_seq_7                      cyc=159 op=IK_J_TYPE        instr=0xe8e24709 sel=4 -> imm=0xfff2468e
[PASS] seq=crv_seq_7                      cyc=160 op=IK_RANDOM        instr=0x88bf8b4a sel=6 -> imm=0x00000000
[PASS] seq=crv_seq_7                      cyc=161 op=IK_U_TYPE        instr=0x0ca632d0 sel=3 -> imm=0x0ca63000
[PASS] seq=crv_seq_7                      cyc=162 op=IK_J_TYPE        instr=0x0643848a sel=4 -> imm=0x00038064
[PASS] seq=crv_seq_7                      cyc=163 op=IK_B_TYPE        instr=0x5309bbfa sel=2 -> imm=0x00000d36
[PASS] seq=crv_seq_7                      cyc=164 op=IK_CSR_TYPE      instr=0x8ee9f978 sel=5 -> imm=0x00000013
[PASS] seq=crv_seq_7                      cyc=165 op=IK_U_TYPE        instr=0x8b035ea4 sel=3 -> imm=0x8b035000
[PASS] seq=crv_seq_7                      cyc=166 op=IK_CSR_TYPE      instr=0xc6121c6a sel=5 -> imm=0x00000004
[PASS] seq=crv_seq_7                      cyc=167 op=IK_J_TYPE        instr=0x829ce319 sel=4 -> imm=0xfffce828
[PASS] seq=crv_seq_7                      cyc=168 op=IK_RANDOM        instr=0x1672d511 sel=5 -> imm=0x00000005
[PASS] seq=crv_seq_7                      cyc=169 op=IK_CSR_TYPE      instr=0x4c3a027b sel=5 -> imm=0x00000014
[PASS] seq=crv_seq_7                      cyc=170 op=IK_S_TYPE        instr=0xc9e0c08e sel=1 -> imm=0xfffffc81
[PASS] seq=crv_seq_7                      cyc=171 op=IK_BOUNDARY_MIN  instr=0xd39fee8b sel=1 -> imm=0xfffffd3d
[PASS] seq=crv_seq_7                      cyc=172 op=IK_B_TYPE        instr=0x302ba75b sel=2 -> imm=0x0000030e
[PASS] seq=crv_seq_7                      cyc=173 op=IK_U_TYPE        instr=0x69ef25ab sel=3 -> imm=0x69ef2000
[PASS] seq=crv_seq_7                      cyc=174 op=IK_B_TYPE        instr=0x7b212d17 sel=2 -> imm=0x000007ba
[PASS] seq=crv_seq_7                      cyc=175 op=IK_RANDOM        instr=0x75232bde sel=2 -> imm=0x00000f56
[PASS] seq=crv_seq_7                      cyc=176 op=IK_BOUNDARY_MIN  instr=0xc3a2abe0 sel=2 -> imm=0xfffffc36
[PASS] seq=crv_seq_7                      cyc=177 op=IK_J_TYPE        instr=0xa23b5a52 sel=4 -> imm=0xfffb5a22
[PASS] seq=crv_seq_7                      cyc=178 op=IK_RANDOM        instr=0x79f75624 sel=0 -> imm=0x0000079f
[PASS] seq=crv_seq_7                      cyc=179 op=IK_S_TYPE        instr=0x7b2e94d2 sel=1 -> imm=0x000007a9
[PASS] seq=crv_seq_7                      cyc=180 op=IK_RANDOM        instr=0x458b75df sel=1 -> imm=0x0000044b
[PASS] seq=crv_seq_7                      cyc=181 op=IK_S_TYPE        instr=0x98e18504 sel=1 -> imm=0xfffff98a
[PASS] seq=crv_seq_7                      cyc=182 op=IK_NONE_TYPE     instr=0xec2e11b6 sel=6 -> imm=0x00000000
[PASS] seq=crv_seq_7                      cyc=183 op=IK_S_TYPE        instr=0xd06e269e sel=1 -> imm=0xfffffd0d
[PASS] seq=crv_seq_7                      cyc=184 op=IK_I_TYPE        instr=0xca470499 sel=0 -> imm=0xfffffca4
[PASS] seq=crv_seq_7                      cyc=185 op=IK_CSR_TYPE      instr=0x690b81d7 sel=5 -> imm=0x00000017
[PASS] seq=crv_seq_7                      cyc=186 op=IK_J_TYPE        instr=0x2e67fa3e sel=4 -> imm=0x0007f2e6
[PASS] seq=crv_seq_7                      cyc=187 op=IK_I_TYPE        instr=0xacd5b4cd sel=0 -> imm=0xfffffacd
[PASS] seq=crv_seq_7                      cyc=188 op=IK_BOUNDARY_MIN  instr=0x9384dc9e sel=5 -> imm=0x00000009
[PASS] seq=crv_seq_7                      cyc=189 op=IK_B_TYPE        instr=0x9bf39c43 sel=2 -> imm=0xfffff1b8
[PASS] seq=crv_seq_7                      cyc=190 op=IK_BOUNDARY_MIN  instr=0xf2a583a8 sel=0 -> imm=0xffffff2a
[PASS] seq=crv_seq_7                      cyc=191 op=IK_NONE_TYPE     instr=0xafa6d751 sel=6 -> imm=0x00000000
[PASS] seq=crv_seq_7                      cyc=192 op=IK_U_TYPE        instr=0x5879be9e sel=3 -> imm=0x5879b000
[PASS] seq=crv_seq_7                      cyc=193 op=IK_U_TYPE        instr=0xc16d4704 sel=3 -> imm=0xc16d4000
[PASS] seq=crv_seq_7                      cyc=194 op=IK_S_TYPE        instr=0xc811a051 sel=1 -> imm=0xfffffc80
[PASS] seq=crv_seq_7                      cyc=195 op=IK_RANDOM        instr=0x86b62f83 sel=3 -> imm=0x86b62000
[PASS] seq=crv_seq_7                      cyc=196 op=IK_U_TYPE        instr=0x9b7bfc27 sel=3 -> imm=0x9b7bf000
[PASS] seq=crv_seq_7                      cyc=197 op=IK_J_TYPE        instr=0x7ce5629a sel=4 -> imm=0x000567ce
[PASS] seq=crv_seq_7                      cyc=198 op=IK_I_TYPE        instr=0x873b04e7 sel=0 -> imm=0xfffff873
[PASS] seq=crv_seq_7                      cyc=199 op=IK_U_TYPE        instr=0x10f7113d sel=3 -> imm=0x10f71000
[PASS] seq=crv_seq_8                      cyc=0 op=IK_S_TYPE        instr=0x9797097c sel=1 -> imm=0xfffff972
[PASS] seq=crv_seq_8                      cyc=1 op=IK_BOUNDARY_MAX  instr=0x7fffffff sel=2 -> imm=0x00000ffe
[PASS] seq=crv_seq_8                      cyc=2 op=IK_J_TYPE        instr=0xefe45f41 sel=4 -> imm=0xfff456fe
[PASS] seq=crv_seq_8                      cyc=3 op=IK_I_TYPE        instr=0x5e557854 sel=0 -> imm=0x000005e5
[PASS] seq=crv_seq_8                      cyc=4 op=IK_BOUNDARY_MIN  instr=0x8401afb3 sel=1 -> imm=0xfffff85f
[PASS] seq=crv_seq_8                      cyc=5 op=IK_J_TYPE        instr=0xdcb4b9da sel=4 -> imm=0xfff4bdca
[PASS] seq=crv_seq_8                      cyc=6 op=IK_BOUNDARY_MIN  instr=0x8f273b9b sel=4 -> imm=0xfff730f2
[PASS] seq=crv_seq_8                      cyc=7 op=IK_NONE_TYPE     instr=0x5cdd7659 sel=6 -> imm=0x00000000
[PASS] seq=crv_seq_8                      cyc=8 op=IK_I_TYPE        instr=0x48d0b323 sel=0 -> imm=0x0000048d
[PASS] seq=crv_seq_8                      cyc=9 op=IK_J_TYPE        instr=0xc95e9f80 sel=4 -> imm=0xfffe9c94
[PASS] seq=crv_seq_8                      cyc=10 op=IK_CSR_TYPE      instr=0x4e2c135e sel=5 -> imm=0x00000018
[PASS] seq=crv_seq_8                      cyc=11 op=IK_S_TYPE        instr=0x99499e70 sel=1 -> imm=0xfffff99c
[PASS] seq=crv_seq_8                      cyc=12 op=IK_NONE_TYPE     instr=0x9aca222a sel=6 -> imm=0x00000000
[PASS] seq=crv_seq_8                      cyc=13 op=IK_U_TYPE        instr=0x9db3c114 sel=3 -> imm=0x9db3c000
[PASS] seq=crv_seq_8                      cyc=14 op=IK_BOUNDARY_MIN  instr=0xab73e611 sel=6 -> imm=0x00000000
[PASS] seq=crv_seq_8                      cyc=15 op=IK_S_TYPE        instr=0x7711b9de sel=1 -> imm=0x00000773
[PASS] seq=crv_seq_8                      cyc=16 op=IK_BOUNDARY_ZERO instr=0x00000000 sel=5 -> imm=0x00000000
[PASS] seq=crv_seq_8                      cyc=17 op=IK_U_TYPE        instr=0xdb2f2491 sel=3 -> imm=0xdb2f2000
[PASS] seq=crv_seq_8                      cyc=18 op=IK_NONE_TYPE     instr=0x5157f179 sel=6 -> imm=0x00000000
[PASS] seq=crv_seq_8                      cyc=19 op=IK_J_TYPE        instr=0xa9214c19 sel=4 -> imm=0xfff14292
[PASS] seq=crv_seq_8                      cyc=20 op=IK_I_TYPE        instr=0xa449f854 sel=0 -> imm=0xfffffa44
[PASS] seq=crv_seq_8                      cyc=21 op=IK_U_TYPE        instr=0x22f7ced6 sel=3 -> imm=0x22f7c000
[PASS] seq=crv_seq_8                      cyc=22 op=IK_B_TYPE        instr=0xfc3bde16 sel=2 -> imm=0xfffff7dc
[PASS] seq=crv_seq_8                      cyc=23 op=IK_RANDOM        instr=0x02aeaf3a sel=4 -> imm=0x000ea02a
[PASS] seq=crv_seq_8                      cyc=24 op=IK_BOUNDARY_MAX  instr=0x7fffffff sel=5 -> imm=0x0000001f
[PASS] seq=crv_seq_8                      cyc=25 op=IK_BOUNDARY_MAX  instr=0x7fffffff sel=4 -> imm=0x000ffffe
[PASS] seq=crv_seq_8                      cyc=26 op=IK_NONE_TYPE     instr=0xe20e41e0 sel=6 -> imm=0x00000000
[PASS] seq=crv_seq_8                      cyc=27 op=IK_J_TYPE        instr=0xfd234357 sel=4 -> imm=0xfff347d2
[PASS] seq=crv_seq_8                      cyc=28 op=IK_CSR_TYPE      instr=0x103dc718 sel=5 -> imm=0x0000001b
[PASS] seq=crv_seq_8                      cyc=29 op=IK_BOUNDARY_MAX  instr=0x7fffffff sel=4 -> imm=0x000ffffe
[PASS] seq=crv_seq_8                      cyc=30 op=IK_RANDOM        instr=0xcb6c0fd7 sel=3 -> imm=0xcb6c0000
[PASS] seq=crv_seq_8                      cyc=31 op=IK_J_TYPE        instr=0xe4e72abc sel=4 -> imm=0xfff7264e
[PASS] seq=crv_seq_8                      cyc=32 op=IK_U_TYPE        instr=0x09a3959e sel=3 -> imm=0x09a39000
[PASS] seq=crv_seq_8                      cyc=33 op=IK_RANDOM        instr=0xb9278fcf sel=4 -> imm=0xfff78392
[PASS] seq=crv_seq_8                      cyc=34 op=IK_I_TYPE        instr=0xf819ff0c sel=0 -> imm=0xffffff81
[PASS] seq=crv_seq_8                      cyc=35 op=IK_RANDOM        instr=0x5d03f255 sel=0 -> imm=0x000005d0
[PASS] seq=crv_seq_8                      cyc=36 op=IK_J_TYPE        instr=0x13f39a29 sel=4 -> imm=0x0003993e
[PASS] seq=crv_seq_8                      cyc=37 op=IK_BOUNDARY_ZERO instr=0x00000000 sel=5 -> imm=0x00000000
[PASS] seq=crv_seq_8                      cyc=38 op=IK_J_TYPE        instr=0x76ff2ef9 sel=4 -> imm=0x000f2f6e
[PASS] seq=crv_seq_8                      cyc=39 op=IK_NONE_TYPE     instr=0x3a258a82 sel=6 -> imm=0x00000000
[PASS] seq=crv_seq_8                      cyc=40 op=IK_RANDOM        instr=0xe3349cc1 sel=1 -> imm=0xfffffe39
[PASS] seq=crv_seq_8                      cyc=41 op=IK_S_TYPE        instr=0x057b115e sel=1 -> imm=0x00000042
[PASS] seq=crv_seq_8                      cyc=42 op=IK_S_TYPE        instr=0xcdcde194 sel=1 -> imm=0xfffffcc3
[PASS] seq=crv_seq_8                      cyc=43 op=IK_U_TYPE        instr=0x9210e787 sel=3 -> imm=0x9210e000
[PASS] seq=crv_seq_8                      cyc=44 op=IK_BOUNDARY_MIN  instr=0xb510abd5 sel=5 -> imm=0x00000001
[PASS] seq=crv_seq_8                      cyc=45 op=IK_CSR_TYPE      instr=0xc7486be9 sel=5 -> imm=0x00000010
[PASS] seq=crv_seq_8                      cyc=46 op=IK_RANDOM        instr=0x4533de17 sel=6 -> imm=0x00000000
[PASS] seq=crv_seq_8                      cyc=47 op=IK_CSR_TYPE      instr=0x10d78624 sel=5 -> imm=0x0000000f
[PASS] seq=crv_seq_8                      cyc=48 op=IK_RANDOM        instr=0x024c2db3 sel=2 -> imm=0x0000083a
[PASS] seq=crv_seq_8                      cyc=49 op=IK_I_TYPE        instr=0x2a019e0f sel=0 -> imm=0x000002a0
[PASS] seq=crv_seq_8                      cyc=50 op=IK_B_TYPE        instr=0xe1c35b42 sel=2 -> imm=0xfffff616
[PASS] seq=crv_seq_8                      cyc=51 op=IK_NONE_TYPE     instr=0xf4fe196a sel=6 -> imm=0x00000000
[PASS] seq=crv_seq_8                      cyc=52 op=IK_S_TYPE        instr=0xe8d43a56 sel=1 -> imm=0xfffffe94
[PASS] seq=crv_seq_8                      cyc=53 op=IK_B_TYPE        instr=0x8e52f895 sel=2 -> imm=0xfffff8f0
[PASS] seq=crv_seq_8                      cyc=54 op=IK_RANDOM        instr=0x741c550a sel=1 -> imm=0x0000074a
[PASS] seq=crv_seq_8                      cyc=55 op=IK_BOUNDARY_MAX  instr=0x7fffffff sel=3 -> imm=0x7ffff000
[PASS] seq=crv_seq_8                      cyc=56 op=IK_B_TYPE        instr=0x2d6c605f sel=2 -> imm=0x000002c0
[PASS] seq=crv_seq_8                      cyc=57 op=IK_J_TYPE        instr=0x0b7b35b3 sel=4 -> imm=0x000b38b6
[PASS] seq=crv_seq_8                      cyc=58 op=IK_NONE_TYPE     instr=0x1a389bea sel=6 -> imm=0x00000000
[PASS] seq=crv_seq_8                      cyc=59 op=IK_U_TYPE        instr=0x08523b30 sel=3 -> imm=0x08523000
[PASS] seq=crv_seq_8                      cyc=60 op=IK_S_TYPE        instr=0x9e8cb435 sel=1 -> imm=0xfffff9e8
[PASS] seq=crv_seq_8                      cyc=61 op=IK_S_TYPE        instr=0x19d4fa4a sel=1 -> imm=0x00000194
[PASS] seq=crv_seq_8                      cyc=62 op=IK_CSR_TYPE      instr=0x05db471e sel=5 -> imm=0x00000016
[PASS] seq=crv_seq_8                      cyc=63 op=IK_B_TYPE        instr=0x7b9ce9b1 sel=2 -> imm=0x00000fb2
[PASS] seq=crv_seq_8                      cyc=64 op=IK_B_TYPE        instr=0xf33d6fb3 sel=2 -> imm=0xffffff3e
[PASS] seq=crv_seq_8                      cyc=65 op=IK_RANDOM        instr=0x4516da5a sel=2 -> imm=0x00000454
[PASS] seq=crv_seq_8                      cyc=66 op=IK_S_TYPE        instr=0x4b84e375 sel=1 -> imm=0x000004a6
[PASS] seq=crv_seq_8                      cyc=67 op=IK_I_TYPE        instr=0xd4d155d9 sel=0 -> imm=0xfffffd4d
[PASS] seq=crv_seq_8                      cyc=68 op=IK_BOUNDARY_MIN  instr=0xaabd0e3b sel=6 -> imm=0x00000000
[PASS] seq=crv_seq_8                      cyc=69 op=IK_RANDOM        instr=0xafeb2f05 sel=0 -> imm=0xfffffafe
[PASS] seq=crv_seq_8                      cyc=70 op=IK_RANDOM        instr=0x125cfdaf sel=1 -> imm=0x0000013b
[PASS] seq=crv_seq_8                      cyc=71 op=IK_I_TYPE        instr=0xca60f0de sel=0 -> imm=0xfffffca6
[PASS] seq=crv_seq_8                      cyc=72 op=IK_BOUNDARY_MIN  instr=0xfdee2587 sel=0 -> imm=0xffffffde
[PASS] seq=crv_seq_8                      cyc=73 op=IK_NONE_TYPE     instr=0x13dbe70c sel=6 -> imm=0x00000000
[PASS] seq=crv_seq_8                      cyc=74 op=IK_BOUNDARY_ZERO instr=0x00000000 sel=2 -> imm=0x00000000
[PASS] seq=crv_seq_8                      cyc=75 op=IK_U_TYPE        instr=0x37bb082e sel=3 -> imm=0x37bb0000
[PASS] seq=crv_seq_8                      cyc=76 op=IK_BOUNDARY_MIN  instr=0xd5d490c6 sel=1 -> imm=0xfffffd41
[PASS] seq=crv_seq_8                      cyc=77 op=IK_U_TYPE        instr=0xc0b54dd0 sel=3 -> imm=0xc0b54000
[PASS] seq=crv_seq_8                      cyc=78 op=IK_RANDOM        instr=0x4a6f765a sel=2 -> imm=0x000004ac
[PASS] seq=crv_seq_8                      cyc=79 op=IK_J_TYPE        instr=0xa77fdef8 sel=4 -> imm=0xffffda76
[PASS] seq=crv_seq_8                      cyc=80 op=IK_NONE_TYPE     instr=0x38339350 sel=6 -> imm=0x00000000
[PASS] seq=crv_seq_8                      cyc=81 op=IK_I_TYPE        instr=0x66c1084c sel=0 -> imm=0x0000066c
[PASS] seq=crv_seq_8                      cyc=82 op=IK_RANDOM        instr=0xacfc35da sel=3 -> imm=0xacfc3000
[PASS] seq=crv_seq_8                      cyc=83 op=IK_I_TYPE        instr=0xb65b092c sel=0 -> imm=0xfffffb65
[PASS] seq=crv_seq_8                      cyc=84 op=IK_S_TYPE        instr=0xc0c1f132 sel=1 -> imm=0xfffffc02
[PASS] seq=crv_seq_8                      cyc=85 op=IK_B_TYPE        instr=0x865991b5 sel=2 -> imm=0xfffff862
[PASS] seq=crv_seq_8                      cyc=86 op=IK_RANDOM        instr=0xf08b541a sel=3 -> imm=0xf08b5000
[PASS] seq=crv_seq_8                      cyc=87 op=IK_CSR_TYPE      instr=0x8d580e83 sel=5 -> imm=0x00000010
[PASS] seq=crv_seq_8                      cyc=88 op=IK_NONE_TYPE     instr=0x55750e16 sel=6 -> imm=0x00000000
[PASS] seq=crv_seq_8                      cyc=89 op=IK_J_TYPE        instr=0xa385112c sel=4 -> imm=0xfff51238
[PASS] seq=crv_seq_8                      cyc=90 op=IK_S_TYPE        instr=0xa4d3d519 sel=1 -> imm=0xfffffa4a
[PASS] seq=crv_seq_8                      cyc=91 op=IK_NONE_TYPE     instr=0xfcb498a9 sel=6 -> imm=0x00000000
[PASS] seq=crv_seq_8                      cyc=92 op=IK_NONE_TYPE     instr=0xbf1eb405 sel=6 -> imm=0x00000000
[PASS] seq=crv_seq_8                      cyc=93 op=IK_I_TYPE        instr=0x82142b42 sel=0 -> imm=0xfffff821
[PASS] seq=crv_seq_8                      cyc=94 op=IK_U_TYPE        instr=0x550e5092 sel=3 -> imm=0x550e5000
[PASS] seq=crv_seq_8                      cyc=95 op=IK_BOUNDARY_ZERO instr=0x00000000 sel=0 -> imm=0x00000000
[PASS] seq=crv_seq_8                      cyc=96 op=IK_U_TYPE        instr=0x3e3135b7 sel=3 -> imm=0x3e313000
[PASS] seq=crv_seq_8                      cyc=97 op=IK_RANDOM        instr=0x07a78e3d sel=6 -> imm=0x00000000
[PASS] seq=crv_seq_8                      cyc=98 op=IK_B_TYPE        instr=0xf978cd15 sel=2 -> imm=0xfffff79a
[PASS] seq=crv_seq_8                      cyc=99 op=IK_RANDOM        instr=0xf5d8320f sel=1 -> imm=0xffffff44
[PASS] seq=crv_seq_8                      cyc=100 op=IK_BOUNDARY_MIN  instr=0xd8e68b35 sel=3 -> imm=0xd8e68000
[PASS] seq=crv_seq_8                      cyc=101 op=IK_S_TYPE        instr=0x804458c9 sel=1 -> imm=0xfffff811
[PASS] seq=crv_seq_8                      cyc=102 op=IK_J_TYPE        instr=0x521cd132 sel=4 -> imm=0x000cdd20
[PASS] seq=crv_seq_8                      cyc=103 op=IK_BOUNDARY_MIN  instr=0xeedd443d sel=6 -> imm=0x00000000
[PASS] seq=crv_seq_8                      cyc=104 op=IK_J_TYPE        instr=0x2bae937d sel=4 -> imm=0x000e92ba
[PASS] seq=crv_seq_8                      cyc=105 op=IK_RANDOM        instr=0xa7523ad5 sel=1 -> imm=0xfffffa75
[PASS] seq=crv_seq_8                      cyc=106 op=IK_S_TYPE        instr=0xd118173f sel=1 -> imm=0xfffffd0e
[PASS] seq=crv_seq_8                      cyc=107 op=IK_I_TYPE        instr=0xb679d9d6 sel=0 -> imm=0xfffffb67
[PASS] seq=crv_seq_8                      cyc=108 op=IK_I_TYPE        instr=0x4187fda7 sel=0 -> imm=0x00000418
[PASS] seq=crv_seq_8                      cyc=109 op=IK_U_TYPE        instr=0xbea21ae7 sel=3 -> imm=0xbea21000
[PASS] seq=crv_seq_8                      cyc=110 op=IK_I_TYPE        instr=0x54a5d4ae sel=0 -> imm=0x0000054a
[PASS] seq=crv_seq_8                      cyc=111 op=IK_S_TYPE        instr=0x869b9017 sel=1 -> imm=0xfffff860
[PASS] seq=crv_seq_8                      cyc=112 op=IK_S_TYPE        instr=0xd8b95775 sel=1 -> imm=0xfffffd8e
[PASS] seq=crv_seq_8                      cyc=113 op=IK_RANDOM        instr=0x7dc8c7cd sel=0 -> imm=0x000007dc
[PASS] seq=crv_seq_8                      cyc=114 op=IK_CSR_TYPE      instr=0x95adb748 sel=5 -> imm=0x0000001b
[PASS] seq=crv_seq_8                      cyc=115 op=IK_BOUNDARY_MAX  instr=0x7fffffff sel=3 -> imm=0x7ffff000
[PASS] seq=crv_seq_8                      cyc=116 op=IK_BOUNDARY_MIN  instr=0xa3f00e28 sel=6 -> imm=0x00000000
[PASS] seq=crv_seq_8                      cyc=117 op=IK_S_TYPE        instr=0x318e5739 sel=1 -> imm=0x0000030e
[PASS] seq=crv_seq_8                      cyc=118 op=IK_I_TYPE        instr=0x648b03c6 sel=0 -> imm=0x00000648
[PASS] seq=crv_seq_8                      cyc=119 op=IK_RANDOM        instr=0xc06c6a17 sel=5 -> imm=0x00000018
[PASS] seq=crv_seq_8                      cyc=120 op=IK_BOUNDARY_MIN  instr=0xd75ffe07 sel=0 -> imm=0xfffffd75
[PASS] seq=crv_seq_8                      cyc=121 op=IK_RANDOM        instr=0xb2ce6903 sel=6 -> imm=0x00000000
[PASS] seq=crv_seq_8                      cyc=122 op=IK_RANDOM        instr=0x2dabb9ec sel=1 -> imm=0x000002d3
[PASS] seq=crv_seq_8                      cyc=123 op=IK_RANDOM        instr=0x78814e5c sel=0 -> imm=0x00000788
[PASS] seq=crv_seq_8                      cyc=124 op=IK_BOUNDARY_MAX  instr=0x7fffffff sel=0 -> imm=0x000007ff
[PASS] seq=crv_seq_8                      cyc=125 op=IK_NONE_TYPE     instr=0xc29fb514 sel=6 -> imm=0x00000000
[PASS] seq=crv_seq_8                      cyc=126 op=IK_U_TYPE        instr=0x6520c0b5 sel=3 -> imm=0x6520c000
[PASS] seq=crv_seq_8                      cyc=127 op=IK_S_TYPE        instr=0x00d9e736 sel=1 -> imm=0x0000000e
[PASS] seq=crv_seq_8                      cyc=128 op=IK_CSR_TYPE      instr=0xf5ec63a9 sel=5 -> imm=0x00000018
[PASS] seq=crv_seq_8                      cyc=129 op=IK_RANDOM        instr=0x8a7015f6 sel=2 -> imm=0xfffff8aa
[PASS] seq=crv_seq_8                      cyc=130 op=IK_BOUNDARY_MAX  instr=0x7fffffff sel=5 -> imm=0x0000001f
[PASS] seq=crv_seq_8                      cyc=131 op=IK_U_TYPE        instr=0x7913fa9b sel=3 -> imm=0x7913f000
[PASS] seq=crv_seq_8                      cyc=132 op=IK_BOUNDARY_MIN  instr=0xb4df7cce sel=3 -> imm=0xb4df7000
[PASS] seq=crv_seq_8                      cyc=133 op=IK_B_TYPE        instr=0xe94f394c sel=2 -> imm=0xfffff692
[PASS] seq=crv_seq_8                      cyc=134 op=IK_BOUNDARY_MIN  instr=0xe5e9ec96 sel=5 -> imm=0x00000013
[PASS] seq=crv_seq_8                      cyc=135 op=IK_S_TYPE        instr=0xa3e59f1e sel=1 -> imm=0xfffffa3e
[PASS] seq=crv_seq_8                      cyc=136 op=IK_CSR_TYPE      instr=0xedba707a sel=5 -> imm=0x00000014
[PASS] seq=crv_seq_8                      cyc=137 op=IK_U_TYPE        instr=0x1a139d73 sel=3 -> imm=0x1a139000
[PASS] seq=crv_seq_8                      cyc=138 op=IK_U_TYPE        instr=0x73f47127 sel=3 -> imm=0x73f47000
[PASS] seq=crv_seq_8                      cyc=139 op=IK_S_TYPE        instr=0x28cd5569 sel=1 -> imm=0x0000028a
[PASS] seq=crv_seq_8                      cyc=140 op=IK_RANDOM        instr=0x2ad14a96 sel=0 -> imm=0x000002ad
[PASS] seq=crv_seq_8                      cyc=141 op=IK_I_TYPE        instr=0x239aaf36 sel=0 -> imm=0x00000239
[PASS] seq=crv_seq_8                      cyc=142 op=IK_BOUNDARY_MAX  instr=0x7fffffff sel=0 -> imm=0x000007ff
[PASS] seq=crv_seq_8                      cyc=143 op=IK_BOUNDARY_MIN  instr=0xe10d2470 sel=6 -> imm=0x00000000
[PASS] seq=crv_seq_8                      cyc=144 op=IK_CSR_TYPE      instr=0x263c29a1 sel=5 -> imm=0x00000018
[PASS] seq=crv_seq_8                      cyc=145 op=IK_RANDOM        instr=0x8314889a sel=0 -> imm=0xfffff831
[PASS] seq=crv_seq_8                      cyc=146 op=IK_RANDOM        instr=0x87fa1077 sel=6 -> imm=0x00000000
[PASS] seq=crv_seq_8                      cyc=147 op=IK_BOUNDARY_ZERO instr=0x00000000 sel=5 -> imm=0x00000000
[PASS] seq=crv_seq_8                      cyc=148 op=IK_CSR_TYPE      instr=0xd073217b sel=5 -> imm=0x00000006
[PASS] seq=crv_seq_8                      cyc=149 op=IK_S_TYPE        instr=0x7802168d sel=1 -> imm=0x0000078d
[PASS] seq=crv_seq_8                      cyc=150 op=IK_U_TYPE        instr=0x1ac202d5 sel=3 -> imm=0x1ac20000
[PASS] seq=crv_seq_8                      cyc=151 op=IK_U_TYPE        instr=0xaf906f27 sel=3 -> imm=0xaf906000
[PASS] seq=crv_seq_8                      cyc=152 op=IK_I_TYPE        instr=0x6a49a982 sel=0 -> imm=0x000006a4
[PASS] seq=crv_seq_8                      cyc=153 op=IK_I_TYPE        instr=0xbc5bb0dc sel=0 -> imm=0xfffffbc5
[PASS] seq=crv_seq_8                      cyc=154 op=IK_S_TYPE        instr=0x8ae3305a sel=1 -> imm=0xfffff8a0
[PASS] seq=crv_seq_8                      cyc=155 op=IK_NONE_TYPE     instr=0x06ea3986 sel=6 -> imm=0x00000000
[PASS] seq=crv_seq_8                      cyc=156 op=IK_B_TYPE        instr=0x4ba31cad sel=2 -> imm=0x00000cb8
[PASS] seq=crv_seq_8                      cyc=157 op=IK_U_TYPE        instr=0x1bf434e0 sel=3 -> imm=0x1bf43000
[PASS] seq=crv_seq_8                      cyc=158 op=IK_RANDOM        instr=0x0062ed44 sel=4 -> imm=0x0002e006
[PASS] seq=crv_seq_8                      cyc=159 op=IK_RANDOM        instr=0x3b3efd3b sel=1 -> imm=0x000003ba
[PASS] seq=crv_seq_8                      cyc=160 op=IK_J_TYPE        instr=0x36321eea sel=4 -> imm=0x00021b62
[PASS] seq=crv_seq_8                      cyc=161 op=IK_B_TYPE        instr=0xddc03ded sel=2 -> imm=0xfffffdda
[PASS] seq=crv_seq_8                      cyc=162 op=IK_NONE_TYPE     instr=0xc5ad8fe7 sel=6 -> imm=0x00000000
[PASS] seq=crv_seq_8                      cyc=163 op=IK_CSR_TYPE      instr=0xe42a033a sel=5 -> imm=0x00000014
[PASS] seq=crv_seq_8                      cyc=164 op=IK_S_TYPE        instr=0x82f9df35 sel=1 -> imm=0xfffff83e
[PASS] seq=crv_seq_8                      cyc=165 op=IK_U_TYPE        instr=0xa0804c28 sel=3 -> imm=0xa0804000
[PASS] seq=crv_seq_8                      cyc=166 op=IK_CSR_TYPE      instr=0xe3b2ca48 sel=5 -> imm=0x00000005
[PASS] seq=crv_seq_8                      cyc=167 op=IK_RANDOM        instr=0xad3cb945 sel=1 -> imm=0xfffffad2
[PASS] seq=crv_seq_8                      cyc=168 op=IK_B_TYPE        instr=0xc32e075d sel=2 -> imm=0xfffff42e
[PASS] seq=crv_seq_8                      cyc=169 op=IK_B_TYPE        instr=0x7e5c1588 sel=2 -> imm=0x00000fea
[PASS] seq=crv_seq_8                      cyc=170 op=IK_RANDOM        instr=0x0c3f0c21 sel=0 -> imm=0x000000c3
[PASS] seq=crv_seq_8                      cyc=171 op=IK_BOUNDARY_ZERO instr=0x00000000 sel=0 -> imm=0x00000000
[PASS] seq=crv_seq_8                      cyc=172 op=IK_S_TYPE        instr=0x89f2161b sel=1 -> imm=0xfffff88c
[PASS] seq=crv_seq_8                      cyc=173 op=IK_U_TYPE        instr=0x60a2753b sel=3 -> imm=0x60a27000
[PASS] seq=crv_seq_8                      cyc=174 op=IK_I_TYPE        instr=0x2ea8da9d sel=0 -> imm=0x000002ea
[PASS] seq=crv_seq_8                      cyc=175 op=IK_J_TYPE        instr=0x659abd01 sel=4 -> imm=0x000abe58
[PASS] seq=crv_seq_8                      cyc=176 op=IK_RANDOM        instr=0x64b7b9ac sel=6 -> imm=0x00000000
[PASS] seq=crv_seq_8                      cyc=177 op=IK_NONE_TYPE     instr=0x9f5c64c7 sel=6 -> imm=0x00000000
[PASS] seq=crv_seq_8                      cyc=178 op=IK_S_TYPE        instr=0x2c59cce1 sel=1 -> imm=0x000002d9
[PASS] seq=crv_seq_8                      cyc=179 op=IK_S_TYPE        instr=0xd0c85195 sel=1 -> imm=0xfffffd03
[PASS] seq=crv_seq_8                      cyc=180 op=IK_B_TYPE        instr=0x1ab77183 sel=2 -> imm=0x000009a2
[PASS] seq=crv_seq_8                      cyc=181 op=IK_BOUNDARY_ZERO instr=0x00000000 sel=4 -> imm=0x00000000
[PASS] seq=crv_seq_8                      cyc=182 op=IK_NONE_TYPE     instr=0xb0ead604 sel=6 -> imm=0x00000000
[PASS] seq=crv_seq_8                      cyc=183 op=IK_J_TYPE        instr=0x0237e2ba sel=4 -> imm=0x0007e822
[PASS] seq=crv_seq_8                      cyc=184 op=IK_S_TYPE        instr=0x4e056b0b sel=1 -> imm=0x000004f6
[PASS] seq=crv_seq_8                      cyc=185 op=IK_NONE_TYPE     instr=0xd82a3905 sel=6 -> imm=0x00000000
[PASS] seq=crv_seq_8                      cyc=186 op=IK_BOUNDARY_MAX  instr=0x7fffffff sel=1 -> imm=0x000007ff
[PASS] seq=crv_seq_8                      cyc=187 op=IK_U_TYPE        instr=0x218915f4 sel=3 -> imm=0x21891000
[PASS] seq=crv_seq_8                      cyc=188 op=IK_U_TYPE        instr=0xece525cf sel=3 -> imm=0xece52000
[PASS] seq=crv_seq_8                      cyc=189 op=IK_J_TYPE        instr=0x73c29ead sel=4 -> imm=0x0002973c
[PASS] seq=crv_seq_8                      cyc=190 op=IK_CSR_TYPE      instr=0x31e781ee sel=5 -> imm=0x0000000f
[PASS] seq=crv_seq_8                      cyc=191 op=IK_RANDOM        instr=0x0f33be9d sel=2 -> imm=0x000008fc
[PASS] seq=crv_seq_8                      cyc=192 op=IK_J_TYPE        instr=0x9a420c24 sel=4 -> imm=0xfff201a4
[PASS] seq=crv_seq_8                      cyc=193 op=IK_RANDOM        instr=0x93a3c41e sel=6 -> imm=0x00000000
[PASS] seq=crv_seq_8                      cyc=194 op=IK_NONE_TYPE     instr=0x040460f2 sel=6 -> imm=0x00000000
[PASS] seq=crv_seq_8                      cyc=195 op=IK_B_TYPE        instr=0xd2414937 sel=2 -> imm=0xfffff532
[PASS] seq=crv_seq_8                      cyc=196 op=IK_CSR_TYPE      instr=0x89e99195 sel=5 -> imm=0x00000013
[PASS] seq=crv_seq_8                      cyc=197 op=IK_CSR_TYPE      instr=0x48540b39 sel=5 -> imm=0x00000008
[PASS] seq=crv_seq_8                      cyc=198 op=IK_BOUNDARY_ZERO instr=0x00000000 sel=0 -> imm=0x00000000
[PASS] seq=crv_seq_8                      cyc=199 op=IK_J_TYPE        instr=0xe8e1e0cf sel=4 -> imm=0xfff1e68e
[PASS] seq=crv_seq_9                      cyc=0 op=IK_I_TYPE        instr=0x82af216e sel=0 -> imm=0xfffff82a
[PASS] seq=crv_seq_9                      cyc=1 op=IK_S_TYPE        instr=0x9d91750b sel=1 -> imm=0xfffff9ca
[PASS] seq=crv_seq_9                      cyc=2 op=IK_BOUNDARY_ZERO instr=0x00000000 sel=4 -> imm=0x00000000
[PASS] seq=crv_seq_9                      cyc=3 op=IK_BOUNDARY_MAX  instr=0x7fffffff sel=3 -> imm=0x7ffff000
[PASS] seq=crv_seq_9                      cyc=4 op=IK_I_TYPE        instr=0x26027555 sel=0 -> imm=0x00000260
[PASS] seq=crv_seq_9                      cyc=5 op=IK_I_TYPE        instr=0x74c5f32e sel=0 -> imm=0x0000074c
[PASS] seq=crv_seq_9                      cyc=6 op=IK_J_TYPE        instr=0x35228a35 sel=4 -> imm=0x00028352
[PASS] seq=crv_seq_9                      cyc=7 op=IK_U_TYPE        instr=0x770b51fb sel=3 -> imm=0x770b5000
[PASS] seq=crv_seq_9                      cyc=8 op=IK_U_TYPE        instr=0x6022b08e sel=3 -> imm=0x6022b000
[PASS] seq=crv_seq_9                      cyc=9 op=IK_BOUNDARY_ZERO instr=0x00000000 sel=3 -> imm=0x00000000
[PASS] seq=crv_seq_9                      cyc=10 op=IK_RANDOM        instr=0xfafe2b4d sel=6 -> imm=0x00000000
[PASS] seq=crv_seq_9                      cyc=11 op=IK_RANDOM        instr=0x12dbf7bc sel=4 -> imm=0x000bf92c
[PASS] seq=crv_seq_9                      cyc=12 op=IK_NONE_TYPE     instr=0xb363bb43 sel=6 -> imm=0x00000000
[PASS] seq=crv_seq_9                      cyc=13 op=IK_RANDOM        instr=0xbec5900a sel=3 -> imm=0xbec59000
[PASS] seq=crv_seq_9                      cyc=14 op=IK_B_TYPE        instr=0x2a10c9d2 sel=2 -> imm=0x00000ab2
[PASS] seq=crv_seq_9                      cyc=15 op=IK_RANDOM        instr=0xa35c103b sel=6 -> imm=0x00000000
[PASS] seq=crv_seq_9                      cyc=16 op=IK_BOUNDARY_MAX  instr=0x7fffffff sel=6 -> imm=0x00000000
[PASS] seq=crv_seq_9                      cyc=17 op=IK_RANDOM        instr=0x9c13ca55 sel=1 -> imm=0xfffff9d4
[PASS] seq=crv_seq_9                      cyc=18 op=IK_RANDOM        instr=0x103024bd sel=4 -> imm=0x00002902
[PASS] seq=crv_seq_9                      cyc=19 op=IK_I_TYPE        instr=0xce891013 sel=0 -> imm=0xfffffce8
[PASS] seq=crv_seq_9                      cyc=20 op=IK_CSR_TYPE      instr=0x88544b71 sel=5 -> imm=0x00000008
[PASS] seq=crv_seq_9                      cyc=21 op=IK_B_TYPE        instr=0xbc0ea897 sel=2 -> imm=0xfffffbd0
[PASS] seq=crv_seq_9                      cyc=22 op=IK_RANDOM        instr=0x8becfa18 sel=4 -> imm=0xfffcf0be
[PASS] seq=crv_seq_9                      cyc=23 op=IK_U_TYPE        instr=0x2565936a sel=3 -> imm=0x25659000
[PASS] seq=crv_seq_9                      cyc=24 op=IK_BOUNDARY_MIN  instr=0xf7c6f50a sel=1 -> imm=0xffffff6a
[PASS] seq=crv_seq_9                      cyc=25 op=IK_B_TYPE        instr=0xf3ab62a5 sel=2 -> imm=0xffffff24
[PASS] seq=crv_seq_9                      cyc=26 op=IK_U_TYPE        instr=0xc4fc78e0 sel=3 -> imm=0xc4fc7000
[PASS] seq=crv_seq_9                      cyc=27 op=IK_J_TYPE        instr=0x0c2cbbc2 sel=4 -> imm=0x000cb0c2
[PASS] seq=crv_seq_9                      cyc=28 op=IK_RANDOM        instr=0xcb1f23e2 sel=4 -> imm=0xffff2cb0
[PASS] seq=crv_seq_9                      cyc=29 op=IK_I_TYPE        instr=0x684c0d8e sel=0 -> imm=0x00000684
[PASS] seq=crv_seq_9                      cyc=30 op=IK_RANDOM        instr=0x8a714072 sel=3 -> imm=0x8a714000
[PASS] seq=crv_seq_9                      cyc=31 op=IK_S_TYPE        instr=0xcf08375c sel=1 -> imm=0xfffffcee
[PASS] seq=crv_seq_9                      cyc=32 op=IK_B_TYPE        instr=0x58cde6ce sel=2 -> imm=0x00000d8c
[PASS] seq=crv_seq_9                      cyc=33 op=IK_RANDOM        instr=0xf726b167 sel=1 -> imm=0xffffff62
[PASS] seq=crv_seq_9                      cyc=34 op=IK_RANDOM        instr=0xb5d81053 sel=0 -> imm=0xfffffb5d
[PASS] seq=crv_seq_9                      cyc=35 op=IK_J_TYPE        instr=0xc33f40aa sel=4 -> imm=0xffff4c32
[PASS] seq=crv_seq_9                      cyc=36 op=IK_BOUNDARY_MIN  instr=0xc9c8f186 sel=2 -> imm=0xfffffc82
[PASS] seq=crv_seq_9                      cyc=37 op=IK_CSR_TYPE      instr=0x788c28ad sel=5 -> imm=0x00000018
[PASS] seq=crv_seq_9                      cyc=38 op=IK_BOUNDARY_MAX  instr=0x7fffffff sel=3 -> imm=0x7ffff000
[PASS] seq=crv_seq_9                      cyc=39 op=IK_RANDOM        instr=0xdcb8fa04 sel=0 -> imm=0xfffffdcb
[PASS] seq=crv_seq_9                      cyc=40 op=IK_RANDOM        instr=0x97ce8ca3 sel=6 -> imm=0x00000000
[PASS] seq=crv_seq_9                      cyc=41 op=IK_I_TYPE        instr=0xb44259e2 sel=0 -> imm=0xfffffb44
[PASS] seq=crv_seq_9                      cyc=42 op=IK_U_TYPE        instr=0xee604d0c sel=3 -> imm=0xee604000
[PASS] seq=crv_seq_9                      cyc=43 op=IK_J_TYPE        instr=0x10f0dc9c sel=4 -> imm=0x0000d90e
[PASS] seq=crv_seq_9                      cyc=44 op=IK_CSR_TYPE      instr=0x5ee6ff7f sel=5 -> imm=0x0000000d
[PASS] seq=crv_seq_9                      cyc=45 op=IK_CSR_TYPE      instr=0x661752b0 sel=5 -> imm=0x0000000e
[PASS] seq=crv_seq_9                      cyc=46 op=IK_CSR_TYPE      instr=0x44b70423 sel=5 -> imm=0x0000000e
[PASS] seq=crv_seq_9                      cyc=47 op=IK_RANDOM        instr=0x9aaadb58 sel=4 -> imm=0xfffad1aa
[PASS] seq=crv_seq_9                      cyc=48 op=IK_BOUNDARY_MIN  instr=0xfde8d1c9 sel=2 -> imm=0xffffffc2
[PASS] seq=crv_seq_9                      cyc=49 op=IK_I_TYPE        instr=0x2fdb490e sel=0 -> imm=0x000002fd
[PASS] seq=crv_seq_9                      cyc=50 op=IK_BOUNDARY_ZERO instr=0x00000000 sel=4 -> imm=0x00000000
[PASS] seq=crv_seq_9                      cyc=51 op=IK_RANDOM        instr=0x3f16bd0f sel=2 -> imm=0x000003fa
[PASS] seq=crv_seq_9                      cyc=52 op=IK_I_TYPE        instr=0x70d0502b sel=0 -> imm=0x0000070d
[PASS] seq=crv_seq_9                      cyc=53 op=IK_CSR_TYPE      instr=0x93fd5d2e sel=5 -> imm=0x0000001a
[PASS] seq=crv_seq_9                      cyc=54 op=IK_CSR_TYPE      instr=0x66f5770e sel=5 -> imm=0x0000000a
[PASS] seq=crv_seq_9                      cyc=55 op=IK_U_TYPE        instr=0x520efbd1 sel=3 -> imm=0x520ef000
[PASS] seq=crv_seq_9                      cyc=56 op=IK_CSR_TYPE      instr=0x8bcc0705 sel=5 -> imm=0x00000018
[PASS] seq=crv_seq_9                      cyc=57 op=IK_I_TYPE        instr=0xf33a2ac2 sel=0 -> imm=0xffffff33
[PASS] seq=crv_seq_9                      cyc=58 op=IK_CSR_TYPE      instr=0x9d726048 sel=5 -> imm=0x00000004
[PASS] seq=crv_seq_9                      cyc=59 op=IK_NONE_TYPE     instr=0xe9410a89 sel=6 -> imm=0x00000000
[PASS] seq=crv_seq_9                      cyc=60 op=IK_RANDOM        instr=0x8811819f sel=2 -> imm=0xfffff882
[PASS] seq=crv_seq_9                      cyc=61 op=IK_CSR_TYPE      instr=0xa1541fb5 sel=5 -> imm=0x00000008
[PASS] seq=crv_seq_9                      cyc=62 op=IK_BOUNDARY_MIN  instr=0xdf1366b4 sel=0 -> imm=0xfffffdf1
[PASS] seq=crv_seq_9                      cyc=63 op=IK_S_TYPE        instr=0xdb2c321e sel=1 -> imm=0xfffffda4
[PASS] seq=crv_seq_9                      cyc=64 op=IK_RANDOM        instr=0x07e5cda2 sel=3 -> imm=0x07e5c000
[PASS] seq=crv_seq_9                      cyc=65 op=IK_CSR_TYPE      instr=0x1e1068ce sel=5 -> imm=0x00000000
[PASS] seq=crv_seq_9                      cyc=66 op=IK_BOUNDARY_MAX  instr=0x7fffffff sel=2 -> imm=0x00000ffe
[PASS] seq=crv_seq_9                      cyc=67 op=IK_RANDOM        instr=0x9dcaf465 sel=6 -> imm=0x00000000
[PASS] seq=crv_seq_9                      cyc=68 op=IK_U_TYPE        instr=0x01b90c46 sel=3 -> imm=0x01b90000
[PASS] seq=crv_seq_9                      cyc=69 op=IK_B_TYPE        instr=0x66db57d8 sel=2 -> imm=0x00000e6e
[PASS] seq=crv_seq_9                      cyc=70 op=IK_RANDOM        instr=0xf1a9eee5 sel=2 -> imm=0xffffff1c
[PASS] seq=crv_seq_9                      cyc=71 op=IK_BOUNDARY_MAX  instr=0x7fffffff sel=0 -> imm=0x000007ff
[PASS] seq=crv_seq_9                      cyc=72 op=IK_S_TYPE        instr=0xce50dc70 sel=1 -> imm=0xfffffcf8
[PASS] seq=crv_seq_9                      cyc=73 op=IK_S_TYPE        instr=0xe81d49ff sel=1 -> imm=0xfffffe93
[PASS] seq=crv_seq_9                      cyc=74 op=IK_S_TYPE        instr=0x1c71d0c4 sel=1 -> imm=0x000001c1
[PASS] seq=crv_seq_9                      cyc=75 op=IK_CSR_TYPE      instr=0x0d9a5aac sel=5 -> imm=0x00000014
[PASS] seq=crv_seq_9                      cyc=76 op=IK_U_TYPE        instr=0x53e3091b sel=3 -> imm=0x53e30000
[PASS] seq=crv_seq_9                      cyc=77 op=IK_J_TYPE        instr=0x6a675ffb sel=4 -> imm=0x000756a6
[PASS] seq=crv_seq_9                      cyc=78 op=IK_CSR_TYPE      instr=0xb4e026a7 sel=5 -> imm=0x00000000
[PASS] seq=crv_seq_9                      cyc=79 op=IK_I_TYPE        instr=0xbe1fdf1f sel=0 -> imm=0xfffffbe1
[PASS] seq=crv_seq_9                      cyc=80 op=IK_RANDOM        instr=0x34a185a9 sel=2 -> imm=0x00000b4a
[PASS] seq=crv_seq_9                      cyc=81 op=IK_RANDOM        instr=0x46c70047 sel=6 -> imm=0x00000000
[PASS] seq=crv_seq_9                      cyc=82 op=IK_S_TYPE        instr=0x6792acc9 sel=1 -> imm=0x00000679
[PASS] seq=crv_seq_9                      cyc=83 op=IK_J_TYPE        instr=0xe50c6dec sel=4 -> imm=0xfffc6650
[PASS] seq=crv_seq_9                      cyc=84 op=IK_RANDOM        instr=0x98dd9110 sel=1 -> imm=0xfffff982
[PASS] seq=crv_seq_9                      cyc=85 op=IK_RANDOM        instr=0x4f272f04 sel=5 -> imm=0x0000000e
[PASS] seq=crv_seq_9                      cyc=86 op=IK_NONE_TYPE     instr=0x78b16ae0 sel=6 -> imm=0x00000000
[PASS] seq=crv_seq_9                      cyc=87 op=IK_B_TYPE        instr=0x3ebeba9b sel=2 -> imm=0x00000bf4
[PASS] seq=crv_seq_9                      cyc=88 op=IK_RANDOM        instr=0xb4d3a9a6 sel=5 -> imm=0x00000007
[PASS] seq=crv_seq_9                      cyc=89 op=IK_NONE_TYPE     instr=0xbba6a4e5 sel=6 -> imm=0x00000000
[PASS] seq=crv_seq_9                      cyc=90 op=IK_CSR_TYPE      instr=0xa4dcac17 sel=5 -> imm=0x00000019
[PASS] seq=crv_seq_9                      cyc=91 op=IK_B_TYPE        instr=0xe334e998 sel=2 -> imm=0xfffffe32
[PASS] seq=crv_seq_9                      cyc=92 op=IK_BOUNDARY_ZERO instr=0x00000000 sel=5 -> imm=0x00000000
[PASS] seq=crv_seq_9                      cyc=93 op=IK_S_TYPE        instr=0x0e823a07 sel=1 -> imm=0x000000f4
[PASS] seq=crv_seq_9                      cyc=94 op=IK_CSR_TYPE      instr=0xe9a86b2a sel=5 -> imm=0x00000010
[PASS] seq=crv_seq_9                      cyc=95 op=IK_RANDOM        instr=0xce60e1fb sel=4 -> imm=0xfff0e4e6
[PASS] seq=crv_seq_9                      cyc=96 op=IK_J_TYPE        instr=0xb109b738 sel=4 -> imm=0xfff9b310
[PASS] seq=crv_seq_9                      cyc=97 op=IK_J_TYPE        instr=0x822f4879 sel=4 -> imm=0xffff4022
[PASS] seq=crv_seq_9                      cyc=98 op=IK_B_TYPE        instr=0x52a2cf87 sel=2 -> imm=0x00000d3e
[PASS] seq=crv_seq_9                      cyc=99 op=IK_NONE_TYPE     instr=0x19d8ecb7 sel=6 -> imm=0x00000000
[PASS] seq=crv_seq_9                      cyc=100 op=IK_CSR_TYPE      instr=0xb9fe70d4 sel=5 -> imm=0x0000001c
[PASS] seq=crv_seq_9                      cyc=101 op=IK_S_TYPE        instr=0xbe4ce815 sel=1 -> imm=0xfffffbf0
[PASS] seq=crv_seq_9                      cyc=102 op=IK_S_TYPE        instr=0x243eb157 sel=1 -> imm=0x00000242
[PASS] seq=crv_seq_9                      cyc=103 op=IK_S_TYPE        instr=0xb111a90e sel=1 -> imm=0xfffffb12
[PASS] seq=crv_seq_9                      cyc=104 op=IK_CSR_TYPE      instr=0xb2374e49 sel=5 -> imm=0x0000000e
[PASS] seq=crv_seq_9                      cyc=105 op=IK_I_TYPE        instr=0xe51d9d74 sel=0 -> imm=0xfffffe51
[PASS] seq=crv_seq_9                      cyc=106 op=IK_J_TYPE        instr=0xf03ba623 sel=4 -> imm=0xfffbaf02
[PASS] seq=crv_seq_9                      cyc=107 op=IK_BOUNDARY_MAX  instr=0x7fffffff sel=0 -> imm=0x000007ff
[PASS] seq=crv_seq_9                      cyc=108 op=IK_BOUNDARY_MIN  instr=0x8935eeb7 sel=3 -> imm=0x8935e000
[PASS] seq=crv_seq_9                      cyc=109 op=IK_J_TYPE        instr=0x7f315ea6 sel=4 -> imm=0x00015ff2
[PASS] seq=crv_seq_9                      cyc=110 op=IK_U_TYPE        instr=0xb140afd9 sel=3 -> imm=0xb140a000
[PASS] seq=crv_seq_9                      cyc=111 op=IK_RANDOM        instr=0xe6fb9857 sel=0 -> imm=0xfffffe6f
[PASS] seq=crv_seq_9                      cyc=112 op=IK_B_TYPE        instr=0xff6bc763 sel=2 -> imm=0xfffff7ee
[PASS] seq=crv_seq_9                      cyc=113 op=IK_U_TYPE        instr=0x62de5d21 sel=3 -> imm=0x62de5000
[PASS] seq=crv_seq_9                      cyc=114 op=IK_B_TYPE        instr=0xd01b34ef sel=2 -> imm=0xfffffd08
[PASS] seq=crv_seq_9                      cyc=115 op=IK_U_TYPE        instr=0x606b5a3f sel=3 -> imm=0x606b5000
[PASS] seq=crv_seq_9                      cyc=116 op=IK_CSR_TYPE      instr=0x563c1065 sel=5 -> imm=0x00000018
[PASS] seq=crv_seq_9                      cyc=117 op=IK_S_TYPE        instr=0xe7edbd15 sel=1 -> imm=0xfffffe7a
[PASS] seq=crv_seq_9                      cyc=118 op=IK_NONE_TYPE     instr=0x3c2ee12a sel=6 -> imm=0x00000000
[PASS] seq=crv_seq_9                      cyc=119 op=IK_J_TYPE        instr=0x01a5d5af sel=4 -> imm=0x0005d01a
[PASS] seq=crv_seq_9                      cyc=120 op=IK_RANDOM        instr=0x59e00cb8 sel=6 -> imm=0x00000000
[PASS] seq=crv_seq_9                      cyc=121 op=IK_I_TYPE        instr=0x6e560d3a sel=0 -> imm=0x000006e5
[PASS] seq=crv_seq_9                      cyc=122 op=IK_BOUNDARY_MAX  instr=0x7fffffff sel=3 -> imm=0x7ffff000
[PASS] seq=crv_seq_9                      cyc=123 op=IK_B_TYPE        instr=0xb0eab170 sel=2 -> imm=0xfffff302
[PASS] seq=crv_seq_9                      cyc=124 op=IK_S_TYPE        instr=0xf2554bd3 sel=1 -> imm=0xffffff37
[PASS] seq=crv_seq_9                      cyc=125 op=IK_U_TYPE        instr=0xa055cc57 sel=3 -> imm=0xa055c000
[PASS] seq=crv_seq_9                      cyc=126 op=IK_U_TYPE        instr=0x0d4c575a sel=3 -> imm=0x0d4c5000
[PASS] seq=crv_seq_9                      cyc=127 op=IK_J_TYPE        instr=0x8fc03788 sel=4 -> imm=0xfff030fc
[PASS] seq=crv_seq_9                      cyc=128 op=IK_RANDOM        instr=0x2dd6f9fe sel=4 -> imm=0x0006fadc
[PASS] seq=crv_seq_9                      cyc=129 op=IK_NONE_TYPE     instr=0xc02d108a sel=6 -> imm=0x00000000
[PASS] seq=crv_seq_9                      cyc=130 op=IK_U_TYPE        instr=0x0ffdfae3 sel=3 -> imm=0x0ffdf000
[PASS] seq=crv_seq_9                      cyc=131 op=IK_J_TYPE        instr=0x27e66852 sel=4 -> imm=0x0006627e
[PASS] seq=crv_seq_9                      cyc=132 op=IK_S_TYPE        instr=0xa804e506 sel=1 -> imm=0xfffffa8a
[PASS] seq=crv_seq_9                      cyc=133 op=IK_S_TYPE        instr=0xb6d7b94e sel=1 -> imm=0xfffffb72
[PASS] seq=crv_seq_9                      cyc=134 op=IK_BOUNDARY_MIN  instr=0xcb47ec36 sel=6 -> imm=0x00000000
[PASS] seq=crv_seq_9                      cyc=135 op=IK_S_TYPE        instr=0xe466e7b8 sel=1 -> imm=0xfffffe4f
[PASS] seq=crv_seq_9                      cyc=136 op=IK_I_TYPE        instr=0x4ea575b7 sel=0 -> imm=0x000004ea
[PASS] seq=crv_seq_9                      cyc=137 op=IK_S_TYPE        instr=0xf6805f73 sel=1 -> imm=0xffffff7e
[PASS] seq=crv_seq_9                      cyc=138 op=IK_RANDOM        instr=0x422d16e5 sel=3 -> imm=0x422d1000
[PASS] seq=crv_seq_9                      cyc=139 op=IK_J_TYPE        instr=0x4c58905a sel=4 -> imm=0x00089cc4
[PASS] seq=crv_seq_9                      cyc=140 op=IK_BOUNDARY_ZERO instr=0x00000000 sel=5 -> imm=0x00000000
[PASS] seq=crv_seq_9                      cyc=141 op=IK_S_TYPE        instr=0xd430b69b sel=1 -> imm=0xfffffd4d
[PASS] seq=crv_seq_9                      cyc=142 op=IK_J_TYPE        instr=0x9815015d sel=4 -> imm=0xfff50980
[PASS] seq=crv_seq_9                      cyc=143 op=IK_CSR_TYPE      instr=0x0c158172 sel=5 -> imm=0x0000000b
[PASS] seq=crv_seq_9                      cyc=144 op=IK_S_TYPE        instr=0x145b6b8e sel=1 -> imm=0x00000157
[PASS] seq=crv_seq_9                      cyc=145 op=IK_B_TYPE        instr=0xfa6d2ce9 sel=2 -> imm=0xffffffb8
[PASS] seq=crv_seq_9                      cyc=146 op=IK_I_TYPE        instr=0x734a27b6 sel=0 -> imm=0x00000734
[PASS] seq=crv_seq_9                      cyc=147 op=IK_S_TYPE        instr=0x80772a5e sel=1 -> imm=0xfffff814
[PASS] seq=crv_seq_9                      cyc=148 op=IK_CSR_TYPE      instr=0x908bcf17 sel=5 -> imm=0x00000017
[PASS] seq=crv_seq_9                      cyc=149 op=IK_BOUNDARY_MAX  instr=0x7fffffff sel=3 -> imm=0x7ffff000
[PASS] seq=crv_seq_9                      cyc=150 op=IK_J_TYPE        instr=0x7a0e3f43 sel=4 -> imm=0x000e37a0
[PASS] seq=crv_seq_9                      cyc=151 op=IK_B_TYPE        instr=0x7f72dee2 sel=2 -> imm=0x00000ffc
[PASS] seq=crv_seq_9                      cyc=152 op=IK_I_TYPE        instr=0xf115008c sel=0 -> imm=0xffffff11
[PASS] seq=crv_seq_9                      cyc=153 op=IK_RANDOM        instr=0x04255c4d sel=3 -> imm=0x04255000
[PASS] seq=crv_seq_9                      cyc=154 op=IK_B_TYPE        instr=0x4ce9b657 sel=2 -> imm=0x000004cc
[PASS] seq=crv_seq_9                      cyc=155 op=IK_RANDOM        instr=0x5d3fd53f sel=5 -> imm=0x0000001f
[PASS] seq=crv_seq_9                      cyc=156 op=IK_RANDOM        instr=0x77d1abaa sel=2 -> imm=0x00000f76
[PASS] seq=crv_seq_9                      cyc=157 op=IK_I_TYPE        instr=0xd2f4bb69 sel=0 -> imm=0xfffffd2f
[PASS] seq=crv_seq_9                      cyc=158 op=IK_U_TYPE        instr=0x4baa02d3 sel=3 -> imm=0x4baa0000
[PASS] seq=crv_seq_9                      cyc=159 op=IK_S_TYPE        instr=0x6f1aca4a sel=1 -> imm=0x000006f4
[PASS] seq=crv_seq_9                      cyc=160 op=IK_BOUNDARY_MIN  instr=0xa2838628 sel=3 -> imm=0xa2838000
[PASS] seq=crv_seq_9                      cyc=161 op=IK_U_TYPE        instr=0x94dad3c5 sel=3 -> imm=0x94dad000
[PASS] seq=crv_seq_9                      cyc=162 op=IK_RANDOM        instr=0xdd964ec6 sel=2 -> imm=0xfffffddc
[PASS] seq=crv_seq_9                      cyc=163 op=IK_B_TYPE        instr=0x60cf4ac4 sel=2 -> imm=0x00000e14
[PASS] seq=crv_seq_9                      cyc=164 op=IK_I_TYPE        instr=0xdb67d452 sel=0 -> imm=0xfffffdb6
[PASS] seq=crv_seq_9                      cyc=165 op=IK_U_TYPE        instr=0x2faa14db sel=3 -> imm=0x2faa1000
[PASS] seq=crv_seq_9                      cyc=166 op=IK_U_TYPE        instr=0x4c025750 sel=3 -> imm=0x4c025000
[PASS] seq=crv_seq_9                      cyc=167 op=IK_CSR_TYPE      instr=0x1d756fe5 sel=5 -> imm=0x0000000a
[PASS] seq=crv_seq_9                      cyc=168 op=IK_I_TYPE        instr=0xabd668c2 sel=0 -> imm=0xfffffabd
[PASS] seq=crv_seq_9                      cyc=169 op=IK_BOUNDARY_ZERO instr=0x00000000 sel=6 -> imm=0x00000000
[PASS] seq=crv_seq_9                      cyc=170 op=IK_U_TYPE        instr=0x788df0c5 sel=3 -> imm=0x788df000
[PASS] seq=crv_seq_9                      cyc=171 op=IK_U_TYPE        instr=0x26e04093 sel=3 -> imm=0x26e04000
[PASS] seq=crv_seq_9                      cyc=172 op=IK_RANDOM        instr=0x2b82f85b sel=2 -> imm=0x000002b0
[PASS] seq=crv_seq_9                      cyc=173 op=IK_J_TYPE        instr=0xe51a9c09 sel=4 -> imm=0xfffa9e50
[PASS] seq=crv_seq_9                      cyc=174 op=IK_RANDOM        instr=0x6b25b3f1 sel=0 -> imm=0x000006b2
[PASS] seq=crv_seq_9                      cyc=175 op=IK_RANDOM        instr=0x2c028635 sel=3 -> imm=0x2c028000
[PASS] seq=crv_seq_9                      cyc=176 op=IK_RANDOM        instr=0x33cf7a50 sel=5 -> imm=0x0000001e
[PASS] seq=crv_seq_9                      cyc=177 op=IK_J_TYPE        instr=0x127b2b34 sel=4 -> imm=0x000b2926
[PASS] seq=crv_seq_9                      cyc=178 op=IK_BOUNDARY_MAX  instr=0x7fffffff sel=5 -> imm=0x0000001f
[PASS] seq=crv_seq_9                      cyc=179 op=IK_BOUNDARY_ZERO instr=0x00000000 sel=5 -> imm=0x00000000
[PASS] seq=crv_seq_9                      cyc=180 op=IK_B_TYPE        instr=0xc6c15498 sel=2 -> imm=0xfffffc68
[PASS] seq=crv_seq_9                      cyc=181 op=IK_S_TYPE        instr=0x5df2e9a7 sel=1 -> imm=0x000005d3
[PASS] seq=crv_seq_9                      cyc=182 op=IK_I_TYPE        instr=0xe76c15f4 sel=0 -> imm=0xfffffe76
[PASS] seq=crv_seq_9                      cyc=183 op=IK_RANDOM        instr=0xa48dbbbf sel=4 -> imm=0xfffdb248
[PASS] seq=crv_seq_9                      cyc=184 op=IK_BOUNDARY_MIN  instr=0xa0790c21 sel=3 -> imm=0xa0790000
[PASS] seq=crv_seq_9                      cyc=185 op=IK_U_TYPE        instr=0x94543437 sel=3 -> imm=0x94543000
[PASS] seq=crv_seq_9                      cyc=186 op=IK_I_TYPE        instr=0x3c9052f5 sel=0 -> imm=0x000003c9
[PASS] seq=crv_seq_9                      cyc=187 op=IK_U_TYPE        instr=0x6338d522 sel=3 -> imm=0x6338d000
[PASS] seq=crv_seq_9                      cyc=188 op=IK_I_TYPE        instr=0x4fe219af sel=0 -> imm=0x000004fe
[PASS] seq=crv_seq_9                      cyc=189 op=IK_S_TYPE        instr=0xf17ffa8d sel=1 -> imm=0xffffff15
[PASS] seq=crv_seq_9                      cyc=190 op=IK_B_TYPE        instr=0xee5dd9de sel=2 -> imm=0xfffffef2
[PASS] seq=crv_seq_9                      cyc=191 op=IK_I_TYPE        instr=0x00fb6f22 sel=0 -> imm=0x0000000f
[PASS] seq=crv_seq_9                      cyc=192 op=IK_RANDOM        instr=0x1c97af40 sel=0 -> imm=0x000001c9
[PASS] seq=crv_seq_9                      cyc=193 op=IK_I_TYPE        instr=0x6d3d1632 sel=0 -> imm=0x000006d3
[PASS] seq=crv_seq_9                      cyc=194 op=IK_I_TYPE        instr=0xdad8b6cd sel=0 -> imm=0xfffffdad
[PASS] seq=crv_seq_9                      cyc=195 op=IK_RANDOM        instr=0xaa71e7fc sel=5 -> imm=0x00000003
[PASS] seq=crv_seq_9                      cyc=196 op=IK_S_TYPE        instr=0x582a5784 sel=1 -> imm=0x0000058f
[PASS] seq=crv_seq_9                      cyc=197 op=IK_J_TYPE        instr=0x3e803145 sel=4 -> imm=0x000033e8
[PASS] seq=crv_seq_9                      cyc=198 op=IK_CSR_TYPE      instr=0x408f89b1 sel=5 -> imm=0x0000001f
[PASS] seq=crv_seq_9                      cyc=199 op=IK_U_TYPE        instr=0xd57e32ee sel=3 -> imm=0xd57e3000

============ IMM_GEN UNIT TB SUMMARY ============
 SEQUENCES=22  TOTAL_CYCLES=2047  PASS=2047  FAIL=0
 FUNCTIONAL COVERAGE = 100.00 %
 RESULT: ALL CHECKS PASSED
===================================================

$finish called from file "tb_imm_gen.sv", line 582.
$finish at simulation time             20491000

---------------------------------------------------------------------------
VCS Coverage Metrics: during simulation line, cond, FSM, branch, tgl was monitored
---------------------------------------------------------------------------

 Coverage status: End of All Coverages ...

           V C S   S i m u l a t i o n   R e p o r t 
Time: 20491000 ps
CPU Time:      0.170 seconds;       Data structure size:   0.0Mb
Thu Jul 30 09:46:05 2026
[SCL] 07/30/2026 09:46:05 PID:12618 Client:cvr-vlsi63.cvr.ac.in checkin (null) 

