
 VCS Coverage Metrics Release U-2023.03_Full64 Copyright (c) 1991-2023 by Synopsys Inc.
[PASS] seq=FINDING_post_reset_unwritten_reads_x   cyc=0 op=RK_NO_WRITE_READ rs1=7 rs2=19 wb_write=0 wb_rd=0 wb_data=0x00000000 -> rs1_data=0x00000000 rs2_data=0x00000000
[PASS] seq=x0_hardwired_zero                      cyc=0 op=RK_X0_ACCESS     rs1=0 rs2=0 wb_write=1 wb_rd=0 wb_data=0xffffffff -> rs1_data=0x00000000 rs2_data=0x00000000
[PASS] seq=x0_hardwired_zero                      cyc=1 op=RK_NO_WRITE_READ rs1=0 rs2=0 wb_write=0 wb_rd=0 wb_data=0x00000000 -> rs1_data=0x00000000 rs2_data=0x00000000
[PASS] seq=write_then_read_no_bypass              cyc=0 op=RK_PLAIN_WRITE   rs1=12 rs2=13 wb_write=1 wb_rd=5 wb_data=0xcafef00d -> rs1_data=0x00000000 rs2_data=0x00000000
[PASS] seq=write_then_read_no_bypass              cyc=1 op=RK_NO_WRITE_READ rs1=5 rs2=5 wb_write=0 wb_rd=0 wb_data=0x00000000 -> rs1_data=0xcafef00d rs2_data=0xcafef00d
[PASS] seq=bypass_matrix                          cyc=0 op=RK_BYPASS_RS1    rs1=9 rs2=20 wb_write=1 wb_rd=9 wb_data=0xaaaabbbb -> rs1_data=0xaaaabbbb rs2_data=0x00000000
[PASS] seq=bypass_matrix                          cyc=1 op=RK_BYPASS_RS2    rs1=20 rs2=9 wb_write=1 wb_rd=9 wb_data=0xaaaabbbb -> rs1_data=0x00000000 rs2_data=0xaaaabbbb
[PASS] seq=bypass_matrix                          cyc=2 op=RK_BYPASS_BOTH   rs1=9 rs2=9 wb_write=1 wb_rd=9 wb_data=0xaaaabbbb -> rs1_data=0xaaaabbbb rs2_data=0xaaaabbbb
[PASS] seq=bypass_matrix                          cyc=3 op=RK_NO_WRITE_READ rs1=9 rs2=9 wb_write=0 wb_rd=0 wb_data=0x00000000 -> rs1_data=0xaaaabbbb rs2_data=0xaaaabbbb
[PASS] seq=exh_reg_sweep_bypass_and_readback      cyc=0 op=RK_RANDOM        rs1=0 rs2=0 wb_write=1 wb_rd=0 wb_data=0xe0000000 -> rs1_data=0x00000000 rs2_data=0x00000000
[PASS] seq=exh_reg_sweep_bypass_and_readback      cyc=1 op=RK_NO_WRITE_READ rs1=0 rs2=0 wb_write=0 wb_rd=0 wb_data=0x00000000 -> rs1_data=0x00000000 rs2_data=0x00000000
[PASS] seq=exh_reg_sweep_bypass_and_readback      cyc=2 op=RK_RANDOM        rs1=1 rs2=1 wb_write=1 wb_rd=1 wb_data=0xe0000001 -> rs1_data=0xe0000001 rs2_data=0xe0000001
[PASS] seq=exh_reg_sweep_bypass_and_readback      cyc=3 op=RK_NO_WRITE_READ rs1=1 rs2=1 wb_write=0 wb_rd=0 wb_data=0x00000000 -> rs1_data=0xe0000001 rs2_data=0xe0000001
[PASS] seq=exh_reg_sweep_bypass_and_readback      cyc=4 op=RK_RANDOM        rs1=2 rs2=2 wb_write=1 wb_rd=2 wb_data=0xe0000002 -> rs1_data=0xe0000002 rs2_data=0xe0000002
[PASS] seq=exh_reg_sweep_bypass_and_readback      cyc=5 op=RK_NO_WRITE_READ rs1=2 rs2=2 wb_write=0 wb_rd=0 wb_data=0x00000000 -> rs1_data=0xe0000002 rs2_data=0xe0000002
[PASS] seq=exh_reg_sweep_bypass_and_readback      cyc=6 op=RK_RANDOM        rs1=3 rs2=3 wb_write=1 wb_rd=3 wb_data=0xe0000003 -> rs1_data=0xe0000003 rs2_data=0xe0000003
[PASS] seq=exh_reg_sweep_bypass_and_readback      cyc=7 op=RK_NO_WRITE_READ rs1=3 rs2=3 wb_write=0 wb_rd=0 wb_data=0x00000000 -> rs1_data=0xe0000003 rs2_data=0xe0000003
[PASS] seq=exh_reg_sweep_bypass_and_readback      cyc=8 op=RK_RANDOM        rs1=4 rs2=4 wb_write=1 wb_rd=4 wb_data=0xe0000004 -> rs1_data=0xe0000004 rs2_data=0xe0000004
[PASS] seq=exh_reg_sweep_bypass_and_readback      cyc=9 op=RK_NO_WRITE_READ rs1=4 rs2=4 wb_write=0 wb_rd=0 wb_data=0x00000000 -> rs1_data=0xe0000004 rs2_data=0xe0000004
[PASS] seq=exh_reg_sweep_bypass_and_readback      cyc=10 op=RK_RANDOM        rs1=5 rs2=5 wb_write=1 wb_rd=5 wb_data=0xe0000005 -> rs1_data=0xe0000005 rs2_data=0xe0000005
[PASS] seq=exh_reg_sweep_bypass_and_readback      cyc=11 op=RK_NO_WRITE_READ rs1=5 rs2=5 wb_write=0 wb_rd=0 wb_data=0x00000000 -> rs1_data=0xe0000005 rs2_data=0xe0000005
[PASS] seq=exh_reg_sweep_bypass_and_readback      cyc=12 op=RK_RANDOM        rs1=6 rs2=6 wb_write=1 wb_rd=6 wb_data=0xe0000006 -> rs1_data=0xe0000006 rs2_data=0xe0000006
[PASS] seq=exh_reg_sweep_bypass_and_readback      cyc=13 op=RK_NO_WRITE_READ rs1=6 rs2=6 wb_write=0 wb_rd=0 wb_data=0x00000000 -> rs1_data=0xe0000006 rs2_data=0xe0000006
[PASS] seq=exh_reg_sweep_bypass_and_readback      cyc=14 op=RK_RANDOM        rs1=7 rs2=7 wb_write=1 wb_rd=7 wb_data=0xe0000007 -> rs1_data=0xe0000007 rs2_data=0xe0000007
[PASS] seq=exh_reg_sweep_bypass_and_readback      cyc=15 op=RK_NO_WRITE_READ rs1=7 rs2=7 wb_write=0 wb_rd=0 wb_data=0x00000000 -> rs1_data=0xe0000007 rs2_data=0xe0000007
[PASS] seq=exh_reg_sweep_bypass_and_readback      cyc=16 op=RK_RANDOM        rs1=8 rs2=8 wb_write=1 wb_rd=8 wb_data=0xe0000008 -> rs1_data=0xe0000008 rs2_data=0xe0000008
[PASS] seq=exh_reg_sweep_bypass_and_readback      cyc=17 op=RK_NO_WRITE_READ rs1=8 rs2=8 wb_write=0 wb_rd=0 wb_data=0x00000000 -> rs1_data=0xe0000008 rs2_data=0xe0000008
[PASS] seq=exh_reg_sweep_bypass_and_readback      cyc=18 op=RK_RANDOM        rs1=9 rs2=9 wb_write=1 wb_rd=9 wb_data=0xe0000009 -> rs1_data=0xe0000009 rs2_data=0xe0000009
[PASS] seq=exh_reg_sweep_bypass_and_readback      cyc=19 op=RK_NO_WRITE_READ rs1=9 rs2=9 wb_write=0 wb_rd=0 wb_data=0x00000000 -> rs1_data=0xe0000009 rs2_data=0xe0000009
[PASS] seq=exh_reg_sweep_bypass_and_readback      cyc=20 op=RK_RANDOM        rs1=10 rs2=10 wb_write=1 wb_rd=10 wb_data=0xe000000a -> rs1_data=0xe000000a rs2_data=0xe000000a
[PASS] seq=exh_reg_sweep_bypass_and_readback      cyc=21 op=RK_NO_WRITE_READ rs1=10 rs2=10 wb_write=0 wb_rd=0 wb_data=0x00000000 -> rs1_data=0xe000000a rs2_data=0xe000000a
[PASS] seq=exh_reg_sweep_bypass_and_readback      cyc=22 op=RK_RANDOM        rs1=11 rs2=11 wb_write=1 wb_rd=11 wb_data=0xe000000b -> rs1_data=0xe000000b rs2_data=0xe000000b
[PASS] seq=exh_reg_sweep_bypass_and_readback      cyc=23 op=RK_NO_WRITE_READ rs1=11 rs2=11 wb_write=0 wb_rd=0 wb_data=0x00000000 -> rs1_data=0xe000000b rs2_data=0xe000000b
[PASS] seq=exh_reg_sweep_bypass_and_readback      cyc=24 op=RK_RANDOM        rs1=12 rs2=12 wb_write=1 wb_rd=12 wb_data=0xe000000c -> rs1_data=0xe000000c rs2_data=0xe000000c
[PASS] seq=exh_reg_sweep_bypass_and_readback      cyc=25 op=RK_NO_WRITE_READ rs1=12 rs2=12 wb_write=0 wb_rd=0 wb_data=0x00000000 -> rs1_data=0xe000000c rs2_data=0xe000000c
[PASS] seq=exh_reg_sweep_bypass_and_readback      cyc=26 op=RK_RANDOM        rs1=13 rs2=13 wb_write=1 wb_rd=13 wb_data=0xe000000d -> rs1_data=0xe000000d rs2_data=0xe000000d
[PASS] seq=exh_reg_sweep_bypass_and_readback      cyc=27 op=RK_NO_WRITE_READ rs1=13 rs2=13 wb_write=0 wb_rd=0 wb_data=0x00000000 -> rs1_data=0xe000000d rs2_data=0xe000000d
[PASS] seq=exh_reg_sweep_bypass_and_readback      cyc=28 op=RK_RANDOM        rs1=14 rs2=14 wb_write=1 wb_rd=14 wb_data=0xe000000e -> rs1_data=0xe000000e rs2_data=0xe000000e
[PASS] seq=exh_reg_sweep_bypass_and_readback      cyc=29 op=RK_NO_WRITE_READ rs1=14 rs2=14 wb_write=0 wb_rd=0 wb_data=0x00000000 -> rs1_data=0xe000000e rs2_data=0xe000000e
[PASS] seq=exh_reg_sweep_bypass_and_readback      cyc=30 op=RK_RANDOM        rs1=15 rs2=15 wb_write=1 wb_rd=15 wb_data=0xe000000f -> rs1_data=0xe000000f rs2_data=0xe000000f
[PASS] seq=exh_reg_sweep_bypass_and_readback      cyc=31 op=RK_NO_WRITE_READ rs1=15 rs2=15 wb_write=0 wb_rd=0 wb_data=0x00000000 -> rs1_data=0xe000000f rs2_data=0xe000000f
[PASS] seq=exh_reg_sweep_bypass_and_readback      cyc=32 op=RK_RANDOM        rs1=16 rs2=16 wb_write=1 wb_rd=16 wb_data=0xe0000010 -> rs1_data=0xe0000010 rs2_data=0xe0000010
[PASS] seq=exh_reg_sweep_bypass_and_readback      cyc=33 op=RK_NO_WRITE_READ rs1=16 rs2=16 wb_write=0 wb_rd=0 wb_data=0x00000000 -> rs1_data=0xe0000010 rs2_data=0xe0000010
[PASS] seq=exh_reg_sweep_bypass_and_readback      cyc=34 op=RK_RANDOM        rs1=17 rs2=17 wb_write=1 wb_rd=17 wb_data=0xe0000011 -> rs1_data=0xe0000011 rs2_data=0xe0000011
[PASS] seq=exh_reg_sweep_bypass_and_readback      cyc=35 op=RK_NO_WRITE_READ rs1=17 rs2=17 wb_write=0 wb_rd=0 wb_data=0x00000000 -> rs1_data=0xe0000011 rs2_data=0xe0000011
[PASS] seq=exh_reg_sweep_bypass_and_readback      cyc=36 op=RK_RANDOM        rs1=18 rs2=18 wb_write=1 wb_rd=18 wb_data=0xe0000012 -> rs1_data=0xe0000012 rs2_data=0xe0000012
[PASS] seq=exh_reg_sweep_bypass_and_readback      cyc=37 op=RK_NO_WRITE_READ rs1=18 rs2=18 wb_write=0 wb_rd=0 wb_data=0x00000000 -> rs1_data=0xe0000012 rs2_data=0xe0000012
[PASS] seq=exh_reg_sweep_bypass_and_readback      cyc=38 op=RK_RANDOM        rs1=19 rs2=19 wb_write=1 wb_rd=19 wb_data=0xe0000013 -> rs1_data=0xe0000013 rs2_data=0xe0000013
[PASS] seq=exh_reg_sweep_bypass_and_readback      cyc=39 op=RK_NO_WRITE_READ rs1=19 rs2=19 wb_write=0 wb_rd=0 wb_data=0x00000000 -> rs1_data=0xe0000013 rs2_data=0xe0000013
[PASS] seq=exh_reg_sweep_bypass_and_readback      cyc=40 op=RK_RANDOM        rs1=20 rs2=20 wb_write=1 wb_rd=20 wb_data=0xe0000014 -> rs1_data=0xe0000014 rs2_data=0xe0000014
[PASS] seq=exh_reg_sweep_bypass_and_readback      cyc=41 op=RK_NO_WRITE_READ rs1=20 rs2=20 wb_write=0 wb_rd=0 wb_data=0x00000000 -> rs1_data=0xe0000014 rs2_data=0xe0000014
[PASS] seq=exh_reg_sweep_bypass_and_readback      cyc=42 op=RK_RANDOM        rs1=21 rs2=21 wb_write=1 wb_rd=21 wb_data=0xe0000015 -> rs1_data=0xe0000015 rs2_data=0xe0000015
[PASS] seq=exh_reg_sweep_bypass_and_readback      cyc=43 op=RK_NO_WRITE_READ rs1=21 rs2=21 wb_write=0 wb_rd=0 wb_data=0x00000000 -> rs1_data=0xe0000015 rs2_data=0xe0000015
[PASS] seq=exh_reg_sweep_bypass_and_readback      cyc=44 op=RK_RANDOM        rs1=22 rs2=22 wb_write=1 wb_rd=22 wb_data=0xe0000016 -> rs1_data=0xe0000016 rs2_data=0xe0000016
[PASS] seq=exh_reg_sweep_bypass_and_readback      cyc=45 op=RK_NO_WRITE_READ rs1=22 rs2=22 wb_write=0 wb_rd=0 wb_data=0x00000000 -> rs1_data=0xe0000016 rs2_data=0xe0000016
[PASS] seq=exh_reg_sweep_bypass_and_readback      cyc=46 op=RK_RANDOM        rs1=23 rs2=23 wb_write=1 wb_rd=23 wb_data=0xe0000017 -> rs1_data=0xe0000017 rs2_data=0xe0000017
[PASS] seq=exh_reg_sweep_bypass_and_readback      cyc=47 op=RK_NO_WRITE_READ rs1=23 rs2=23 wb_write=0 wb_rd=0 wb_data=0x00000000 -> rs1_data=0xe0000017 rs2_data=0xe0000017
[PASS] seq=exh_reg_sweep_bypass_and_readback      cyc=48 op=RK_RANDOM        rs1=24 rs2=24 wb_write=1 wb_rd=24 wb_data=0xe0000018 -> rs1_data=0xe0000018 rs2_data=0xe0000018
[PASS] seq=exh_reg_sweep_bypass_and_readback      cyc=49 op=RK_NO_WRITE_READ rs1=24 rs2=24 wb_write=0 wb_rd=0 wb_data=0x00000000 -> rs1_data=0xe0000018 rs2_data=0xe0000018
[PASS] seq=exh_reg_sweep_bypass_and_readback      cyc=50 op=RK_RANDOM        rs1=25 rs2=25 wb_write=1 wb_rd=25 wb_data=0xe0000019 -> rs1_data=0xe0000019 rs2_data=0xe0000019
[PASS] seq=exh_reg_sweep_bypass_and_readback      cyc=51 op=RK_NO_WRITE_READ rs1=25 rs2=25 wb_write=0 wb_rd=0 wb_data=0x00000000 -> rs1_data=0xe0000019 rs2_data=0xe0000019
[PASS] seq=exh_reg_sweep_bypass_and_readback      cyc=52 op=RK_RANDOM        rs1=26 rs2=26 wb_write=1 wb_rd=26 wb_data=0xe000001a -> rs1_data=0xe000001a rs2_data=0xe000001a
[PASS] seq=exh_reg_sweep_bypass_and_readback      cyc=53 op=RK_NO_WRITE_READ rs1=26 rs2=26 wb_write=0 wb_rd=0 wb_data=0x00000000 -> rs1_data=0xe000001a rs2_data=0xe000001a
[PASS] seq=exh_reg_sweep_bypass_and_readback      cyc=54 op=RK_RANDOM        rs1=27 rs2=27 wb_write=1 wb_rd=27 wb_data=0xe000001b -> rs1_data=0xe000001b rs2_data=0xe000001b
[PASS] seq=exh_reg_sweep_bypass_and_readback      cyc=55 op=RK_NO_WRITE_READ rs1=27 rs2=27 wb_write=0 wb_rd=0 wb_data=0x00000000 -> rs1_data=0xe000001b rs2_data=0xe000001b
[PASS] seq=exh_reg_sweep_bypass_and_readback      cyc=56 op=RK_RANDOM        rs1=28 rs2=28 wb_write=1 wb_rd=28 wb_data=0xe000001c -> rs1_data=0xe000001c rs2_data=0xe000001c
[PASS] seq=exh_reg_sweep_bypass_and_readback      cyc=57 op=RK_NO_WRITE_READ rs1=28 rs2=28 wb_write=0 wb_rd=0 wb_data=0x00000000 -> rs1_data=0xe000001c rs2_data=0xe000001c
[PASS] seq=exh_reg_sweep_bypass_and_readback      cyc=58 op=RK_RANDOM        rs1=29 rs2=29 wb_write=1 wb_rd=29 wb_data=0xe000001d -> rs1_data=0xe000001d rs2_data=0xe000001d
[PASS] seq=exh_reg_sweep_bypass_and_readback      cyc=59 op=RK_NO_WRITE_READ rs1=29 rs2=29 wb_write=0 wb_rd=0 wb_data=0x00000000 -> rs1_data=0xe000001d rs2_data=0xe000001d
[PASS] seq=exh_reg_sweep_bypass_and_readback      cyc=60 op=RK_RANDOM        rs1=30 rs2=30 wb_write=1 wb_rd=30 wb_data=0xe000001e -> rs1_data=0xe000001e rs2_data=0xe000001e
[PASS] seq=exh_reg_sweep_bypass_and_readback      cyc=61 op=RK_NO_WRITE_READ rs1=30 rs2=30 wb_write=0 wb_rd=0 wb_data=0x00000000 -> rs1_data=0xe000001e rs2_data=0xe000001e
[PASS] seq=exh_reg_sweep_bypass_and_readback      cyc=62 op=RK_RANDOM        rs1=31 rs2=31 wb_write=1 wb_rd=31 wb_data=0xe000001f -> rs1_data=0xe000001f rs2_data=0xe000001f
[PASS] seq=exh_reg_sweep_bypass_and_readback      cyc=63 op=RK_NO_WRITE_READ rs1=31 rs2=31 wb_write=0 wb_rd=0 wb_data=0x00000000 -> rs1_data=0xe000001f rs2_data=0xe000001f
[PASS] seq=stress_repeated_write_same_reg         cyc=0 op=RK_PLAIN_WRITE   rs1=2 rs2=3 wb_write=1 wb_rd=25 wb_data=0xf0f00000 -> rs1_data=0xe0000002 rs2_data=0xe0000003
[PASS] seq=stress_repeated_write_same_reg         cyc=1 op=RK_PLAIN_WRITE   rs1=2 rs2=3 wb_write=1 wb_rd=25 wb_data=0xf0f00001 -> rs1_data=0xe0000002 rs2_data=0xe0000003
[PASS] seq=stress_repeated_write_same_reg         cyc=2 op=RK_PLAIN_WRITE   rs1=2 rs2=3 wb_write=1 wb_rd=25 wb_data=0xf0f00002 -> rs1_data=0xe0000002 rs2_data=0xe0000003
[PASS] seq=stress_repeated_write_same_reg         cyc=3 op=RK_PLAIN_WRITE   rs1=2 rs2=3 wb_write=1 wb_rd=25 wb_data=0xf0f00003 -> rs1_data=0xe0000002 rs2_data=0xe0000003
[PASS] seq=stress_repeated_write_same_reg         cyc=4 op=RK_PLAIN_WRITE   rs1=2 rs2=3 wb_write=1 wb_rd=25 wb_data=0xf0f00004 -> rs1_data=0xe0000002 rs2_data=0xe0000003
[PASS] seq=stress_repeated_write_same_reg         cyc=5 op=RK_PLAIN_WRITE   rs1=2 rs2=3 wb_write=1 wb_rd=25 wb_data=0xf0f00005 -> rs1_data=0xe0000002 rs2_data=0xe0000003
[PASS] seq=stress_repeated_write_same_reg         cyc=6 op=RK_PLAIN_WRITE   rs1=2 rs2=3 wb_write=1 wb_rd=25 wb_data=0xf0f00006 -> rs1_data=0xe0000002 rs2_data=0xe0000003
[PASS] seq=stress_repeated_write_same_reg         cyc=7 op=RK_PLAIN_WRITE   rs1=2 rs2=3 wb_write=1 wb_rd=25 wb_data=0xf0f00007 -> rs1_data=0xe0000002 rs2_data=0xe0000003
[PASS] seq=stress_repeated_write_same_reg         cyc=8 op=RK_NO_WRITE_READ rs1=25 rs2=25 wb_write=0 wb_rd=0 wb_data=0x00000000 -> rs1_data=0xf0f00007 rs2_data=0xf0f00007
[PASS] seq=stress_alternating_write_target        cyc=0 op=RK_PLAIN_WRITE   rs1=0 rs2=0 wb_write=1 wb_rd=18 wb_data=0x10000000 -> rs1_data=0x00000000 rs2_data=0x00000000
[PASS] seq=stress_alternating_write_target        cyc=1 op=RK_PLAIN_WRITE   rs1=0 rs2=0 wb_write=1 wb_rd=19 wb_data=0x10000001 -> rs1_data=0x00000000 rs2_data=0x00000000
[PASS] seq=stress_alternating_write_target        cyc=2 op=RK_PLAIN_WRITE   rs1=0 rs2=0 wb_write=1 wb_rd=18 wb_data=0x10000002 -> rs1_data=0x00000000 rs2_data=0x00000000
[PASS] seq=stress_alternating_write_target        cyc=3 op=RK_PLAIN_WRITE   rs1=0 rs2=0 wb_write=1 wb_rd=19 wb_data=0x10000003 -> rs1_data=0x00000000 rs2_data=0x00000000
[PASS] seq=stress_alternating_write_target        cyc=4 op=RK_PLAIN_WRITE   rs1=0 rs2=0 wb_write=1 wb_rd=18 wb_data=0x10000004 -> rs1_data=0x00000000 rs2_data=0x00000000
[PASS] seq=stress_alternating_write_target        cyc=5 op=RK_PLAIN_WRITE   rs1=0 rs2=0 wb_write=1 wb_rd=19 wb_data=0x10000005 -> rs1_data=0x00000000 rs2_data=0x00000000
[PASS] seq=stress_alternating_write_target        cyc=6 op=RK_PLAIN_WRITE   rs1=0 rs2=0 wb_write=1 wb_rd=18 wb_data=0x10000006 -> rs1_data=0x00000000 rs2_data=0x00000000
[PASS] seq=stress_alternating_write_target        cyc=7 op=RK_PLAIN_WRITE   rs1=0 rs2=0 wb_write=1 wb_rd=19 wb_data=0x10000007 -> rs1_data=0x00000000 rs2_data=0x00000000
[PASS] seq=cross_sequence_persistence_check_x5    cyc=0 op=RK_NO_WRITE_READ rs1=5 rs2=5 wb_write=0 wb_rd=0 wb_data=0x00000000 -> rs1_data=0xe0000005 rs2_data=0xe0000005
[PASS] seq=crv_seq_0                              cyc=0 op=RK_BYPASS_RS1    rs1=9 rs2=19 wb_write=1 wb_rd=9 wb_data=0x894926ad -> rs1_data=0x894926ad rs2_data=0x10000007
[PASS] seq=crv_seq_0                              cyc=1 op=RK_BYPASS_RS1    rs1=1 rs2=2 wb_write=1 wb_rd=1 wb_data=0xd582ebbd -> rs1_data=0xd582ebbd rs2_data=0xe0000002
[PASS] seq=crv_seq_0                              cyc=2 op=RK_BYPASS_RS1    rs1=6 rs2=24 wb_write=1 wb_rd=6 wb_data=0xd0598788 -> rs1_data=0xd0598788 rs2_data=0xe0000018
[PASS] seq=crv_seq_0                              cyc=3 op=RK_BYPASS_RS2    rs1=13 rs2=4 wb_write=1 wb_rd=4 wb_data=0xfd50dc5e -> rs1_data=0xe000000d rs2_data=0xfd50dc5e
[PASS] seq=crv_seq_0                              cyc=4 op=RK_X0_ACCESS     rs1=30 rs2=27 wb_write=1 wb_rd=0 wb_data=0x2237331f -> rs1_data=0xe000001e rs2_data=0xe000001b
[PASS] seq=crv_seq_0                              cyc=5 op=RK_BYPASS_RS1    rs1=31 rs2=16 wb_write=1 wb_rd=31 wb_data=0x50e03c60 -> rs1_data=0x50e03c60 rs2_data=0xe0000010
[PASS] seq=crv_seq_0                              cyc=6 op=RK_BYPASS_RS1    rs1=10 rs2=12 wb_write=1 wb_rd=10 wb_data=0x8fa61825 -> rs1_data=0x8fa61825 rs2_data=0xe000000c
[PASS] seq=crv_seq_0                              cyc=7 op=RK_X0_ACCESS     rs1=13 rs2=8 wb_write=1 wb_rd=0 wb_data=0xe4c4a250 -> rs1_data=0xe000000d rs2_data=0xe0000008
[PASS] seq=crv_seq_0                              cyc=8 op=RK_BYPASS_RS2    rs1=24 rs2=17 wb_write=1 wb_rd=17 wb_data=0xb031786a -> rs1_data=0xe0000018 rs2_data=0xb031786a
[PASS] seq=crv_seq_0                              cyc=9 op=RK_BYPASS_BOTH   rs1=24 rs2=24 wb_write=1 wb_rd=24 wb_data=0x5090b81a -> rs1_data=0x5090b81a rs2_data=0x5090b81a
[PASS] seq=crv_seq_0                              cyc=10 op=RK_X0_ACCESS     rs1=9 rs2=20 wb_write=1 wb_rd=0 wb_data=0xfb0d011c -> rs1_data=0x894926ad rs2_data=0xe0000014
[PASS] seq=crv_seq_0                              cyc=11 op=RK_RANDOM        rs1=4 rs2=17 wb_write=1 wb_rd=22 wb_data=0xf1efe7cc -> rs1_data=0xfd50dc5e rs2_data=0xb031786a
[PASS] seq=crv_seq_0                              cyc=12 op=RK_RANDOM        rs1=4 rs2=4 wb_write=1 wb_rd=30 wb_data=0x44435f75 -> rs1_data=0xfd50dc5e rs2_data=0xfd50dc5e
[PASS] seq=crv_seq_0                              cyc=13 op=RK_RANDOM        rs1=16 rs2=4 wb_write=0 wb_rd=29 wb_data=0x94257363 -> rs1_data=0xe0000010 rs2_data=0xfd50dc5e
[PASS] seq=crv_seq_0                              cyc=14 op=RK_BYPASS_RS2    rs1=13 rs2=29 wb_write=1 wb_rd=29 wb_data=0x32eb9512 -> rs1_data=0xe000000d rs2_data=0x32eb9512
[PASS] seq=crv_seq_0                              cyc=15 op=RK_BYPASS_RS1    rs1=15 rs2=14 wb_write=1 wb_rd=15 wb_data=0x29f2fa39 -> rs1_data=0x29f2fa39 rs2_data=0xe000000e
[PASS] seq=crv_seq_0                              cyc=16 op=RK_X0_ACCESS     rs1=2 rs2=22 wb_write=1 wb_rd=0 wb_data=0xbee3351d -> rs1_data=0xe0000002 rs2_data=0xf1efe7cc
[PASS] seq=crv_seq_0                              cyc=17 op=RK_BYPASS_RS1    rs1=18 rs2=2 wb_write=1 wb_rd=18 wb_data=0x49437b24 -> rs1_data=0x49437b24 rs2_data=0xe0000002
[PASS] seq=crv_seq_0                              cyc=18 op=RK_RANDOM        rs1=22 rs2=14 wb_write=1 wb_rd=7 wb_data=0xd8638121 -> rs1_data=0xf1efe7cc rs2_data=0xe000000e
[PASS] seq=crv_seq_0                              cyc=19 op=RK_PLAIN_WRITE   rs1=12 rs2=5 wb_write=1 wb_rd=2 wb_data=0xb25374cb -> rs1_data=0xe000000c rs2_data=0xe0000005
[PASS] seq=crv_seq_0                              cyc=20 op=RK_BYPASS_RS2    rs1=8 rs2=31 wb_write=1 wb_rd=31 wb_data=0xbdd941ab -> rs1_data=0xe0000008 rs2_data=0xbdd941ab
[PASS] seq=crv_seq_0                              cyc=21 op=RK_BYPASS_RS1    rs1=24 rs2=12 wb_write=1 wb_rd=24 wb_data=0xf361a62d -> rs1_data=0xf361a62d rs2_data=0xe000000c
[PASS] seq=crv_seq_0                              cyc=22 op=RK_RANDOM        rs1=24 rs2=21 wb_write=0 wb_rd=6 wb_data=0x7051a5b9 -> rs1_data=0xf361a62d rs2_data=0xe0000015
[PASS] seq=crv_seq_0                              cyc=23 op=RK_NO_WRITE_READ rs1=11 rs2=14 wb_write=0 wb_rd=1 wb_data=0xf682444f -> rs1_data=0xe000000b rs2_data=0xe000000e
[PASS] seq=crv_seq_0                              cyc=24 op=RK_X0_ACCESS     rs1=0 rs2=27 wb_write=1 wb_rd=0 wb_data=0xc59b92d4 -> rs1_data=0x00000000 rs2_data=0xe000001b
[PASS] seq=crv_seq_0                              cyc=25 op=RK_PLAIN_WRITE   rs1=9 rs2=8 wb_write=1 wb_rd=15 wb_data=0x1f7adb27 -> rs1_data=0x894926ad rs2_data=0xe0000008
[PASS] seq=crv_seq_0                              cyc=26 op=RK_RANDOM        rs1=1 rs2=28 wb_write=1 wb_rd=16 wb_data=0x92b7813d -> rs1_data=0xd582ebbd rs2_data=0xe000001c
[PASS] seq=crv_seq_0                              cyc=27 op=RK_BYPASS_RS1    rs1=6 rs2=10 wb_write=1 wb_rd=6 wb_data=0x1701f2f0 -> rs1_data=0x1701f2f0 rs2_data=0x8fa61825
[PASS] seq=crv_seq_0                              cyc=28 op=RK_PLAIN_WRITE   rs1=10 rs2=21 wb_write=1 wb_rd=18 wb_data=0x5ce87aee -> rs1_data=0x8fa61825 rs2_data=0xe0000015
[PASS] seq=crv_seq_0                              cyc=29 op=RK_RANDOM        rs1=18 rs2=8 wb_write=0 wb_rd=3 wb_data=0x76f6a72b -> rs1_data=0x5ce87aee rs2_data=0xe0000008
[PASS] seq=crv_seq_0                              cyc=30 op=RK_X0_ACCESS     rs1=7 rs2=13 wb_write=1 wb_rd=0 wb_data=0x0456aeda -> rs1_data=0xd8638121 rs2_data=0xe000000d
[PASS] seq=crv_seq_0                              cyc=31 op=RK_PLAIN_WRITE   rs1=0 rs2=4 wb_write=1 wb_rd=2 wb_data=0xda05153f -> rs1_data=0x00000000 rs2_data=0xfd50dc5e
[PASS] seq=crv_seq_0                              cyc=32 op=RK_RANDOM        rs1=21 rs2=27 wb_write=0 wb_rd=5 wb_data=0x16135da1 -> rs1_data=0xe0000015 rs2_data=0xe000001b
[PASS] seq=crv_seq_0                              cyc=33 op=RK_X0_ACCESS     rs1=25 rs2=22 wb_write=1 wb_rd=0 wb_data=0xb1ba8af6 -> rs1_data=0xf0f00007 rs2_data=0xf1efe7cc
[PASS] seq=crv_seq_0                              cyc=34 op=RK_RANDOM        rs1=23 rs2=27 wb_write=0 wb_rd=28 wb_data=0x267064fb -> rs1_data=0xe0000017 rs2_data=0xe000001b
[PASS] seq=crv_seq_0                              cyc=35 op=RK_PLAIN_WRITE   rs1=16 rs2=1 wb_write=1 wb_rd=7 wb_data=0x227a5475 -> rs1_data=0x92b7813d rs2_data=0xd582ebbd
[PASS] seq=crv_seq_0                              cyc=36 op=RK_PLAIN_WRITE   rs1=13 rs2=12 wb_write=1 wb_rd=10 wb_data=0x1f45eed9 -> rs1_data=0xe000000d rs2_data=0xe000000c
[PASS] seq=crv_seq_0                              cyc=37 op=RK_PLAIN_WRITE   rs1=13 rs2=16 wb_write=1 wb_rd=21 wb_data=0xbf2707e3 -> rs1_data=0xe000000d rs2_data=0x92b7813d
[PASS] seq=crv_seq_0                              cyc=38 op=RK_X0_ACCESS     rs1=2 rs2=2 wb_write=1 wb_rd=0 wb_data=0x054943f5 -> rs1_data=0xda05153f rs2_data=0xda05153f
[PASS] seq=crv_seq_0                              cyc=39 op=RK_RANDOM        rs1=8 rs2=6 wb_write=0 wb_rd=9 wb_data=0x3105bdeb -> rs1_data=0xe0000008 rs2_data=0x1701f2f0
[PASS] seq=crv_seq_0                              cyc=40 op=RK_X0_ACCESS     rs1=31 rs2=8 wb_write=1 wb_rd=0 wb_data=0x156e08f8 -> rs1_data=0xbdd941ab rs2_data=0xe0000008
[PASS] seq=crv_seq_0                              cyc=41 op=RK_BYPASS_BOTH   rs1=28 rs2=28 wb_write=1 wb_rd=28 wb_data=0xef3fc100 -> rs1_data=0xef3fc100 rs2_data=0xef3fc100
[PASS] seq=crv_seq_0                              cyc=42 op=RK_RANDOM        rs1=12 rs2=3 wb_write=1 wb_rd=11 wb_data=0xb2e6f3d8 -> rs1_data=0xe000000c rs2_data=0xe0000003
[PASS] seq=crv_seq_0                              cyc=43 op=RK_BYPASS_RS1    rs1=4 rs2=12 wb_write=1 wb_rd=4 wb_data=0x3c36711e -> rs1_data=0x3c36711e rs2_data=0xe000000c
[PASS] seq=crv_seq_0                              cyc=44 op=RK_NO_WRITE_READ rs1=26 rs2=12 wb_write=0 wb_rd=2 wb_data=0x2a2960f8 -> rs1_data=0xe000001a rs2_data=0xe000000c
[PASS] seq=crv_seq_0                              cyc=45 op=RK_BYPASS_RS1    rs1=21 rs2=25 wb_write=1 wb_rd=21 wb_data=0xe60c3553 -> rs1_data=0xe60c3553 rs2_data=0xf0f00007
[PASS] seq=crv_seq_0                              cyc=46 op=RK_NO_WRITE_READ rs1=3 rs2=22 wb_write=0 wb_rd=24 wb_data=0x9b6e4004 -> rs1_data=0xe0000003 rs2_data=0xf1efe7cc
[PASS] seq=crv_seq_0                              cyc=47 op=RK_NO_WRITE_READ rs1=15 rs2=9 wb_write=0 wb_rd=31 wb_data=0x8591a8da -> rs1_data=0x1f7adb27 rs2_data=0x894926ad
[PASS] seq=crv_seq_0                              cyc=48 op=RK_RANDOM        rs1=24 rs2=16 wb_write=1 wb_rd=26 wb_data=0xcc1c6e3b -> rs1_data=0xf361a62d rs2_data=0x92b7813d
[PASS] seq=crv_seq_0                              cyc=49 op=RK_RANDOM        rs1=8 rs2=2 wb_write=1 wb_rd=25 wb_data=0x716b7160 -> rs1_data=0xe0000008 rs2_data=0xda05153f
[PASS] seq=crv_seq_0                              cyc=50 op=RK_RANDOM        rs1=2 rs2=0 wb_write=0 wb_rd=31 wb_data=0xb9679ca2 -> rs1_data=0xda05153f rs2_data=0x00000000
[PASS] seq=crv_seq_0                              cyc=51 op=RK_BYPASS_RS1    rs1=1 rs2=6 wb_write=1 wb_rd=1 wb_data=0xf9d91694 -> rs1_data=0xf9d91694 rs2_data=0x1701f2f0
[PASS] seq=crv_seq_0                              cyc=52 op=RK_X0_ACCESS     rs1=1 rs2=25 wb_write=1 wb_rd=0 wb_data=0xbe7fa9e0 -> rs1_data=0xf9d91694 rs2_data=0x716b7160
[PASS] seq=crv_seq_0                              cyc=53 op=RK_PLAIN_WRITE   rs1=25 rs2=5 wb_write=1 wb_rd=27 wb_data=0xddbd6b44 -> rs1_data=0x716b7160 rs2_data=0xe0000005
[PASS] seq=crv_seq_0                              cyc=54 op=RK_NO_WRITE_READ rs1=26 rs2=17 wb_write=0 wb_rd=27 wb_data=0x3734de42 -> rs1_data=0xcc1c6e3b rs2_data=0xb031786a
[PASS] seq=crv_seq_0                              cyc=55 op=RK_BYPASS_RS2    rs1=20 rs2=11 wb_write=1 wb_rd=11 wb_data=0x7a28a0e1 -> rs1_data=0xe0000014 rs2_data=0x7a28a0e1
[PASS] seq=crv_seq_0                              cyc=56 op=RK_BYPASS_BOTH   rs1=10 rs2=10 wb_write=1 wb_rd=10 wb_data=0x7f581671 -> rs1_data=0x7f581671 rs2_data=0x7f581671
[PASS] seq=crv_seq_0                              cyc=57 op=RK_BYPASS_RS2    rs1=29 rs2=15 wb_write=1 wb_rd=15 wb_data=0xa4213df5 -> rs1_data=0x32eb9512 rs2_data=0xa4213df5
[PASS] seq=crv_seq_0                              cyc=58 op=RK_RANDOM        rs1=14 rs2=15 wb_write=1 wb_rd=0 wb_data=0xabcb6866 -> rs1_data=0xe000000e rs2_data=0xa4213df5
[PASS] seq=crv_seq_0                              cyc=59 op=RK_NO_WRITE_READ rs1=31 rs2=16 wb_write=0 wb_rd=14 wb_data=0x43f81203 -> rs1_data=0xbdd941ab rs2_data=0x92b7813d
[PASS] seq=crv_seq_0                              cyc=60 op=RK_BYPASS_RS2    rs1=26 rs2=30 wb_write=1 wb_rd=30 wb_data=0x483c2558 -> rs1_data=0xcc1c6e3b rs2_data=0x483c2558
[PASS] seq=crv_seq_0                              cyc=61 op=RK_RANDOM        rs1=24 rs2=8 wb_write=1 wb_rd=15 wb_data=0xbf98bd47 -> rs1_data=0xf361a62d rs2_data=0xe0000008
[PASS] seq=crv_seq_0                              cyc=62 op=RK_BYPASS_RS1    rs1=1 rs2=20 wb_write=1 wb_rd=1 wb_data=0x6536a0fe -> rs1_data=0x6536a0fe rs2_data=0xe0000014
[PASS] seq=crv_seq_0                              cyc=63 op=RK_BYPASS_RS1    rs1=27 rs2=26 wb_write=1 wb_rd=27 wb_data=0x60aaa968 -> rs1_data=0x60aaa968 rs2_data=0xcc1c6e3b
[PASS] seq=crv_seq_0                              cyc=64 op=RK_NO_WRITE_READ rs1=31 rs2=26 wb_write=0 wb_rd=25 wb_data=0xe6f24e52 -> rs1_data=0xbdd941ab rs2_data=0xcc1c6e3b
[PASS] seq=crv_seq_0                              cyc=65 op=RK_X0_ACCESS     rs1=5 rs2=24 wb_write=1 wb_rd=0 wb_data=0xc7839c03 -> rs1_data=0xe0000005 rs2_data=0xf361a62d
[PASS] seq=crv_seq_0                              cyc=66 op=RK_RANDOM        rs1=22 rs2=26 wb_write=1 wb_rd=14 wb_data=0x2062f608 -> rs1_data=0xf1efe7cc rs2_data=0xcc1c6e3b
[PASS] seq=crv_seq_0                              cyc=67 op=RK_BYPASS_RS1    rs1=19 rs2=22 wb_write=1 wb_rd=19 wb_data=0x4adda639 -> rs1_data=0x4adda639 rs2_data=0xf1efe7cc
[PASS] seq=crv_seq_0                              cyc=68 op=RK_BYPASS_BOTH   rs1=14 rs2=14 wb_write=1 wb_rd=14 wb_data=0x5965e1c6 -> rs1_data=0x5965e1c6 rs2_data=0x5965e1c6
[PASS] seq=crv_seq_0                              cyc=69 op=RK_BYPASS_RS1    rs1=27 rs2=1 wb_write=1 wb_rd=27 wb_data=0xcde9391b -> rs1_data=0xcde9391b rs2_data=0x6536a0fe
[PASS] seq=crv_seq_0                              cyc=70 op=RK_NO_WRITE_READ rs1=0 rs2=13 wb_write=0 wb_rd=14 wb_data=0x37841fe3 -> rs1_data=0x00000000 rs2_data=0xe000000d
[PASS] seq=crv_seq_0                              cyc=71 op=RK_BYPASS_BOTH   rs1=30 rs2=30 wb_write=1 wb_rd=30 wb_data=0xb6784aa3 -> rs1_data=0xb6784aa3 rs2_data=0xb6784aa3
[PASS] seq=crv_seq_0                              cyc=72 op=RK_BYPASS_RS1    rs1=12 rs2=0 wb_write=1 wb_rd=12 wb_data=0x31575bfc -> rs1_data=0x31575bfc rs2_data=0x00000000
[PASS] seq=crv_seq_0                              cyc=73 op=RK_BYPASS_RS1    rs1=19 rs2=9 wb_write=1 wb_rd=19 wb_data=0xc7042aa9 -> rs1_data=0xc7042aa9 rs2_data=0x894926ad
[PASS] seq=crv_seq_0                              cyc=74 op=RK_NO_WRITE_READ rs1=23 rs2=15 wb_write=0 wb_rd=14 wb_data=0xf4a2f3e5 -> rs1_data=0xe0000017 rs2_data=0xbf98bd47
[PASS] seq=crv_seq_0                              cyc=75 op=RK_NO_WRITE_READ rs1=5 rs2=23 wb_write=0 wb_rd=24 wb_data=0x6ae80e01 -> rs1_data=0xe0000005 rs2_data=0xe0000017
[PASS] seq=crv_seq_0                              cyc=76 op=RK_BYPASS_RS2    rs1=26 rs2=14 wb_write=1 wb_rd=14 wb_data=0x3bb7b3c6 -> rs1_data=0xcc1c6e3b rs2_data=0x3bb7b3c6
[PASS] seq=crv_seq_0                              cyc=77 op=RK_BYPASS_RS2    rs1=27 rs2=7 wb_write=1 wb_rd=7 wb_data=0xe7dd5465 -> rs1_data=0xcde9391b rs2_data=0xe7dd5465
[PASS] seq=crv_seq_0                              cyc=78 op=RK_RANDOM        rs1=28 rs2=24 wb_write=1 wb_rd=11 wb_data=0x9a59f6bb -> rs1_data=0xef3fc100 rs2_data=0xf361a62d
[PASS] seq=crv_seq_0                              cyc=79 op=RK_BYPASS_RS2    rs1=21 rs2=28 wb_write=1 wb_rd=28 wb_data=0x33045256 -> rs1_data=0xe60c3553 rs2_data=0x33045256
[PASS] seq=crv_seq_0                              cyc=80 op=RK_BYPASS_RS1    rs1=12 rs2=18 wb_write=1 wb_rd=12 wb_data=0x77e63603 -> rs1_data=0x77e63603 rs2_data=0x5ce87aee
[PASS] seq=crv_seq_0                              cyc=81 op=RK_BYPASS_RS2    rs1=10 rs2=21 wb_write=1 wb_rd=21 wb_data=0x8cacbfa1 -> rs1_data=0x7f581671 rs2_data=0x8cacbfa1
[PASS] seq=crv_seq_0                              cyc=82 op=RK_PLAIN_WRITE   rs1=29 rs2=2 wb_write=1 wb_rd=8 wb_data=0x2309bf0d -> rs1_data=0x32eb9512 rs2_data=0xda05153f
[PASS] seq=crv_seq_0                              cyc=83 op=RK_RANDOM        rs1=19 rs2=30 wb_write=0 wb_rd=14 wb_data=0x011c168d -> rs1_data=0xc7042aa9 rs2_data=0xb6784aa3
[PASS] seq=crv_seq_0                              cyc=84 op=RK_X0_ACCESS     rs1=20 rs2=28 wb_write=1 wb_rd=0 wb_data=0x16219c5a -> rs1_data=0xe0000014 rs2_data=0x33045256
[PASS] seq=crv_seq_0                              cyc=85 op=RK_RANDOM        rs1=12 rs2=21 wb_write=1 wb_rd=8 wb_data=0x8855a1da -> rs1_data=0x77e63603 rs2_data=0x8cacbfa1
[PASS] seq=crv_seq_0                              cyc=86 op=RK_PLAIN_WRITE   rs1=19 rs2=24 wb_write=1 wb_rd=5 wb_data=0x865eaef0 -> rs1_data=0xc7042aa9 rs2_data=0xf361a62d
[PASS] seq=crv_seq_0                              cyc=87 op=RK_PLAIN_WRITE   rs1=20 rs2=29 wb_write=1 wb_rd=19 wb_data=0x3dcf24f8 -> rs1_data=0xe0000014 rs2_data=0x32eb9512
[PASS] seq=crv_seq_0                              cyc=88 op=RK_BYPASS_BOTH   rs1=2 rs2=2 wb_write=1 wb_rd=2 wb_data=0x45b5904a -> rs1_data=0x45b5904a rs2_data=0x45b5904a
[PASS] seq=crv_seq_0                              cyc=89 op=RK_X0_ACCESS     rs1=2 rs2=19 wb_write=1 wb_rd=0 wb_data=0x78f5febe -> rs1_data=0x45b5904a rs2_data=0x3dcf24f8
[PASS] seq=crv_seq_0                              cyc=90 op=RK_BYPASS_RS2    rs1=28 rs2=16 wb_write=1 wb_rd=16 wb_data=0x57c2056c -> rs1_data=0x33045256 rs2_data=0x57c2056c
[PASS] seq=crv_seq_0                              cyc=91 op=RK_BYPASS_RS1    rs1=30 rs2=18 wb_write=1 wb_rd=30 wb_data=0x67426487 -> rs1_data=0x67426487 rs2_data=0x5ce87aee
[PASS] seq=crv_seq_0                              cyc=92 op=RK_BYPASS_RS2    rs1=0 rs2=23 wb_write=1 wb_rd=23 wb_data=0xac1aee96 -> rs1_data=0x00000000 rs2_data=0xac1aee96
[PASS] seq=crv_seq_0                              cyc=93 op=RK_PLAIN_WRITE   rs1=1 rs2=26 wb_write=1 wb_rd=24 wb_data=0x75b1e155 -> rs1_data=0x6536a0fe rs2_data=0xcc1c6e3b
[PASS] seq=crv_seq_0                              cyc=94 op=RK_X0_ACCESS     rs1=3 rs2=19 wb_write=1 wb_rd=0 wb_data=0x0589c3b0 -> rs1_data=0xe0000003 rs2_data=0x3dcf24f8
[PASS] seq=crv_seq_0                              cyc=95 op=RK_BYPASS_BOTH   rs1=24 rs2=24 wb_write=1 wb_rd=24 wb_data=0x7f5655e5 -> rs1_data=0x7f5655e5 rs2_data=0x7f5655e5
[PASS] seq=crv_seq_0                              cyc=96 op=RK_PLAIN_WRITE   rs1=8 rs2=12 wb_write=1 wb_rd=1 wb_data=0x076cad13 -> rs1_data=0x8855a1da rs2_data=0x77e63603
[PASS] seq=crv_seq_0                              cyc=97 op=RK_NO_WRITE_READ rs1=11 rs2=17 wb_write=0 wb_rd=12 wb_data=0x7c6e633a -> rs1_data=0x9a59f6bb rs2_data=0xb031786a
[PASS] seq=crv_seq_0                              cyc=98 op=RK_BYPASS_RS2    rs1=2 rs2=11 wb_write=1 wb_rd=11 wb_data=0xb6dd6afe -> rs1_data=0x45b5904a rs2_data=0xb6dd6afe
[PASS] seq=crv_seq_0                              cyc=99 op=RK_RANDOM        rs1=24 rs2=5 wb_write=1 wb_rd=27 wb_data=0x58937621 -> rs1_data=0x7f5655e5 rs2_data=0x865eaef0
[PASS] seq=crv_seq_0                              cyc=100 op=RK_BYPASS_RS1    rs1=29 rs2=19 wb_write=1 wb_rd=29 wb_data=0x6c3484a8 -> rs1_data=0x6c3484a8 rs2_data=0x3dcf24f8
[PASS] seq=crv_seq_0                              cyc=101 op=RK_RANDOM        rs1=8 rs2=7 wb_write=0 wb_rd=25 wb_data=0x96c44a3f -> rs1_data=0x8855a1da rs2_data=0xe7dd5465
[PASS] seq=crv_seq_0                              cyc=102 op=RK_NO_WRITE_READ rs1=19 rs2=28 wb_write=0 wb_rd=5 wb_data=0xdec2259e -> rs1_data=0x3dcf24f8 rs2_data=0x33045256
[PASS] seq=crv_seq_0                              cyc=103 op=RK_NO_WRITE_READ rs1=26 rs2=29 wb_write=0 wb_rd=23 wb_data=0xc94922cf -> rs1_data=0xcc1c6e3b rs2_data=0x6c3484a8
[PASS] seq=crv_seq_0                              cyc=104 op=RK_BYPASS_RS1    rs1=20 rs2=24 wb_write=1 wb_rd=20 wb_data=0x96a7daa4 -> rs1_data=0x96a7daa4 rs2_data=0x7f5655e5
[PASS] seq=crv_seq_0                              cyc=105 op=RK_RANDOM        rs1=7 rs2=7 wb_write=0 wb_rd=17 wb_data=0xd0a66b33 -> rs1_data=0xe7dd5465 rs2_data=0xe7dd5465
[PASS] seq=crv_seq_0                              cyc=106 op=RK_RANDOM        rs1=28 rs2=2 wb_write=1 wb_rd=13 wb_data=0xd01f1a58 -> rs1_data=0x33045256 rs2_data=0x45b5904a
[PASS] seq=crv_seq_0                              cyc=107 op=RK_PLAIN_WRITE   rs1=6 rs2=24 wb_write=1 wb_rd=25 wb_data=0x02046668 -> rs1_data=0x1701f2f0 rs2_data=0x7f5655e5
[PASS] seq=crv_seq_0                              cyc=108 op=RK_RANDOM        rs1=11 rs2=13 wb_write=1 wb_rd=25 wb_data=0x4c7a4024 -> rs1_data=0xb6dd6afe rs2_data=0xd01f1a58
[PASS] seq=crv_seq_0                              cyc=109 op=RK_BYPASS_BOTH   rs1=1 rs2=1 wb_write=1 wb_rd=1 wb_data=0xf3e6fcb6 -> rs1_data=0xf3e6fcb6 rs2_data=0xf3e6fcb6
[PASS] seq=crv_seq_0                              cyc=110 op=RK_BYPASS_RS1    rs1=12 rs2=25 wb_write=1 wb_rd=12 wb_data=0x46de5beb -> rs1_data=0x46de5beb rs2_data=0x4c7a4024
[PASS] seq=crv_seq_0                              cyc=111 op=RK_NO_WRITE_READ rs1=7 rs2=16 wb_write=0 wb_rd=22 wb_data=0x4c54d31f -> rs1_data=0xe7dd5465 rs2_data=0x57c2056c
[PASS] seq=crv_seq_0                              cyc=112 op=RK_RANDOM        rs1=2 rs2=11 wb_write=1 wb_rd=25 wb_data=0xfe89de71 -> rs1_data=0x45b5904a rs2_data=0xb6dd6afe
[PASS] seq=crv_seq_0                              cyc=113 op=RK_RANDOM        rs1=1 rs2=10 wb_write=1 wb_rd=13 wb_data=0x303d63ad -> rs1_data=0xf3e6fcb6 rs2_data=0x7f581671
[PASS] seq=crv_seq_0                              cyc=114 op=RK_BYPASS_RS1    rs1=25 rs2=26 wb_write=1 wb_rd=25 wb_data=0x0bc6302e -> rs1_data=0x0bc6302e rs2_data=0xcc1c6e3b
[PASS] seq=crv_seq_0                              cyc=115 op=RK_NO_WRITE_READ rs1=13 rs2=28 wb_write=0 wb_rd=13 wb_data=0x88098a74 -> rs1_data=0x303d63ad rs2_data=0x33045256
[PASS] seq=crv_seq_0                              cyc=116 op=RK_X0_ACCESS     rs1=12 rs2=8 wb_write=1 wb_rd=0 wb_data=0x333d84bd -> rs1_data=0x46de5beb rs2_data=0x8855a1da
[PASS] seq=crv_seq_0                              cyc=117 op=RK_RANDOM        rs1=5 rs2=5 wb_write=1 wb_rd=13 wb_data=0x25d73746 -> rs1_data=0x865eaef0 rs2_data=0x865eaef0
[PASS] seq=crv_seq_0                              cyc=118 op=RK_BYPASS_RS1    rs1=19 rs2=5 wb_write=1 wb_rd=19 wb_data=0xf14f5427 -> rs1_data=0xf14f5427 rs2_data=0x865eaef0
[PASS] seq=crv_seq_0                              cyc=119 op=RK_BYPASS_RS2    rs1=27 rs2=21 wb_write=1 wb_rd=21 wb_data=0xb5870127 -> rs1_data=0x58937621 rs2_data=0xb5870127
[PASS] seq=crv_seq_0                              cyc=120 op=RK_BYPASS_RS1    rs1=22 rs2=8 wb_write=1 wb_rd=22 wb_data=0x38d2cca5 -> rs1_data=0x38d2cca5 rs2_data=0x8855a1da
[PASS] seq=crv_seq_0                              cyc=121 op=RK_PLAIN_WRITE   rs1=31 rs2=4 wb_write=1 wb_rd=29 wb_data=0xe6f219d3 -> rs1_data=0xbdd941ab rs2_data=0x3c36711e
[PASS] seq=crv_seq_0                              cyc=122 op=RK_PLAIN_WRITE   rs1=12 rs2=3 wb_write=1 wb_rd=31 wb_data=0x7b42cbfd -> rs1_data=0x46de5beb rs2_data=0xe0000003
[PASS] seq=crv_seq_0                              cyc=123 op=RK_BYPASS_RS2    rs1=27 rs2=9 wb_write=1 wb_rd=9 wb_data=0x2fac7bde -> rs1_data=0x58937621 rs2_data=0x2fac7bde
[PASS] seq=crv_seq_0                              cyc=124 op=RK_RANDOM        rs1=31 rs2=10 wb_write=0 wb_rd=18 wb_data=0xef017fe4 -> rs1_data=0x7b42cbfd rs2_data=0x7f581671
[PASS] seq=crv_seq_0                              cyc=125 op=RK_BYPASS_RS2    rs1=27 rs2=17 wb_write=1 wb_rd=17 wb_data=0x8cf8f01f -> rs1_data=0x58937621 rs2_data=0x8cf8f01f
[PASS] seq=crv_seq_0                              cyc=126 op=RK_BYPASS_RS1    rs1=3 rs2=17 wb_write=1 wb_rd=3 wb_data=0xdc72458b -> rs1_data=0xdc72458b rs2_data=0x8cf8f01f
[PASS] seq=crv_seq_0                              cyc=127 op=RK_PLAIN_WRITE   rs1=29 rs2=0 wb_write=1 wb_rd=1 wb_data=0x88ba41d3 -> rs1_data=0xe6f219d3 rs2_data=0x00000000
[PASS] seq=crv_seq_0                              cyc=128 op=RK_RANDOM        rs1=18 rs2=21 wb_write=0 wb_rd=0 wb_data=0xb498d33a -> rs1_data=0x5ce87aee rs2_data=0xb5870127
[PASS] seq=crv_seq_0                              cyc=129 op=RK_X0_ACCESS     rs1=21 rs2=21 wb_write=1 wb_rd=0 wb_data=0xcd8026a8 -> rs1_data=0xb5870127 rs2_data=0xb5870127
[PASS] seq=crv_seq_0                              cyc=130 op=RK_NO_WRITE_READ rs1=9 rs2=5 wb_write=0 wb_rd=3 wb_data=0x58923dd6 -> rs1_data=0x2fac7bde rs2_data=0x865eaef0
[PASS] seq=crv_seq_0                              cyc=131 op=RK_PLAIN_WRITE   rs1=29 rs2=3 wb_write=1 wb_rd=4 wb_data=0x71e63930 -> rs1_data=0xe6f219d3 rs2_data=0xdc72458b
[PASS] seq=crv_seq_0                              cyc=132 op=RK_BYPASS_BOTH   rs1=6 rs2=6 wb_write=1 wb_rd=6 wb_data=0x0e2334a0 -> rs1_data=0x0e2334a0 rs2_data=0x0e2334a0
[PASS] seq=crv_seq_0                              cyc=133 op=RK_BYPASS_RS2    rs1=13 rs2=27 wb_write=1 wb_rd=27 wb_data=0x38876361 -> rs1_data=0x25d73746 rs2_data=0x38876361
[PASS] seq=crv_seq_0                              cyc=134 op=RK_RANDOM        rs1=31 rs2=21 wb_write=1 wb_rd=24 wb_data=0x3a184cdf -> rs1_data=0x7b42cbfd rs2_data=0xb5870127
[PASS] seq=crv_seq_0                              cyc=135 op=RK_BYPASS_RS1    rs1=25 rs2=20 wb_write=1 wb_rd=25 wb_data=0xe2833127 -> rs1_data=0xe2833127 rs2_data=0x96a7daa4
[PASS] seq=crv_seq_0                              cyc=136 op=RK_PLAIN_WRITE   rs1=30 rs2=28 wb_write=1 wb_rd=15 wb_data=0xbbf4dd61 -> rs1_data=0x67426487 rs2_data=0x33045256
[PASS] seq=crv_seq_0                              cyc=137 op=RK_RANDOM        rs1=4 rs2=3 wb_write=0 wb_rd=10 wb_data=0xad23ebf0 -> rs1_data=0x71e63930 rs2_data=0xdc72458b
[PASS] seq=crv_seq_0                              cyc=138 op=RK_RANDOM        rs1=24 rs2=12 wb_write=0 wb_rd=18 wb_data=0xe9c7148b -> rs1_data=0x3a184cdf rs2_data=0x46de5beb
[PASS] seq=crv_seq_0                              cyc=139 op=RK_NO_WRITE_READ rs1=9 rs2=24 wb_write=0 wb_rd=1 wb_data=0x2ba0870f -> rs1_data=0x2fac7bde rs2_data=0x3a184cdf
[PASS] seq=crv_seq_0                              cyc=140 op=RK_BYPASS_BOTH   rs1=14 rs2=14 wb_write=1 wb_rd=14 wb_data=0x4b1daf70 -> rs1_data=0x4b1daf70 rs2_data=0x4b1daf70
[PASS] seq=crv_seq_0                              cyc=141 op=RK_RANDOM        rs1=28 rs2=23 wb_write=1 wb_rd=13 wb_data=0x4bc423fd -> rs1_data=0x33045256 rs2_data=0xac1aee96
[PASS] seq=crv_seq_0                              cyc=142 op=RK_RANDOM        rs1=14 rs2=4 wb_write=0 wb_rd=13 wb_data=0xa233a4d6 -> rs1_data=0x4b1daf70 rs2_data=0x71e63930
[PASS] seq=crv_seq_0                              cyc=143 op=RK_NO_WRITE_READ rs1=6 rs2=23 wb_write=0 wb_rd=29 wb_data=0x6852c585 -> rs1_data=0x0e2334a0 rs2_data=0xac1aee96
[PASS] seq=crv_seq_0                              cyc=144 op=RK_X0_ACCESS     rs1=5 rs2=10 wb_write=1 wb_rd=0 wb_data=0xb5dd4285 -> rs1_data=0x865eaef0 rs2_data=0x7f581671
[PASS] seq=crv_seq_0                              cyc=145 op=RK_X0_ACCESS     rs1=14 rs2=12 wb_write=1 wb_rd=0 wb_data=0xde57fb83 -> rs1_data=0x4b1daf70 rs2_data=0x46de5beb
[PASS] seq=crv_seq_0                              cyc=146 op=RK_BYPASS_RS2    rs1=3 rs2=15 wb_write=1 wb_rd=15 wb_data=0x5007ec78 -> rs1_data=0xdc72458b rs2_data=0x5007ec78
[PASS] seq=crv_seq_0                              cyc=147 op=RK_PLAIN_WRITE   rs1=24 rs2=23 wb_write=1 wb_rd=13 wb_data=0x7c614a24 -> rs1_data=0x3a184cdf rs2_data=0xac1aee96
[PASS] seq=crv_seq_0                              cyc=148 op=RK_RANDOM        rs1=12 rs2=31 wb_write=1 wb_rd=2 wb_data=0x4589eeba -> rs1_data=0x46de5beb rs2_data=0x7b42cbfd
[PASS] seq=crv_seq_0                              cyc=149 op=RK_BYPASS_RS1    rs1=21 rs2=9 wb_write=1 wb_rd=21 wb_data=0x81d90272 -> rs1_data=0x81d90272 rs2_data=0x2fac7bde
[PASS] seq=crv_seq_0                              cyc=150 op=RK_NO_WRITE_READ rs1=19 rs2=24 wb_write=0 wb_rd=31 wb_data=0xe6772681 -> rs1_data=0xf14f5427 rs2_data=0x3a184cdf
[PASS] seq=crv_seq_0                              cyc=151 op=RK_RANDOM        rs1=5 rs2=28 wb_write=0 wb_rd=0 wb_data=0x0971cea5 -> rs1_data=0x865eaef0 rs2_data=0x33045256
[PASS] seq=crv_seq_0                              cyc=152 op=RK_NO_WRITE_READ rs1=30 rs2=8 wb_write=0 wb_rd=8 wb_data=0xa031ee48 -> rs1_data=0x67426487 rs2_data=0x8855a1da
[PASS] seq=crv_seq_0                              cyc=153 op=RK_RANDOM        rs1=14 rs2=17 wb_write=1 wb_rd=31 wb_data=0x6e393810 -> rs1_data=0x4b1daf70 rs2_data=0x8cf8f01f
[PASS] seq=crv_seq_0                              cyc=154 op=RK_PLAIN_WRITE   rs1=24 rs2=6 wb_write=1 wb_rd=16 wb_data=0x5d03b6e7 -> rs1_data=0x3a184cdf rs2_data=0x0e2334a0
[PASS] seq=crv_seq_0                              cyc=155 op=RK_BYPASS_RS1    rs1=28 rs2=23 wb_write=1 wb_rd=28 wb_data=0x02c79232 -> rs1_data=0x02c79232 rs2_data=0xac1aee96
[PASS] seq=crv_seq_0                              cyc=156 op=RK_BYPASS_RS2    rs1=17 rs2=22 wb_write=1 wb_rd=22 wb_data=0x99234244 -> rs1_data=0x8cf8f01f rs2_data=0x99234244
[PASS] seq=crv_seq_0                              cyc=157 op=RK_NO_WRITE_READ rs1=19 rs2=6 wb_write=0 wb_rd=18 wb_data=0xf5540f64 -> rs1_data=0xf14f5427 rs2_data=0x0e2334a0
[PASS] seq=crv_seq_0                              cyc=158 op=RK_NO_WRITE_READ rs1=2 rs2=13 wb_write=0 wb_rd=25 wb_data=0xc75904c1 -> rs1_data=0x4589eeba rs2_data=0x7c614a24
[PASS] seq=crv_seq_0                              cyc=159 op=RK_BYPASS_BOTH   rs1=19 rs2=19 wb_write=1 wb_rd=19 wb_data=0xfc0ca2e1 -> rs1_data=0xfc0ca2e1 rs2_data=0xfc0ca2e1
[PASS] seq=crv_seq_0                              cyc=160 op=RK_RANDOM        rs1=14 rs2=25 wb_write=0 wb_rd=13 wb_data=0x1487bee8 -> rs1_data=0x4b1daf70 rs2_data=0xe2833127
[PASS] seq=crv_seq_0                              cyc=161 op=RK_BYPASS_BOTH   rs1=22 rs2=22 wb_write=1 wb_rd=22 wb_data=0xab914551 -> rs1_data=0xab914551 rs2_data=0xab914551
[PASS] seq=crv_seq_0                              cyc=162 op=RK_RANDOM        rs1=28 rs2=28 wb_write=1 wb_rd=4 wb_data=0x850bc0d9 -> rs1_data=0x02c79232 rs2_data=0x02c79232
[PASS] seq=crv_seq_0                              cyc=163 op=RK_BYPASS_RS1    rs1=29 rs2=0 wb_write=1 wb_rd=29 wb_data=0x88c2b932 -> rs1_data=0x88c2b932 rs2_data=0x00000000
[PASS] seq=crv_seq_0                              cyc=164 op=RK_BYPASS_RS2    rs1=12 rs2=9 wb_write=1 wb_rd=9 wb_data=0x182119ff -> rs1_data=0x46de5beb rs2_data=0x182119ff
[PASS] seq=crv_seq_0                              cyc=165 op=RK_X0_ACCESS     rs1=18 rs2=15 wb_write=1 wb_rd=0 wb_data=0x4002991b -> rs1_data=0x5ce87aee rs2_data=0x5007ec78
[PASS] seq=crv_seq_0                              cyc=166 op=RK_RANDOM        rs1=1 rs2=1 wb_write=1 wb_rd=16 wb_data=0x489e2728 -> rs1_data=0x88ba41d3 rs2_data=0x88ba41d3
[PASS] seq=crv_seq_0                              cyc=167 op=RK_BYPASS_RS1    rs1=25 rs2=7 wb_write=1 wb_rd=25 wb_data=0x86013ffd -> rs1_data=0x86013ffd rs2_data=0xe7dd5465
[PASS] seq=crv_seq_0                              cyc=168 op=RK_RANDOM        rs1=8 rs2=5 wb_write=1 wb_rd=0 wb_data=0x92c4d3dc -> rs1_data=0x8855a1da rs2_data=0x865eaef0
[PASS] seq=crv_seq_0                              cyc=169 op=RK_PLAIN_WRITE   rs1=9 rs2=5 wb_write=1 wb_rd=12 wb_data=0xcca11056 -> rs1_data=0x182119ff rs2_data=0x865eaef0
[PASS] seq=crv_seq_0                              cyc=170 op=RK_PLAIN_WRITE   rs1=6 rs2=29 wb_write=1 wb_rd=17 wb_data=0xa6b8c5a4 -> rs1_data=0x0e2334a0 rs2_data=0x88c2b932
[PASS] seq=crv_seq_0                              cyc=171 op=RK_RANDOM        rs1=10 rs2=4 wb_write=1 wb_rd=4 wb_data=0x9b5edb71 -> rs1_data=0x7f581671 rs2_data=0x9b5edb71
[PASS] seq=crv_seq_0                              cyc=172 op=RK_BYPASS_RS2    rs1=2 rs2=18 wb_write=1 wb_rd=18 wb_data=0xa496a619 -> rs1_data=0x4589eeba rs2_data=0xa496a619
[PASS] seq=crv_seq_0                              cyc=173 op=RK_BYPASS_RS1    rs1=22 rs2=13 wb_write=1 wb_rd=22 wb_data=0xff2c27aa -> rs1_data=0xff2c27aa rs2_data=0x7c614a24
[PASS] seq=crv_seq_0                              cyc=174 op=RK_PLAIN_WRITE   rs1=27 rs2=4 wb_write=1 wb_rd=12 wb_data=0xff4cc188 -> rs1_data=0x38876361 rs2_data=0x9b5edb71
[PASS] seq=crv_seq_0                              cyc=175 op=RK_BYPASS_RS1    rs1=26 rs2=2 wb_write=1 wb_rd=26 wb_data=0x069575e2 -> rs1_data=0x069575e2 rs2_data=0x4589eeba
[PASS] seq=crv_seq_0                              cyc=176 op=RK_PLAIN_WRITE   rs1=20 rs2=6 wb_write=1 wb_rd=17 wb_data=0xdad9a96e -> rs1_data=0x96a7daa4 rs2_data=0x0e2334a0
[PASS] seq=crv_seq_0                              cyc=177 op=RK_BYPASS_RS1    rs1=25 rs2=18 wb_write=1 wb_rd=25 wb_data=0x74b65236 -> rs1_data=0x74b65236 rs2_data=0xa496a619
[PASS] seq=crv_seq_0                              cyc=178 op=RK_RANDOM        rs1=17 rs2=4 wb_write=0 wb_rd=18 wb_data=0x13a2d6e9 -> rs1_data=0xdad9a96e rs2_data=0x9b5edb71
[PASS] seq=crv_seq_0                              cyc=179 op=RK_BYPASS_RS1    rs1=5 rs2=21 wb_write=1 wb_rd=5 wb_data=0x9bac7aa7 -> rs1_data=0x9bac7aa7 rs2_data=0x81d90272
[PASS] seq=crv_seq_0                              cyc=180 op=RK_PLAIN_WRITE   rs1=26 rs2=4 wb_write=1 wb_rd=13 wb_data=0x0649545b -> rs1_data=0x069575e2 rs2_data=0x9b5edb71
[PASS] seq=crv_seq_0                              cyc=181 op=RK_BYPASS_RS2    rs1=20 rs2=16 wb_write=1 wb_rd=16 wb_data=0x8807f10f -> rs1_data=0x96a7daa4 rs2_data=0x8807f10f
[PASS] seq=crv_seq_0                              cyc=182 op=RK_PLAIN_WRITE   rs1=19 rs2=14 wb_write=1 wb_rd=23 wb_data=0xb6f28a72 -> rs1_data=0xfc0ca2e1 rs2_data=0x4b1daf70
[PASS] seq=crv_seq_0                              cyc=183 op=RK_BYPASS_RS2    rs1=26 rs2=21 wb_write=1 wb_rd=21 wb_data=0xf0eae400 -> rs1_data=0x069575e2 rs2_data=0xf0eae400
[PASS] seq=crv_seq_0                              cyc=184 op=RK_RANDOM        rs1=8 rs2=6 wb_write=0 wb_rd=21 wb_data=0xf8c3ca65 -> rs1_data=0x8855a1da rs2_data=0x0e2334a0
[PASS] seq=crv_seq_0                              cyc=185 op=RK_RANDOM        rs1=4 rs2=28 wb_write=1 wb_rd=11 wb_data=0xe283f42c -> rs1_data=0x9b5edb71 rs2_data=0x02c79232
[PASS] seq=crv_seq_0                              cyc=186 op=RK_BYPASS_RS2    rs1=10 rs2=12 wb_write=1 wb_rd=12 wb_data=0x30ca542c -> rs1_data=0x7f581671 rs2_data=0x30ca542c
[PASS] seq=crv_seq_0                              cyc=187 op=RK_RANDOM        rs1=29 rs2=1 wb_write=0 wb_rd=25 wb_data=0x81c675b3 -> rs1_data=0x88c2b932 rs2_data=0x88ba41d3
[PASS] seq=crv_seq_0                              cyc=188 op=RK_PLAIN_WRITE   rs1=23 rs2=0 wb_write=1 wb_rd=15 wb_data=0x74efa840 -> rs1_data=0xb6f28a72 rs2_data=0x00000000
[PASS] seq=crv_seq_0                              cyc=189 op=RK_NO_WRITE_READ rs1=22 rs2=22 wb_write=0 wb_rd=5 wb_data=0x10cd6bf4 -> rs1_data=0xff2c27aa rs2_data=0xff2c27aa
[PASS] seq=crv_seq_0                              cyc=190 op=RK_BYPASS_BOTH   rs1=5 rs2=5 wb_write=1 wb_rd=5 wb_data=0xeb6354a4 -> rs1_data=0xeb6354a4 rs2_data=0xeb6354a4
[PASS] seq=crv_seq_0                              cyc=191 op=RK_PLAIN_WRITE   rs1=10 rs2=8 wb_write=1 wb_rd=9 wb_data=0xf92ab7db -> rs1_data=0x7f581671 rs2_data=0x8855a1da
[PASS] seq=crv_seq_0                              cyc=192 op=RK_RANDOM        rs1=24 rs2=26 wb_write=1 wb_rd=24 wb_data=0xc3b73199 -> rs1_data=0xc3b73199 rs2_data=0x069575e2
[PASS] seq=crv_seq_0                              cyc=193 op=RK_BYPASS_RS2    rs1=6 rs2=4 wb_write=1 wb_rd=4 wb_data=0x4408b012 -> rs1_data=0x0e2334a0 rs2_data=0x4408b012
[PASS] seq=crv_seq_0                              cyc=194 op=RK_RANDOM        rs1=4 rs2=14 wb_write=0 wb_rd=9 wb_data=0x1a20f9a2 -> rs1_data=0x4408b012 rs2_data=0x4b1daf70
[PASS] seq=crv_seq_0                              cyc=195 op=RK_RANDOM        rs1=10 rs2=13 wb_write=0 wb_rd=9 wb_data=0x531f1926 -> rs1_data=0x7f581671 rs2_data=0x0649545b
[PASS] seq=crv_seq_0                              cyc=196 op=RK_RANDOM        rs1=24 rs2=25 wb_write=0 wb_rd=13 wb_data=0x54ace051 -> rs1_data=0xc3b73199 rs2_data=0x74b65236
[PASS] seq=crv_seq_0                              cyc=197 op=RK_RANDOM        rs1=15 rs2=24 wb_write=0 wb_rd=19 wb_data=0x5b351a15 -> rs1_data=0x74efa840 rs2_data=0xc3b73199
[PASS] seq=crv_seq_0                              cyc=198 op=RK_RANDOM        rs1=1 rs2=7 wb_write=0 wb_rd=0 wb_data=0x4732a861 -> rs1_data=0x88ba41d3 rs2_data=0xe7dd5465
[PASS] seq=crv_seq_0                              cyc=199 op=RK_RANDOM        rs1=28 rs2=15 wb_write=1 wb_rd=26 wb_data=0x23580bc8 -> rs1_data=0x02c79232 rs2_data=0x74efa840
[PASS] seq=crv_seq_1                              cyc=0 op=RK_BYPASS_RS1    rs1=8 rs2=16 wb_write=1 wb_rd=8 wb_data=0x48c7cc6a -> rs1_data=0x48c7cc6a rs2_data=0x8807f10f
[PASS] seq=crv_seq_1                              cyc=1 op=RK_BYPASS_RS1    rs1=29 rs2=1 wb_write=1 wb_rd=29 wb_data=0xad0548f1 -> rs1_data=0xad0548f1 rs2_data=0x88ba41d3
[PASS] seq=crv_seq_1                              cyc=2 op=RK_NO_WRITE_READ rs1=20 rs2=15 wb_write=0 wb_rd=29 wb_data=0x3b058035 -> rs1_data=0x96a7daa4 rs2_data=0x74efa840
[PASS] seq=crv_seq_1                              cyc=3 op=RK_BYPASS_RS2    rs1=18 rs2=9 wb_write=1 wb_rd=9 wb_data=0x70359bd6 -> rs1_data=0xa496a619 rs2_data=0x70359bd6
[PASS] seq=crv_seq_1                              cyc=4 op=RK_X0_ACCESS     rs1=13 rs2=19 wb_write=1 wb_rd=0 wb_data=0xa6794250 -> rs1_data=0x0649545b rs2_data=0xfc0ca2e1
[PASS] seq=crv_seq_1                              cyc=5 op=RK_RANDOM        rs1=31 rs2=25 wb_write=0 wb_rd=13 wb_data=0x1158f5d1 -> rs1_data=0x6e393810 rs2_data=0x74b65236
[PASS] seq=crv_seq_1                              cyc=6 op=RK_BYPASS_RS1    rs1=4 rs2=18 wb_write=1 wb_rd=4 wb_data=0x18d2bb84 -> rs1_data=0x18d2bb84 rs2_data=0xa496a619
[PASS] seq=crv_seq_1                              cyc=7 op=RK_BYPASS_BOTH   rs1=18 rs2=18 wb_write=1 wb_rd=18 wb_data=0x03c919cf -> rs1_data=0x03c919cf rs2_data=0x03c919cf
[PASS] seq=crv_seq_1                              cyc=8 op=RK_BYPASS_RS1    rs1=5 rs2=14 wb_write=1 wb_rd=5 wb_data=0x8ce0b44c -> rs1_data=0x8ce0b44c rs2_data=0x4b1daf70
[PASS] seq=crv_seq_1                              cyc=9 op=RK_BYPASS_BOTH   rs1=16 rs2=16 wb_write=1 wb_rd=16 wb_data=0x65a94d62 -> rs1_data=0x65a94d62 rs2_data=0x65a94d62
[PASS] seq=crv_seq_1                              cyc=10 op=RK_RANDOM        rs1=8 rs2=14 wb_write=0 wb_rd=12 wb_data=0x73b44d61 -> rs1_data=0x48c7cc6a rs2_data=0x4b1daf70
[PASS] seq=crv_seq_1                              cyc=11 op=RK_PLAIN_WRITE   rs1=23 rs2=17 wb_write=1 wb_rd=31 wb_data=0x82c67cae -> rs1_data=0xb6f28a72 rs2_data=0xdad9a96e
[PASS] seq=crv_seq_1                              cyc=12 op=RK_BYPASS_RS1    rs1=21 rs2=29 wb_write=1 wb_rd=21 wb_data=0x4797c836 -> rs1_data=0x4797c836 rs2_data=0xad0548f1
[PASS] seq=crv_seq_1                              cyc=13 op=RK_BYPASS_BOTH   rs1=19 rs2=19 wb_write=1 wb_rd=19 wb_data=0x89086ac6 -> rs1_data=0x89086ac6 rs2_data=0x89086ac6
[PASS] seq=crv_seq_1                              cyc=14 op=RK_RANDOM        rs1=13 rs2=20 wb_write=1 wb_rd=15 wb_data=0xcb549128 -> rs1_data=0x0649545b rs2_data=0x96a7daa4
[PASS] seq=crv_seq_1                              cyc=15 op=RK_RANDOM        rs1=25 rs2=12 wb_write=0 wb_rd=21 wb_data=0xa7b78987 -> rs1_data=0x74b65236 rs2_data=0x30ca542c
[PASS] seq=crv_seq_1                              cyc=16 op=RK_PLAIN_WRITE   rs1=15 rs2=0 wb_write=1 wb_rd=1 wb_data=0xbec6e9c5 -> rs1_data=0xcb549128 rs2_data=0x00000000
[PASS] seq=crv_seq_1                              cyc=17 op=RK_RANDOM        rs1=18 rs2=7 wb_write=0 wb_rd=16 wb_data=0x80645052 -> rs1_data=0x03c919cf rs2_data=0xe7dd5465
[PASS] seq=crv_seq_1                              cyc=18 op=RK_BYPASS_RS1    rs1=19 rs2=2 wb_write=1 wb_rd=19 wb_data=0x02d82311 -> rs1_data=0x02d82311 rs2_data=0x4589eeba
[PASS] seq=crv_seq_1                              cyc=19 op=RK_BYPASS_RS2    rs1=19 rs2=14 wb_write=1 wb_rd=14 wb_data=0x7d06f799 -> rs1_data=0x02d82311 rs2_data=0x7d06f799
[PASS] seq=crv_seq_1                              cyc=20 op=RK_BYPASS_RS1    rs1=27 rs2=21 wb_write=1 wb_rd=27 wb_data=0xf71e338d -> rs1_data=0xf71e338d rs2_data=0x4797c836
[PASS] seq=crv_seq_1                              cyc=21 op=RK_RANDOM        rs1=6 rs2=29 wb_write=0 wb_rd=16 wb_data=0x81567441 -> rs1_data=0x0e2334a0 rs2_data=0xad0548f1
[PASS] seq=crv_seq_1                              cyc=22 op=RK_BYPASS_BOTH   rs1=23 rs2=23 wb_write=1 wb_rd=23 wb_data=0x5ea7f190 -> rs1_data=0x5ea7f190 rs2_data=0x5ea7f190
[PASS] seq=crv_seq_1                              cyc=23 op=RK_RANDOM        rs1=18 rs2=18 wb_write=1 wb_rd=22 wb_data=0x449bd854 -> rs1_data=0x03c919cf rs2_data=0x03c919cf
[PASS] seq=crv_seq_1                              cyc=24 op=RK_BYPASS_RS1    rs1=14 rs2=30 wb_write=1 wb_rd=14 wb_data=0xe02e3c78 -> rs1_data=0xe02e3c78 rs2_data=0x67426487
[PASS] seq=crv_seq_1                              cyc=25 op=RK_RANDOM        rs1=21 rs2=20 wb_write=1 wb_rd=26 wb_data=0xaa0cbbe5 -> rs1_data=0x4797c836 rs2_data=0x96a7daa4
[PASS] seq=crv_seq_1                              cyc=26 op=RK_PLAIN_WRITE   rs1=8 rs2=0 wb_write=1 wb_rd=6 wb_data=0x173f8791 -> rs1_data=0x48c7cc6a rs2_data=0x00000000
[PASS] seq=crv_seq_1                              cyc=27 op=RK_RANDOM        rs1=8 rs2=15 wb_write=1 wb_rd=31 wb_data=0xefd251c8 -> rs1_data=0x48c7cc6a rs2_data=0xcb549128
[PASS] seq=crv_seq_1                              cyc=28 op=RK_BYPASS_RS1    rs1=30 rs2=3 wb_write=1 wb_rd=30 wb_data=0x8c88d06d -> rs1_data=0x8c88d06d rs2_data=0xdc72458b
[PASS] seq=crv_seq_1                              cyc=29 op=RK_BYPASS_BOTH   rs1=3 rs2=3 wb_write=1 wb_rd=3 wb_data=0xd4318638 -> rs1_data=0xd4318638 rs2_data=0xd4318638
[PASS] seq=crv_seq_1                              cyc=30 op=RK_RANDOM        rs1=24 rs2=29 wb_write=0 wb_rd=30 wb_data=0x842722cd -> rs1_data=0xc3b73199 rs2_data=0xad0548f1
[PASS] seq=crv_seq_1                              cyc=31 op=RK_X0_ACCESS     rs1=14 rs2=16 wb_write=1 wb_rd=0 wb_data=0xb9aba50b -> rs1_data=0xe02e3c78 rs2_data=0x65a94d62
[PASS] seq=crv_seq_1                              cyc=32 op=RK_BYPASS_RS1    rs1=29 rs2=18 wb_write=1 wb_rd=29 wb_data=0x041e5e01 -> rs1_data=0x041e5e01 rs2_data=0x03c919cf
[PASS] seq=crv_seq_1                              cyc=33 op=RK_NO_WRITE_READ rs1=24 rs2=8 wb_write=0 wb_rd=4 wb_data=0xc8b7bf6a -> rs1_data=0xc3b73199 rs2_data=0x48c7cc6a
[PASS] seq=crv_seq_1                              cyc=34 op=RK_RANDOM        rs1=17 rs2=6 wb_write=0 wb_rd=10 wb_data=0xcd301640 -> rs1_data=0xdad9a96e rs2_data=0x173f8791
[PASS] seq=crv_seq_1                              cyc=35 op=RK_BYPASS_RS1    rs1=18 rs2=20 wb_write=1 wb_rd=18 wb_data=0x8d655890 -> rs1_data=0x8d655890 rs2_data=0x96a7daa4
[PASS] seq=crv_seq_1                              cyc=36 op=RK_PLAIN_WRITE   rs1=29 rs2=17 wb_write=1 wb_rd=26 wb_data=0x055822e0 -> rs1_data=0x041e5e01 rs2_data=0xdad9a96e
[PASS] seq=crv_seq_1                              cyc=37 op=RK_BYPASS_BOTH   rs1=17 rs2=17 wb_write=1 wb_rd=17 wb_data=0x1bedaf92 -> rs1_data=0x1bedaf92 rs2_data=0x1bedaf92
[PASS] seq=crv_seq_1                              cyc=38 op=RK_BYPASS_RS1    rs1=22 rs2=5 wb_write=1 wb_rd=22 wb_data=0x487a4dfd -> rs1_data=0x487a4dfd rs2_data=0x8ce0b44c
[PASS] seq=crv_seq_1                              cyc=39 op=RK_BYPASS_RS1    rs1=10 rs2=0 wb_write=1 wb_rd=10 wb_data=0x13dbd90e -> rs1_data=0x13dbd90e rs2_data=0x00000000
[PASS] seq=crv_seq_1                              cyc=40 op=RK_PLAIN_WRITE   rs1=19 rs2=11 wb_write=1 wb_rd=17 wb_data=0xc994b95b -> rs1_data=0x02d82311 rs2_data=0xe283f42c
[PASS] seq=crv_seq_1                              cyc=41 op=RK_PLAIN_WRITE   rs1=31 rs2=28 wb_write=1 wb_rd=24 wb_data=0x9ac26e72 -> rs1_data=0xefd251c8 rs2_data=0x02c79232
[PASS] seq=crv_seq_1                              cyc=42 op=RK_X0_ACCESS     rs1=2 rs2=0 wb_write=1 wb_rd=0 wb_data=0xb4da714a -> rs1_data=0x4589eeba rs2_data=0x00000000
[PASS] seq=crv_seq_1                              cyc=43 op=RK_BYPASS_RS2    rs1=18 rs2=12 wb_write=1 wb_rd=12 wb_data=0xcd032bd4 -> rs1_data=0x8d655890 rs2_data=0xcd032bd4
[PASS] seq=crv_seq_1                              cyc=44 op=RK_NO_WRITE_READ rs1=15 rs2=24 wb_write=0 wb_rd=7 wb_data=0xfc20dec3 -> rs1_data=0xcb549128 rs2_data=0x9ac26e72
[PASS] seq=crv_seq_1                              cyc=45 op=RK_BYPASS_RS1    rs1=17 rs2=24 wb_write=1 wb_rd=17 wb_data=0xee0a58d7 -> rs1_data=0xee0a58d7 rs2_data=0x9ac26e72
[PASS] seq=crv_seq_1                              cyc=46 op=RK_PLAIN_WRITE   rs1=15 rs2=4 wb_write=1 wb_rd=5 wb_data=0xb778d770 -> rs1_data=0xcb549128 rs2_data=0x18d2bb84
[PASS] seq=crv_seq_1                              cyc=47 op=RK_BYPASS_RS1    rs1=16 rs2=17 wb_write=1 wb_rd=16 wb_data=0xcbbeb752 -> rs1_data=0xcbbeb752 rs2_data=0xee0a58d7
[PASS] seq=crv_seq_1                              cyc=48 op=RK_BYPASS_RS1    rs1=24 rs2=23 wb_write=1 wb_rd=24 wb_data=0xb458c988 -> rs1_data=0xb458c988 rs2_data=0x5ea7f190
[PASS] seq=crv_seq_1                              cyc=49 op=RK_X0_ACCESS     rs1=6 rs2=2 wb_write=1 wb_rd=0 wb_data=0xca7d7728 -> rs1_data=0x173f8791 rs2_data=0x4589eeba
[PASS] seq=crv_seq_1                              cyc=50 op=RK_NO_WRITE_READ rs1=14 rs2=18 wb_write=0 wb_rd=11 wb_data=0x6fdb4780 -> rs1_data=0xe02e3c78 rs2_data=0x8d655890
[PASS] seq=crv_seq_1                              cyc=51 op=RK_PLAIN_WRITE   rs1=6 rs2=17 wb_write=1 wb_rd=14 wb_data=0x1e0bc378 -> rs1_data=0x173f8791 rs2_data=0xee0a58d7
[PASS] seq=crv_seq_1                              cyc=52 op=RK_X0_ACCESS     rs1=22 rs2=19 wb_write=1 wb_rd=0 wb_data=0x54bae786 -> rs1_data=0x487a4dfd rs2_data=0x02d82311
[PASS] seq=crv_seq_1                              cyc=53 op=RK_BYPASS_RS1    rs1=12 rs2=9 wb_write=1 wb_rd=12 wb_data=0xc6b1307d -> rs1_data=0xc6b1307d rs2_data=0x70359bd6
[PASS] seq=crv_seq_1                              cyc=54 op=RK_NO_WRITE_READ rs1=16 rs2=22 wb_write=0 wb_rd=7 wb_data=0x6aa986bf -> rs1_data=0xcbbeb752 rs2_data=0x487a4dfd
[PASS] seq=crv_seq_1                              cyc=55 op=RK_BYPASS_RS1    rs1=19 rs2=27 wb_write=1 wb_rd=19 wb_data=0x1dcfbd84 -> rs1_data=0x1dcfbd84 rs2_data=0xf71e338d
[PASS] seq=crv_seq_1                              cyc=56 op=RK_BYPASS_RS2    rs1=20 rs2=15 wb_write=1 wb_rd=15 wb_data=0x5f784641 -> rs1_data=0x96a7daa4 rs2_data=0x5f784641
[PASS] seq=crv_seq_1                              cyc=57 op=RK_BYPASS_RS1    rs1=30 rs2=26 wb_write=1 wb_rd=30 wb_data=0x91b586ee -> rs1_data=0x91b586ee rs2_data=0x055822e0
[PASS] seq=crv_seq_1                              cyc=58 op=RK_NO_WRITE_READ rs1=25 rs2=23 wb_write=0 wb_rd=2 wb_data=0x819d1d72 -> rs1_data=0x74b65236 rs2_data=0x5ea7f190
[PASS] seq=crv_seq_1                              cyc=59 op=RK_PLAIN_WRITE   rs1=30 rs2=11 wb_write=1 wb_rd=15 wb_data=0x956b4b1a -> rs1_data=0x91b586ee rs2_data=0xe283f42c
[PASS] seq=crv_seq_1                              cyc=60 op=RK_BYPASS_RS2    rs1=1 rs2=30 wb_write=1 wb_rd=30 wb_data=0xc95bd402 -> rs1_data=0xbec6e9c5 rs2_data=0xc95bd402
[PASS] seq=crv_seq_1                              cyc=61 op=RK_BYPASS_RS1    rs1=31 rs2=4 wb_write=1 wb_rd=31 wb_data=0x861de35e -> rs1_data=0x861de35e rs2_data=0x18d2bb84
[PASS] seq=crv_seq_1                              cyc=62 op=RK_BYPASS_BOTH   rs1=15 rs2=15 wb_write=1 wb_rd=15 wb_data=0xa91759a4 -> rs1_data=0xa91759a4 rs2_data=0xa91759a4
[PASS] seq=crv_seq_1                              cyc=63 op=RK_RANDOM        rs1=25 rs2=18 wb_write=0 wb_rd=10 wb_data=0xbefd858d -> rs1_data=0x74b65236 rs2_data=0x8d655890
[PASS] seq=crv_seq_1                              cyc=64 op=RK_PLAIN_WRITE   rs1=3 rs2=13 wb_write=1 wb_rd=19 wb_data=0x62f47f30 -> rs1_data=0xd4318638 rs2_data=0x0649545b
[PASS] seq=crv_seq_1                              cyc=65 op=RK_PLAIN_WRITE   rs1=28 rs2=1 wb_write=1 wb_rd=11 wb_data=0x52eafa17 -> rs1_data=0x02c79232 rs2_data=0xbec6e9c5
[PASS] seq=crv_seq_1                              cyc=66 op=RK_RANDOM        rs1=2 rs2=29 wb_write=1 wb_rd=9 wb_data=0x4bced528 -> rs1_data=0x4589eeba rs2_data=0x041e5e01
[PASS] seq=crv_seq_1                              cyc=67 op=RK_BYPASS_RS1    rs1=14 rs2=20 wb_write=1 wb_rd=14 wb_data=0xc2633bd6 -> rs1_data=0xc2633bd6 rs2_data=0x96a7daa4
[PASS] seq=crv_seq_1                              cyc=68 op=RK_NO_WRITE_READ rs1=27 rs2=4 wb_write=0 wb_rd=0 wb_data=0x8fb9d7f2 -> rs1_data=0xf71e338d rs2_data=0x18d2bb84
[PASS] seq=crv_seq_1                              cyc=69 op=RK_BYPASS_BOTH   rs1=26 rs2=26 wb_write=1 wb_rd=26 wb_data=0x93731a40 -> rs1_data=0x93731a40 rs2_data=0x93731a40
[PASS] seq=crv_seq_1                              cyc=70 op=RK_X0_ACCESS     rs1=7 rs2=10 wb_write=1 wb_rd=0 wb_data=0xc71ad236 -> rs1_data=0xe7dd5465 rs2_data=0x13dbd90e
[PASS] seq=crv_seq_1                              cyc=71 op=RK_BYPASS_RS2    rs1=18 rs2=26 wb_write=1 wb_rd=26 wb_data=0xdcb33d32 -> rs1_data=0x8d655890 rs2_data=0xdcb33d32
[PASS] seq=crv_seq_1                              cyc=72 op=RK_X0_ACCESS     rs1=2 rs2=18 wb_write=1 wb_rd=0 wb_data=0x19a5e30c -> rs1_data=0x4589eeba rs2_data=0x8d655890
[PASS] seq=crv_seq_1                              cyc=73 op=RK_X0_ACCESS     rs1=22 rs2=26 wb_write=1 wb_rd=0 wb_data=0xb1c9c608 -> rs1_data=0x487a4dfd rs2_data=0xdcb33d32
[PASS] seq=crv_seq_1                              cyc=74 op=RK_X0_ACCESS     rs1=21 rs2=9 wb_write=1 wb_rd=0 wb_data=0xd8635d35 -> rs1_data=0x4797c836 rs2_data=0x4bced528
[PASS] seq=crv_seq_1                              cyc=75 op=RK_BYPASS_RS1    rs1=6 rs2=22 wb_write=1 wb_rd=6 wb_data=0xaf01ebda -> rs1_data=0xaf01ebda rs2_data=0x487a4dfd
[PASS] seq=crv_seq_1                              cyc=76 op=RK_RANDOM        rs1=26 rs2=21 wb_write=0 wb_rd=6 wb_data=0xc73ad4a0 -> rs1_data=0xdcb33d32 rs2_data=0x4797c836
[PASS] seq=crv_seq_1                              cyc=77 op=RK_BYPASS_RS2    rs1=24 rs2=6 wb_write=1 wb_rd=6 wb_data=0x87c7963d -> rs1_data=0xb458c988 rs2_data=0x87c7963d
[PASS] seq=crv_seq_1                              cyc=78 op=RK_BYPASS_RS2    rs1=4 rs2=31 wb_write=1 wb_rd=31 wb_data=0x0085912f -> rs1_data=0x18d2bb84 rs2_data=0x0085912f
[PASS] seq=crv_seq_1                              cyc=79 op=RK_BYPASS_RS2    rs1=18 rs2=4 wb_write=1 wb_rd=4 wb_data=0x4a40d4c4 -> rs1_data=0x8d655890 rs2_data=0x4a40d4c4
[PASS] seq=crv_seq_1                              cyc=80 op=RK_BYPASS_RS1    rs1=15 rs2=5 wb_write=1 wb_rd=15 wb_data=0x3cd1d562 -> rs1_data=0x3cd1d562 rs2_data=0xb778d770
[PASS] seq=crv_seq_1                              cyc=81 op=RK_X0_ACCESS     rs1=31 rs2=2 wb_write=1 wb_rd=0 wb_data=0xe811bb15 -> rs1_data=0x0085912f rs2_data=0x4589eeba
[PASS] seq=crv_seq_1                              cyc=82 op=RK_BYPASS_RS2    rs1=28 rs2=27 wb_write=1 wb_rd=27 wb_data=0x8f5d8115 -> rs1_data=0x02c79232 rs2_data=0x8f5d8115
[PASS] seq=crv_seq_1                              cyc=83 op=RK_PLAIN_WRITE   rs1=5 rs2=12 wb_write=1 wb_rd=6 wb_data=0x69701f10 -> rs1_data=0xb778d770 rs2_data=0xc6b1307d
[PASS] seq=crv_seq_1                              cyc=84 op=RK_BYPASS_RS2    rs1=22 rs2=3 wb_write=1 wb_rd=3 wb_data=0x8c3377b0 -> rs1_data=0x487a4dfd rs2_data=0x8c3377b0
[PASS] seq=crv_seq_1                              cyc=85 op=RK_RANDOM        rs1=1 rs2=17 wb_write=0 wb_rd=1 wb_data=0x89046757 -> rs1_data=0xbec6e9c5 rs2_data=0xee0a58d7
[PASS] seq=crv_seq_1                              cyc=86 op=RK_PLAIN_WRITE   rs1=17 rs2=4 wb_write=1 wb_rd=19 wb_data=0x75158132 -> rs1_data=0xee0a58d7 rs2_data=0x4a40d4c4
[PASS] seq=crv_seq_1                              cyc=87 op=RK_BYPASS_RS1    rs1=6 rs2=7 wb_write=1 wb_rd=6 wb_data=0xcb669e77 -> rs1_data=0xcb669e77 rs2_data=0xe7dd5465
[PASS] seq=crv_seq_1                              cyc=88 op=RK_RANDOM        rs1=14 rs2=9 wb_write=1 wb_rd=14 wb_data=0x6022e535 -> rs1_data=0x6022e535 rs2_data=0x4bced528
[PASS] seq=crv_seq_1                              cyc=89 op=RK_BYPASS_BOTH   rs1=28 rs2=28 wb_write=1 wb_rd=28 wb_data=0x7df5a15e -> rs1_data=0x7df5a15e rs2_data=0x7df5a15e
[PASS] seq=crv_seq_1                              cyc=90 op=RK_RANDOM        rs1=28 rs2=12 wb_write=0 wb_rd=18 wb_data=0x59510991 -> rs1_data=0x7df5a15e rs2_data=0xc6b1307d
[PASS] seq=crv_seq_1                              cyc=91 op=RK_BYPASS_BOTH   rs1=5 rs2=5 wb_write=1 wb_rd=5 wb_data=0xb448bc31 -> rs1_data=0xb448bc31 rs2_data=0xb448bc31
[PASS] seq=crv_seq_1                              cyc=92 op=RK_PLAIN_WRITE   rs1=5 rs2=8 wb_write=1 wb_rd=3 wb_data=0xbf257912 -> rs1_data=0xb448bc31 rs2_data=0x48c7cc6a
[PASS] seq=crv_seq_1                              cyc=93 op=RK_X0_ACCESS     rs1=24 rs2=22 wb_write=1 wb_rd=0 wb_data=0x19399b21 -> rs1_data=0xb458c988 rs2_data=0x487a4dfd
[PASS] seq=crv_seq_1                              cyc=94 op=RK_RANDOM        rs1=8 rs2=19 wb_write=0 wb_rd=27 wb_data=0x6d7302bf -> rs1_data=0x48c7cc6a rs2_data=0x75158132
[PASS] seq=crv_seq_1                              cyc=95 op=RK_BYPASS_RS2    rs1=28 rs2=6 wb_write=1 wb_rd=6 wb_data=0x9a5d1745 -> rs1_data=0x7df5a15e rs2_data=0x9a5d1745
[PASS] seq=crv_seq_1                              cyc=96 op=RK_X0_ACCESS     rs1=24 rs2=25 wb_write=1 wb_rd=0 wb_data=0x234e9ce2 -> rs1_data=0xb458c988 rs2_data=0x74b65236
[PASS] seq=crv_seq_1                              cyc=97 op=RK_RANDOM        rs1=1 rs2=6 wb_write=0 wb_rd=12 wb_data=0xff702074 -> rs1_data=0xbec6e9c5 rs2_data=0x9a5d1745
[PASS] seq=crv_seq_1                              cyc=98 op=RK_BYPASS_RS2    rs1=17 rs2=6 wb_write=1 wb_rd=6 wb_data=0xd467f68f -> rs1_data=0xee0a58d7 rs2_data=0xd467f68f
[PASS] seq=crv_seq_1                              cyc=99 op=RK_NO_WRITE_READ rs1=24 rs2=23 wb_write=0 wb_rd=22 wb_data=0xf34fd84a -> rs1_data=0xb458c988 rs2_data=0x5ea7f190
[PASS] seq=crv_seq_1                              cyc=100 op=RK_RANDOM        rs1=3 rs2=21 wb_write=0 wb_rd=23 wb_data=0x3f0978c3 -> rs1_data=0xbf257912 rs2_data=0x4797c836
[PASS] seq=crv_seq_1                              cyc=101 op=RK_PLAIN_WRITE   rs1=31 rs2=21 wb_write=1 wb_rd=22 wb_data=0xf9b0522b -> rs1_data=0x0085912f rs2_data=0x4797c836
[PASS] seq=crv_seq_1                              cyc=102 op=RK_NO_WRITE_READ rs1=7 rs2=30 wb_write=0 wb_rd=19 wb_data=0xe83189d0 -> rs1_data=0xe7dd5465 rs2_data=0xc95bd402
[PASS] seq=crv_seq_1                              cyc=103 op=RK_PLAIN_WRITE   rs1=16 rs2=23 wb_write=1 wb_rd=25 wb_data=0x556a20fd -> rs1_data=0xcbbeb752 rs2_data=0x5ea7f190
[PASS] seq=crv_seq_1                              cyc=104 op=RK_BYPASS_RS1    rs1=1 rs2=0 wb_write=1 wb_rd=1 wb_data=0xdf75e50e -> rs1_data=0xdf75e50e rs2_data=0x00000000
[PASS] seq=crv_seq_1                              cyc=105 op=RK_NO_WRITE_READ rs1=3 rs2=13 wb_write=0 wb_rd=10 wb_data=0x310671fb -> rs1_data=0xbf257912 rs2_data=0x0649545b
[PASS] seq=crv_seq_1                              cyc=106 op=RK_PLAIN_WRITE   rs1=3 rs2=5 wb_write=1 wb_rd=28 wb_data=0xd278f616 -> rs1_data=0xbf257912 rs2_data=0xb448bc31
[PASS] seq=crv_seq_1                              cyc=107 op=RK_RANDOM        rs1=5 rs2=9 wb_write=1 wb_rd=6 wb_data=0x7a3d452f -> rs1_data=0xb448bc31 rs2_data=0x4bced528
[PASS] seq=crv_seq_1                              cyc=108 op=RK_BYPASS_BOTH   rs1=28 rs2=28 wb_write=1 wb_rd=28 wb_data=0x9a6df7f2 -> rs1_data=0x9a6df7f2 rs2_data=0x9a6df7f2
[PASS] seq=crv_seq_1                              cyc=109 op=RK_BYPASS_RS2    rs1=11 rs2=29 wb_write=1 wb_rd=29 wb_data=0x3a00c338 -> rs1_data=0x52eafa17 rs2_data=0x3a00c338
[PASS] seq=crv_seq_1                              cyc=110 op=RK_NO_WRITE_READ rs1=31 rs2=8 wb_write=0 wb_rd=18 wb_data=0x1542bd02 -> rs1_data=0x0085912f rs2_data=0x48c7cc6a
[PASS] seq=crv_seq_1                              cyc=111 op=RK_BYPASS_BOTH   rs1=14 rs2=14 wb_write=1 wb_rd=14 wb_data=0x740a2f32 -> rs1_data=0x740a2f32 rs2_data=0x740a2f32
[PASS] seq=crv_seq_1                              cyc=112 op=RK_BYPASS_RS1    rs1=31 rs2=24 wb_write=1 wb_rd=31 wb_data=0x299d8217 -> rs1_data=0x299d8217 rs2_data=0xb458c988
[PASS] seq=crv_seq_1                              cyc=113 op=RK_RANDOM        rs1=1 rs2=22 wb_write=0 wb_rd=26 wb_data=0x91256ced -> rs1_data=0xdf75e50e rs2_data=0xf9b0522b
[PASS] seq=crv_seq_1                              cyc=114 op=RK_RANDOM        rs1=29 rs2=28 wb_write=1 wb_rd=27 wb_data=0x4c188114 -> rs1_data=0x3a00c338 rs2_data=0x9a6df7f2
[PASS] seq=crv_seq_1                              cyc=115 op=RK_RANDOM        rs1=5 rs2=25 wb_write=0 wb_rd=8 wb_data=0x2907f592 -> rs1_data=0xb448bc31 rs2_data=0x556a20fd
[PASS] seq=crv_seq_1                              cyc=116 op=RK_BYPASS_BOTH   rs1=16 rs2=16 wb_write=1 wb_rd=16 wb_data=0x61549537 -> rs1_data=0x61549537 rs2_data=0x61549537
[PASS] seq=crv_seq_1                              cyc=117 op=RK_PLAIN_WRITE   rs1=4 rs2=11 wb_write=1 wb_rd=12 wb_data=0x5cf78171 -> rs1_data=0x4a40d4c4 rs2_data=0x52eafa17
[PASS] seq=crv_seq_1                              cyc=118 op=RK_BYPASS_BOTH   rs1=12 rs2=12 wb_write=1 wb_rd=12 wb_data=0x49441049 -> rs1_data=0x49441049 rs2_data=0x49441049
[PASS] seq=crv_seq_1                              cyc=119 op=RK_PLAIN_WRITE   rs1=20 rs2=12 wb_write=1 wb_rd=30 wb_data=0xa2e953e7 -> rs1_data=0x96a7daa4 rs2_data=0x49441049
[PASS] seq=crv_seq_1                              cyc=120 op=RK_BYPASS_RS1    rs1=16 rs2=3 wb_write=1 wb_rd=16 wb_data=0x2332213e -> rs1_data=0x2332213e rs2_data=0xbf257912
[PASS] seq=crv_seq_1                              cyc=121 op=RK_PLAIN_WRITE   rs1=27 rs2=23 wb_write=1 wb_rd=21 wb_data=0xab103556 -> rs1_data=0x4c188114 rs2_data=0x5ea7f190
[PASS] seq=crv_seq_1                              cyc=122 op=RK_NO_WRITE_READ rs1=31 rs2=2 wb_write=0 wb_rd=10 wb_data=0x5982185b -> rs1_data=0x299d8217 rs2_data=0x4589eeba
[PASS] seq=crv_seq_1                              cyc=123 op=RK_BYPASS_BOTH   rs1=25 rs2=25 wb_write=1 wb_rd=25 wb_data=0xa6da0c59 -> rs1_data=0xa6da0c59 rs2_data=0xa6da0c59
[PASS] seq=crv_seq_1                              cyc=124 op=RK_BYPASS_BOTH   rs1=26 rs2=26 wb_write=1 wb_rd=26 wb_data=0x909e4612 -> rs1_data=0x909e4612 rs2_data=0x909e4612
[PASS] seq=crv_seq_1                              cyc=125 op=RK_BYPASS_RS1    rs1=9 rs2=14 wb_write=1 wb_rd=9 wb_data=0x5e564f84 -> rs1_data=0x5e564f84 rs2_data=0x740a2f32
[PASS] seq=crv_seq_1                              cyc=126 op=RK_RANDOM        rs1=8 rs2=13 wb_write=0 wb_rd=13 wb_data=0x6e79dcd4 -> rs1_data=0x48c7cc6a rs2_data=0x0649545b
[PASS] seq=crv_seq_1                              cyc=127 op=RK_BYPASS_RS2    rs1=23 rs2=14 wb_write=1 wb_rd=14 wb_data=0x63558728 -> rs1_data=0x5ea7f190 rs2_data=0x63558728
[PASS] seq=crv_seq_1                              cyc=128 op=RK_BYPASS_RS2    rs1=21 rs2=2 wb_write=1 wb_rd=2 wb_data=0x1cd863e9 -> rs1_data=0xab103556 rs2_data=0x1cd863e9
[PASS] seq=crv_seq_1                              cyc=129 op=RK_RANDOM        rs1=16 rs2=28 wb_write=1 wb_rd=6 wb_data=0xdc00f818 -> rs1_data=0x2332213e rs2_data=0x9a6df7f2
[PASS] seq=crv_seq_1                              cyc=130 op=RK_BYPASS_RS2    rs1=30 rs2=1 wb_write=1 wb_rd=1 wb_data=0x84e32cf6 -> rs1_data=0xa2e953e7 rs2_data=0x84e32cf6
[PASS] seq=crv_seq_1                              cyc=131 op=RK_X0_ACCESS     rs1=1 rs2=6 wb_write=1 wb_rd=0 wb_data=0xe1f47fa0 -> rs1_data=0x84e32cf6 rs2_data=0xdc00f818
[PASS] seq=crv_seq_1                              cyc=132 op=RK_RANDOM        rs1=15 rs2=2 wb_write=0 wb_rd=8 wb_data=0x674a5b76 -> rs1_data=0x3cd1d562 rs2_data=0x1cd863e9
[PASS] seq=crv_seq_1                              cyc=133 op=RK_BYPASS_RS1    rs1=11 rs2=31 wb_write=1 wb_rd=11 wb_data=0x6f443a23 -> rs1_data=0x6f443a23 rs2_data=0x299d8217
[PASS] seq=crv_seq_1                              cyc=134 op=RK_BYPASS_RS2    rs1=21 rs2=15 wb_write=1 wb_rd=15 wb_data=0x6154df92 -> rs1_data=0xab103556 rs2_data=0x6154df92
[PASS] seq=crv_seq_1                              cyc=135 op=RK_BYPASS_RS1    rs1=22 rs2=11 wb_write=1 wb_rd=22 wb_data=0xbfd1644e -> rs1_data=0xbfd1644e rs2_data=0x6f443a23
[PASS] seq=crv_seq_1                              cyc=136 op=RK_RANDOM        rs1=25 rs2=2 wb_write=1 wb_rd=18 wb_data=0xcd69c924 -> rs1_data=0xa6da0c59 rs2_data=0x1cd863e9
[PASS] seq=crv_seq_1                              cyc=137 op=RK_RANDOM        rs1=27 rs2=8 wb_write=0 wb_rd=26 wb_data=0x789d2c1f -> rs1_data=0x4c188114 rs2_data=0x48c7cc6a
[PASS] seq=crv_seq_1                              cyc=138 op=RK_BYPASS_RS2    rs1=18 rs2=21 wb_write=1 wb_rd=21 wb_data=0x04543d88 -> rs1_data=0xcd69c924 rs2_data=0x04543d88
[PASS] seq=crv_seq_1                              cyc=139 op=RK_PLAIN_WRITE   rs1=11 rs2=16 wb_write=1 wb_rd=27 wb_data=0xed7fceeb -> rs1_data=0x6f443a23 rs2_data=0x2332213e
[PASS] seq=crv_seq_1                              cyc=140 op=RK_X0_ACCESS     rs1=5 rs2=22 wb_write=1 wb_rd=0 wb_data=0x7bb25ee1 -> rs1_data=0xb448bc31 rs2_data=0xbfd1644e
[PASS] seq=crv_seq_1                              cyc=141 op=RK_PLAIN_WRITE   rs1=9 rs2=8 wb_write=1 wb_rd=30 wb_data=0xe28e52e1 -> rs1_data=0x5e564f84 rs2_data=0x48c7cc6a
[PASS] seq=crv_seq_1                              cyc=142 op=RK_PLAIN_WRITE   rs1=11 rs2=6 wb_write=1 wb_rd=2 wb_data=0x505efc5f -> rs1_data=0x6f443a23 rs2_data=0xdc00f818
[PASS] seq=crv_seq_1                              cyc=143 op=RK_RANDOM        rs1=10 rs2=0 wb_write=1 wb_rd=23 wb_data=0xeef9b7d4 -> rs1_data=0x13dbd90e rs2_data=0x00000000
[PASS] seq=crv_seq_1                              cyc=144 op=RK_RANDOM        rs1=2 rs2=2 wb_write=1 wb_rd=31 wb_data=0x7a9c5145 -> rs1_data=0x505efc5f rs2_data=0x505efc5f
[PASS] seq=crv_seq_1                              cyc=145 op=RK_PLAIN_WRITE   rs1=11 rs2=19 wb_write=1 wb_rd=17 wb_data=0x19aab7fe -> rs1_data=0x6f443a23 rs2_data=0x75158132
[PASS] seq=crv_seq_1                              cyc=146 op=RK_BYPASS_RS2    rs1=11 rs2=13 wb_write=1 wb_rd=13 wb_data=0xeb1ee2c2 -> rs1_data=0x6f443a23 rs2_data=0xeb1ee2c2
[PASS] seq=crv_seq_1                              cyc=147 op=RK_BYPASS_BOTH   rs1=9 rs2=9 wb_write=1 wb_rd=9 wb_data=0x5ab9c962 -> rs1_data=0x5ab9c962 rs2_data=0x5ab9c962
[PASS] seq=crv_seq_1                              cyc=148 op=RK_BYPASS_RS1    rs1=27 rs2=25 wb_write=1 wb_rd=27 wb_data=0x482a1f17 -> rs1_data=0x482a1f17 rs2_data=0xa6da0c59
[PASS] seq=crv_seq_1                              cyc=149 op=RK_NO_WRITE_READ rs1=25 rs2=15 wb_write=0 wb_rd=29 wb_data=0x282fc187 -> rs1_data=0xa6da0c59 rs2_data=0x6154df92
[PASS] seq=crv_seq_1                              cyc=150 op=RK_RANDOM        rs1=4 rs2=12 wb_write=0 wb_rd=18 wb_data=0x58a81425 -> rs1_data=0x4a40d4c4 rs2_data=0x49441049
[PASS] seq=crv_seq_1                              cyc=151 op=RK_X0_ACCESS     rs1=16 rs2=12 wb_write=1 wb_rd=0 wb_data=0xd29954fe -> rs1_data=0x2332213e rs2_data=0x49441049
[PASS] seq=crv_seq_1                              cyc=152 op=RK_X0_ACCESS     rs1=25 rs2=11 wb_write=1 wb_rd=0 wb_data=0x0e6835ad -> rs1_data=0xa6da0c59 rs2_data=0x6f443a23
[PASS] seq=crv_seq_1                              cyc=153 op=RK_BYPASS_BOTH   rs1=10 rs2=10 wb_write=1 wb_rd=10 wb_data=0xe88beeac -> rs1_data=0xe88beeac rs2_data=0xe88beeac
[PASS] seq=crv_seq_1                              cyc=154 op=RK_BYPASS_BOTH   rs1=23 rs2=23 wb_write=1 wb_rd=23 wb_data=0x839f3fb2 -> rs1_data=0x839f3fb2 rs2_data=0x839f3fb2
[PASS] seq=crv_seq_1                              cyc=155 op=RK_BYPASS_RS1    rs1=19 rs2=10 wb_write=1 wb_rd=19 wb_data=0xb71dda19 -> rs1_data=0xb71dda19 rs2_data=0xe88beeac
[PASS] seq=crv_seq_1                              cyc=156 op=RK_RANDOM        rs1=6 rs2=22 wb_write=0 wb_rd=21 wb_data=0x736e141c -> rs1_data=0xdc00f818 rs2_data=0xbfd1644e
[PASS] seq=crv_seq_1                              cyc=157 op=RK_RANDOM        rs1=21 rs2=6 wb_write=0 wb_rd=2 wb_data=0x2c2c6e63 -> rs1_data=0x04543d88 rs2_data=0xdc00f818
[PASS] seq=crv_seq_1                              cyc=158 op=RK_X0_ACCESS     rs1=2 rs2=17 wb_write=1 wb_rd=0 wb_data=0x92c08b49 -> rs1_data=0x505efc5f rs2_data=0x19aab7fe
[PASS] seq=crv_seq_1                              cyc=159 op=RK_BYPASS_RS1    rs1=27 rs2=2 wb_write=1 wb_rd=27 wb_data=0xc03a2244 -> rs1_data=0xc03a2244 rs2_data=0x505efc5f
[PASS] seq=crv_seq_1                              cyc=160 op=RK_BYPASS_BOTH   rs1=30 rs2=30 wb_write=1 wb_rd=30 wb_data=0x7cbd355c -> rs1_data=0x7cbd355c rs2_data=0x7cbd355c
[PASS] seq=crv_seq_1                              cyc=161 op=RK_RANDOM        rs1=7 rs2=13 wb_write=0 wb_rd=23 wb_data=0x7f377ebf -> rs1_data=0xe7dd5465 rs2_data=0xeb1ee2c2
[PASS] seq=crv_seq_1                              cyc=162 op=RK_X0_ACCESS     rs1=18 rs2=13 wb_write=1 wb_rd=0 wb_data=0x4d7c95d2 -> rs1_data=0xcd69c924 rs2_data=0xeb1ee2c2
[PASS] seq=crv_seq_1                              cyc=163 op=RK_PLAIN_WRITE   rs1=23 rs2=29 wb_write=1 wb_rd=18 wb_data=0x47ba86eb -> rs1_data=0x839f3fb2 rs2_data=0x3a00c338
[PASS] seq=crv_seq_1                              cyc=164 op=RK_BYPASS_RS1    rs1=21 rs2=23 wb_write=1 wb_rd=21 wb_data=0x77a1c576 -> rs1_data=0x77a1c576 rs2_data=0x839f3fb2
[PASS] seq=crv_seq_1                              cyc=165 op=RK_PLAIN_WRITE   rs1=15 rs2=23 wb_write=1 wb_rd=31 wb_data=0x9abee1e6 -> rs1_data=0x6154df92 rs2_data=0x839f3fb2
[PASS] seq=crv_seq_1                              cyc=166 op=RK_RANDOM        rs1=5 rs2=23 wb_write=1 wb_rd=9 wb_data=0xc71e46fb -> rs1_data=0xb448bc31 rs2_data=0x839f3fb2
[PASS] seq=crv_seq_1                              cyc=167 op=RK_BYPASS_RS2    rs1=15 rs2=12 wb_write=1 wb_rd=12 wb_data=0x8b2753a4 -> rs1_data=0x6154df92 rs2_data=0x8b2753a4
[PASS] seq=crv_seq_1                              cyc=168 op=RK_BYPASS_RS1    rs1=17 rs2=6 wb_write=1 wb_rd=17 wb_data=0x2604b43a -> rs1_data=0x2604b43a rs2_data=0xdc00f818
[PASS] seq=crv_seq_1                              cyc=169 op=RK_RANDOM        rs1=3 rs2=3 wb_write=1 wb_rd=8 wb_data=0x5a9c884c -> rs1_data=0xbf257912 rs2_data=0xbf257912
[PASS] seq=crv_seq_1                              cyc=170 op=RK_X0_ACCESS     rs1=5 rs2=31 wb_write=1 wb_rd=0 wb_data=0x040f294c -> rs1_data=0xb448bc31 rs2_data=0x9abee1e6
[PASS] seq=crv_seq_1                              cyc=171 op=RK_BYPASS_RS2    rs1=14 rs2=2 wb_write=1 wb_rd=2 wb_data=0xabab83eb -> rs1_data=0x63558728 rs2_data=0xabab83eb
[PASS] seq=crv_seq_1                              cyc=172 op=RK_BYPASS_RS1    rs1=20 rs2=6 wb_write=1 wb_rd=20 wb_data=0x2c0b3225 -> rs1_data=0x2c0b3225 rs2_data=0xdc00f818
[PASS] seq=crv_seq_1                              cyc=173 op=RK_BYPASS_RS2    rs1=1 rs2=13 wb_write=1 wb_rd=13 wb_data=0x95209e14 -> rs1_data=0x84e32cf6 rs2_data=0x95209e14
[PASS] seq=crv_seq_1                              cyc=174 op=RK_BYPASS_BOTH   rs1=25 rs2=25 wb_write=1 wb_rd=25 wb_data=0x0a527f34 -> rs1_data=0x0a527f34 rs2_data=0x0a527f34
[PASS] seq=crv_seq_1                              cyc=175 op=RK_BYPASS_RS1    rs1=1 rs2=9 wb_write=1 wb_rd=1 wb_data=0x217e8ab6 -> rs1_data=0x217e8ab6 rs2_data=0xc71e46fb
[PASS] seq=crv_seq_1                              cyc=176 op=RK_RANDOM        rs1=21 rs2=0 wb_write=1 wb_rd=21 wb_data=0xd1eb6ab7 -> rs1_data=0xd1eb6ab7 rs2_data=0x00000000
[PASS] seq=crv_seq_1                              cyc=177 op=RK_RANDOM        rs1=23 rs2=21 wb_write=1 wb_rd=6 wb_data=0xb390bc61 -> rs1_data=0x839f3fb2 rs2_data=0xd1eb6ab7
[PASS] seq=crv_seq_1                              cyc=178 op=RK_BYPASS_RS1    rs1=8 rs2=31 wb_write=1 wb_rd=8 wb_data=0x51613224 -> rs1_data=0x51613224 rs2_data=0x9abee1e6
[PASS] seq=crv_seq_1                              cyc=179 op=RK_RANDOM        rs1=8 rs2=22 wb_write=0 wb_rd=0 wb_data=0xc99b7e41 -> rs1_data=0x51613224 rs2_data=0xbfd1644e
[PASS] seq=crv_seq_1                              cyc=180 op=RK_BYPASS_RS1    rs1=23 rs2=19 wb_write=1 wb_rd=23 wb_data=0xa7a418fb -> rs1_data=0xa7a418fb rs2_data=0xb71dda19
[PASS] seq=crv_seq_1                              cyc=181 op=RK_BYPASS_RS1    rs1=14 rs2=16 wb_write=1 wb_rd=14 wb_data=0xa991f328 -> rs1_data=0xa991f328 rs2_data=0x2332213e
[PASS] seq=crv_seq_1                              cyc=182 op=RK_NO_WRITE_READ rs1=7 rs2=24 wb_write=0 wb_rd=28 wb_data=0x9d200527 -> rs1_data=0xe7dd5465 rs2_data=0xb458c988
[PASS] seq=crv_seq_1                              cyc=183 op=RK_X0_ACCESS     rs1=9 rs2=10 wb_write=1 wb_rd=0 wb_data=0x0ed0b7a5 -> rs1_data=0xc71e46fb rs2_data=0xe88beeac
[PASS] seq=crv_seq_1                              cyc=184 op=RK_X0_ACCESS     rs1=23 rs2=5 wb_write=1 wb_rd=0 wb_data=0x2ba0ebdf -> rs1_data=0xa7a418fb rs2_data=0xb448bc31
[PASS] seq=crv_seq_1                              cyc=185 op=RK_BYPASS_RS1    rs1=22 rs2=25 wb_write=1 wb_rd=22 wb_data=0xd707885b -> rs1_data=0xd707885b rs2_data=0x0a527f34
[PASS] seq=crv_seq_1                              cyc=186 op=RK_X0_ACCESS     rs1=12 rs2=24 wb_write=1 wb_rd=0 wb_data=0x51e25821 -> rs1_data=0x8b2753a4 rs2_data=0xb458c988
[PASS] seq=crv_seq_1                              cyc=187 op=RK_BYPASS_BOTH   rs1=22 rs2=22 wb_write=1 wb_rd=22 wb_data=0xb69b8303 -> rs1_data=0xb69b8303 rs2_data=0xb69b8303
[PASS] seq=crv_seq_1                              cyc=188 op=RK_RANDOM        rs1=13 rs2=24 wb_write=1 wb_rd=4 wb_data=0x11956952 -> rs1_data=0x95209e14 rs2_data=0xb458c988
[PASS] seq=crv_seq_1                              cyc=189 op=RK_BYPASS_RS2    rs1=28 rs2=21 wb_write=1 wb_rd=21 wb_data=0x6c5b17ae -> rs1_data=0x9a6df7f2 rs2_data=0x6c5b17ae
[PASS] seq=crv_seq_1                              cyc=190 op=RK_RANDOM        rs1=20 rs2=11 wb_write=1 wb_rd=13 wb_data=0xe663e657 -> rs1_data=0x2c0b3225 rs2_data=0x6f443a23
[PASS] seq=crv_seq_1                              cyc=191 op=RK_X0_ACCESS     rs1=25 rs2=7 wb_write=1 wb_rd=0 wb_data=0x64c6e045 -> rs1_data=0x0a527f34 rs2_data=0xe7dd5465
[PASS] seq=crv_seq_1                              cyc=192 op=RK_BYPASS_RS2    rs1=5 rs2=16 wb_write=1 wb_rd=16 wb_data=0x4984275e -> rs1_data=0xb448bc31 rs2_data=0x4984275e
[PASS] seq=crv_seq_1                              cyc=193 op=RK_PLAIN_WRITE   rs1=19 rs2=2 wb_write=1 wb_rd=7 wb_data=0x777c00ca -> rs1_data=0xb71dda19 rs2_data=0xabab83eb
[PASS] seq=crv_seq_1                              cyc=194 op=RK_PLAIN_WRITE   rs1=30 rs2=9 wb_write=1 wb_rd=11 wb_data=0x02beb97b -> rs1_data=0x7cbd355c rs2_data=0xc71e46fb
[PASS] seq=crv_seq_1                              cyc=195 op=RK_X0_ACCESS     rs1=28 rs2=17 wb_write=1 wb_rd=0 wb_data=0x778b75b0 -> rs1_data=0x9a6df7f2 rs2_data=0x2604b43a
[PASS] seq=crv_seq_1                              cyc=196 op=RK_PLAIN_WRITE   rs1=22 rs2=28 wb_write=1 wb_rd=10 wb_data=0xba0099ea -> rs1_data=0xb69b8303 rs2_data=0x9a6df7f2
[PASS] seq=crv_seq_1                              cyc=197 op=RK_BYPASS_RS2    rs1=2 rs2=11 wb_write=1 wb_rd=11 wb_data=0xcd6951a8 -> rs1_data=0xabab83eb rs2_data=0xcd6951a8
[PASS] seq=crv_seq_1                              cyc=198 op=RK_NO_WRITE_READ rs1=22 rs2=25 wb_write=0 wb_rd=2 wb_data=0xf3460cfb -> rs1_data=0xb69b8303 rs2_data=0x0a527f34
[PASS] seq=crv_seq_1                              cyc=199 op=RK_RANDOM        rs1=30 rs2=1 wb_write=1 wb_rd=1 wb_data=0x0b9be5b9 -> rs1_data=0x7cbd355c rs2_data=0x0b9be5b9
[PASS] seq=crv_seq_2                              cyc=0 op=RK_PLAIN_WRITE   rs1=1 rs2=5 wb_write=1 wb_rd=2 wb_data=0x6895963e -> rs1_data=0x0b9be5b9 rs2_data=0xb448bc31
[PASS] seq=crv_seq_2                              cyc=1 op=RK_BYPASS_RS2    rs1=22 rs2=4 wb_write=1 wb_rd=4 wb_data=0xd5275c4d -> rs1_data=0xb69b8303 rs2_data=0xd5275c4d
[PASS] seq=crv_seq_2                              cyc=2 op=RK_RANDOM        rs1=3 rs2=10 wb_write=0 wb_rd=4 wb_data=0x7013c101 -> rs1_data=0xbf257912 rs2_data=0xba0099ea
[PASS] seq=crv_seq_2                              cyc=3 op=RK_X0_ACCESS     rs1=5 rs2=1 wb_write=1 wb_rd=0 wb_data=0xc1c22e3c -> rs1_data=0xb448bc31 rs2_data=0x0b9be5b9
[PASS] seq=crv_seq_2                              cyc=4 op=RK_RANDOM        rs1=6 rs2=7 wb_write=1 wb_rd=5 wb_data=0x074f54d0 -> rs1_data=0xb390bc61 rs2_data=0x777c00ca
[PASS] seq=crv_seq_2                              cyc=5 op=RK_BYPASS_RS2    rs1=10 rs2=20 wb_write=1 wb_rd=20 wb_data=0x279012a5 -> rs1_data=0xba0099ea rs2_data=0x279012a5
[PASS] seq=crv_seq_2                              cyc=6 op=RK_BYPASS_RS1    rs1=27 rs2=15 wb_write=1 wb_rd=27 wb_data=0xcbed0ed5 -> rs1_data=0xcbed0ed5 rs2_data=0x6154df92
[PASS] seq=crv_seq_2                              cyc=7 op=RK_RANDOM        rs1=11 rs2=4 wb_write=1 wb_rd=26 wb_data=0x98698d09 -> rs1_data=0xcd6951a8 rs2_data=0xd5275c4d
[PASS] seq=crv_seq_2                              cyc=8 op=RK_X0_ACCESS     rs1=5 rs2=0 wb_write=1 wb_rd=0 wb_data=0x2344e676 -> rs1_data=0x074f54d0 rs2_data=0x00000000
[PASS] seq=crv_seq_2                              cyc=9 op=RK_RANDOM        rs1=13 rs2=18 wb_write=0 wb_rd=26 wb_data=0x45e8283d -> rs1_data=0xe663e657 rs2_data=0x47ba86eb
[PASS] seq=crv_seq_2                              cyc=10 op=RK_X0_ACCESS     rs1=31 rs2=15 wb_write=1 wb_rd=0 wb_data=0xab868ffe -> rs1_data=0x9abee1e6 rs2_data=0x6154df92
[PASS] seq=crv_seq_2                              cyc=11 op=RK_PLAIN_WRITE   rs1=14 rs2=13 wb_write=1 wb_rd=15 wb_data=0xfdd13454 -> rs1_data=0xa991f328 rs2_data=0xe663e657
[PASS] seq=crv_seq_2                              cyc=12 op=RK_X0_ACCESS     rs1=28 rs2=2 wb_write=1 wb_rd=0 wb_data=0x44e4a98a -> rs1_data=0x9a6df7f2 rs2_data=0x6895963e
[PASS] seq=crv_seq_2                              cyc=13 op=RK_BYPASS_RS1    rs1=23 rs2=26 wb_write=1 wb_rd=23 wb_data=0x1f4efe64 -> rs1_data=0x1f4efe64 rs2_data=0x98698d09
[PASS] seq=crv_seq_2                              cyc=14 op=RK_PLAIN_WRITE   rs1=29 rs2=28 wb_write=1 wb_rd=30 wb_data=0x0541269e -> rs1_data=0x3a00c338 rs2_data=0x9a6df7f2
[PASS] seq=crv_seq_2                              cyc=15 op=RK_RANDOM        rs1=11 rs2=8 wb_write=0 wb_rd=9 wb_data=0x1a6c462a -> rs1_data=0xcd6951a8 rs2_data=0x51613224
[PASS] seq=crv_seq_2                              cyc=16 op=RK_BYPASS_RS2    rs1=20 rs2=16 wb_write=1 wb_rd=16 wb_data=0x64ade5db -> rs1_data=0x279012a5 rs2_data=0x64ade5db
[PASS] seq=crv_seq_2                              cyc=17 op=RK_BYPASS_BOTH   rs1=26 rs2=26 wb_write=1 wb_rd=26 wb_data=0x6ba14fd6 -> rs1_data=0x6ba14fd6 rs2_data=0x6ba14fd6
[PASS] seq=crv_seq_2                              cyc=18 op=RK_BYPASS_RS2    rs1=27 rs2=22 wb_write=1 wb_rd=22 wb_data=0x7e7982e0 -> rs1_data=0xcbed0ed5 rs2_data=0x7e7982e0
[PASS] seq=crv_seq_2                              cyc=19 op=RK_X0_ACCESS     rs1=10 rs2=10 wb_write=1 wb_rd=0 wb_data=0xd1c77b94 -> rs1_data=0xba0099ea rs2_data=0xba0099ea
[PASS] seq=crv_seq_2                              cyc=20 op=RK_X0_ACCESS     rs1=29 rs2=20 wb_write=1 wb_rd=0 wb_data=0x19586c0c -> rs1_data=0x3a00c338 rs2_data=0x279012a5
[PASS] seq=crv_seq_2                              cyc=21 op=RK_BYPASS_BOTH   rs1=18 rs2=18 wb_write=1 wb_rd=18 wb_data=0xfa891283 -> rs1_data=0xfa891283 rs2_data=0xfa891283
[PASS] seq=crv_seq_2                              cyc=22 op=RK_BYPASS_RS1    rs1=1 rs2=21 wb_write=1 wb_rd=1 wb_data=0x464c0f33 -> rs1_data=0x464c0f33 rs2_data=0x6c5b17ae
[PASS] seq=crv_seq_2                              cyc=23 op=RK_RANDOM        rs1=10 rs2=17 wb_write=0 wb_rd=4 wb_data=0xb92109a2 -> rs1_data=0xba0099ea rs2_data=0x2604b43a
[PASS] seq=crv_seq_2                              cyc=24 op=RK_BYPASS_RS2    rs1=27 rs2=31 wb_write=1 wb_rd=31 wb_data=0xe99b8e63 -> rs1_data=0xcbed0ed5 rs2_data=0xe99b8e63
[PASS] seq=crv_seq_2                              cyc=25 op=RK_PLAIN_WRITE   rs1=17 rs2=28 wb_write=1 wb_rd=22 wb_data=0x683f7d15 -> rs1_data=0x2604b43a rs2_data=0x9a6df7f2
[PASS] seq=crv_seq_2                              cyc=26 op=RK_BYPASS_RS2    rs1=21 rs2=20 wb_write=1 wb_rd=20 wb_data=0xedd15812 -> rs1_data=0x6c5b17ae rs2_data=0xedd15812
[PASS] seq=crv_seq_2                              cyc=27 op=RK_RANDOM        rs1=8 rs2=11 wb_write=1 wb_rd=11 wb_data=0x474c1bd6 -> rs1_data=0x51613224 rs2_data=0x474c1bd6
[PASS] seq=crv_seq_2                              cyc=28 op=RK_BYPASS_RS1    rs1=3 rs2=25 wb_write=1 wb_rd=3 wb_data=0x251a5c86 -> rs1_data=0x251a5c86 rs2_data=0x0a527f34
[PASS] seq=crv_seq_2                              cyc=29 op=RK_NO_WRITE_READ rs1=31 rs2=0 wb_write=0 wb_rd=16 wb_data=0x05261412 -> rs1_data=0xe99b8e63 rs2_data=0x00000000
[PASS] seq=crv_seq_2                              cyc=30 op=RK_PLAIN_WRITE   rs1=26 rs2=29 wb_write=1 wb_rd=19 wb_data=0xc1517450 -> rs1_data=0x6ba14fd6 rs2_data=0x3a00c338
[PASS] seq=crv_seq_2                              cyc=31 op=RK_NO_WRITE_READ rs1=29 rs2=25 wb_write=0 wb_rd=20 wb_data=0xecbebba4 -> rs1_data=0x3a00c338 rs2_data=0x0a527f34
[PASS] seq=crv_seq_2                              cyc=32 op=RK_BYPASS_BOTH   rs1=17 rs2=17 wb_write=1 wb_rd=17 wb_data=0x833d9399 -> rs1_data=0x833d9399 rs2_data=0x833d9399
[PASS] seq=crv_seq_2                              cyc=33 op=RK_BYPASS_RS2    rs1=7 rs2=30 wb_write=1 wb_rd=30 wb_data=0x392984da -> rs1_data=0x777c00ca rs2_data=0x392984da
[PASS] seq=crv_seq_2                              cyc=34 op=RK_BYPASS_RS1    rs1=8 rs2=11 wb_write=1 wb_rd=8 wb_data=0x59c4e3dd -> rs1_data=0x59c4e3dd rs2_data=0x474c1bd6
[PASS] seq=crv_seq_2                              cyc=35 op=RK_NO_WRITE_READ rs1=29 rs2=19 wb_write=0 wb_rd=4 wb_data=0x9f3530af -> rs1_data=0x3a00c338 rs2_data=0xc1517450
[PASS] seq=crv_seq_2                              cyc=36 op=RK_BYPASS_BOTH   rs1=25 rs2=25 wb_write=1 wb_rd=25 wb_data=0xc73bc3ab -> rs1_data=0xc73bc3ab rs2_data=0xc73bc3ab
[PASS] seq=crv_seq_2                              cyc=37 op=RK_BYPASS_RS1    rs1=27 rs2=3 wb_write=1 wb_rd=27 wb_data=0x6f6cae2a -> rs1_data=0x6f6cae2a rs2_data=0x251a5c86
[PASS] seq=crv_seq_2                              cyc=38 op=RK_RANDOM        rs1=5 rs2=29 wb_write=1 wb_rd=30 wb_data=0xcc854306 -> rs1_data=0x074f54d0 rs2_data=0x3a00c338
[PASS] seq=crv_seq_2                              cyc=39 op=RK_BYPASS_BOTH   rs1=11 rs2=11 wb_write=1 wb_rd=11 wb_data=0xbe28e96d -> rs1_data=0xbe28e96d rs2_data=0xbe28e96d
[PASS] seq=crv_seq_2                              cyc=40 op=RK_BYPASS_RS1    rs1=22 rs2=23 wb_write=1 wb_rd=22 wb_data=0x4973a02b -> rs1_data=0x4973a02b rs2_data=0x1f4efe64
[PASS] seq=crv_seq_2                              cyc=41 op=RK_BYPASS_BOTH   rs1=4 rs2=4 wb_write=1 wb_rd=4 wb_data=0x5f415da9 -> rs1_data=0x5f415da9 rs2_data=0x5f415da9
[PASS] seq=crv_seq_2                              cyc=42 op=RK_NO_WRITE_READ rs1=22 rs2=25 wb_write=0 wb_rd=21 wb_data=0xee4e6e53 -> rs1_data=0x4973a02b rs2_data=0xc73bc3ab
[PASS] seq=crv_seq_2                              cyc=43 op=RK_RANDOM        rs1=31 rs2=30 wb_write=0 wb_rd=4 wb_data=0xba3e26ee -> rs1_data=0xe99b8e63 rs2_data=0xcc854306
[PASS] seq=crv_seq_2                              cyc=44 op=RK_BYPASS_RS1    rs1=10 rs2=1 wb_write=1 wb_rd=10 wb_data=0x5796add9 -> rs1_data=0x5796add9 rs2_data=0x464c0f33
[PASS] seq=crv_seq_2                              cyc=45 op=RK_BYPASS_RS1    rs1=5 rs2=9 wb_write=1 wb_rd=5 wb_data=0x30b07f21 -> rs1_data=0x30b07f21 rs2_data=0xc71e46fb
[PASS] seq=crv_seq_2                              cyc=46 op=RK_X0_ACCESS     rs1=25 rs2=17 wb_write=1 wb_rd=0 wb_data=0x25ba089e -> rs1_data=0xc73bc3ab rs2_data=0x833d9399
[PASS] seq=crv_seq_2                              cyc=47 op=RK_NO_WRITE_READ rs1=18 rs2=25 wb_write=0 wb_rd=6 wb_data=0xddabc44d -> rs1_data=0xfa891283 rs2_data=0xc73bc3ab
[PASS] seq=crv_seq_2                              cyc=48 op=RK_BYPASS_RS1    rs1=30 rs2=27 wb_write=1 wb_rd=30 wb_data=0x7217bfe5 -> rs1_data=0x7217bfe5 rs2_data=0x6f6cae2a
[PASS] seq=crv_seq_2                              cyc=49 op=RK_BYPASS_RS1    rs1=1 rs2=8 wb_write=1 wb_rd=1 wb_data=0x21c91c1e -> rs1_data=0x21c91c1e rs2_data=0x59c4e3dd
[PASS] seq=crv_seq_2                              cyc=50 op=RK_X0_ACCESS     rs1=15 rs2=25 wb_write=1 wb_rd=0 wb_data=0x7de95862 -> rs1_data=0xfdd13454 rs2_data=0xc73bc3ab
[PASS] seq=crv_seq_2                              cyc=51 op=RK_NO_WRITE_READ rs1=17 rs2=19 wb_write=0 wb_rd=0 wb_data=0xf16cf765 -> rs1_data=0x833d9399 rs2_data=0xc1517450
[PASS] seq=crv_seq_2                              cyc=52 op=RK_BYPASS_BOTH   rs1=26 rs2=26 wb_write=1 wb_rd=26 wb_data=0xc72d9a46 -> rs1_data=0xc72d9a46 rs2_data=0xc72d9a46
[PASS] seq=crv_seq_2                              cyc=53 op=RK_X0_ACCESS     rs1=4 rs2=9 wb_write=1 wb_rd=0 wb_data=0xf2abcdcf -> rs1_data=0x5f415da9 rs2_data=0xc71e46fb
[PASS] seq=crv_seq_2                              cyc=54 op=RK_BYPASS_BOTH   rs1=27 rs2=27 wb_write=1 wb_rd=27 wb_data=0x29688f3f -> rs1_data=0x29688f3f rs2_data=0x29688f3f
[PASS] seq=crv_seq_2                              cyc=55 op=RK_RANDOM        rs1=30 rs2=19 wb_write=1 wb_rd=13 wb_data=0x8b8f6903 -> rs1_data=0x7217bfe5 rs2_data=0xc1517450
[PASS] seq=crv_seq_2                              cyc=56 op=RK_BYPASS_BOTH   rs1=8 rs2=8 wb_write=1 wb_rd=8 wb_data=0x379da9aa -> rs1_data=0x379da9aa rs2_data=0x379da9aa
[PASS] seq=crv_seq_2                              cyc=57 op=RK_X0_ACCESS     rs1=16 rs2=6 wb_write=1 wb_rd=0 wb_data=0xc347ee1f -> rs1_data=0x64ade5db rs2_data=0xb390bc61
[PASS] seq=crv_seq_2                              cyc=58 op=RK_BYPASS_RS1    rs1=8 rs2=30 wb_write=1 wb_rd=8 wb_data=0xc6de9195 -> rs1_data=0xc6de9195 rs2_data=0x7217bfe5
[PASS] seq=crv_seq_2                              cyc=59 op=RK_BYPASS_RS1    rs1=22 rs2=13 wb_write=1 wb_rd=22 wb_data=0xf575c863 -> rs1_data=0xf575c863 rs2_data=0x8b8f6903
[PASS] seq=crv_seq_2                              cyc=60 op=RK_PLAIN_WRITE   rs1=8 rs2=0 wb_write=1 wb_rd=30 wb_data=0x3d66c161 -> rs1_data=0xc6de9195 rs2_data=0x00000000
[PASS] seq=crv_seq_2                              cyc=61 op=RK_RANDOM        rs1=22 rs2=27 wb_write=1 wb_rd=3 wb_data=0xdf0a1ab8 -> rs1_data=0xf575c863 rs2_data=0x29688f3f
[PASS] seq=crv_seq_2                              cyc=62 op=RK_BYPASS_BOTH   rs1=31 rs2=31 wb_write=1 wb_rd=31 wb_data=0xec026f13 -> rs1_data=0xec026f13 rs2_data=0xec026f13
[PASS] seq=crv_seq_2                              cyc=63 op=RK_BYPASS_RS2    rs1=2 rs2=8 wb_write=1 wb_rd=8 wb_data=0x0590cfc9 -> rs1_data=0x6895963e rs2_data=0x0590cfc9
[PASS] seq=crv_seq_2                              cyc=64 op=RK_BYPASS_RS2    rs1=6 rs2=24 wb_write=1 wb_rd=24 wb_data=0x8a634c2b -> rs1_data=0xb390bc61 rs2_data=0x8a634c2b
[PASS] seq=crv_seq_2                              cyc=65 op=RK_PLAIN_WRITE   rs1=12 rs2=15 wb_write=1 wb_rd=7 wb_data=0xa5aa0061 -> rs1_data=0x8b2753a4 rs2_data=0xfdd13454
[PASS] seq=crv_seq_2                              cyc=66 op=RK_BYPASS_RS2    rs1=13 rs2=17 wb_write=1 wb_rd=17 wb_data=0x0e7a49a1 -> rs1_data=0x8b8f6903 rs2_data=0x0e7a49a1
[PASS] seq=crv_seq_2                              cyc=67 op=RK_PLAIN_WRITE   rs1=0 rs2=0 wb_write=1 wb_rd=8 wb_data=0x64d388c4 -> rs1_data=0x00000000 rs2_data=0x00000000
[PASS] seq=crv_seq_2                              cyc=68 op=RK_RANDOM        rs1=12 rs2=20 wb_write=0 wb_rd=16 wb_data=0x25b00c6a -> rs1_data=0x8b2753a4 rs2_data=0xedd15812
[PASS] seq=crv_seq_2                              cyc=69 op=RK_RANDOM        rs1=15 rs2=8 wb_write=0 wb_rd=0 wb_data=0x22251680 -> rs1_data=0xfdd13454 rs2_data=0x64d388c4
[PASS] seq=crv_seq_2                              cyc=70 op=RK_NO_WRITE_READ rs1=24 rs2=11 wb_write=0 wb_rd=8 wb_data=0xe2bb3cdf -> rs1_data=0x8a634c2b rs2_data=0xbe28e96d
[PASS] seq=crv_seq_2                              cyc=71 op=RK_PLAIN_WRITE   rs1=19 rs2=26 wb_write=1 wb_rd=24 wb_data=0x5075d419 -> rs1_data=0xc1517450 rs2_data=0xc72d9a46
[PASS] seq=crv_seq_2                              cyc=72 op=RK_RANDOM        rs1=11 rs2=27 wb_write=1 wb_rd=27 wb_data=0xd627c740 -> rs1_data=0xbe28e96d rs2_data=0xd627c740
[PASS] seq=crv_seq_2                              cyc=73 op=RK_NO_WRITE_READ rs1=2 rs2=3 wb_write=0 wb_rd=17 wb_data=0x9d0f1047 -> rs1_data=0x6895963e rs2_data=0xdf0a1ab8
[PASS] seq=crv_seq_2                              cyc=74 op=RK_PLAIN_WRITE   rs1=27 rs2=9 wb_write=1 wb_rd=17 wb_data=0xfdfa6f1c -> rs1_data=0xd627c740 rs2_data=0xc71e46fb
[PASS] seq=crv_seq_2                              cyc=75 op=RK_BYPASS_BOTH   rs1=13 rs2=13 wb_write=1 wb_rd=13 wb_data=0x7e0d72b8 -> rs1_data=0x7e0d72b8 rs2_data=0x7e0d72b8
[PASS] seq=crv_seq_2                              cyc=76 op=RK_RANDOM        rs1=25 rs2=8 wb_write=0 wb_rd=30 wb_data=0x13e66a03 -> rs1_data=0xc73bc3ab rs2_data=0x64d388c4
[PASS] seq=crv_seq_2                              cyc=77 op=RK_BYPASS_RS2    rs1=29 rs2=30 wb_write=1 wb_rd=30 wb_data=0xa45e518e -> rs1_data=0x3a00c338 rs2_data=0xa45e518e
[PASS] seq=crv_seq_2                              cyc=78 op=RK_RANDOM        rs1=6 rs2=29 wb_write=0 wb_rd=7 wb_data=0xd10e7176 -> rs1_data=0xb390bc61 rs2_data=0x3a00c338
[PASS] seq=crv_seq_2                              cyc=79 op=RK_RANDOM        rs1=16 rs2=14 wb_write=1 wb_rd=26 wb_data=0x2b69b82a -> rs1_data=0x64ade5db rs2_data=0xa991f328
[PASS] seq=crv_seq_2                              cyc=80 op=RK_NO_WRITE_READ rs1=29 rs2=5 wb_write=0 wb_rd=2 wb_data=0xf5c52dac -> rs1_data=0x3a00c338 rs2_data=0x30b07f21
[PASS] seq=crv_seq_2                              cyc=81 op=RK_BYPASS_RS2    rs1=22 rs2=11 wb_write=1 wb_rd=11 wb_data=0xd2005788 -> rs1_data=0xf575c863 rs2_data=0xd2005788
[PASS] seq=crv_seq_2                              cyc=82 op=RK_RANDOM        rs1=24 rs2=25 wb_write=1 wb_rd=28 wb_data=0xfe3ac493 -> rs1_data=0x5075d419 rs2_data=0xc73bc3ab
[PASS] seq=crv_seq_2                              cyc=83 op=RK_BYPASS_RS2    rs1=11 rs2=24 wb_write=1 wb_rd=24 wb_data=0x9359cd1e -> rs1_data=0xd2005788 rs2_data=0x9359cd1e
[PASS] seq=crv_seq_2                              cyc=84 op=RK_RANDOM        rs1=26 rs2=30 wb_write=1 wb_rd=11 wb_data=0x7b903f73 -> rs1_data=0x2b69b82a rs2_data=0xa45e518e
[PASS] seq=crv_seq_2                              cyc=85 op=RK_BYPASS_RS2    rs1=4 rs2=9 wb_write=1 wb_rd=9 wb_data=0x59882986 -> rs1_data=0x5f415da9 rs2_data=0x59882986
[PASS] seq=crv_seq_2                              cyc=86 op=RK_PLAIN_WRITE   rs1=14 rs2=5 wb_write=1 wb_rd=18 wb_data=0x9ae527b0 -> rs1_data=0xa991f328 rs2_data=0x30b07f21
[PASS] seq=crv_seq_2                              cyc=87 op=RK_X0_ACCESS     rs1=7 rs2=27 wb_write=1 wb_rd=0 wb_data=0xff8d6e9b -> rs1_data=0xa5aa0061 rs2_data=0xd627c740
[PASS] seq=crv_seq_2                              cyc=88 op=RK_NO_WRITE_READ rs1=30 rs2=14 wb_write=0 wb_rd=26 wb_data=0x059baa71 -> rs1_data=0xa45e518e rs2_data=0xa991f328
[PASS] seq=crv_seq_2                              cyc=89 op=RK_BYPASS_RS1    rs1=8 rs2=7 wb_write=1 wb_rd=8 wb_data=0xfcbfcd98 -> rs1_data=0xfcbfcd98 rs2_data=0xa5aa0061
[PASS] seq=crv_seq_2                              cyc=90 op=RK_RANDOM        rs1=27 rs2=19 wb_write=0 wb_rd=16 wb_data=0x2e2fa28f -> rs1_data=0xd627c740 rs2_data=0xc1517450
[PASS] seq=crv_seq_2                              cyc=91 op=RK_BYPASS_RS2    rs1=12 rs2=1 wb_write=1 wb_rd=1 wb_data=0xd8dd4a23 -> rs1_data=0x8b2753a4 rs2_data=0xd8dd4a23
[PASS] seq=crv_seq_2                              cyc=92 op=RK_BYPASS_RS2    rs1=9 rs2=20 wb_write=1 wb_rd=20 wb_data=0x0e110be5 -> rs1_data=0x59882986 rs2_data=0x0e110be5
[PASS] seq=crv_seq_2                              cyc=93 op=RK_PLAIN_WRITE   rs1=8 rs2=14 wb_write=1 wb_rd=15 wb_data=0xc9294cb5 -> rs1_data=0xfcbfcd98 rs2_data=0xa991f328
[PASS] seq=crv_seq_2                              cyc=94 op=RK_PLAIN_WRITE   rs1=29 rs2=20 wb_write=1 wb_rd=31 wb_data=0x8d964282 -> rs1_data=0x3a00c338 rs2_data=0x0e110be5
[PASS] seq=crv_seq_2                              cyc=95 op=RK_BYPASS_RS2    rs1=19 rs2=17 wb_write=1 wb_rd=17 wb_data=0x18951ecd -> rs1_data=0xc1517450 rs2_data=0x18951ecd
[PASS] seq=crv_seq_2                              cyc=96 op=RK_X0_ACCESS     rs1=24 rs2=28 wb_write=1 wb_rd=0 wb_data=0x13a38131 -> rs1_data=0x9359cd1e rs2_data=0xfe3ac493
[PASS] seq=crv_seq_2                              cyc=97 op=RK_RANDOM        rs1=24 rs2=20 wb_write=1 wb_rd=7 wb_data=0x28528627 -> rs1_data=0x9359cd1e rs2_data=0x0e110be5
[PASS] seq=crv_seq_2                              cyc=98 op=RK_RANDOM        rs1=9 rs2=1 wb_write=1 wb_rd=20 wb_data=0xfe298497 -> rs1_data=0x59882986 rs2_data=0xd8dd4a23
[PASS] seq=crv_seq_2                              cyc=99 op=RK_X0_ACCESS     rs1=20 rs2=2 wb_write=1 wb_rd=0 wb_data=0x5a5a1d22 -> rs1_data=0xfe298497 rs2_data=0x6895963e
[PASS] seq=crv_seq_2                              cyc=100 op=RK_BYPASS_RS1    rs1=1 rs2=24 wb_write=1 wb_rd=1 wb_data=0x67fd67f9 -> rs1_data=0x67fd67f9 rs2_data=0x9359cd1e
[PASS] seq=crv_seq_2                              cyc=101 op=RK_BYPASS_RS2    rs1=13 rs2=31 wb_write=1 wb_rd=31 wb_data=0x7c9e171e -> rs1_data=0x7e0d72b8 rs2_data=0x7c9e171e
[PASS] seq=crv_seq_2                              cyc=102 op=RK_X0_ACCESS     rs1=9 rs2=23 wb_write=1 wb_rd=0 wb_data=0x4cbdeace -> rs1_data=0x59882986 rs2_data=0x1f4efe64
[PASS] seq=crv_seq_2                              cyc=103 op=RK_BYPASS_RS1    rs1=26 rs2=12 wb_write=1 wb_rd=26 wb_data=0x3b5a757c -> rs1_data=0x3b5a757c rs2_data=0x8b2753a4
[PASS] seq=crv_seq_2                              cyc=104 op=RK_PLAIN_WRITE   rs1=7 rs2=12 wb_write=1 wb_rd=31 wb_data=0xba31645c -> rs1_data=0x28528627 rs2_data=0x8b2753a4
[PASS] seq=crv_seq_2                              cyc=105 op=RK_BYPASS_RS1    rs1=16 rs2=17 wb_write=1 wb_rd=16 wb_data=0xf2bd70e8 -> rs1_data=0xf2bd70e8 rs2_data=0x18951ecd
[PASS] seq=crv_seq_2                              cyc=106 op=RK_X0_ACCESS     rs1=31 rs2=1 wb_write=1 wb_rd=0 wb_data=0x33e5cb43 -> rs1_data=0xba31645c rs2_data=0x67fd67f9
[PASS] seq=crv_seq_2                              cyc=107 op=RK_PLAIN_WRITE   rs1=8 rs2=27 wb_write=1 wb_rd=16 wb_data=0xcf95e3dc -> rs1_data=0xfcbfcd98 rs2_data=0xd627c740
[PASS] seq=crv_seq_2                              cyc=108 op=RK_BYPASS_RS2    rs1=7 rs2=16 wb_write=1 wb_rd=16 wb_data=0xa875e657 -> rs1_data=0x28528627 rs2_data=0xa875e657
[PASS] seq=crv_seq_2                              cyc=109 op=RK_X0_ACCESS     rs1=4 rs2=18 wb_write=1 wb_rd=0 wb_data=0xdeefc5ec -> rs1_data=0x5f415da9 rs2_data=0x9ae527b0
[PASS] seq=crv_seq_2                              cyc=110 op=RK_BYPASS_BOTH   rs1=31 rs2=31 wb_write=1 wb_rd=31 wb_data=0xc4fc1416 -> rs1_data=0xc4fc1416 rs2_data=0xc4fc1416
[PASS] seq=crv_seq_2                              cyc=111 op=RK_RANDOM        rs1=21 rs2=15 wb_write=0 wb_rd=19 wb_data=0xeca12776 -> rs1_data=0x6c5b17ae rs2_data=0xc9294cb5
[PASS] seq=crv_seq_2                              cyc=112 op=RK_BYPASS_RS2    rs1=7 rs2=23 wb_write=1 wb_rd=23 wb_data=0xebccaf05 -> rs1_data=0x28528627 rs2_data=0xebccaf05
[PASS] seq=crv_seq_2                              cyc=113 op=RK_BYPASS_RS2    rs1=8 rs2=20 wb_write=1 wb_rd=20 wb_data=0x67c28398 -> rs1_data=0xfcbfcd98 rs2_data=0x67c28398
[PASS] seq=crv_seq_2                              cyc=114 op=RK_BYPASS_RS1    rs1=13 rs2=11 wb_write=1 wb_rd=13 wb_data=0xf3178096 -> rs1_data=0xf3178096 rs2_data=0x7b903f73
[PASS] seq=crv_seq_2                              cyc=115 op=RK_RANDOM        rs1=19 rs2=18 wb_write=1 wb_rd=18 wb_data=0x3edaec22 -> rs1_data=0xc1517450 rs2_data=0x3edaec22
[PASS] seq=crv_seq_2                              cyc=116 op=RK_RANDOM        rs1=2 rs2=6 wb_write=1 wb_rd=25 wb_data=0x5766169a -> rs1_data=0x6895963e rs2_data=0xb390bc61
[PASS] seq=crv_seq_2                              cyc=117 op=RK_BYPASS_BOTH   rs1=10 rs2=10 wb_write=1 wb_rd=10 wb_data=0x46791bd7 -> rs1_data=0x46791bd7 rs2_data=0x46791bd7
[PASS] seq=crv_seq_2                              cyc=118 op=RK_PLAIN_WRITE   rs1=12 rs2=7 wb_write=1 wb_rd=29 wb_data=0xe7d4642d -> rs1_data=0x8b2753a4 rs2_data=0x28528627
[PASS] seq=crv_seq_2                              cyc=119 op=RK_RANDOM        rs1=12 rs2=28 wb_write=0 wb_rd=11 wb_data=0xad412ca1 -> rs1_data=0x8b2753a4 rs2_data=0xfe3ac493
[PASS] seq=crv_seq_2                              cyc=120 op=RK_BYPASS_RS2    rs1=8 rs2=28 wb_write=1 wb_rd=28 wb_data=0x7975da09 -> rs1_data=0xfcbfcd98 rs2_data=0x7975da09
[PASS] seq=crv_seq_2                              cyc=121 op=RK_BYPASS_RS1    rs1=5 rs2=14 wb_write=1 wb_rd=5 wb_data=0xe86663aa -> rs1_data=0xe86663aa rs2_data=0xa991f328
[PASS] seq=crv_seq_2                              cyc=122 op=RK_NO_WRITE_READ rs1=8 rs2=25 wb_write=0 wb_rd=27 wb_data=0x5f93c528 -> rs1_data=0xfcbfcd98 rs2_data=0x5766169a
[PASS] seq=crv_seq_2                              cyc=123 op=RK_PLAIN_WRITE   rs1=5 rs2=9 wb_write=1 wb_rd=7 wb_data=0xb8359f03 -> rs1_data=0xe86663aa rs2_data=0x59882986
[PASS] seq=crv_seq_2                              cyc=124 op=RK_PLAIN_WRITE   rs1=30 rs2=10 wb_write=1 wb_rd=28 wb_data=0x615b5e4d -> rs1_data=0xa45e518e rs2_data=0x46791bd7
[PASS] seq=crv_seq_2                              cyc=125 op=RK_NO_WRITE_READ rs1=9 rs2=18 wb_write=0 wb_rd=23 wb_data=0xec71eb83 -> rs1_data=0x59882986 rs2_data=0x3edaec22
[PASS] seq=crv_seq_2                              cyc=126 op=RK_BYPASS_RS2    rs1=13 rs2=2 wb_write=1 wb_rd=2 wb_data=0x2106a7c7 -> rs1_data=0xf3178096 rs2_data=0x2106a7c7
[PASS] seq=crv_seq_2                              cyc=127 op=RK_BYPASS_BOTH   rs1=26 rs2=26 wb_write=1 wb_rd=26 wb_data=0x29465208 -> rs1_data=0x29465208 rs2_data=0x29465208
[PASS] seq=crv_seq_2                              cyc=128 op=RK_BYPASS_RS2    rs1=1 rs2=28 wb_write=1 wb_rd=28 wb_data=0x6c89c713 -> rs1_data=0x67fd67f9 rs2_data=0x6c89c713
[PASS] seq=crv_seq_2                              cyc=129 op=RK_PLAIN_WRITE   rs1=18 rs2=4 wb_write=1 wb_rd=16 wb_data=0xf12fa8fc -> rs1_data=0x3edaec22 rs2_data=0x5f415da9
[PASS] seq=crv_seq_2                              cyc=130 op=RK_X0_ACCESS     rs1=5 rs2=12 wb_write=1 wb_rd=0 wb_data=0x22982b2f -> rs1_data=0xe86663aa rs2_data=0x8b2753a4
[PASS] seq=crv_seq_2                              cyc=131 op=RK_RANDOM        rs1=11 rs2=22 wb_write=1 wb_rd=17 wb_data=0x386c7c08 -> rs1_data=0x7b903f73 rs2_data=0xf575c863
[PASS] seq=crv_seq_2                              cyc=132 op=RK_RANDOM        rs1=29 rs2=27 wb_write=1 wb_rd=22 wb_data=0xb5813c76 -> rs1_data=0xe7d4642d rs2_data=0xd627c740
[PASS] seq=crv_seq_2                              cyc=133 op=RK_BYPASS_BOTH   rs1=28 rs2=28 wb_write=1 wb_rd=28 wb_data=0xd9c662df -> rs1_data=0xd9c662df rs2_data=0xd9c662df
[PASS] seq=crv_seq_2                              cyc=134 op=RK_NO_WRITE_READ rs1=26 rs2=14 wb_write=0 wb_rd=26 wb_data=0xcc4a9029 -> rs1_data=0x29465208 rs2_data=0xa991f328
[PASS] seq=crv_seq_2                              cyc=135 op=RK_RANDOM        rs1=15 rs2=11 wb_write=1 wb_rd=11 wb_data=0x31a24f1f -> rs1_data=0xc9294cb5 rs2_data=0x31a24f1f
[PASS] seq=crv_seq_2                              cyc=136 op=RK_NO_WRITE_READ rs1=16 rs2=1 wb_write=0 wb_rd=11 wb_data=0xc3ed1d02 -> rs1_data=0xf12fa8fc rs2_data=0x67fd67f9
[PASS] seq=crv_seq_2                              cyc=137 op=RK_NO_WRITE_READ rs1=26 rs2=30 wb_write=0 wb_rd=22 wb_data=0x164438b6 -> rs1_data=0x29465208 rs2_data=0xa45e518e
[PASS] seq=crv_seq_2                              cyc=138 op=RK_BYPASS_RS2    rs1=20 rs2=10 wb_write=1 wb_rd=10 wb_data=0x7e1f1b9a -> rs1_data=0x67c28398 rs2_data=0x7e1f1b9a
[PASS] seq=crv_seq_2                              cyc=139 op=RK_BYPASS_RS2    rs1=1 rs2=31 wb_write=1 wb_rd=31 wb_data=0xca81e312 -> rs1_data=0x67fd67f9 rs2_data=0xca81e312
[PASS] seq=crv_seq_2                              cyc=140 op=RK_RANDOM        rs1=16 rs2=3 wb_write=0 wb_rd=5 wb_data=0xe24b379a -> rs1_data=0xf12fa8fc rs2_data=0xdf0a1ab8
[PASS] seq=crv_seq_2                              cyc=141 op=RK_BYPASS_RS2    rs1=12 rs2=25 wb_write=1 wb_rd=25 wb_data=0x79252597 -> rs1_data=0x8b2753a4 rs2_data=0x79252597
[PASS] seq=crv_seq_2                              cyc=142 op=RK_BYPASS_RS1    rs1=30 rs2=16 wb_write=1 wb_rd=30 wb_data=0x6fcbdb9e -> rs1_data=0x6fcbdb9e rs2_data=0xf12fa8fc
[PASS] seq=crv_seq_2                              cyc=143 op=RK_BYPASS_RS1    rs1=10 rs2=12 wb_write=1 wb_rd=10 wb_data=0xf4c4f8c9 -> rs1_data=0xf4c4f8c9 rs2_data=0x8b2753a4
[PASS] seq=crv_seq_2                              cyc=144 op=RK_BYPASS_RS2    rs1=2 rs2=24 wb_write=1 wb_rd=24 wb_data=0x798dc47b -> rs1_data=0x2106a7c7 rs2_data=0x798dc47b
[PASS] seq=crv_seq_2                              cyc=145 op=RK_BYPASS_RS1    rs1=3 rs2=14 wb_write=1 wb_rd=3 wb_data=0x7da8b29a -> rs1_data=0x7da8b29a rs2_data=0xa991f328
[PASS] seq=crv_seq_2                              cyc=146 op=RK_NO_WRITE_READ rs1=31 rs2=6 wb_write=0 wb_rd=14 wb_data=0x3d161a0b -> rs1_data=0xca81e312 rs2_data=0xb390bc61
[PASS] seq=crv_seq_2                              cyc=147 op=RK_X0_ACCESS     rs1=15 rs2=0 wb_write=1 wb_rd=0 wb_data=0xf2d6a4e9 -> rs1_data=0xc9294cb5 rs2_data=0x00000000
[PASS] seq=crv_seq_2                              cyc=148 op=RK_BYPASS_RS1    rs1=12 rs2=22 wb_write=1 wb_rd=12 wb_data=0xaa2a5fec -> rs1_data=0xaa2a5fec rs2_data=0xb5813c76
[PASS] seq=crv_seq_2                              cyc=149 op=RK_BYPASS_RS1    rs1=20 rs2=16 wb_write=1 wb_rd=20 wb_data=0x261f5679 -> rs1_data=0x261f5679 rs2_data=0xf12fa8fc
[PASS] seq=crv_seq_2                              cyc=150 op=RK_PLAIN_WRITE   rs1=19 rs2=7 wb_write=1 wb_rd=28 wb_data=0x9f4df4e9 -> rs1_data=0xc1517450 rs2_data=0xb8359f03
[PASS] seq=crv_seq_2                              cyc=151 op=RK_PLAIN_WRITE   rs1=29 rs2=15 wb_write=1 wb_rd=28 wb_data=0x07e80b2a -> rs1_data=0xe7d4642d rs2_data=0xc9294cb5
[PASS] seq=crv_seq_2                              cyc=152 op=RK_PLAIN_WRITE   rs1=8 rs2=27 wb_write=1 wb_rd=17 wb_data=0xf267d1ec -> rs1_data=0xfcbfcd98 rs2_data=0xd627c740
[PASS] seq=crv_seq_2                              cyc=153 op=RK_RANDOM        rs1=3 rs2=9 wb_write=1 wb_rd=4 wb_data=0xaba6b051 -> rs1_data=0x7da8b29a rs2_data=0x59882986
[PASS] seq=crv_seq_2                              cyc=154 op=RK_BYPASS_BOTH   rs1=10 rs2=10 wb_write=1 wb_rd=10 wb_data=0xb71e955f -> rs1_data=0xb71e955f rs2_data=0xb71e955f
[PASS] seq=crv_seq_2                              cyc=155 op=RK_BYPASS_BOTH   rs1=9 rs2=9 wb_write=1 wb_rd=9 wb_data=0x1df248ca -> rs1_data=0x1df248ca rs2_data=0x1df248ca
[PASS] seq=crv_seq_2                              cyc=156 op=RK_BYPASS_RS1    rs1=13 rs2=9 wb_write=1 wb_rd=13 wb_data=0xaec9ba41 -> rs1_data=0xaec9ba41 rs2_data=0x1df248ca
[PASS] seq=crv_seq_2                              cyc=157 op=RK_BYPASS_RS1    rs1=14 rs2=26 wb_write=1 wb_rd=14 wb_data=0x6987f8bb -> rs1_data=0x6987f8bb rs2_data=0x29465208
[PASS] seq=crv_seq_2                              cyc=158 op=RK_BYPASS_RS2    rs1=14 rs2=6 wb_write=1 wb_rd=6 wb_data=0xa407b377 -> rs1_data=0x6987f8bb rs2_data=0xa407b377
[PASS] seq=crv_seq_2                              cyc=159 op=RK_BYPASS_BOTH   rs1=5 rs2=5 wb_write=1 wb_rd=5 wb_data=0x81901b97 -> rs1_data=0x81901b97 rs2_data=0x81901b97
[PASS] seq=crv_seq_2                              cyc=160 op=RK_BYPASS_RS1    rs1=13 rs2=23 wb_write=1 wb_rd=13 wb_data=0x7e76296b -> rs1_data=0x7e76296b rs2_data=0xebccaf05
[PASS] seq=crv_seq_2                              cyc=161 op=RK_X0_ACCESS     rs1=12 rs2=26 wb_write=1 wb_rd=0 wb_data=0x518bf10f -> rs1_data=0xaa2a5fec rs2_data=0x29465208
[PASS] seq=crv_seq_2                              cyc=162 op=RK_BYPASS_BOTH   rs1=12 rs2=12 wb_write=1 wb_rd=12 wb_data=0xeaf064cf -> rs1_data=0xeaf064cf rs2_data=0xeaf064cf
[PASS] seq=crv_seq_2                              cyc=163 op=RK_X0_ACCESS     rs1=1 rs2=31 wb_write=1 wb_rd=0 wb_data=0xb5fce9de -> rs1_data=0x67fd67f9 rs2_data=0xca81e312
[PASS] seq=crv_seq_2                              cyc=164 op=RK_BYPASS_RS1    rs1=15 rs2=16 wb_write=1 wb_rd=15 wb_data=0x909dbbab -> rs1_data=0x909dbbab rs2_data=0xf12fa8fc
[PASS] seq=crv_seq_2                              cyc=165 op=RK_BYPASS_BOTH   rs1=16 rs2=16 wb_write=1 wb_rd=16 wb_data=0xbfc92662 -> rs1_data=0xbfc92662 rs2_data=0xbfc92662
[PASS] seq=crv_seq_2                              cyc=166 op=RK_RANDOM        rs1=28 rs2=14 wb_write=1 wb_rd=20 wb_data=0xa982b428 -> rs1_data=0x07e80b2a rs2_data=0x6987f8bb
[PASS] seq=crv_seq_2                              cyc=167 op=RK_RANDOM        rs1=7 rs2=26 wb_write=0 wb_rd=29 wb_data=0xf84a08fc -> rs1_data=0xb8359f03 rs2_data=0x29465208
[PASS] seq=crv_seq_2                              cyc=168 op=RK_NO_WRITE_READ rs1=1 rs2=18 wb_write=0 wb_rd=18 wb_data=0x578426a9 -> rs1_data=0x67fd67f9 rs2_data=0x3edaec22
[PASS] seq=crv_seq_2                              cyc=169 op=RK_BYPASS_RS2    rs1=30 rs2=18 wb_write=1 wb_rd=18 wb_data=0x62031d41 -> rs1_data=0x6fcbdb9e rs2_data=0x62031d41
[PASS] seq=crv_seq_2                              cyc=170 op=RK_PLAIN_WRITE   rs1=27 rs2=30 wb_write=1 wb_rd=19 wb_data=0xe061f34f -> rs1_data=0xd627c740 rs2_data=0x6fcbdb9e
[PASS] seq=crv_seq_2                              cyc=171 op=RK_BYPASS_RS2    rs1=26 rs2=22 wb_write=1 wb_rd=22 wb_data=0x2d2c14cf -> rs1_data=0x29465208 rs2_data=0x2d2c14cf
[PASS] seq=crv_seq_2                              cyc=172 op=RK_RANDOM        rs1=31 rs2=27 wb_write=0 wb_rd=28 wb_data=0x3c1ec98c -> rs1_data=0xca81e312 rs2_data=0xd627c740
[PASS] seq=crv_seq_2                              cyc=173 op=RK_X0_ACCESS     rs1=30 rs2=3 wb_write=1 wb_rd=0 wb_data=0x94d80f98 -> rs1_data=0x6fcbdb9e rs2_data=0x7da8b29a
[PASS] seq=crv_seq_2                              cyc=174 op=RK_NO_WRITE_READ rs1=16 rs2=19 wb_write=0 wb_rd=21 wb_data=0x617d6937 -> rs1_data=0xbfc92662 rs2_data=0xe061f34f
[PASS] seq=crv_seq_2                              cyc=175 op=RK_RANDOM        rs1=9 rs2=14 wb_write=0 wb_rd=31 wb_data=0xa88deb0b -> rs1_data=0x1df248ca rs2_data=0x6987f8bb
[PASS] seq=crv_seq_2                              cyc=176 op=RK_RANDOM        rs1=9 rs2=29 wb_write=1 wb_rd=18 wb_data=0xedda06e5 -> rs1_data=0x1df248ca rs2_data=0xe7d4642d
[PASS] seq=crv_seq_2                              cyc=177 op=RK_PLAIN_WRITE   rs1=25 rs2=9 wb_write=1 wb_rd=29 wb_data=0xf0ac5505 -> rs1_data=0x79252597 rs2_data=0x1df248ca
[PASS] seq=crv_seq_2                              cyc=178 op=RK_BYPASS_RS1    rs1=27 rs2=11 wb_write=1 wb_rd=27 wb_data=0x4defa6b6 -> rs1_data=0x4defa6b6 rs2_data=0x31a24f1f
[PASS] seq=crv_seq_2                              cyc=179 op=RK_BYPASS_RS1    rs1=9 rs2=4 wb_write=1 wb_rd=9 wb_data=0x0d79b939 -> rs1_data=0x0d79b939 rs2_data=0xaba6b051
[PASS] seq=crv_seq_2                              cyc=180 op=RK_NO_WRITE_READ rs1=21 rs2=24 wb_write=0 wb_rd=20 wb_data=0xa4d7d8ae -> rs1_data=0x6c5b17ae rs2_data=0x798dc47b
[PASS] seq=crv_seq_2                              cyc=181 op=RK_BYPASS_RS1    rs1=7 rs2=28 wb_write=1 wb_rd=7 wb_data=0x72b820f2 -> rs1_data=0x72b820f2 rs2_data=0x07e80b2a
[PASS] seq=crv_seq_2                              cyc=182 op=RK_PLAIN_WRITE   rs1=31 rs2=16 wb_write=1 wb_rd=6 wb_data=0x807e79fc -> rs1_data=0xca81e312 rs2_data=0xbfc92662
[PASS] seq=crv_seq_2                              cyc=183 op=RK_BYPASS_RS1    rs1=27 rs2=20 wb_write=1 wb_rd=27 wb_data=0xd1b0d32e -> rs1_data=0xd1b0d32e rs2_data=0xa982b428
[PASS] seq=crv_seq_2                              cyc=184 op=RK_PLAIN_WRITE   rs1=22 rs2=20 wb_write=1 wb_rd=11 wb_data=0xb2f22a8d -> rs1_data=0x2d2c14cf rs2_data=0xa982b428
[PASS] seq=crv_seq_2                              cyc=185 op=RK_PLAIN_WRITE   rs1=23 rs2=5 wb_write=1 wb_rd=27 wb_data=0x05fbfe03 -> rs1_data=0xebccaf05 rs2_data=0x81901b97
[PASS] seq=crv_seq_2                              cyc=186 op=RK_BYPASS_RS1    rs1=20 rs2=31 wb_write=1 wb_rd=20 wb_data=0xce8016ef -> rs1_data=0xce8016ef rs2_data=0xca81e312
[PASS] seq=crv_seq_2                              cyc=187 op=RK_RANDOM        rs1=12 rs2=24 wb_write=1 wb_rd=30 wb_data=0xe516b9c6 -> rs1_data=0xeaf064cf rs2_data=0x798dc47b
[PASS] seq=crv_seq_2                              cyc=188 op=RK_BYPASS_RS1    rs1=16 rs2=24 wb_write=1 wb_rd=16 wb_data=0xd26c40d8 -> rs1_data=0xd26c40d8 rs2_data=0x798dc47b
[PASS] seq=crv_seq_2                              cyc=189 op=RK_BYPASS_RS1    rs1=4 rs2=0 wb_write=1 wb_rd=4 wb_data=0x8d0dd2e4 -> rs1_data=0x8d0dd2e4 rs2_data=0x00000000
[PASS] seq=crv_seq_2                              cyc=190 op=RK_BYPASS_BOTH   rs1=12 rs2=12 wb_write=1 wb_rd=12 wb_data=0x8cab1269 -> rs1_data=0x8cab1269 rs2_data=0x8cab1269
[PASS] seq=crv_seq_2                              cyc=191 op=RK_BYPASS_RS1    rs1=18 rs2=12 wb_write=1 wb_rd=18 wb_data=0x46ce2d75 -> rs1_data=0x46ce2d75 rs2_data=0x8cab1269
[PASS] seq=crv_seq_2                              cyc=192 op=RK_PLAIN_WRITE   rs1=16 rs2=22 wb_write=1 wb_rd=4 wb_data=0x64622c03 -> rs1_data=0xd26c40d8 rs2_data=0x2d2c14cf
[PASS] seq=crv_seq_2                              cyc=193 op=RK_X0_ACCESS     rs1=25 rs2=3 wb_write=1 wb_rd=0 wb_data=0xc350c056 -> rs1_data=0x79252597 rs2_data=0x7da8b29a
[PASS] seq=crv_seq_2                              cyc=194 op=RK_BYPASS_RS2    rs1=31 rs2=24 wb_write=1 wb_rd=24 wb_data=0x105eb7ac -> rs1_data=0xca81e312 rs2_data=0x105eb7ac
[PASS] seq=crv_seq_2                              cyc=195 op=RK_RANDOM        rs1=26 rs2=0 wb_write=0 wb_rd=5 wb_data=0x129122b9 -> rs1_data=0x29465208 rs2_data=0x00000000
[PASS] seq=crv_seq_2                              cyc=196 op=RK_NO_WRITE_READ rs1=17 rs2=31 wb_write=0 wb_rd=6 wb_data=0xe3de3d3d -> rs1_data=0xf267d1ec rs2_data=0xca81e312
[PASS] seq=crv_seq_2                              cyc=197 op=RK_PLAIN_WRITE   rs1=19 rs2=3 wb_write=1 wb_rd=1 wb_data=0x38d24a51 -> rs1_data=0xe061f34f rs2_data=0x7da8b29a
[PASS] seq=crv_seq_2                              cyc=198 op=RK_BYPASS_RS1    rs1=27 rs2=26 wb_write=1 wb_rd=27 wb_data=0xac29632c -> rs1_data=0xac29632c rs2_data=0x29465208
[PASS] seq=crv_seq_2                              cyc=199 op=RK_BYPASS_RS2    rs1=5 rs2=28 wb_write=1 wb_rd=28 wb_data=0x87ed366c -> rs1_data=0x81901b97 rs2_data=0x87ed366c
[PASS] seq=crv_seq_3                              cyc=0 op=RK_BYPASS_RS2    rs1=18 rs2=16 wb_write=1 wb_rd=16 wb_data=0xf5310039 -> rs1_data=0x46ce2d75 rs2_data=0xf5310039
[PASS] seq=crv_seq_3                              cyc=1 op=RK_X0_ACCESS     rs1=26 rs2=12 wb_write=1 wb_rd=0 wb_data=0xf3198413 -> rs1_data=0x29465208 rs2_data=0x8cab1269
[PASS] seq=crv_seq_3                              cyc=2 op=RK_PLAIN_WRITE   rs1=3 rs2=0 wb_write=1 wb_rd=9 wb_data=0xe15ca1b9 -> rs1_data=0x7da8b29a rs2_data=0x00000000
[PASS] seq=crv_seq_3                              cyc=3 op=RK_BYPASS_RS1    rs1=6 rs2=2 wb_write=1 wb_rd=6 wb_data=0x4a212502 -> rs1_data=0x4a212502 rs2_data=0x2106a7c7
[PASS] seq=crv_seq_3                              cyc=4 op=RK_BYPASS_RS2    rs1=27 rs2=4 wb_write=1 wb_rd=4 wb_data=0xc4c06f85 -> rs1_data=0xac29632c rs2_data=0xc4c06f85
[PASS] seq=crv_seq_3                              cyc=5 op=RK_BYPASS_RS2    rs1=21 rs2=16 wb_write=1 wb_rd=16 wb_data=0xe737993b -> rs1_data=0x6c5b17ae rs2_data=0xe737993b
[PASS] seq=crv_seq_3                              cyc=6 op=RK_RANDOM        rs1=27 rs2=12 wb_write=0 wb_rd=8 wb_data=0x4b256970 -> rs1_data=0xac29632c rs2_data=0x8cab1269
[PASS] seq=crv_seq_3                              cyc=7 op=RK_PLAIN_WRITE   rs1=18 rs2=14 wb_write=1 wb_rd=1 wb_data=0x9ee0e3c9 -> rs1_data=0x46ce2d75 rs2_data=0x6987f8bb
[PASS] seq=crv_seq_3                              cyc=8 op=RK_RANDOM        rs1=3 rs2=24 wb_write=0 wb_rd=8 wb_data=0xb8a2ffd3 -> rs1_data=0x7da8b29a rs2_data=0x105eb7ac
[PASS] seq=crv_seq_3                              cyc=9 op=RK_PLAIN_WRITE   rs1=26 rs2=31 wb_write=1 wb_rd=11 wb_data=0xf63e85b2 -> rs1_data=0x29465208 rs2_data=0xca81e312
[PASS] seq=crv_seq_3                              cyc=10 op=RK_BYPASS_RS1    rs1=21 rs2=27 wb_write=1 wb_rd=21 wb_data=0xd9d5d76f -> rs1_data=0xd9d5d76f rs2_data=0xac29632c
[PASS] seq=crv_seq_3                              cyc=11 op=RK_X0_ACCESS     rs1=5 rs2=19 wb_write=1 wb_rd=0 wb_data=0xfa106463 -> rs1_data=0x81901b97 rs2_data=0xe061f34f
[PASS] seq=crv_seq_3                              cyc=12 op=RK_BYPASS_RS1    rs1=14 rs2=29 wb_write=1 wb_rd=14 wb_data=0xbff77a8c -> rs1_data=0xbff77a8c rs2_data=0xf0ac5505
[PASS] seq=crv_seq_3                              cyc=13 op=RK_NO_WRITE_READ rs1=28 rs2=11 wb_write=0 wb_rd=18 wb_data=0x24ff4c56 -> rs1_data=0x87ed366c rs2_data=0xf63e85b2
[PASS] seq=crv_seq_3                              cyc=14 op=RK_PLAIN_WRITE   rs1=1 rs2=8 wb_write=1 wb_rd=14 wb_data=0x04bbc675 -> rs1_data=0x9ee0e3c9 rs2_data=0xfcbfcd98
[PASS] seq=crv_seq_3                              cyc=15 op=RK_BYPASS_RS1    rs1=20 rs2=25 wb_write=1 wb_rd=20 wb_data=0xcc13ccb0 -> rs1_data=0xcc13ccb0 rs2_data=0x79252597
[PASS] seq=crv_seq_3                              cyc=16 op=RK_BYPASS_RS1    rs1=19 rs2=30 wb_write=1 wb_rd=19 wb_data=0x3beccae2 -> rs1_data=0x3beccae2 rs2_data=0xe516b9c6
[PASS] seq=crv_seq_3                              cyc=17 op=RK_BYPASS_BOTH   rs1=26 rs2=26 wb_write=1 wb_rd=26 wb_data=0xd5702312 -> rs1_data=0xd5702312 rs2_data=0xd5702312
[PASS] seq=crv_seq_3                              cyc=18 op=RK_RANDOM        rs1=19 rs2=15 wb_write=0 wb_rd=27 wb_data=0xff4757ab -> rs1_data=0x3beccae2 rs2_data=0x909dbbab
[PASS] seq=crv_seq_3                              cyc=19 op=RK_BYPASS_BOTH   rs1=16 rs2=16 wb_write=1 wb_rd=16 wb_data=0xf209d321 -> rs1_data=0xf209d321 rs2_data=0xf209d321
[PASS] seq=crv_seq_3                              cyc=20 op=RK_RANDOM        rs1=22 rs2=26 wb_write=0 wb_rd=12 wb_data=0xbfc074ce -> rs1_data=0x2d2c14cf rs2_data=0xd5702312
[PASS] seq=crv_seq_3                              cyc=21 op=RK_BYPASS_RS2    rs1=14 rs2=4 wb_write=1 wb_rd=4 wb_data=0xe79ee2e3 -> rs1_data=0x04bbc675 rs2_data=0xe79ee2e3
[PASS] seq=crv_seq_3                              cyc=22 op=RK_BYPASS_RS2    rs1=19 rs2=14 wb_write=1 wb_rd=14 wb_data=0x73cf90e4 -> rs1_data=0x3beccae2 rs2_data=0x73cf90e4
[PASS] seq=crv_seq_3                              cyc=23 op=RK_RANDOM        rs1=3 rs2=19 wb_write=0 wb_rd=17 wb_data=0x97e90b51 -> rs1_data=0x7da8b29a rs2_data=0x3beccae2
[PASS] seq=crv_seq_3                              cyc=24 op=RK_BYPASS_RS2    rs1=19 rs2=17 wb_write=1 wb_rd=17 wb_data=0x276c4ceb -> rs1_data=0x3beccae2 rs2_data=0x276c4ceb
[PASS] seq=crv_seq_3                              cyc=25 op=RK_RANDOM        rs1=11 rs2=12 wb_write=1 wb_rd=25 wb_data=0x96af11c1 -> rs1_data=0xf63e85b2 rs2_data=0x8cab1269
[PASS] seq=crv_seq_3                              cyc=26 op=RK_RANDOM        rs1=0 rs2=22 wb_write=0 wb_rd=8 wb_data=0x9b17b58a -> rs1_data=0x00000000 rs2_data=0x2d2c14cf
[PASS] seq=crv_seq_3                              cyc=27 op=RK_PLAIN_WRITE   rs1=18 rs2=4 wb_write=1 wb_rd=2 wb_data=0xeb854108 -> rs1_data=0x46ce2d75 rs2_data=0xe79ee2e3
[PASS] seq=crv_seq_3                              cyc=28 op=RK_RANDOM        rs1=7 rs2=29 wb_write=0 wb_rd=15 wb_data=0x2196fe3a -> rs1_data=0x72b820f2 rs2_data=0xf0ac5505
[PASS] seq=crv_seq_3                              cyc=29 op=RK_PLAIN_WRITE   rs1=13 rs2=21 wb_write=1 wb_rd=25 wb_data=0xf15dbe4c -> rs1_data=0x7e76296b rs2_data=0xd9d5d76f
[PASS] seq=crv_seq_3                              cyc=30 op=RK_X0_ACCESS     rs1=1 rs2=24 wb_write=1 wb_rd=0 wb_data=0xaa7616a3 -> rs1_data=0x9ee0e3c9 rs2_data=0x105eb7ac
[PASS] seq=crv_seq_3                              cyc=31 op=RK_RANDOM        rs1=9 rs2=1 wb_write=1 wb_rd=3 wb_data=0xdabba6ed -> rs1_data=0xe15ca1b9 rs2_data=0x9ee0e3c9
[PASS] seq=crv_seq_3                              cyc=32 op=RK_BYPASS_RS1    rs1=22 rs2=28 wb_write=1 wb_rd=22 wb_data=0x16182c1c -> rs1_data=0x16182c1c rs2_data=0x87ed366c
[PASS] seq=crv_seq_3                              cyc=33 op=RK_NO_WRITE_READ rs1=14 rs2=4 wb_write=0 wb_rd=1 wb_data=0x7f7fc0d5 -> rs1_data=0x73cf90e4 rs2_data=0xe79ee2e3
[PASS] seq=crv_seq_3                              cyc=34 op=RK_BYPASS_RS1    rs1=16 rs2=10 wb_write=1 wb_rd=16 wb_data=0xd9ae05bd -> rs1_data=0xd9ae05bd rs2_data=0xb71e955f
[PASS] seq=crv_seq_3                              cyc=35 op=RK_RANDOM        rs1=24 rs2=14 wb_write=0 wb_rd=11 wb_data=0xbcec3e5c -> rs1_data=0x105eb7ac rs2_data=0x73cf90e4
[PASS] seq=crv_seq_3                              cyc=36 op=RK_PLAIN_WRITE   rs1=16 rs2=24 wb_write=1 wb_rd=17 wb_data=0x3eea0ab5 -> rs1_data=0xd9ae05bd rs2_data=0x105eb7ac
[PASS] seq=crv_seq_3                              cyc=37 op=RK_RANDOM        rs1=8 rs2=26 wb_write=1 wb_rd=23 wb_data=0x52a098a2 -> rs1_data=0xfcbfcd98 rs2_data=0xd5702312
[PASS] seq=crv_seq_3                              cyc=38 op=RK_NO_WRITE_READ rs1=6 rs2=23 wb_write=0 wb_rd=17 wb_data=0x55dae187 -> rs1_data=0x4a212502 rs2_data=0x52a098a2
[PASS] seq=crv_seq_3                              cyc=39 op=RK_X0_ACCESS     rs1=14 rs2=3 wb_write=1 wb_rd=0 wb_data=0x2151fbf3 -> rs1_data=0x73cf90e4 rs2_data=0xdabba6ed
[PASS] seq=crv_seq_3                              cyc=40 op=RK_BYPASS_RS2    rs1=25 rs2=12 wb_write=1 wb_rd=12 wb_data=0xc42761ca -> rs1_data=0xf15dbe4c rs2_data=0xc42761ca
[PASS] seq=crv_seq_3                              cyc=41 op=RK_BYPASS_RS1    rs1=11 rs2=2 wb_write=1 wb_rd=11 wb_data=0x5cb24327 -> rs1_data=0x5cb24327 rs2_data=0xeb854108
[PASS] seq=crv_seq_3                              cyc=42 op=RK_PLAIN_WRITE   rs1=31 rs2=5 wb_write=1 wb_rd=8 wb_data=0x511846e5 -> rs1_data=0xca81e312 rs2_data=0x81901b97
[PASS] seq=crv_seq_3                              cyc=43 op=RK_PLAIN_WRITE   rs1=1 rs2=28 wb_write=1 wb_rd=21 wb_data=0xbb1f8371 -> rs1_data=0x9ee0e3c9 rs2_data=0x87ed366c
[PASS] seq=crv_seq_3                              cyc=44 op=RK_BYPASS_BOTH   rs1=7 rs2=7 wb_write=1 wb_rd=7 wb_data=0x14acd3a2 -> rs1_data=0x14acd3a2 rs2_data=0x14acd3a2
[PASS] seq=crv_seq_3                              cyc=45 op=RK_PLAIN_WRITE   rs1=7 rs2=13 wb_write=1 wb_rd=17 wb_data=0x65d178e9 -> rs1_data=0x14acd3a2 rs2_data=0x7e76296b
[PASS] seq=crv_seq_3                              cyc=46 op=RK_BYPASS_BOTH   rs1=25 rs2=25 wb_write=1 wb_rd=25 wb_data=0x0209dc99 -> rs1_data=0x0209dc99 rs2_data=0x0209dc99
[PASS] seq=crv_seq_3                              cyc=47 op=RK_PLAIN_WRITE   rs1=9 rs2=11 wb_write=1 wb_rd=7 wb_data=0x0a676fc4 -> rs1_data=0xe15ca1b9 rs2_data=0x5cb24327
[PASS] seq=crv_seq_3                              cyc=48 op=RK_RANDOM        rs1=20 rs2=31 wb_write=0 wb_rd=23 wb_data=0x149776a4 -> rs1_data=0xcc13ccb0 rs2_data=0xca81e312
[PASS] seq=crv_seq_3                              cyc=49 op=RK_PLAIN_WRITE   rs1=16 rs2=26 wb_write=1 wb_rd=10 wb_data=0x06ebe077 -> rs1_data=0xd9ae05bd rs2_data=0xd5702312
[PASS] seq=crv_seq_3                              cyc=50 op=RK_BYPASS_BOTH   rs1=16 rs2=16 wb_write=1 wb_rd=16 wb_data=0xdb140652 -> rs1_data=0xdb140652 rs2_data=0xdb140652
[PASS] seq=crv_seq_3                              cyc=51 op=RK_BYPASS_BOTH   rs1=18 rs2=18 wb_write=1 wb_rd=18 wb_data=0xcf205689 -> rs1_data=0xcf205689 rs2_data=0xcf205689
[PASS] seq=crv_seq_3                              cyc=52 op=RK_PLAIN_WRITE   rs1=2 rs2=31 wb_write=1 wb_rd=28 wb_data=0x45337811 -> rs1_data=0xeb854108 rs2_data=0xca81e312
[PASS] seq=crv_seq_3                              cyc=53 op=RK_X0_ACCESS     rs1=0 rs2=3 wb_write=1 wb_rd=0 wb_data=0xb17d7798 -> rs1_data=0x00000000 rs2_data=0xdabba6ed
[PASS] seq=crv_seq_3                              cyc=54 op=RK_RANDOM        rs1=14 rs2=8 wb_write=1 wb_rd=14 wb_data=0x0706b483 -> rs1_data=0x0706b483 rs2_data=0x511846e5
[PASS] seq=crv_seq_3                              cyc=55 op=RK_PLAIN_WRITE   rs1=22 rs2=15 wb_write=1 wb_rd=14 wb_data=0xa8c56049 -> rs1_data=0x16182c1c rs2_data=0x909dbbab
[PASS] seq=crv_seq_3                              cyc=56 op=RK_NO_WRITE_READ rs1=3 rs2=17 wb_write=0 wb_rd=13 wb_data=0xc8617ce8 -> rs1_data=0xdabba6ed rs2_data=0x65d178e9
[PASS] seq=crv_seq_3                              cyc=57 op=RK_BYPASS_BOTH   rs1=2 rs2=2 wb_write=1 wb_rd=2 wb_data=0x1e89bd1d -> rs1_data=0x1e89bd1d rs2_data=0x1e89bd1d
[PASS] seq=crv_seq_3                              cyc=58 op=RK_NO_WRITE_READ rs1=1 rs2=30 wb_write=0 wb_rd=5 wb_data=0x7e0b78c8 -> rs1_data=0x9ee0e3c9 rs2_data=0xe516b9c6
[PASS] seq=crv_seq_3                              cyc=59 op=RK_BYPASS_RS2    rs1=25 rs2=1 wb_write=1 wb_rd=1 wb_data=0x7c41817c -> rs1_data=0x0209dc99 rs2_data=0x7c41817c
[PASS] seq=crv_seq_3                              cyc=60 op=RK_BYPASS_RS1    rs1=23 rs2=24 wb_write=1 wb_rd=23 wb_data=0x3bd81bdd -> rs1_data=0x3bd81bdd rs2_data=0x105eb7ac
[PASS] seq=crv_seq_3                              cyc=61 op=RK_PLAIN_WRITE   rs1=22 rs2=18 wb_write=1 wb_rd=21 wb_data=0xef778c54 -> rs1_data=0x16182c1c rs2_data=0xcf205689
[PASS] seq=crv_seq_3                              cyc=62 op=RK_BYPASS_RS2    rs1=23 rs2=27 wb_write=1 wb_rd=27 wb_data=0x197adc44 -> rs1_data=0x3bd81bdd rs2_data=0x197adc44
[PASS] seq=crv_seq_3                              cyc=63 op=RK_RANDOM        rs1=24 rs2=9 wb_write=0 wb_rd=9 wb_data=0x8b358b81 -> rs1_data=0x105eb7ac rs2_data=0xe15ca1b9
[PASS] seq=crv_seq_3                              cyc=64 op=RK_BYPASS_RS1    rs1=26 rs2=8 wb_write=1 wb_rd=26 wb_data=0x09783e03 -> rs1_data=0x09783e03 rs2_data=0x511846e5
[PASS] seq=crv_seq_3                              cyc=65 op=RK_RANDOM        rs1=4 rs2=27 wb_write=1 wb_rd=7 wb_data=0x21b0f920 -> rs1_data=0xe79ee2e3 rs2_data=0x197adc44
[PASS] seq=crv_seq_3                              cyc=66 op=RK_BYPASS_RS1    rs1=12 rs2=30 wb_write=1 wb_rd=12 wb_data=0x1446b85c -> rs1_data=0x1446b85c rs2_data=0xe516b9c6
[PASS] seq=crv_seq_3                              cyc=67 op=RK_BYPASS_RS1    rs1=7 rs2=1 wb_write=1 wb_rd=7 wb_data=0xe129a375 -> rs1_data=0xe129a375 rs2_data=0x7c41817c
[PASS] seq=crv_seq_3                              cyc=68 op=RK_BYPASS_RS1    rs1=12 rs2=2 wb_write=1 wb_rd=12 wb_data=0xfae90ae3 -> rs1_data=0xfae90ae3 rs2_data=0x1e89bd1d
[PASS] seq=crv_seq_3                              cyc=69 op=RK_BYPASS_RS2    rs1=9 rs2=1 wb_write=1 wb_rd=1 wb_data=0xb304155d -> rs1_data=0xe15ca1b9 rs2_data=0xb304155d
[PASS] seq=crv_seq_3                              cyc=70 op=RK_NO_WRITE_READ rs1=13 rs2=23 wb_write=0 wb_rd=29 wb_data=0xd6bb45e5 -> rs1_data=0x7e76296b rs2_data=0x3bd81bdd
[PASS] seq=crv_seq_3                              cyc=71 op=RK_X0_ACCESS     rs1=31 rs2=0 wb_write=1 wb_rd=0 wb_data=0xc5cf1525 -> rs1_data=0xca81e312 rs2_data=0x00000000
[PASS] seq=crv_seq_3                              cyc=72 op=RK_BYPASS_RS1    rs1=2 rs2=6 wb_write=1 wb_rd=2 wb_data=0xb63e824d -> rs1_data=0xb63e824d rs2_data=0x4a212502
[PASS] seq=crv_seq_3                              cyc=73 op=RK_RANDOM        rs1=10 rs2=28 wb_write=0 wb_rd=23 wb_data=0xc7bd427d -> rs1_data=0x06ebe077 rs2_data=0x45337811
[PASS] seq=crv_seq_3                              cyc=74 op=RK_BYPASS_RS2    rs1=8 rs2=24 wb_write=1 wb_rd=24 wb_data=0x942340f0 -> rs1_data=0x511846e5 rs2_data=0x942340f0
[PASS] seq=crv_seq_3                              cyc=75 op=RK_BYPASS_RS2    rs1=20 rs2=28 wb_write=1 wb_rd=28 wb_data=0xe0593c9e -> rs1_data=0xcc13ccb0 rs2_data=0xe0593c9e
[PASS] seq=crv_seq_3                              cyc=76 op=RK_PLAIN_WRITE   rs1=6 rs2=17 wb_write=1 wb_rd=20 wb_data=0x51ea1efa -> rs1_data=0x4a212502 rs2_data=0x65d178e9
[PASS] seq=crv_seq_3                              cyc=77 op=RK_PLAIN_WRITE   rs1=13 rs2=13 wb_write=1 wb_rd=17 wb_data=0x64380fe9 -> rs1_data=0x7e76296b rs2_data=0x7e76296b
[PASS] seq=crv_seq_3                              cyc=78 op=RK_RANDOM        rs1=7 rs2=29 wb_write=1 wb_rd=8 wb_data=0x51388254 -> rs1_data=0xe129a375 rs2_data=0xf0ac5505
[PASS] seq=crv_seq_3                              cyc=79 op=RK_BYPASS_RS2    rs1=20 rs2=6 wb_write=1 wb_rd=6 wb_data=0x3591c34f -> rs1_data=0x51ea1efa rs2_data=0x3591c34f
[PASS] seq=crv_seq_3                              cyc=80 op=RK_BYPASS_RS1    rs1=14 rs2=0 wb_write=1 wb_rd=14 wb_data=0x1714479a -> rs1_data=0x1714479a rs2_data=0x00000000
[PASS] seq=crv_seq_3                              cyc=81 op=RK_PLAIN_WRITE   rs1=20 rs2=17 wb_write=1 wb_rd=13 wb_data=0xc354292b -> rs1_data=0x51ea1efa rs2_data=0x64380fe9
[PASS] seq=crv_seq_3                              cyc=82 op=RK_PLAIN_WRITE   rs1=8 rs2=6 wb_write=1 wb_rd=24 wb_data=0x7e811975 -> rs1_data=0x51388254 rs2_data=0x3591c34f
[PASS] seq=crv_seq_3                              cyc=83 op=RK_BYPASS_RS1    rs1=31 rs2=21 wb_write=1 wb_rd=31 wb_data=0xbe284018 -> rs1_data=0xbe284018 rs2_data=0xef778c54
[PASS] seq=crv_seq_3                              cyc=84 op=RK_RANDOM        rs1=2 rs2=7 wb_write=0 wb_rd=28 wb_data=0xf051d64a -> rs1_data=0xb63e824d rs2_data=0xe129a375
[PASS] seq=crv_seq_3                              cyc=85 op=RK_RANDOM        rs1=28 rs2=7 wb_write=1 wb_rd=3 wb_data=0xf955d8c0 -> rs1_data=0xe0593c9e rs2_data=0xe129a375
[PASS] seq=crv_seq_3                              cyc=86 op=RK_RANDOM        rs1=14 rs2=15 wb_write=1 wb_rd=21 wb_data=0x1a62c6b2 -> rs1_data=0x1714479a rs2_data=0x909dbbab
[PASS] seq=crv_seq_3                              cyc=87 op=RK_PLAIN_WRITE   rs1=21 rs2=22 wb_write=1 wb_rd=5 wb_data=0x0224fa96 -> rs1_data=0x1a62c6b2 rs2_data=0x16182c1c
[PASS] seq=crv_seq_3                              cyc=88 op=RK_NO_WRITE_READ rs1=11 rs2=3 wb_write=0 wb_rd=10 wb_data=0xfa3ca0c2 -> rs1_data=0x5cb24327 rs2_data=0xf955d8c0
[PASS] seq=crv_seq_3                              cyc=89 op=RK_X0_ACCESS     rs1=5 rs2=15 wb_write=1 wb_rd=0 wb_data=0x40e6cbfe -> rs1_data=0x0224fa96 rs2_data=0x909dbbab
[PASS] seq=crv_seq_3                              cyc=90 op=RK_BYPASS_BOTH   rs1=16 rs2=16 wb_write=1 wb_rd=16 wb_data=0xf72019df -> rs1_data=0xf72019df rs2_data=0xf72019df
[PASS] seq=crv_seq_3                              cyc=91 op=RK_BYPASS_RS1    rs1=29 rs2=15 wb_write=1 wb_rd=29 wb_data=0x5a77df1c -> rs1_data=0x5a77df1c rs2_data=0x909dbbab
[PASS] seq=crv_seq_3                              cyc=92 op=RK_BYPASS_BOTH   rs1=5 rs2=5 wb_write=1 wb_rd=5 wb_data=0xfbb1c8f7 -> rs1_data=0xfbb1c8f7 rs2_data=0xfbb1c8f7
[PASS] seq=crv_seq_3                              cyc=93 op=RK_BYPASS_RS1    rs1=17 rs2=29 wb_write=1 wb_rd=17 wb_data=0x56143c38 -> rs1_data=0x56143c38 rs2_data=0x5a77df1c
[PASS] seq=crv_seq_3                              cyc=94 op=RK_PLAIN_WRITE   rs1=25 rs2=29 wb_write=1 wb_rd=10 wb_data=0x4d445aa6 -> rs1_data=0x0209dc99 rs2_data=0x5a77df1c
[PASS] seq=crv_seq_3                              cyc=95 op=RK_BYPASS_RS1    rs1=10 rs2=3 wb_write=1 wb_rd=10 wb_data=0xa71170a5 -> rs1_data=0xa71170a5 rs2_data=0xf955d8c0
[PASS] seq=crv_seq_3                              cyc=96 op=RK_PLAIN_WRITE   rs1=26 rs2=13 wb_write=1 wb_rd=23 wb_data=0xd53bbe6c -> rs1_data=0x09783e03 rs2_data=0xc354292b
[PASS] seq=crv_seq_3                              cyc=97 op=RK_PLAIN_WRITE   rs1=1 rs2=19 wb_write=1 wb_rd=10 wb_data=0xb168f2c5 -> rs1_data=0xb304155d rs2_data=0x3beccae2
[PASS] seq=crv_seq_3                              cyc=98 op=RK_NO_WRITE_READ rs1=24 rs2=12 wb_write=0 wb_rd=12 wb_data=0x02898e69 -> rs1_data=0x7e811975 rs2_data=0xfae90ae3
[PASS] seq=crv_seq_3                              cyc=99 op=RK_NO_WRITE_READ rs1=4 rs2=27 wb_write=0 wb_rd=10 wb_data=0xd8e025bc -> rs1_data=0xe79ee2e3 rs2_data=0x197adc44
[PASS] seq=crv_seq_3                              cyc=100 op=RK_BYPASS_RS1    rs1=8 rs2=14 wb_write=1 wb_rd=8 wb_data=0x17241112 -> rs1_data=0x17241112 rs2_data=0x1714479a
[PASS] seq=crv_seq_3                              cyc=101 op=RK_PLAIN_WRITE   rs1=1 rs2=18 wb_write=1 wb_rd=12 wb_data=0xe22885e8 -> rs1_data=0xb304155d rs2_data=0xcf205689
[PASS] seq=crv_seq_3                              cyc=102 op=RK_BYPASS_RS2    rs1=28 rs2=11 wb_write=1 wb_rd=11 wb_data=0x3fd36c2f -> rs1_data=0xe0593c9e rs2_data=0x3fd36c2f
[PASS] seq=crv_seq_3                              cyc=103 op=RK_RANDOM        rs1=24 rs2=10 wb_write=0 wb_rd=31 wb_data=0x989e04e3 -> rs1_data=0x7e811975 rs2_data=0xb168f2c5
[PASS] seq=crv_seq_3                              cyc=104 op=RK_X0_ACCESS     rs1=10 rs2=13 wb_write=1 wb_rd=0 wb_data=0x2db44e81 -> rs1_data=0xb168f2c5 rs2_data=0xc354292b
[PASS] seq=crv_seq_3                              cyc=105 op=RK_X0_ACCESS     rs1=29 rs2=12 wb_write=1 wb_rd=0 wb_data=0xab997327 -> rs1_data=0x5a77df1c rs2_data=0xe22885e8
[PASS] seq=crv_seq_3                              cyc=106 op=RK_BYPASS_RS1    rs1=4 rs2=10 wb_write=1 wb_rd=4 wb_data=0x14f01aef -> rs1_data=0x14f01aef rs2_data=0xb168f2c5
[PASS] seq=crv_seq_3                              cyc=107 op=RK_PLAIN_WRITE   rs1=2 rs2=20 wb_write=1 wb_rd=28 wb_data=0x29eda927 -> rs1_data=0xb63e824d rs2_data=0x51ea1efa
[PASS] seq=crv_seq_3                              cyc=108 op=RK_PLAIN_WRITE   rs1=5 rs2=23 wb_write=1 wb_rd=29 wb_data=0xf1f65b0f -> rs1_data=0xfbb1c8f7 rs2_data=0xd53bbe6c
[PASS] seq=crv_seq_3                              cyc=109 op=RK_X0_ACCESS     rs1=3 rs2=14 wb_write=1 wb_rd=0 wb_data=0xeb876420 -> rs1_data=0xf955d8c0 rs2_data=0x1714479a
[PASS] seq=crv_seq_3                              cyc=110 op=RK_PLAIN_WRITE   rs1=11 rs2=2 wb_write=1 wb_rd=1 wb_data=0xaba421f6 -> rs1_data=0x3fd36c2f rs2_data=0xb63e824d
[PASS] seq=crv_seq_3                              cyc=111 op=RK_RANDOM        rs1=19 rs2=24 wb_write=0 wb_rd=19 wb_data=0x2eb18b94 -> rs1_data=0x3beccae2 rs2_data=0x7e811975
[PASS] seq=crv_seq_3                              cyc=112 op=RK_PLAIN_WRITE   rs1=30 rs2=14 wb_write=1 wb_rd=5 wb_data=0x629ffdb5 -> rs1_data=0xe516b9c6 rs2_data=0x1714479a
[PASS] seq=crv_seq_3                              cyc=113 op=RK_BYPASS_RS2    rs1=9 rs2=7 wb_write=1 wb_rd=7 wb_data=0xd027d646 -> rs1_data=0xe15ca1b9 rs2_data=0xd027d646
[PASS] seq=crv_seq_3                              cyc=114 op=RK_BYPASS_RS2    rs1=0 rs2=11 wb_write=1 wb_rd=11 wb_data=0xbbbaa4ee -> rs1_data=0x00000000 rs2_data=0xbbbaa4ee
[PASS] seq=crv_seq_3                              cyc=115 op=RK_PLAIN_WRITE   rs1=27 rs2=31 wb_write=1 wb_rd=23 wb_data=0x3dbf70f0 -> rs1_data=0x197adc44 rs2_data=0xbe284018
[PASS] seq=crv_seq_3                              cyc=116 op=RK_PLAIN_WRITE   rs1=1 rs2=1 wb_write=1 wb_rd=2 wb_data=0xf4ae318b -> rs1_data=0xaba421f6 rs2_data=0xaba421f6
[PASS] seq=crv_seq_3                              cyc=117 op=RK_PLAIN_WRITE   rs1=19 rs2=23 wb_write=1 wb_rd=28 wb_data=0xaf5f9031 -> rs1_data=0x3beccae2 rs2_data=0x3dbf70f0
[PASS] seq=crv_seq_3                              cyc=118 op=RK_BYPASS_RS2    rs1=13 rs2=24 wb_write=1 wb_rd=24 wb_data=0x6cc8d74c -> rs1_data=0xc354292b rs2_data=0x6cc8d74c
[PASS] seq=crv_seq_3                              cyc=119 op=RK_BYPASS_RS2    rs1=6 rs2=25 wb_write=1 wb_rd=25 wb_data=0x05beb65f -> rs1_data=0x3591c34f rs2_data=0x05beb65f
[PASS] seq=crv_seq_3                              cyc=120 op=RK_BYPASS_RS2    rs1=16 rs2=14 wb_write=1 wb_rd=14 wb_data=0xdf2cb2dc -> rs1_data=0xf72019df rs2_data=0xdf2cb2dc
[PASS] seq=crv_seq_3                              cyc=121 op=RK_NO_WRITE_READ rs1=12 rs2=19 wb_write=0 wb_rd=26 wb_data=0x1484cda8 -> rs1_data=0xe22885e8 rs2_data=0x3beccae2
[PASS] seq=crv_seq_3                              cyc=122 op=RK_BYPASS_BOTH   rs1=11 rs2=11 wb_write=1 wb_rd=11 wb_data=0x2af372f5 -> rs1_data=0x2af372f5 rs2_data=0x2af372f5
[PASS] seq=crv_seq_3                              cyc=123 op=RK_BYPASS_RS1    rs1=15 rs2=4 wb_write=1 wb_rd=15 wb_data=0x3b9a54af -> rs1_data=0x3b9a54af rs2_data=0x14f01aef
[PASS] seq=crv_seq_3                              cyc=124 op=RK_BYPASS_RS1    rs1=14 rs2=4 wb_write=1 wb_rd=14 wb_data=0xaf9634ff -> rs1_data=0xaf9634ff rs2_data=0x14f01aef
[PASS] seq=crv_seq_3                              cyc=125 op=RK_BYPASS_RS1    rs1=14 rs2=24 wb_write=1 wb_rd=14 wb_data=0x17db5650 -> rs1_data=0x17db5650 rs2_data=0x6cc8d74c
[PASS] seq=crv_seq_3                              cyc=126 op=RK_RANDOM        rs1=12 rs2=6 wb_write=1 wb_rd=24 wb_data=0x4531f959 -> rs1_data=0xe22885e8 rs2_data=0x3591c34f
[PASS] seq=crv_seq_3                              cyc=127 op=RK_BYPASS_RS1    rs1=21 rs2=1 wb_write=1 wb_rd=21 wb_data=0x8c995abc -> rs1_data=0x8c995abc rs2_data=0xaba421f6
[PASS] seq=crv_seq_3                              cyc=128 op=RK_PLAIN_WRITE   rs1=17 rs2=14 wb_write=1 wb_rd=30 wb_data=0x86f0c36d -> rs1_data=0x56143c38 rs2_data=0x17db5650
[PASS] seq=crv_seq_3                              cyc=129 op=RK_BYPASS_RS2    rs1=4 rs2=26 wb_write=1 wb_rd=26 wb_data=0x10460f52 -> rs1_data=0x14f01aef rs2_data=0x10460f52
[PASS] seq=crv_seq_3                              cyc=130 op=RK_BYPASS_RS2    rs1=31 rs2=23 wb_write=1 wb_rd=23 wb_data=0x57b162ae -> rs1_data=0xbe284018 rs2_data=0x57b162ae
[PASS] seq=crv_seq_3                              cyc=131 op=RK_PLAIN_WRITE   rs1=27 rs2=14 wb_write=1 wb_rd=23 wb_data=0x42935797 -> rs1_data=0x197adc44 rs2_data=0x17db5650
[PASS] seq=crv_seq_3                              cyc=132 op=RK_X0_ACCESS     rs1=31 rs2=29 wb_write=1 wb_rd=0 wb_data=0x2733742a -> rs1_data=0xbe284018 rs2_data=0xf1f65b0f
[PASS] seq=crv_seq_3                              cyc=133 op=RK_BYPASS_RS1    rs1=17 rs2=13 wb_write=1 wb_rd=17 wb_data=0x04aab08a -> rs1_data=0x04aab08a rs2_data=0xc354292b
[PASS] seq=crv_seq_3                              cyc=134 op=RK_BYPASS_RS2    rs1=4 rs2=6 wb_write=1 wb_rd=6 wb_data=0xc810dadf -> rs1_data=0x14f01aef rs2_data=0xc810dadf
[PASS] seq=crv_seq_3                              cyc=135 op=RK_RANDOM        rs1=17 rs2=15 wb_write=1 wb_rd=31 wb_data=0xc10c73ed -> rs1_data=0x04aab08a rs2_data=0x3b9a54af
[PASS] seq=crv_seq_3                              cyc=136 op=RK_RANDOM        rs1=4 rs2=15 wb_write=1 wb_rd=26 wb_data=0x86a1524c -> rs1_data=0x14f01aef rs2_data=0x3b9a54af
[PASS] seq=crv_seq_3                              cyc=137 op=RK_RANDOM        rs1=7 rs2=24 wb_write=0 wb_rd=1 wb_data=0x82602201 -> rs1_data=0xd027d646 rs2_data=0x4531f959
[PASS] seq=crv_seq_3                              cyc=138 op=RK_NO_WRITE_READ rs1=30 rs2=24 wb_write=0 wb_rd=14 wb_data=0x18f7ade7 -> rs1_data=0x86f0c36d rs2_data=0x4531f959
[PASS] seq=crv_seq_3                              cyc=139 op=RK_BYPASS_RS1    rs1=30 rs2=9 wb_write=1 wb_rd=30 wb_data=0xccf0e86b -> rs1_data=0xccf0e86b rs2_data=0xe15ca1b9
[PASS] seq=crv_seq_3                              cyc=140 op=RK_RANDOM        rs1=14 rs2=6 wb_write=1 wb_rd=2 wb_data=0xb8b29bba -> rs1_data=0x17db5650 rs2_data=0xc810dadf
[PASS] seq=crv_seq_3                              cyc=141 op=RK_BYPASS_RS2    rs1=29 rs2=21 wb_write=1 wb_rd=21 wb_data=0xe298f8d1 -> rs1_data=0xf1f65b0f rs2_data=0xe298f8d1
[PASS] seq=crv_seq_3                              cyc=142 op=RK_RANDOM        rs1=25 rs2=26 wb_write=1 wb_rd=0 wb_data=0x941264a0 -> rs1_data=0x05beb65f rs2_data=0x86a1524c
[PASS] seq=crv_seq_3                              cyc=143 op=RK_BYPASS_RS2    rs1=21 rs2=7 wb_write=1 wb_rd=7 wb_data=0x6d7628aa -> rs1_data=0xe298f8d1 rs2_data=0x6d7628aa
[PASS] seq=crv_seq_3                              cyc=144 op=RK_X0_ACCESS     rs1=15 rs2=6 wb_write=1 wb_rd=0 wb_data=0x052a9a09 -> rs1_data=0x3b9a54af rs2_data=0xc810dadf
[PASS] seq=crv_seq_3                              cyc=145 op=RK_BYPASS_RS2    rs1=17 rs2=20 wb_write=1 wb_rd=20 wb_data=0x62ee8232 -> rs1_data=0x04aab08a rs2_data=0x62ee8232
[PASS] seq=crv_seq_3                              cyc=146 op=RK_BYPASS_RS2    rs1=8 rs2=12 wb_write=1 wb_rd=12 wb_data=0x8811e473 -> rs1_data=0x17241112 rs2_data=0x8811e473
[PASS] seq=crv_seq_3                              cyc=147 op=RK_BYPASS_RS1    rs1=7 rs2=22 wb_write=1 wb_rd=7 wb_data=0x8b0c8469 -> rs1_data=0x8b0c8469 rs2_data=0x16182c1c
[PASS] seq=crv_seq_3                              cyc=148 op=RK_BYPASS_RS2    rs1=25 rs2=23 wb_write=1 wb_rd=23 wb_data=0x514a6ebe -> rs1_data=0x05beb65f rs2_data=0x514a6ebe
[PASS] seq=crv_seq_3                              cyc=149 op=RK_BYPASS_RS1    rs1=23 rs2=2 wb_write=1 wb_rd=23 wb_data=0x7e1294a8 -> rs1_data=0x7e1294a8 rs2_data=0xb8b29bba
[PASS] seq=crv_seq_3                              cyc=150 op=RK_BYPASS_BOTH   rs1=23 rs2=23 wb_write=1 wb_rd=23 wb_data=0x51fce119 -> rs1_data=0x51fce119 rs2_data=0x51fce119
[PASS] seq=crv_seq_3                              cyc=151 op=RK_NO_WRITE_READ rs1=6 rs2=26 wb_write=0 wb_rd=29 wb_data=0x821993fd -> rs1_data=0xc810dadf rs2_data=0x86a1524c
[PASS] seq=crv_seq_3                              cyc=152 op=RK_BYPASS_RS1    rs1=30 rs2=7 wb_write=1 wb_rd=30 wb_data=0x432e8130 -> rs1_data=0x432e8130 rs2_data=0x8b0c8469
[PASS] seq=crv_seq_3                              cyc=153 op=RK_BYPASS_BOTH   rs1=19 rs2=19 wb_write=1 wb_rd=19 wb_data=0x29634e14 -> rs1_data=0x29634e14 rs2_data=0x29634e14
[PASS] seq=crv_seq_3                              cyc=154 op=RK_BYPASS_RS1    rs1=12 rs2=13 wb_write=1 wb_rd=12 wb_data=0x8facbb66 -> rs1_data=0x8facbb66 rs2_data=0xc354292b
[PASS] seq=crv_seq_3                              cyc=155 op=RK_BYPASS_RS2    rs1=13 rs2=21 wb_write=1 wb_rd=21 wb_data=0xd3fa818f -> rs1_data=0xc354292b rs2_data=0xd3fa818f
[PASS] seq=crv_seq_3                              cyc=156 op=RK_X0_ACCESS     rs1=28 rs2=6 wb_write=1 wb_rd=0 wb_data=0xa47aa3e5 -> rs1_data=0xaf5f9031 rs2_data=0xc810dadf
[PASS] seq=crv_seq_3                              cyc=157 op=RK_BYPASS_RS1    rs1=28 rs2=10 wb_write=1 wb_rd=28 wb_data=0x7af0c564 -> rs1_data=0x7af0c564 rs2_data=0xb168f2c5
[PASS] seq=crv_seq_3                              cyc=158 op=RK_BYPASS_RS1    rs1=5 rs2=8 wb_write=1 wb_rd=5 wb_data=0x453a13cc -> rs1_data=0x453a13cc rs2_data=0x17241112
[PASS] seq=crv_seq_3                              cyc=159 op=RK_BYPASS_RS2    rs1=23 rs2=7 wb_write=1 wb_rd=7 wb_data=0x001af086 -> rs1_data=0x51fce119 rs2_data=0x001af086
[PASS] seq=crv_seq_3                              cyc=160 op=RK_NO_WRITE_READ rs1=29 rs2=18 wb_write=0 wb_rd=12 wb_data=0xde302443 -> rs1_data=0xf1f65b0f rs2_data=0xcf205689
[PASS] seq=crv_seq_3                              cyc=161 op=RK_RANDOM        rs1=28 rs2=28 wb_write=1 wb_rd=17 wb_data=0xc24fef5d -> rs1_data=0x7af0c564 rs2_data=0x7af0c564
[PASS] seq=crv_seq_3                              cyc=162 op=RK_RANDOM        rs1=4 rs2=13 wb_write=1 wb_rd=2 wb_data=0x4bd7dde4 -> rs1_data=0x14f01aef rs2_data=0xc354292b
[PASS] seq=crv_seq_3                              cyc=163 op=RK_BYPASS_RS1    rs1=5 rs2=30 wb_write=1 wb_rd=5 wb_data=0xc5d2fa05 -> rs1_data=0xc5d2fa05 rs2_data=0x432e8130
[PASS] seq=crv_seq_3                              cyc=164 op=RK_RANDOM        rs1=10 rs2=13 wb_write=1 wb_rd=27 wb_data=0xe4fc5bba -> rs1_data=0xb168f2c5 rs2_data=0xc354292b
[PASS] seq=crv_seq_3                              cyc=165 op=RK_X0_ACCESS     rs1=15 rs2=22 wb_write=1 wb_rd=0 wb_data=0xa268d545 -> rs1_data=0x3b9a54af rs2_data=0x16182c1c
[PASS] seq=crv_seq_3                              cyc=166 op=RK_NO_WRITE_READ rs1=5 rs2=23 wb_write=0 wb_rd=5 wb_data=0x3172408a -> rs1_data=0xc5d2fa05 rs2_data=0x51fce119
[PASS] seq=crv_seq_3                              cyc=167 op=RK_RANDOM        rs1=28 rs2=10 wb_write=0 wb_rd=11 wb_data=0x42a14e4b -> rs1_data=0x7af0c564 rs2_data=0xb168f2c5
[PASS] seq=crv_seq_3                              cyc=168 op=RK_BYPASS_RS2    rs1=0 rs2=4 wb_write=1 wb_rd=4 wb_data=0x9a33b997 -> rs1_data=0x00000000 rs2_data=0x9a33b997
[PASS] seq=crv_seq_3                              cyc=169 op=RK_X0_ACCESS     rs1=12 rs2=10 wb_write=1 wb_rd=0 wb_data=0xa00938de -> rs1_data=0x8facbb66 rs2_data=0xb168f2c5
[PASS] seq=crv_seq_3                              cyc=170 op=RK_BYPASS_RS2    rs1=27 rs2=16 wb_write=1 wb_rd=16 wb_data=0xd92bc0ed -> rs1_data=0xe4fc5bba rs2_data=0xd92bc0ed
[PASS] seq=crv_seq_3                              cyc=171 op=RK_BYPASS_RS2    rs1=28 rs2=8 wb_write=1 wb_rd=8 wb_data=0x662f43a5 -> rs1_data=0x7af0c564 rs2_data=0x662f43a5
[PASS] seq=crv_seq_3                              cyc=172 op=RK_BYPASS_RS1    rs1=8 rs2=19 wb_write=1 wb_rd=8 wb_data=0xf6f83f05 -> rs1_data=0xf6f83f05 rs2_data=0x29634e14
[PASS] seq=crv_seq_3                              cyc=173 op=RK_BYPASS_RS1    rs1=27 rs2=17 wb_write=1 wb_rd=27 wb_data=0xfc2b80cd -> rs1_data=0xfc2b80cd rs2_data=0xc24fef5d
[PASS] seq=crv_seq_3                              cyc=174 op=RK_NO_WRITE_READ rs1=22 rs2=6 wb_write=0 wb_rd=15 wb_data=0xe78e568b -> rs1_data=0x16182c1c rs2_data=0xc810dadf
[PASS] seq=crv_seq_3                              cyc=175 op=RK_RANDOM        rs1=27 rs2=30 wb_write=0 wb_rd=15 wb_data=0x9c33078e -> rs1_data=0xfc2b80cd rs2_data=0x432e8130
[PASS] seq=crv_seq_3                              cyc=176 op=RK_NO_WRITE_READ rs1=7 rs2=28 wb_write=0 wb_rd=28 wb_data=0x56356ee4 -> rs1_data=0x001af086 rs2_data=0x7af0c564
[PASS] seq=crv_seq_3                              cyc=177 op=RK_X0_ACCESS     rs1=30 rs2=10 wb_write=1 wb_rd=0 wb_data=0xc307d8a3 -> rs1_data=0x432e8130 rs2_data=0xb168f2c5
[PASS] seq=crv_seq_3                              cyc=178 op=RK_PLAIN_WRITE   rs1=22 rs2=24 wb_write=1 wb_rd=29 wb_data=0x0f15518d -> rs1_data=0x16182c1c rs2_data=0x4531f959
[PASS] seq=crv_seq_3                              cyc=179 op=RK_BYPASS_RS1    rs1=2 rs2=1 wb_write=1 wb_rd=2 wb_data=0x95b4fc24 -> rs1_data=0x95b4fc24 rs2_data=0xaba421f6
[PASS] seq=crv_seq_3                              cyc=180 op=RK_RANDOM        rs1=4 rs2=18 wb_write=1 wb_rd=11 wb_data=0xe8ebf076 -> rs1_data=0x9a33b997 rs2_data=0xcf205689
[PASS] seq=crv_seq_3                              cyc=181 op=RK_BYPASS_RS1    rs1=23 rs2=27 wb_write=1 wb_rd=23 wb_data=0x68827f4f -> rs1_data=0x68827f4f rs2_data=0xfc2b80cd
[PASS] seq=crv_seq_3                              cyc=182 op=RK_X0_ACCESS     rs1=20 rs2=11 wb_write=1 wb_rd=0 wb_data=0x581c4341 -> rs1_data=0x62ee8232 rs2_data=0xe8ebf076
[PASS] seq=crv_seq_3                              cyc=183 op=RK_BYPASS_RS1    rs1=19 rs2=6 wb_write=1 wb_rd=19 wb_data=0xa3f63a54 -> rs1_data=0xa3f63a54 rs2_data=0xc810dadf
[PASS] seq=crv_seq_3                              cyc=184 op=RK_NO_WRITE_READ rs1=2 rs2=29 wb_write=0 wb_rd=26 wb_data=0xce280603 -> rs1_data=0x95b4fc24 rs2_data=0x0f15518d
[PASS] seq=crv_seq_3                              cyc=185 op=RK_BYPASS_RS1    rs1=16 rs2=14 wb_write=1 wb_rd=16 wb_data=0xb8e5b01b -> rs1_data=0xb8e5b01b rs2_data=0x17db5650
[PASS] seq=crv_seq_3                              cyc=186 op=RK_RANDOM        rs1=16 rs2=6 wb_write=0 wb_rd=30 wb_data=0x8737aff3 -> rs1_data=0xb8e5b01b rs2_data=0xc810dadf
[PASS] seq=crv_seq_3                              cyc=187 op=RK_RANDOM        rs1=29 rs2=12 wb_write=0 wb_rd=24 wb_data=0x098128f9 -> rs1_data=0x0f15518d rs2_data=0x8facbb66
[PASS] seq=crv_seq_3                              cyc=188 op=RK_BYPASS_RS1    rs1=15 rs2=20 wb_write=1 wb_rd=15 wb_data=0x6a70dddc -> rs1_data=0x6a70dddc rs2_data=0x62ee8232
[PASS] seq=crv_seq_3                              cyc=189 op=RK_BYPASS_BOTH   rs1=6 rs2=6 wb_write=1 wb_rd=6 wb_data=0xc0d19854 -> rs1_data=0xc0d19854 rs2_data=0xc0d19854
[PASS] seq=crv_seq_3                              cyc=190 op=RK_RANDOM        rs1=10 rs2=18 wb_write=0 wb_rd=5 wb_data=0xfff3e3f8 -> rs1_data=0xb168f2c5 rs2_data=0xcf205689
[PASS] seq=crv_seq_3                              cyc=191 op=RK_BYPASS_RS1    rs1=28 rs2=13 wb_write=1 wb_rd=28 wb_data=0xfecab956 -> rs1_data=0xfecab956 rs2_data=0xc354292b
[PASS] seq=crv_seq_3                              cyc=192 op=RK_PLAIN_WRITE   rs1=23 rs2=12 wb_write=1 wb_rd=9 wb_data=0x530d33aa -> rs1_data=0x68827f4f rs2_data=0x8facbb66
[PASS] seq=crv_seq_3                              cyc=193 op=RK_BYPASS_RS1    rs1=18 rs2=4 wb_write=1 wb_rd=18 wb_data=0xccebab77 -> rs1_data=0xccebab77 rs2_data=0x9a33b997
[PASS] seq=crv_seq_3                              cyc=194 op=RK_RANDOM        rs1=12 rs2=6 wb_write=1 wb_rd=2 wb_data=0xeda04e2c -> rs1_data=0x8facbb66 rs2_data=0xc0d19854
[PASS] seq=crv_seq_3                              cyc=195 op=RK_BYPASS_RS2    rs1=31 rs2=19 wb_write=1 wb_rd=19 wb_data=0x3e021aa6 -> rs1_data=0xc10c73ed rs2_data=0x3e021aa6
[PASS] seq=crv_seq_3                              cyc=196 op=RK_RANDOM        rs1=19 rs2=0 wb_write=0 wb_rd=24 wb_data=0xe7e70331 -> rs1_data=0x3e021aa6 rs2_data=0x00000000
[PASS] seq=crv_seq_3                              cyc=197 op=RK_X0_ACCESS     rs1=21 rs2=16 wb_write=1 wb_rd=0 wb_data=0xeb3f3e35 -> rs1_data=0xd3fa818f rs2_data=0xb8e5b01b
[PASS] seq=crv_seq_3                              cyc=198 op=RK_BYPASS_RS1    rs1=4 rs2=20 wb_write=1 wb_rd=4 wb_data=0x6cd6721b -> rs1_data=0x6cd6721b rs2_data=0x62ee8232
[PASS] seq=crv_seq_3                              cyc=199 op=RK_X0_ACCESS     rs1=5 rs2=12 wb_write=1 wb_rd=0 wb_data=0xd41a81b6 -> rs1_data=0xc5d2fa05 rs2_data=0x8facbb66
[PASS] seq=crv_seq_4                              cyc=0 op=RK_BYPASS_RS1    rs1=6 rs2=17 wb_write=1 wb_rd=6 wb_data=0x5d084c30 -> rs1_data=0x5d084c30 rs2_data=0xc24fef5d
[PASS] seq=crv_seq_4                              cyc=1 op=RK_BYPASS_RS2    rs1=16 rs2=17 wb_write=1 wb_rd=17 wb_data=0x081b4bb3 -> rs1_data=0xb8e5b01b rs2_data=0x081b4bb3
[PASS] seq=crv_seq_4                              cyc=2 op=RK_BYPASS_RS2    rs1=1 rs2=5 wb_write=1 wb_rd=5 wb_data=0x43c84302 -> rs1_data=0xaba421f6 rs2_data=0x43c84302
[PASS] seq=crv_seq_4                              cyc=3 op=RK_BYPASS_RS1    rs1=18 rs2=4 wb_write=1 wb_rd=18 wb_data=0x78ca8d2c -> rs1_data=0x78ca8d2c rs2_data=0x6cd6721b
[PASS] seq=crv_seq_4                              cyc=4 op=RK_X0_ACCESS     rs1=6 rs2=14 wb_write=1 wb_rd=0 wb_data=0xf25ba661 -> rs1_data=0x5d084c30 rs2_data=0x17db5650
[PASS] seq=crv_seq_4                              cyc=5 op=RK_PLAIN_WRITE   rs1=16 rs2=3 wb_write=1 wb_rd=7 wb_data=0x03029b34 -> rs1_data=0xb8e5b01b rs2_data=0xf955d8c0
[PASS] seq=crv_seq_4                              cyc=6 op=RK_X0_ACCESS     rs1=5 rs2=8 wb_write=1 wb_rd=0 wb_data=0x21374f47 -> rs1_data=0x43c84302 rs2_data=0xf6f83f05
[PASS] seq=crv_seq_4                              cyc=7 op=RK_PLAIN_WRITE   rs1=13 rs2=4 wb_write=1 wb_rd=8 wb_data=0x44378058 -> rs1_data=0xc354292b rs2_data=0x6cd6721b
[PASS] seq=crv_seq_4                              cyc=8 op=RK_RANDOM        rs1=6 rs2=17 wb_write=0 wb_rd=27 wb_data=0x417aa9f8 -> rs1_data=0x5d084c30 rs2_data=0x081b4bb3
[PASS] seq=crv_seq_4                              cyc=9 op=RK_RANDOM        rs1=24 rs2=18 wb_write=1 wb_rd=0 wb_data=0x08994830 -> rs1_data=0x4531f959 rs2_data=0x78ca8d2c
[PASS] seq=crv_seq_4                              cyc=10 op=RK_X0_ACCESS     rs1=20 rs2=21 wb_write=1 wb_rd=0 wb_data=0xe28882b9 -> rs1_data=0x62ee8232 rs2_data=0xd3fa818f
[PASS] seq=crv_seq_4                              cyc=11 op=RK_BYPASS_RS2    rs1=9 rs2=20 wb_write=1 wb_rd=20 wb_data=0x5759c6ae -> rs1_data=0x530d33aa rs2_data=0x5759c6ae
[PASS] seq=crv_seq_4                              cyc=12 op=RK_BYPASS_RS2    rs1=28 rs2=11 wb_write=1 wb_rd=11 wb_data=0x3340f9b2 -> rs1_data=0xfecab956 rs2_data=0x3340f9b2
[PASS] seq=crv_seq_4                              cyc=13 op=RK_BYPASS_RS1    rs1=16 rs2=31 wb_write=1 wb_rd=16 wb_data=0xfb3f1a09 -> rs1_data=0xfb3f1a09 rs2_data=0xc10c73ed
[PASS] seq=crv_seq_4                              cyc=14 op=RK_RANDOM        rs1=29 rs2=12 wb_write=0 wb_rd=22 wb_data=0xd4cd4c31 -> rs1_data=0x0f15518d rs2_data=0x8facbb66
[PASS] seq=crv_seq_4                              cyc=15 op=RK_BYPASS_RS2    rs1=29 rs2=17 wb_write=1 wb_rd=17 wb_data=0x736d3f3a -> rs1_data=0x0f15518d rs2_data=0x736d3f3a
[PASS] seq=crv_seq_4                              cyc=16 op=RK_BYPASS_RS2    rs1=22 rs2=14 wb_write=1 wb_rd=14 wb_data=0x06485a4a -> rs1_data=0x16182c1c rs2_data=0x06485a4a
[PASS] seq=crv_seq_4                              cyc=17 op=RK_PLAIN_WRITE   rs1=15 rs2=7 wb_write=1 wb_rd=2 wb_data=0x8cc256c4 -> rs1_data=0x6a70dddc rs2_data=0x03029b34
[PASS] seq=crv_seq_4                              cyc=18 op=RK_RANDOM        rs1=17 rs2=23 wb_write=0 wb_rd=13 wb_data=0x25d82afa -> rs1_data=0x736d3f3a rs2_data=0x68827f4f
[PASS] seq=crv_seq_4                              cyc=19 op=RK_BYPASS_BOTH   rs1=4 rs2=4 wb_write=1 wb_rd=4 wb_data=0x04409e33 -> rs1_data=0x04409e33 rs2_data=0x04409e33
[PASS] seq=crv_seq_4                              cyc=20 op=RK_NO_WRITE_READ rs1=18 rs2=12 wb_write=0 wb_rd=15 wb_data=0x6a94082c -> rs1_data=0x78ca8d2c rs2_data=0x8facbb66
[PASS] seq=crv_seq_4                              cyc=21 op=RK_BYPASS_RS2    rs1=4 rs2=8 wb_write=1 wb_rd=8 wb_data=0xdcff1054 -> rs1_data=0x04409e33 rs2_data=0xdcff1054
[PASS] seq=crv_seq_4                              cyc=22 op=RK_BYPASS_BOTH   rs1=11 rs2=11 wb_write=1 wb_rd=11 wb_data=0xbbd4a0b8 -> rs1_data=0xbbd4a0b8 rs2_data=0xbbd4a0b8
[PASS] seq=crv_seq_4                              cyc=23 op=RK_BYPASS_RS1    rs1=16 rs2=8 wb_write=1 wb_rd=16 wb_data=0xc60d8875 -> rs1_data=0xc60d8875 rs2_data=0xdcff1054
[PASS] seq=crv_seq_4                              cyc=24 op=RK_BYPASS_RS1    rs1=18 rs2=3 wb_write=1 wb_rd=18 wb_data=0x3ef36f87 -> rs1_data=0x3ef36f87 rs2_data=0xf955d8c0
[PASS] seq=crv_seq_4                              cyc=25 op=RK_BYPASS_RS2    rs1=9 rs2=11 wb_write=1 wb_rd=11 wb_data=0x45386787 -> rs1_data=0x530d33aa rs2_data=0x45386787
[PASS] seq=crv_seq_4                              cyc=26 op=RK_NO_WRITE_READ rs1=20 rs2=2 wb_write=0 wb_rd=1 wb_data=0x741ebb58 -> rs1_data=0x5759c6ae rs2_data=0x8cc256c4
[PASS] seq=crv_seq_4                              cyc=27 op=RK_RANDOM        rs1=25 rs2=31 wb_write=1 wb_rd=27 wb_data=0xd6e931fe -> rs1_data=0x05beb65f rs2_data=0xc10c73ed
[PASS] seq=crv_seq_4                              cyc=28 op=RK_BYPASS_RS2    rs1=17 rs2=21 wb_write=1 wb_rd=21 wb_data=0x877eab05 -> rs1_data=0x736d3f3a rs2_data=0x877eab05
[PASS] seq=crv_seq_4                              cyc=29 op=RK_PLAIN_WRITE   rs1=1 rs2=23 wb_write=1 wb_rd=2 wb_data=0x3b9aa8e2 -> rs1_data=0xaba421f6 rs2_data=0x68827f4f
[PASS] seq=crv_seq_4                              cyc=30 op=RK_PLAIN_WRITE   rs1=31 rs2=6 wb_write=1 wb_rd=13 wb_data=0xfa397b71 -> rs1_data=0xc10c73ed rs2_data=0x5d084c30
[PASS] seq=crv_seq_4                              cyc=31 op=RK_RANDOM        rs1=24 rs2=7 wb_write=0 wb_rd=26 wb_data=0x88a923b2 -> rs1_data=0x4531f959 rs2_data=0x03029b34
[PASS] seq=crv_seq_4                              cyc=32 op=RK_BYPASS_RS1    rs1=24 rs2=21 wb_write=1 wb_rd=24 wb_data=0x8d4e6243 -> rs1_data=0x8d4e6243 rs2_data=0x877eab05
[PASS] seq=crv_seq_4                              cyc=33 op=RK_BYPASS_BOTH   rs1=23 rs2=23 wb_write=1 wb_rd=23 wb_data=0x555c1598 -> rs1_data=0x555c1598 rs2_data=0x555c1598
[PASS] seq=crv_seq_4                              cyc=34 op=RK_NO_WRITE_READ rs1=16 rs2=28 wb_write=0 wb_rd=17 wb_data=0x2cc66f2a -> rs1_data=0xc60d8875 rs2_data=0xfecab956
[PASS] seq=crv_seq_4                              cyc=35 op=RK_RANDOM        rs1=10 rs2=7 wb_write=0 wb_rd=15 wb_data=0x8a0b61d5 -> rs1_data=0xb168f2c5 rs2_data=0x03029b34
[PASS] seq=crv_seq_4                              cyc=36 op=RK_PLAIN_WRITE   rs1=25 rs2=6 wb_write=1 wb_rd=14 wb_data=0xa4bab89e -> rs1_data=0x05beb65f rs2_data=0x5d084c30
[PASS] seq=crv_seq_4                              cyc=37 op=RK_BYPASS_RS2    rs1=18 rs2=16 wb_write=1 wb_rd=16 wb_data=0x6b7f5e52 -> rs1_data=0x3ef36f87 rs2_data=0x6b7f5e52
[PASS] seq=crv_seq_4                              cyc=38 op=RK_RANDOM        rs1=23 rs2=10 wb_write=1 wb_rd=22 wb_data=0xf95f28b0 -> rs1_data=0x555c1598 rs2_data=0xb168f2c5
[PASS] seq=crv_seq_4                              cyc=39 op=RK_X0_ACCESS     rs1=13 rs2=16 wb_write=1 wb_rd=0 wb_data=0xd9e50bcd -> rs1_data=0xfa397b71 rs2_data=0x6b7f5e52
[PASS] seq=crv_seq_4                              cyc=40 op=RK_X0_ACCESS     rs1=25 rs2=18 wb_write=1 wb_rd=0 wb_data=0xc4ef7278 -> rs1_data=0x05beb65f rs2_data=0x3ef36f87
[PASS] seq=crv_seq_4                              cyc=41 op=RK_RANDOM        rs1=3 rs2=30 wb_write=0 wb_rd=9 wb_data=0xfde4cc0f -> rs1_data=0xf955d8c0 rs2_data=0x432e8130
[PASS] seq=crv_seq_4                              cyc=42 op=RK_RANDOM        rs1=31 rs2=21 wb_write=0 wb_rd=27 wb_data=0xacf15a13 -> rs1_data=0xc10c73ed rs2_data=0x877eab05
[PASS] seq=crv_seq_4                              cyc=43 op=RK_PLAIN_WRITE   rs1=10 rs2=11 wb_write=1 wb_rd=25 wb_data=0x5abd48c9 -> rs1_data=0xb168f2c5 rs2_data=0x45386787
[PASS] seq=crv_seq_4                              cyc=44 op=RK_PLAIN_WRITE   rs1=9 rs2=7 wb_write=1 wb_rd=11 wb_data=0xbe413690 -> rs1_data=0x530d33aa rs2_data=0x03029b34
[PASS] seq=crv_seq_4                              cyc=45 op=RK_RANDOM        rs1=28 rs2=2 wb_write=0 wb_rd=30 wb_data=0x8a11f037 -> rs1_data=0xfecab956 rs2_data=0x3b9aa8e2
[PASS] seq=crv_seq_4                              cyc=46 op=RK_BYPASS_RS2    rs1=12 rs2=21 wb_write=1 wb_rd=21 wb_data=0x331a17c8 -> rs1_data=0x8facbb66 rs2_data=0x331a17c8
[PASS] seq=crv_seq_4                              cyc=47 op=RK_BYPASS_RS1    rs1=31 rs2=11 wb_write=1 wb_rd=31 wb_data=0x945d5b32 -> rs1_data=0x945d5b32 rs2_data=0xbe413690
[PASS] seq=crv_seq_4                              cyc=48 op=RK_BYPASS_RS2    rs1=22 rs2=3 wb_write=1 wb_rd=3 wb_data=0x39f19243 -> rs1_data=0xf95f28b0 rs2_data=0x39f19243
[PASS] seq=crv_seq_4                              cyc=49 op=RK_BYPASS_RS1    rs1=13 rs2=12 wb_write=1 wb_rd=13 wb_data=0xa198d476 -> rs1_data=0xa198d476 rs2_data=0x8facbb66
[PASS] seq=crv_seq_4                              cyc=50 op=RK_BYPASS_BOTH   rs1=11 rs2=11 wb_write=1 wb_rd=11 wb_data=0x269a066e -> rs1_data=0x269a066e rs2_data=0x269a066e
[PASS] seq=crv_seq_4                              cyc=51 op=RK_NO_WRITE_READ rs1=6 rs2=22 wb_write=0 wb_rd=7 wb_data=0x64a0229c -> rs1_data=0x5d084c30 rs2_data=0xf95f28b0
[PASS] seq=crv_seq_4                              cyc=52 op=RK_RANDOM        rs1=23 rs2=20 wb_write=1 wb_rd=28 wb_data=0x5c6bf520 -> rs1_data=0x555c1598 rs2_data=0x5759c6ae
[PASS] seq=crv_seq_4                              cyc=53 op=RK_PLAIN_WRITE   rs1=17 rs2=19 wb_write=1 wb_rd=25 wb_data=0xf2a85cbe -> rs1_data=0x736d3f3a rs2_data=0x3e021aa6
[PASS] seq=crv_seq_4                              cyc=54 op=RK_PLAIN_WRITE   rs1=18 rs2=2 wb_write=1 wb_rd=4 wb_data=0xb95fb127 -> rs1_data=0x3ef36f87 rs2_data=0x3b9aa8e2
[PASS] seq=crv_seq_4                              cyc=55 op=RK_BYPASS_RS2    rs1=19 rs2=31 wb_write=1 wb_rd=31 wb_data=0xbb9d292e -> rs1_data=0x3e021aa6 rs2_data=0xbb9d292e
[PASS] seq=crv_seq_4                              cyc=56 op=RK_X0_ACCESS     rs1=4 rs2=1 wb_write=1 wb_rd=0 wb_data=0x202ea592 -> rs1_data=0xb95fb127 rs2_data=0xaba421f6
[PASS] seq=crv_seq_4                              cyc=57 op=RK_X0_ACCESS     rs1=23 rs2=20 wb_write=1 wb_rd=0 wb_data=0xd70b0dfd -> rs1_data=0x555c1598 rs2_data=0x5759c6ae
[PASS] seq=crv_seq_4                              cyc=58 op=RK_PLAIN_WRITE   rs1=15 rs2=17 wb_write=1 wb_rd=3 wb_data=0x4b53c543 -> rs1_data=0x6a70dddc rs2_data=0x736d3f3a
[PASS] seq=crv_seq_4                              cyc=59 op=RK_BYPASS_RS2    rs1=13 rs2=10 wb_write=1 wb_rd=10 wb_data=0x160830d9 -> rs1_data=0xa198d476 rs2_data=0x160830d9
[PASS] seq=crv_seq_4                              cyc=60 op=RK_BYPASS_RS2    rs1=6 rs2=16 wb_write=1 wb_rd=16 wb_data=0x6e0ae9b7 -> rs1_data=0x5d084c30 rs2_data=0x6e0ae9b7
[PASS] seq=crv_seq_4                              cyc=61 op=RK_X0_ACCESS     rs1=27 rs2=7 wb_write=1 wb_rd=0 wb_data=0x5ede3ff5 -> rs1_data=0xd6e931fe rs2_data=0x03029b34
[PASS] seq=crv_seq_4                              cyc=62 op=RK_BYPASS_RS1    rs1=12 rs2=2 wb_write=1 wb_rd=12 wb_data=0x8549ded9 -> rs1_data=0x8549ded9 rs2_data=0x3b9aa8e2
[PASS] seq=crv_seq_4                              cyc=63 op=RK_X0_ACCESS     rs1=9 rs2=10 wb_write=1 wb_rd=0 wb_data=0x99b7838a -> rs1_data=0x530d33aa rs2_data=0x160830d9
[PASS] seq=crv_seq_4                              cyc=64 op=RK_PLAIN_WRITE   rs1=20 rs2=20 wb_write=1 wb_rd=3 wb_data=0xe5aeea76 -> rs1_data=0x5759c6ae rs2_data=0x5759c6ae
[PASS] seq=crv_seq_4                              cyc=65 op=RK_RANDOM        rs1=19 rs2=4 wb_write=0 wb_rd=21 wb_data=0xe303c8d6 -> rs1_data=0x3e021aa6 rs2_data=0xb95fb127
[PASS] seq=crv_seq_4                              cyc=66 op=RK_X0_ACCESS     rs1=13 rs2=23 wb_write=1 wb_rd=0 wb_data=0x3b78e154 -> rs1_data=0xa198d476 rs2_data=0x555c1598
[PASS] seq=crv_seq_4                              cyc=67 op=RK_BYPASS_RS2    rs1=31 rs2=22 wb_write=1 wb_rd=22 wb_data=0x89a4a4ca -> rs1_data=0xbb9d292e rs2_data=0x89a4a4ca
[PASS] seq=crv_seq_4                              cyc=68 op=RK_BYPASS_RS1    rs1=1 rs2=3 wb_write=1 wb_rd=1 wb_data=0xed52f3ca -> rs1_data=0xed52f3ca rs2_data=0xe5aeea76
[PASS] seq=crv_seq_4                              cyc=69 op=RK_BYPASS_RS1    rs1=16 rs2=9 wb_write=1 wb_rd=16 wb_data=0x0d97f7de -> rs1_data=0x0d97f7de rs2_data=0x530d33aa
[PASS] seq=crv_seq_4                              cyc=70 op=RK_BYPASS_RS1    rs1=9 rs2=22 wb_write=1 wb_rd=9 wb_data=0x4c87e8cb -> rs1_data=0x4c87e8cb rs2_data=0x89a4a4ca
[PASS] seq=crv_seq_4                              cyc=71 op=RK_BYPASS_RS1    rs1=3 rs2=27 wb_write=1 wb_rd=3 wb_data=0x3801af73 -> rs1_data=0x3801af73 rs2_data=0xd6e931fe
[PASS] seq=crv_seq_4                              cyc=72 op=RK_PLAIN_WRITE   rs1=14 rs2=18 wb_write=1 wb_rd=30 wb_data=0x354162dd -> rs1_data=0xa4bab89e rs2_data=0x3ef36f87
[PASS] seq=crv_seq_4                              cyc=73 op=RK_PLAIN_WRITE   rs1=9 rs2=23 wb_write=1 wb_rd=27 wb_data=0xd8f3b480 -> rs1_data=0x4c87e8cb rs2_data=0x555c1598
[PASS] seq=crv_seq_4                              cyc=74 op=RK_PLAIN_WRITE   rs1=18 rs2=2 wb_write=1 wb_rd=31 wb_data=0x1296a2c7 -> rs1_data=0x3ef36f87 rs2_data=0x3b9aa8e2
[PASS] seq=crv_seq_4                              cyc=75 op=RK_X0_ACCESS     rs1=8 rs2=23 wb_write=1 wb_rd=0 wb_data=0x64387c77 -> rs1_data=0xdcff1054 rs2_data=0x555c1598
[PASS] seq=crv_seq_4                              cyc=76 op=RK_BYPASS_RS2    rs1=28 rs2=2 wb_write=1 wb_rd=2 wb_data=0x0edd3d0f -> rs1_data=0x5c6bf520 rs2_data=0x0edd3d0f
[PASS] seq=crv_seq_4                              cyc=77 op=RK_PLAIN_WRITE   rs1=5 rs2=24 wb_write=1 wb_rd=8 wb_data=0x98754ac9 -> rs1_data=0x43c84302 rs2_data=0x8d4e6243
[PASS] seq=crv_seq_4                              cyc=78 op=RK_BYPASS_BOTH   rs1=27 rs2=27 wb_write=1 wb_rd=27 wb_data=0x0e13b376 -> rs1_data=0x0e13b376 rs2_data=0x0e13b376
[PASS] seq=crv_seq_4                              cyc=79 op=RK_PLAIN_WRITE   rs1=23 rs2=8 wb_write=1 wb_rd=25 wb_data=0x6b80e886 -> rs1_data=0x555c1598 rs2_data=0x98754ac9
[PASS] seq=crv_seq_4                              cyc=80 op=RK_NO_WRITE_READ rs1=2 rs2=3 wb_write=0 wb_rd=8 wb_data=0x47d12cc1 -> rs1_data=0x0edd3d0f rs2_data=0x3801af73
[PASS] seq=crv_seq_4                              cyc=81 op=RK_RANDOM        rs1=15 rs2=28 wb_write=0 wb_rd=18 wb_data=0xb35f57a6 -> rs1_data=0x6a70dddc rs2_data=0x5c6bf520
[PASS] seq=crv_seq_4                              cyc=82 op=RK_PLAIN_WRITE   rs1=9 rs2=17 wb_write=1 wb_rd=4 wb_data=0xeeb8549a -> rs1_data=0x4c87e8cb rs2_data=0x736d3f3a
[PASS] seq=crv_seq_4                              cyc=83 op=RK_RANDOM        rs1=23 rs2=21 wb_write=0 wb_rd=9 wb_data=0x39a845e3 -> rs1_data=0x555c1598 rs2_data=0x331a17c8
[PASS] seq=crv_seq_4                              cyc=84 op=RK_X0_ACCESS     rs1=2 rs2=26 wb_write=1 wb_rd=0 wb_data=0x825b0648 -> rs1_data=0x0edd3d0f rs2_data=0x86a1524c
[PASS] seq=crv_seq_4                              cyc=85 op=RK_BYPASS_BOTH   rs1=4 rs2=4 wb_write=1 wb_rd=4 wb_data=0x327aa5de -> rs1_data=0x327aa5de rs2_data=0x327aa5de
[PASS] seq=crv_seq_4                              cyc=86 op=RK_BYPASS_RS1    rs1=26 rs2=2 wb_write=1 wb_rd=26 wb_data=0xade5f234 -> rs1_data=0xade5f234 rs2_data=0x0edd3d0f
[PASS] seq=crv_seq_4                              cyc=87 op=RK_NO_WRITE_READ rs1=6 rs2=10 wb_write=0 wb_rd=28 wb_data=0xabc2b613 -> rs1_data=0x5d084c30 rs2_data=0x160830d9
[PASS] seq=crv_seq_4                              cyc=88 op=RK_BYPASS_RS2    rs1=10 rs2=11 wb_write=1 wb_rd=11 wb_data=0x8888e8c5 -> rs1_data=0x160830d9 rs2_data=0x8888e8c5
[PASS] seq=crv_seq_4                              cyc=89 op=RK_PLAIN_WRITE   rs1=17 rs2=31 wb_write=1 wb_rd=20 wb_data=0xe3ea4504 -> rs1_data=0x736d3f3a rs2_data=0x1296a2c7
[PASS] seq=crv_seq_4                              cyc=90 op=RK_PLAIN_WRITE   rs1=6 rs2=8 wb_write=1 wb_rd=23 wb_data=0xc226d523 -> rs1_data=0x5d084c30 rs2_data=0x98754ac9
[PASS] seq=crv_seq_4                              cyc=91 op=RK_BYPASS_RS2    rs1=4 rs2=15 wb_write=1 wb_rd=15 wb_data=0xa72dbe0c -> rs1_data=0x327aa5de rs2_data=0xa72dbe0c
[PASS] seq=crv_seq_4                              cyc=92 op=RK_RANDOM        rs1=7 rs2=4 wb_write=1 wb_rd=30 wb_data=0xf1d6cef0 -> rs1_data=0x03029b34 rs2_data=0x327aa5de
[PASS] seq=crv_seq_4                              cyc=93 op=RK_PLAIN_WRITE   rs1=5 rs2=29 wb_write=1 wb_rd=19 wb_data=0x1c8a86d5 -> rs1_data=0x43c84302 rs2_data=0x0f15518d
[PASS] seq=crv_seq_4                              cyc=94 op=RK_NO_WRITE_READ rs1=0 rs2=24 wb_write=0 wb_rd=17 wb_data=0x7c017d7c -> rs1_data=0x00000000 rs2_data=0x8d4e6243
[PASS] seq=crv_seq_4                              cyc=95 op=RK_X0_ACCESS     rs1=7 rs2=21 wb_write=1 wb_rd=0 wb_data=0x55aafc57 -> rs1_data=0x03029b34 rs2_data=0x331a17c8
[PASS] seq=crv_seq_4                              cyc=96 op=RK_RANDOM        rs1=12 rs2=9 wb_write=1 wb_rd=24 wb_data=0xed761757 -> rs1_data=0x8549ded9 rs2_data=0x4c87e8cb
[PASS] seq=crv_seq_4                              cyc=97 op=RK_NO_WRITE_READ rs1=14 rs2=12 wb_write=0 wb_rd=28 wb_data=0x76dcf414 -> rs1_data=0xa4bab89e rs2_data=0x8549ded9
[PASS] seq=crv_seq_4                              cyc=98 op=RK_PLAIN_WRITE   rs1=18 rs2=16 wb_write=1 wb_rd=20 wb_data=0xe09a6e07 -> rs1_data=0x3ef36f87 rs2_data=0x0d97f7de
[PASS] seq=crv_seq_4                              cyc=99 op=RK_BYPASS_BOTH   rs1=19 rs2=19 wb_write=1 wb_rd=19 wb_data=0x0bdfee8f -> rs1_data=0x0bdfee8f rs2_data=0x0bdfee8f
[PASS] seq=crv_seq_4                              cyc=100 op=RK_PLAIN_WRITE   rs1=14 rs2=2 wb_write=1 wb_rd=15 wb_data=0xcdad7abf -> rs1_data=0xa4bab89e rs2_data=0x0edd3d0f
[PASS] seq=crv_seq_4                              cyc=101 op=RK_BYPASS_RS1    rs1=13 rs2=23 wb_write=1 wb_rd=13 wb_data=0x7fd1153b -> rs1_data=0x7fd1153b rs2_data=0xc226d523
[PASS] seq=crv_seq_4                              cyc=102 op=RK_RANDOM        rs1=24 rs2=14 wb_write=1 wb_rd=0 wb_data=0x8c23f55d -> rs1_data=0xed761757 rs2_data=0xa4bab89e
[PASS] seq=crv_seq_4                              cyc=103 op=RK_RANDOM        rs1=10 rs2=25 wb_write=1 wb_rd=18 wb_data=0xa37074a2 -> rs1_data=0x160830d9 rs2_data=0x6b80e886
[PASS] seq=crv_seq_4                              cyc=104 op=RK_BYPASS_RS1    rs1=30 rs2=24 wb_write=1 wb_rd=30 wb_data=0xd98e5db1 -> rs1_data=0xd98e5db1 rs2_data=0xed761757
[PASS] seq=crv_seq_4                              cyc=105 op=RK_BYPASS_RS2    rs1=14 rs2=23 wb_write=1 wb_rd=23 wb_data=0xcbd0478c -> rs1_data=0xa4bab89e rs2_data=0xcbd0478c
[PASS] seq=crv_seq_4                              cyc=106 op=RK_PLAIN_WRITE   rs1=4 rs2=29 wb_write=1 wb_rd=23 wb_data=0x11a18b30 -> rs1_data=0x327aa5de rs2_data=0x0f15518d
[PASS] seq=crv_seq_4                              cyc=107 op=RK_BYPASS_RS2    rs1=14 rs2=7 wb_write=1 wb_rd=7 wb_data=0x0f90a578 -> rs1_data=0xa4bab89e rs2_data=0x0f90a578
[PASS] seq=crv_seq_4                              cyc=108 op=RK_RANDOM        rs1=3 rs2=3 wb_write=1 wb_rd=29 wb_data=0xeef9f9ba -> rs1_data=0x3801af73 rs2_data=0x3801af73
[PASS] seq=crv_seq_4                              cyc=109 op=RK_RANDOM        rs1=13 rs2=20 wb_write=1 wb_rd=21 wb_data=0x3ce54531 -> rs1_data=0x7fd1153b rs2_data=0xe09a6e07
[PASS] seq=crv_seq_4                              cyc=110 op=RK_RANDOM        rs1=6 rs2=10 wb_write=1 wb_rd=13 wb_data=0xd85f3882 -> rs1_data=0x5d084c30 rs2_data=0x160830d9
[PASS] seq=crv_seq_4                              cyc=111 op=RK_BYPASS_RS1    rs1=18 rs2=28 wb_write=1 wb_rd=18 wb_data=0x44aff1b9 -> rs1_data=0x44aff1b9 rs2_data=0x5c6bf520
[PASS] seq=crv_seq_4                              cyc=112 op=RK_X0_ACCESS     rs1=10 rs2=27 wb_write=1 wb_rd=0 wb_data=0x5981e2a2 -> rs1_data=0x160830d9 rs2_data=0x0e13b376
[PASS] seq=crv_seq_4                              cyc=113 op=RK_BYPASS_RS1    rs1=8 rs2=13 wb_write=1 wb_rd=8 wb_data=0x0a017f48 -> rs1_data=0x0a017f48 rs2_data=0xd85f3882
[PASS] seq=crv_seq_4                              cyc=114 op=RK_PLAIN_WRITE   rs1=26 rs2=16 wb_write=1 wb_rd=5 wb_data=0x1d750fea -> rs1_data=0xade5f234 rs2_data=0x0d97f7de
[PASS] seq=crv_seq_4                              cyc=115 op=RK_BYPASS_BOTH   rs1=20 rs2=20 wb_write=1 wb_rd=20 wb_data=0x73afbb7c -> rs1_data=0x73afbb7c rs2_data=0x73afbb7c
[PASS] seq=crv_seq_4                              cyc=116 op=RK_PLAIN_WRITE   rs1=10 rs2=2 wb_write=1 wb_rd=8 wb_data=0x408ea76e -> rs1_data=0x160830d9 rs2_data=0x0edd3d0f
[PASS] seq=crv_seq_4                              cyc=117 op=RK_RANDOM        rs1=10 rs2=12 wb_write=1 wb_rd=27 wb_data=0x57921ec1 -> rs1_data=0x160830d9 rs2_data=0x8549ded9
[PASS] seq=crv_seq_4                              cyc=118 op=RK_RANDOM        rs1=0 rs2=18 wb_write=1 wb_rd=11 wb_data=0xec743906 -> rs1_data=0x00000000 rs2_data=0x44aff1b9
[PASS] seq=crv_seq_4                              cyc=119 op=RK_X0_ACCESS     rs1=30 rs2=23 wb_write=1 wb_rd=0 wb_data=0x6a3e9f25 -> rs1_data=0xd98e5db1 rs2_data=0x11a18b30
[PASS] seq=crv_seq_4                              cyc=120 op=RK_BYPASS_BOTH   rs1=21 rs2=21 wb_write=1 wb_rd=21 wb_data=0xc2a552c3 -> rs1_data=0xc2a552c3 rs2_data=0xc2a552c3
[PASS] seq=crv_seq_4                              cyc=121 op=RK_X0_ACCESS     rs1=28 rs2=10 wb_write=1 wb_rd=0 wb_data=0xba8a3149 -> rs1_data=0x5c6bf520 rs2_data=0x160830d9
[PASS] seq=crv_seq_4                              cyc=122 op=RK_PLAIN_WRITE   rs1=3 rs2=15 wb_write=1 wb_rd=5 wb_data=0x53ff88f0 -> rs1_data=0x3801af73 rs2_data=0xcdad7abf
[PASS] seq=crv_seq_4                              cyc=123 op=RK_PLAIN_WRITE   rs1=23 rs2=11 wb_write=1 wb_rd=20 wb_data=0xdea720fe -> rs1_data=0x11a18b30 rs2_data=0xec743906
[PASS] seq=crv_seq_4                              cyc=124 op=RK_X0_ACCESS     rs1=1 rs2=3 wb_write=1 wb_rd=0 wb_data=0x189594f8 -> rs1_data=0xed52f3ca rs2_data=0x3801af73
[PASS] seq=crv_seq_4                              cyc=125 op=RK_BYPASS_RS1    rs1=26 rs2=24 wb_write=1 wb_rd=26 wb_data=0xca0dee8a -> rs1_data=0xca0dee8a rs2_data=0xed761757
[PASS] seq=crv_seq_4                              cyc=126 op=RK_NO_WRITE_READ rs1=24 rs2=14 wb_write=0 wb_rd=25 wb_data=0x5c21f874 -> rs1_data=0xed761757 rs2_data=0xa4bab89e
[PASS] seq=crv_seq_4                              cyc=127 op=RK_BYPASS_RS1    rs1=27 rs2=0 wb_write=1 wb_rd=27 wb_data=0x58189fd1 -> rs1_data=0x58189fd1 rs2_data=0x00000000
[PASS] seq=crv_seq_4                              cyc=128 op=RK_NO_WRITE_READ rs1=17 rs2=30 wb_write=0 wb_rd=11 wb_data=0xa61e7120 -> rs1_data=0x736d3f3a rs2_data=0xd98e5db1
[PASS] seq=crv_seq_4                              cyc=129 op=RK_NO_WRITE_READ rs1=14 rs2=29 wb_write=0 wb_rd=13 wb_data=0x2e934547 -> rs1_data=0xa4bab89e rs2_data=0xeef9f9ba
[PASS] seq=crv_seq_4                              cyc=130 op=RK_PLAIN_WRITE   rs1=26 rs2=0 wb_write=1 wb_rd=11 wb_data=0xcfb28711 -> rs1_data=0xca0dee8a rs2_data=0x00000000
[PASS] seq=crv_seq_4                              cyc=131 op=RK_RANDOM        rs1=29 rs2=24 wb_write=1 wb_rd=8 wb_data=0x1a9a92e3 -> rs1_data=0xeef9f9ba rs2_data=0xed761757
[PASS] seq=crv_seq_4                              cyc=132 op=RK_NO_WRITE_READ rs1=3 rs2=26 wb_write=0 wb_rd=27 wb_data=0xbbf91adc -> rs1_data=0x3801af73 rs2_data=0xca0dee8a
[PASS] seq=crv_seq_4                              cyc=133 op=RK_NO_WRITE_READ rs1=27 rs2=6 wb_write=0 wb_rd=26 wb_data=0x704fda4a -> rs1_data=0x58189fd1 rs2_data=0x5d084c30
[PASS] seq=crv_seq_4                              cyc=134 op=RK_BYPASS_RS1    rs1=22 rs2=17 wb_write=1 wb_rd=22 wb_data=0xc7fdbd1a -> rs1_data=0xc7fdbd1a rs2_data=0x736d3f3a
[PASS] seq=crv_seq_4                              cyc=135 op=RK_BYPASS_RS2    rs1=13 rs2=16 wb_write=1 wb_rd=16 wb_data=0x1bac654d -> rs1_data=0xd85f3882 rs2_data=0x1bac654d
[PASS] seq=crv_seq_4                              cyc=136 op=RK_PLAIN_WRITE   rs1=15 rs2=14 wb_write=1 wb_rd=11 wb_data=0x8e27fdf7 -> rs1_data=0xcdad7abf rs2_data=0xa4bab89e
[PASS] seq=crv_seq_4                              cyc=137 op=RK_BYPASS_RS1    rs1=28 rs2=13 wb_write=1 wb_rd=28 wb_data=0xfbb27cbe -> rs1_data=0xfbb27cbe rs2_data=0xd85f3882
[PASS] seq=crv_seq_4                              cyc=138 op=RK_BYPASS_BOTH   rs1=15 rs2=15 wb_write=1 wb_rd=15 wb_data=0x2a901dbb -> rs1_data=0x2a901dbb rs2_data=0x2a901dbb
[PASS] seq=crv_seq_4                              cyc=139 op=RK_X0_ACCESS     rs1=6 rs2=10 wb_write=1 wb_rd=0 wb_data=0x10541bed -> rs1_data=0x5d084c30 rs2_data=0x160830d9
[PASS] seq=crv_seq_4                              cyc=140 op=RK_PLAIN_WRITE   rs1=20 rs2=5 wb_write=1 wb_rd=18 wb_data=0xe9b73b44 -> rs1_data=0xdea720fe rs2_data=0x53ff88f0
[PASS] seq=crv_seq_4                              cyc=141 op=RK_PLAIN_WRITE   rs1=19 rs2=19 wb_write=1 wb_rd=3 wb_data=0x4d3f1f1e -> rs1_data=0x0bdfee8f rs2_data=0x0bdfee8f
[PASS] seq=crv_seq_4                              cyc=142 op=RK_BYPASS_RS1    rs1=27 rs2=14 wb_write=1 wb_rd=27 wb_data=0xacfa2e6a -> rs1_data=0xacfa2e6a rs2_data=0xa4bab89e
[PASS] seq=crv_seq_4                              cyc=143 op=RK_BYPASS_RS2    rs1=7 rs2=27 wb_write=1 wb_rd=27 wb_data=0x6d9bb539 -> rs1_data=0x0f90a578 rs2_data=0x6d9bb539
[PASS] seq=crv_seq_4                              cyc=144 op=RK_NO_WRITE_READ rs1=4 rs2=27 wb_write=0 wb_rd=21 wb_data=0xad3b38a4 -> rs1_data=0x327aa5de rs2_data=0x6d9bb539
[PASS] seq=crv_seq_4                              cyc=145 op=RK_BYPASS_RS1    rs1=31 rs2=17 wb_write=1 wb_rd=31 wb_data=0x24882bce -> rs1_data=0x24882bce rs2_data=0x736d3f3a
[PASS] seq=crv_seq_4                              cyc=146 op=RK_BYPASS_RS2    rs1=20 rs2=28 wb_write=1 wb_rd=28 wb_data=0xfdd2e606 -> rs1_data=0xdea720fe rs2_data=0xfdd2e606
[PASS] seq=crv_seq_4                              cyc=147 op=RK_BYPASS_RS1    rs1=16 rs2=2 wb_write=1 wb_rd=16 wb_data=0x67e70cc6 -> rs1_data=0x67e70cc6 rs2_data=0x0edd3d0f
[PASS] seq=crv_seq_4                              cyc=148 op=RK_BYPASS_BOTH   rs1=17 rs2=17 wb_write=1 wb_rd=17 wb_data=0x7c6fbbee -> rs1_data=0x7c6fbbee rs2_data=0x7c6fbbee
[PASS] seq=crv_seq_4                              cyc=149 op=RK_BYPASS_BOTH   rs1=16 rs2=16 wb_write=1 wb_rd=16 wb_data=0x0d9af066 -> rs1_data=0x0d9af066 rs2_data=0x0d9af066
[PASS] seq=crv_seq_4                              cyc=150 op=RK_BYPASS_BOTH   rs1=8 rs2=8 wb_write=1 wb_rd=8 wb_data=0xf50dea23 -> rs1_data=0xf50dea23 rs2_data=0xf50dea23
[PASS] seq=crv_seq_4                              cyc=151 op=RK_BYPASS_RS2    rs1=6 rs2=16 wb_write=1 wb_rd=16 wb_data=0xb7ded440 -> rs1_data=0x5d084c30 rs2_data=0xb7ded440
[PASS] seq=crv_seq_4                              cyc=152 op=RK_RANDOM        rs1=12 rs2=5 wb_write=0 wb_rd=30 wb_data=0x95702268 -> rs1_data=0x8549ded9 rs2_data=0x53ff88f0
[PASS] seq=crv_seq_4                              cyc=153 op=RK_BYPASS_RS2    rs1=2 rs2=31 wb_write=1 wb_rd=31 wb_data=0xfc1baf4a -> rs1_data=0x0edd3d0f rs2_data=0xfc1baf4a
[PASS] seq=crv_seq_4                              cyc=154 op=RK_RANDOM        rs1=23 rs2=8 wb_write=0 wb_rd=11 wb_data=0xc7194400 -> rs1_data=0x11a18b30 rs2_data=0xf50dea23
[PASS] seq=crv_seq_4                              cyc=155 op=RK_BYPASS_BOTH   rs1=30 rs2=30 wb_write=1 wb_rd=30 wb_data=0xade42d4c -> rs1_data=0xade42d4c rs2_data=0xade42d4c
[PASS] seq=crv_seq_4                              cyc=156 op=RK_BYPASS_RS1    rs1=19 rs2=0 wb_write=1 wb_rd=19 wb_data=0xae486e0e -> rs1_data=0xae486e0e rs2_data=0x00000000
[PASS] seq=crv_seq_4                              cyc=157 op=RK_BYPASS_BOTH   rs1=3 rs2=3 wb_write=1 wb_rd=3 wb_data=0xf650eaca -> rs1_data=0xf650eaca rs2_data=0xf650eaca
[PASS] seq=crv_seq_4                              cyc=158 op=RK_RANDOM        rs1=20 rs2=8 wb_write=0 wb_rd=0 wb_data=0x9bd5f92e -> rs1_data=0xdea720fe rs2_data=0xf50dea23
[PASS] seq=crv_seq_4                              cyc=159 op=RK_RANDOM        rs1=22 rs2=17 wb_write=1 wb_rd=4 wb_data=0x452a9c61 -> rs1_data=0xc7fdbd1a rs2_data=0x7c6fbbee
[PASS] seq=crv_seq_4                              cyc=160 op=RK_X0_ACCESS     rs1=23 rs2=30 wb_write=1 wb_rd=0 wb_data=0xc8f4ad24 -> rs1_data=0x11a18b30 rs2_data=0xade42d4c
[PASS] seq=crv_seq_4                              cyc=161 op=RK_BYPASS_RS1    rs1=9 rs2=3 wb_write=1 wb_rd=9 wb_data=0x393b833a -> rs1_data=0x393b833a rs2_data=0xf650eaca
[PASS] seq=crv_seq_4                              cyc=162 op=RK_PLAIN_WRITE   rs1=1 rs2=25 wb_write=1 wb_rd=29 wb_data=0x0e3958ff -> rs1_data=0xed52f3ca rs2_data=0x6b80e886
[PASS] seq=crv_seq_4                              cyc=163 op=RK_PLAIN_WRITE   rs1=7 rs2=21 wb_write=1 wb_rd=26 wb_data=0x6fe45c3b -> rs1_data=0x0f90a578 rs2_data=0xc2a552c3
[PASS] seq=crv_seq_4                              cyc=164 op=RK_BYPASS_RS2    rs1=22 rs2=5 wb_write=1 wb_rd=5 wb_data=0xe4cecf81 -> rs1_data=0xc7fdbd1a rs2_data=0xe4cecf81
[PASS] seq=crv_seq_4                              cyc=165 op=RK_RANDOM        rs1=22 rs2=26 wb_write=0 wb_rd=24 wb_data=0x7deb4b04 -> rs1_data=0xc7fdbd1a rs2_data=0x6fe45c3b
[PASS] seq=crv_seq_4                              cyc=166 op=RK_BYPASS_RS1    rs1=24 rs2=30 wb_write=1 wb_rd=24 wb_data=0x2cd9a527 -> rs1_data=0x2cd9a527 rs2_data=0xade42d4c
[PASS] seq=crv_seq_4                              cyc=167 op=RK_BYPASS_BOTH   rs1=26 rs2=26 wb_write=1 wb_rd=26 wb_data=0x36574dd3 -> rs1_data=0x36574dd3 rs2_data=0x36574dd3
[PASS] seq=crv_seq_4                              cyc=168 op=RK_PLAIN_WRITE   rs1=0 rs2=26 wb_write=1 wb_rd=5 wb_data=0x7575e12f -> rs1_data=0x00000000 rs2_data=0x36574dd3
[PASS] seq=crv_seq_4                              cyc=169 op=RK_X0_ACCESS     rs1=31 rs2=15 wb_write=1 wb_rd=0 wb_data=0xa843d64c -> rs1_data=0xfc1baf4a rs2_data=0x2a901dbb
[PASS] seq=crv_seq_4                              cyc=170 op=RK_BYPASS_RS1    rs1=10 rs2=27 wb_write=1 wb_rd=10 wb_data=0x94d6fdea -> rs1_data=0x94d6fdea rs2_data=0x6d9bb539
[PASS] seq=crv_seq_4                              cyc=171 op=RK_PLAIN_WRITE   rs1=7 rs2=2 wb_write=1 wb_rd=16 wb_data=0xfe962745 -> rs1_data=0x0f90a578 rs2_data=0x0edd3d0f
[PASS] seq=crv_seq_4                              cyc=172 op=RK_BYPASS_BOTH   rs1=14 rs2=14 wb_write=1 wb_rd=14 wb_data=0x0dbd5499 -> rs1_data=0x0dbd5499 rs2_data=0x0dbd5499
[PASS] seq=crv_seq_4                              cyc=173 op=RK_X0_ACCESS     rs1=18 rs2=14 wb_write=1 wb_rd=0 wb_data=0x85515fe0 -> rs1_data=0xe9b73b44 rs2_data=0x0dbd5499
[PASS] seq=crv_seq_4                              cyc=174 op=RK_RANDOM        rs1=26 rs2=11 wb_write=0 wb_rd=27 wb_data=0xd94ce0f1 -> rs1_data=0x36574dd3 rs2_data=0x8e27fdf7
[PASS] seq=crv_seq_4                              cyc=175 op=RK_RANDOM        rs1=8 rs2=6 wb_write=0 wb_rd=12 wb_data=0x49d57c02 -> rs1_data=0xf50dea23 rs2_data=0x5d084c30
[PASS] seq=crv_seq_4                              cyc=176 op=RK_BYPASS_RS1    rs1=27 rs2=24 wb_write=1 wb_rd=27 wb_data=0x6cc210bc -> rs1_data=0x6cc210bc rs2_data=0x2cd9a527
[PASS] seq=crv_seq_4                              cyc=177 op=RK_RANDOM        rs1=23 rs2=4 wb_write=0 wb_rd=30 wb_data=0x619091d2 -> rs1_data=0x11a18b30 rs2_data=0x452a9c61
[PASS] seq=crv_seq_4                              cyc=178 op=RK_BYPASS_RS1    rs1=11 rs2=13 wb_write=1 wb_rd=11 wb_data=0x7b735b68 -> rs1_data=0x7b735b68 rs2_data=0xd85f3882
[PASS] seq=crv_seq_4                              cyc=179 op=RK_BYPASS_RS2    rs1=24 rs2=31 wb_write=1 wb_rd=31 wb_data=0x8f04bd19 -> rs1_data=0x2cd9a527 rs2_data=0x8f04bd19
[PASS] seq=crv_seq_4                              cyc=180 op=RK_BYPASS_BOTH   rs1=14 rs2=14 wb_write=1 wb_rd=14 wb_data=0x035e73b9 -> rs1_data=0x035e73b9 rs2_data=0x035e73b9
[PASS] seq=crv_seq_4                              cyc=181 op=RK_BYPASS_RS2    rs1=31 rs2=10 wb_write=1 wb_rd=10 wb_data=0x50a57fa8 -> rs1_data=0x8f04bd19 rs2_data=0x50a57fa8
[PASS] seq=crv_seq_4                              cyc=182 op=RK_PLAIN_WRITE   rs1=18 rs2=12 wb_write=1 wb_rd=27 wb_data=0x289916a0 -> rs1_data=0xe9b73b44 rs2_data=0x8549ded9
[PASS] seq=crv_seq_4                              cyc=183 op=RK_RANDOM        rs1=3 rs2=7 wb_write=1 wb_rd=2 wb_data=0x5ee5a3cc -> rs1_data=0xf650eaca rs2_data=0x0f90a578
[PASS] seq=crv_seq_4                              cyc=184 op=RK_NO_WRITE_READ rs1=27 rs2=2 wb_write=0 wb_rd=4 wb_data=0xf47bdb09 -> rs1_data=0x289916a0 rs2_data=0x5ee5a3cc
[PASS] seq=crv_seq_4                              cyc=185 op=RK_X0_ACCESS     rs1=11 rs2=2 wb_write=1 wb_rd=0 wb_data=0x1599a54c -> rs1_data=0x7b735b68 rs2_data=0x5ee5a3cc
[PASS] seq=crv_seq_4                              cyc=186 op=RK_RANDOM        rs1=2 rs2=3 wb_write=1 wb_rd=3 wb_data=0xeeb4fd5b -> rs1_data=0x5ee5a3cc rs2_data=0xeeb4fd5b
[PASS] seq=crv_seq_4                              cyc=187 op=RK_BYPASS_RS2    rs1=28 rs2=13 wb_write=1 wb_rd=13 wb_data=0x2659d5c5 -> rs1_data=0xfdd2e606 rs2_data=0x2659d5c5
[PASS] seq=crv_seq_4                              cyc=188 op=RK_BYPASS_RS1    rs1=18 rs2=28 wb_write=1 wb_rd=18 wb_data=0x5f071e62 -> rs1_data=0x5f071e62 rs2_data=0xfdd2e606
[PASS] seq=crv_seq_4                              cyc=189 op=RK_BYPASS_RS1    rs1=5 rs2=17 wb_write=1 wb_rd=5 wb_data=0xdb66fad5 -> rs1_data=0xdb66fad5 rs2_data=0x7c6fbbee
[PASS] seq=crv_seq_4                              cyc=190 op=RK_BYPASS_BOTH   rs1=21 rs2=21 wb_write=1 wb_rd=21 wb_data=0xea3627ad -> rs1_data=0xea3627ad rs2_data=0xea3627ad
[PASS] seq=crv_seq_4                              cyc=191 op=RK_NO_WRITE_READ rs1=30 rs2=13 wb_write=0 wb_rd=29 wb_data=0x7f2e8574 -> rs1_data=0xade42d4c rs2_data=0x2659d5c5
[PASS] seq=crv_seq_4                              cyc=192 op=RK_RANDOM        rs1=24 rs2=7 wb_write=0 wb_rd=4 wb_data=0x7f763a3b -> rs1_data=0x2cd9a527 rs2_data=0x0f90a578
[PASS] seq=crv_seq_4                              cyc=193 op=RK_PLAIN_WRITE   rs1=14 rs2=2 wb_write=1 wb_rd=5 wb_data=0x77a0b843 -> rs1_data=0x035e73b9 rs2_data=0x5ee5a3cc
[PASS] seq=crv_seq_4                              cyc=194 op=RK_NO_WRITE_READ rs1=14 rs2=30 wb_write=0 wb_rd=20 wb_data=0x8d6ac312 -> rs1_data=0x035e73b9 rs2_data=0xade42d4c
[PASS] seq=crv_seq_4                              cyc=195 op=RK_BYPASS_RS1    rs1=12 rs2=17 wb_write=1 wb_rd=12 wb_data=0x58302fd2 -> rs1_data=0x58302fd2 rs2_data=0x7c6fbbee
[PASS] seq=crv_seq_4                              cyc=196 op=RK_PLAIN_WRITE   rs1=7 rs2=21 wb_write=1 wb_rd=6 wb_data=0x4534161e -> rs1_data=0x0f90a578 rs2_data=0xea3627ad
[PASS] seq=crv_seq_4                              cyc=197 op=RK_BYPASS_BOTH   rs1=25 rs2=25 wb_write=1 wb_rd=25 wb_data=0xb99ca30c -> rs1_data=0xb99ca30c rs2_data=0xb99ca30c
[PASS] seq=crv_seq_4                              cyc=198 op=RK_BYPASS_RS2    rs1=9 rs2=14 wb_write=1 wb_rd=14 wb_data=0x8c192fdb -> rs1_data=0x393b833a rs2_data=0x8c192fdb
[PASS] seq=crv_seq_4                              cyc=199 op=RK_BYPASS_RS2    rs1=17 rs2=27 wb_write=1 wb_rd=27 wb_data=0x6051d18c -> rs1_data=0x7c6fbbee rs2_data=0x6051d18c
[PASS] seq=crv_seq_5                              cyc=0 op=RK_BYPASS_RS1    rs1=20 rs2=1 wb_write=1 wb_rd=20 wb_data=0x1ffd8de2 -> rs1_data=0x1ffd8de2 rs2_data=0xed52f3ca
[PASS] seq=crv_seq_5                              cyc=1 op=RK_RANDOM        rs1=21 rs2=8 wb_write=1 wb_rd=26 wb_data=0xf5103599 -> rs1_data=0xea3627ad rs2_data=0xf50dea23
[PASS] seq=crv_seq_5                              cyc=2 op=RK_X0_ACCESS     rs1=26 rs2=3 wb_write=1 wb_rd=0 wb_data=0x200d0e72 -> rs1_data=0xf5103599 rs2_data=0xeeb4fd5b
[PASS] seq=crv_seq_5                              cyc=3 op=RK_BYPASS_BOTH   rs1=3 rs2=3 wb_write=1 wb_rd=3 wb_data=0x5e16ff73 -> rs1_data=0x5e16ff73 rs2_data=0x5e16ff73
[PASS] seq=crv_seq_5                              cyc=4 op=RK_BYPASS_RS1    rs1=20 rs2=10 wb_write=1 wb_rd=20 wb_data=0xb8425d55 -> rs1_data=0xb8425d55 rs2_data=0x50a57fa8
[PASS] seq=crv_seq_5                              cyc=5 op=RK_BYPASS_RS2    rs1=28 rs2=9 wb_write=1 wb_rd=9 wb_data=0x7d5a05fc -> rs1_data=0xfdd2e606 rs2_data=0x7d5a05fc
[PASS] seq=crv_seq_5                              cyc=6 op=RK_BYPASS_RS1    rs1=30 rs2=3 wb_write=1 wb_rd=30 wb_data=0x8f695218 -> rs1_data=0x8f695218 rs2_data=0x5e16ff73
[PASS] seq=crv_seq_5                              cyc=7 op=RK_BYPASS_RS1    rs1=1 rs2=31 wb_write=1 wb_rd=1 wb_data=0x9bbb204e -> rs1_data=0x9bbb204e rs2_data=0x8f04bd19
[PASS] seq=crv_seq_5                              cyc=8 op=RK_X0_ACCESS     rs1=5 rs2=22 wb_write=1 wb_rd=0 wb_data=0xadb26035 -> rs1_data=0x77a0b843 rs2_data=0xc7fdbd1a
[PASS] seq=crv_seq_5                              cyc=9 op=RK_RANDOM        rs1=18 rs2=29 wb_write=0 wb_rd=19 wb_data=0x4d7c97f3 -> rs1_data=0x5f071e62 rs2_data=0x0e3958ff
[PASS] seq=crv_seq_5                              cyc=10 op=RK_RANDOM        rs1=29 rs2=23 wb_write=0 wb_rd=19 wb_data=0xc4b334f6 -> rs1_data=0x0e3958ff rs2_data=0x11a18b30
[PASS] seq=crv_seq_5                              cyc=11 op=RK_BYPASS_RS1    rs1=26 rs2=7 wb_write=1 wb_rd=26 wb_data=0x4c7fef94 -> rs1_data=0x4c7fef94 rs2_data=0x0f90a578
[PASS] seq=crv_seq_5                              cyc=12 op=RK_X0_ACCESS     rs1=17 rs2=13 wb_write=1 wb_rd=0 wb_data=0x2013e0b2 -> rs1_data=0x7c6fbbee rs2_data=0x2659d5c5
[PASS] seq=crv_seq_5                              cyc=13 op=RK_PLAIN_WRITE   rs1=16 rs2=15 wb_write=1 wb_rd=14 wb_data=0xdd06d7ce -> rs1_data=0xfe962745 rs2_data=0x2a901dbb
[PASS] seq=crv_seq_5                              cyc=14 op=RK_BYPASS_RS1    rs1=7 rs2=16 wb_write=1 wb_rd=7 wb_data=0xc29acb60 -> rs1_data=0xc29acb60 rs2_data=0xfe962745
[PASS] seq=crv_seq_5                              cyc=15 op=RK_RANDOM        rs1=27 rs2=24 wb_write=0 wb_rd=31 wb_data=0xf439ec2f -> rs1_data=0x6051d18c rs2_data=0x2cd9a527
[PASS] seq=crv_seq_5                              cyc=16 op=RK_BYPASS_RS2    rs1=27 rs2=9 wb_write=1 wb_rd=9 wb_data=0x56a4403b -> rs1_data=0x6051d18c rs2_data=0x56a4403b
[PASS] seq=crv_seq_5                              cyc=17 op=RK_BYPASS_RS2    rs1=4 rs2=27 wb_write=1 wb_rd=27 wb_data=0x7b86eead -> rs1_data=0x452a9c61 rs2_data=0x7b86eead
[PASS] seq=crv_seq_5                              cyc=18 op=RK_PLAIN_WRITE   rs1=24 rs2=28 wb_write=1 wb_rd=22 wb_data=0x8d9de499 -> rs1_data=0x2cd9a527 rs2_data=0xfdd2e606
[PASS] seq=crv_seq_5                              cyc=19 op=RK_BYPASS_RS1    rs1=11 rs2=30 wb_write=1 wb_rd=11 wb_data=0x1559d3d1 -> rs1_data=0x1559d3d1 rs2_data=0x8f695218
[PASS] seq=crv_seq_5                              cyc=20 op=RK_PLAIN_WRITE   rs1=17 rs2=30 wb_write=1 wb_rd=11 wb_data=0xe9599ec7 -> rs1_data=0x7c6fbbee rs2_data=0x8f695218
[PASS] seq=crv_seq_5                              cyc=21 op=RK_BYPASS_BOTH   rs1=4 rs2=4 wb_write=1 wb_rd=4 wb_data=0x51965547 -> rs1_data=0x51965547 rs2_data=0x51965547
[PASS] seq=crv_seq_5                              cyc=22 op=RK_BYPASS_RS2    rs1=1 rs2=9 wb_write=1 wb_rd=9 wb_data=0x0e5b019b -> rs1_data=0x9bbb204e rs2_data=0x0e5b019b
[PASS] seq=crv_seq_5                              cyc=23 op=RK_X0_ACCESS     rs1=10 rs2=18 wb_write=1 wb_rd=0 wb_data=0x67d9be5d -> rs1_data=0x50a57fa8 rs2_data=0x5f071e62
[PASS] seq=crv_seq_5                              cyc=24 op=RK_PLAIN_WRITE   rs1=23 rs2=30 wb_write=1 wb_rd=9 wb_data=0x87e2343d -> rs1_data=0x11a18b30 rs2_data=0x8f695218
[PASS] seq=crv_seq_5                              cyc=25 op=RK_X0_ACCESS     rs1=1 rs2=19 wb_write=1 wb_rd=0 wb_data=0xe73c02ae -> rs1_data=0x9bbb204e rs2_data=0xae486e0e
[PASS] seq=crv_seq_5                              cyc=26 op=RK_PLAIN_WRITE   rs1=4 rs2=27 wb_write=1 wb_rd=17 wb_data=0x9b8186cb -> rs1_data=0x51965547 rs2_data=0x7b86eead
[PASS] seq=crv_seq_5                              cyc=27 op=RK_BYPASS_RS1    rs1=8 rs2=30 wb_write=1 wb_rd=8 wb_data=0xd7db5fd6 -> rs1_data=0xd7db5fd6 rs2_data=0x8f695218
[PASS] seq=crv_seq_5                              cyc=28 op=RK_BYPASS_RS1    rs1=11 rs2=28 wb_write=1 wb_rd=11 wb_data=0xb7a71a30 -> rs1_data=0xb7a71a30 rs2_data=0xfdd2e606
[PASS] seq=crv_seq_5                              cyc=29 op=RK_RANDOM        rs1=15 rs2=22 wb_write=0 wb_rd=9 wb_data=0xffdbd145 -> rs1_data=0x2a901dbb rs2_data=0x8d9de499
[PASS] seq=crv_seq_5                              cyc=30 op=RK_BYPASS_BOTH   rs1=12 rs2=12 wb_write=1 wb_rd=12 wb_data=0x5a84114a -> rs1_data=0x5a84114a rs2_data=0x5a84114a
[PASS] seq=crv_seq_5                              cyc=31 op=RK_BYPASS_RS1    rs1=5 rs2=7 wb_write=1 wb_rd=5 wb_data=0x5a4bdc37 -> rs1_data=0x5a4bdc37 rs2_data=0xc29acb60
[PASS] seq=crv_seq_5                              cyc=32 op=RK_BYPASS_BOTH   rs1=13 rs2=13 wb_write=1 wb_rd=13 wb_data=0x68e8af8b -> rs1_data=0x68e8af8b rs2_data=0x68e8af8b
[PASS] seq=crv_seq_5                              cyc=33 op=RK_RANDOM        rs1=18 rs2=19 wb_write=1 wb_rd=13 wb_data=0x1b7b2917 -> rs1_data=0x5f071e62 rs2_data=0xae486e0e
[PASS] seq=crv_seq_5                              cyc=34 op=RK_BYPASS_RS2    rs1=5 rs2=15 wb_write=1 wb_rd=15 wb_data=0xedb34c5c -> rs1_data=0x5a4bdc37 rs2_data=0xedb34c5c
[PASS] seq=crv_seq_5                              cyc=35 op=RK_BYPASS_BOTH   rs1=10 rs2=10 wb_write=1 wb_rd=10 wb_data=0x26ed8ac9 -> rs1_data=0x26ed8ac9 rs2_data=0x26ed8ac9
[PASS] seq=crv_seq_5                              cyc=36 op=RK_BYPASS_BOTH   rs1=21 rs2=21 wb_write=1 wb_rd=21 wb_data=0x704e4d94 -> rs1_data=0x704e4d94 rs2_data=0x704e4d94
[PASS] seq=crv_seq_5                              cyc=37 op=RK_BYPASS_RS2    rs1=8 rs2=7 wb_write=1 wb_rd=7 wb_data=0x870e73ae -> rs1_data=0xd7db5fd6 rs2_data=0x870e73ae
[PASS] seq=crv_seq_5                              cyc=38 op=RK_X0_ACCESS     rs1=21 rs2=18 wb_write=1 wb_rd=0 wb_data=0xbaa9e5b4 -> rs1_data=0x704e4d94 rs2_data=0x5f071e62
[PASS] seq=crv_seq_5                              cyc=39 op=RK_BYPASS_RS1    rs1=1 rs2=10 wb_write=1 wb_rd=1 wb_data=0xe375bed5 -> rs1_data=0xe375bed5 rs2_data=0x26ed8ac9
[PASS] seq=crv_seq_5                              cyc=40 op=RK_BYPASS_RS1    rs1=19 rs2=13 wb_write=1 wb_rd=19 wb_data=0xdf445302 -> rs1_data=0xdf445302 rs2_data=0x1b7b2917
[PASS] seq=crv_seq_5                              cyc=41 op=RK_NO_WRITE_READ rs1=5 rs2=17 wb_write=0 wb_rd=25 wb_data=0x522f05f3 -> rs1_data=0x5a4bdc37 rs2_data=0x9b8186cb
[PASS] seq=crv_seq_5                              cyc=42 op=RK_X0_ACCESS     rs1=5 rs2=17 wb_write=1 wb_rd=0 wb_data=0x10289650 -> rs1_data=0x5a4bdc37 rs2_data=0x9b8186cb
[PASS] seq=crv_seq_5                              cyc=43 op=RK_PLAIN_WRITE   rs1=16 rs2=22 wb_write=1 wb_rd=28 wb_data=0xb25a930c -> rs1_data=0xfe962745 rs2_data=0x8d9de499
[PASS] seq=crv_seq_5                              cyc=44 op=RK_BYPASS_RS2    rs1=11 rs2=5 wb_write=1 wb_rd=5 wb_data=0x097ec34c -> rs1_data=0xb7a71a30 rs2_data=0x097ec34c
[PASS] seq=crv_seq_5                              cyc=45 op=RK_NO_WRITE_READ rs1=29 rs2=0 wb_write=0 wb_rd=20 wb_data=0xaa3c761f -> rs1_data=0x0e3958ff rs2_data=0x00000000
[PASS] seq=crv_seq_5                              cyc=46 op=RK_RANDOM        rs1=16 rs2=21 wb_write=0 wb_rd=12 wb_data=0x6ba01dab -> rs1_data=0xfe962745 rs2_data=0x704e4d94
[PASS] seq=crv_seq_5                              cyc=47 op=RK_BYPASS_BOTH   rs1=27 rs2=27 wb_write=1 wb_rd=27 wb_data=0x30fef179 -> rs1_data=0x30fef179 rs2_data=0x30fef179
[PASS] seq=crv_seq_5                              cyc=48 op=RK_PLAIN_WRITE   rs1=31 rs2=30 wb_write=1 wb_rd=5 wb_data=0xdf170050 -> rs1_data=0x8f04bd19 rs2_data=0x8f695218
[PASS] seq=crv_seq_5                              cyc=49 op=RK_PLAIN_WRITE   rs1=6 rs2=4 wb_write=1 wb_rd=26 wb_data=0xaa933b09 -> rs1_data=0x4534161e rs2_data=0x51965547
[PASS] seq=crv_seq_5                              cyc=50 op=RK_NO_WRITE_READ rs1=15 rs2=4 wb_write=0 wb_rd=11 wb_data=0x7eb92a47 -> rs1_data=0xedb34c5c rs2_data=0x51965547
[PASS] seq=crv_seq_5                              cyc=51 op=RK_BYPASS_BOTH   rs1=1 rs2=1 wb_write=1 wb_rd=1 wb_data=0xcf8f0ecc -> rs1_data=0xcf8f0ecc rs2_data=0xcf8f0ecc
[PASS] seq=crv_seq_5                              cyc=52 op=RK_RANDOM        rs1=4 rs2=23 wb_write=0 wb_rd=0 wb_data=0x8192d9f3 -> rs1_data=0x51965547 rs2_data=0x11a18b30
[PASS] seq=crv_seq_5                              cyc=53 op=RK_BYPASS_RS2    rs1=9 rs2=5 wb_write=1 wb_rd=5 wb_data=0x92fa7309 -> rs1_data=0x87e2343d rs2_data=0x92fa7309
[PASS] seq=crv_seq_5                              cyc=54 op=RK_BYPASS_RS1    rs1=25 rs2=20 wb_write=1 wb_rd=25 wb_data=0x30cdd9de -> rs1_data=0x30cdd9de rs2_data=0xb8425d55
[PASS] seq=crv_seq_5                              cyc=55 op=RK_BYPASS_RS1    rs1=24 rs2=26 wb_write=1 wb_rd=24 wb_data=0xd924a1fe -> rs1_data=0xd924a1fe rs2_data=0xaa933b09
[PASS] seq=crv_seq_5                              cyc=56 op=RK_BYPASS_RS1    rs1=16 rs2=19 wb_write=1 wb_rd=16 wb_data=0x8e7f04c1 -> rs1_data=0x8e7f04c1 rs2_data=0xdf445302
[PASS] seq=crv_seq_5                              cyc=57 op=RK_RANDOM        rs1=17 rs2=5 wb_write=1 wb_rd=18 wb_data=0x14d714d9 -> rs1_data=0x9b8186cb rs2_data=0x92fa7309
[PASS] seq=crv_seq_5                              cyc=58 op=RK_NO_WRITE_READ rs1=29 rs2=2 wb_write=0 wb_rd=14 wb_data=0x3beb5e7f -> rs1_data=0x0e3958ff rs2_data=0x5ee5a3cc
[PASS] seq=crv_seq_5                              cyc=59 op=RK_RANDOM        rs1=3 rs2=30 wb_write=0 wb_rd=15 wb_data=0xd6c8f1c9 -> rs1_data=0x5e16ff73 rs2_data=0x8f695218
[PASS] seq=crv_seq_5                              cyc=60 op=RK_RANDOM        rs1=19 rs2=23 wb_write=1 wb_rd=13 wb_data=0x270a8549 -> rs1_data=0xdf445302 rs2_data=0x11a18b30
[PASS] seq=crv_seq_5                              cyc=61 op=RK_BYPASS_RS1    rs1=27 rs2=2 wb_write=1 wb_rd=27 wb_data=0x0079b6a9 -> rs1_data=0x0079b6a9 rs2_data=0x5ee5a3cc
[PASS] seq=crv_seq_5                              cyc=62 op=RK_PLAIN_WRITE   rs1=15 rs2=1 wb_write=1 wb_rd=19 wb_data=0x5a88f851 -> rs1_data=0xedb34c5c rs2_data=0xcf8f0ecc
[PASS] seq=crv_seq_5                              cyc=63 op=RK_NO_WRITE_READ rs1=18 rs2=3 wb_write=0 wb_rd=11 wb_data=0x0bf974a3 -> rs1_data=0x14d714d9 rs2_data=0x5e16ff73
[PASS] seq=crv_seq_5                              cyc=64 op=RK_BYPASS_BOTH   rs1=22 rs2=22 wb_write=1 wb_rd=22 wb_data=0x67c03468 -> rs1_data=0x67c03468 rs2_data=0x67c03468
[PASS] seq=crv_seq_5                              cyc=65 op=RK_PLAIN_WRITE   rs1=14 rs2=5 wb_write=1 wb_rd=25 wb_data=0x8d42fad5 -> rs1_data=0xdd06d7ce rs2_data=0x92fa7309
[PASS] seq=crv_seq_5                              cyc=66 op=RK_PLAIN_WRITE   rs1=12 rs2=11 wb_write=1 wb_rd=16 wb_data=0x350eb1dd -> rs1_data=0x5a84114a rs2_data=0xb7a71a30
[PASS] seq=crv_seq_5                              cyc=67 op=RK_RANDOM        rs1=5 rs2=1 wb_write=0 wb_rd=13 wb_data=0xaa87fc57 -> rs1_data=0x92fa7309 rs2_data=0xcf8f0ecc
[PASS] seq=crv_seq_5                              cyc=68 op=RK_BYPASS_RS1    rs1=28 rs2=8 wb_write=1 wb_rd=28 wb_data=0x418d84c8 -> rs1_data=0x418d84c8 rs2_data=0xd7db5fd6
[PASS] seq=crv_seq_5                              cyc=69 op=RK_RANDOM        rs1=27 rs2=14 wb_write=1 wb_rd=26 wb_data=0xf98c7f5d -> rs1_data=0x0079b6a9 rs2_data=0xdd06d7ce
[PASS] seq=crv_seq_5                              cyc=70 op=RK_RANDOM        rs1=5 rs2=0 wb_write=1 wb_rd=12 wb_data=0xfb2b301d -> rs1_data=0x92fa7309 rs2_data=0x00000000
[PASS] seq=crv_seq_5                              cyc=71 op=RK_BYPASS_BOTH   rs1=17 rs2=17 wb_write=1 wb_rd=17 wb_data=0x57624188 -> rs1_data=0x57624188 rs2_data=0x57624188
[PASS] seq=crv_seq_5                              cyc=72 op=RK_X0_ACCESS     rs1=12 rs2=13 wb_write=1 wb_rd=0 wb_data=0x36a7e351 -> rs1_data=0xfb2b301d rs2_data=0x270a8549
[PASS] seq=crv_seq_5                              cyc=73 op=RK_RANDOM        rs1=19 rs2=11 wb_write=0 wb_rd=26 wb_data=0xebab5c48 -> rs1_data=0x5a88f851 rs2_data=0xb7a71a30
[PASS] seq=crv_seq_5                              cyc=74 op=RK_RANDOM        rs1=16 rs2=21 wb_write=0 wb_rd=11 wb_data=0xc20863bc -> rs1_data=0x350eb1dd rs2_data=0x704e4d94
[PASS] seq=crv_seq_5                              cyc=75 op=RK_X0_ACCESS     rs1=19 rs2=27 wb_write=1 wb_rd=0 wb_data=0x68eb31a3 -> rs1_data=0x5a88f851 rs2_data=0x0079b6a9
[PASS] seq=crv_seq_5                              cyc=76 op=RK_BYPASS_RS1    rs1=5 rs2=27 wb_write=1 wb_rd=5 wb_data=0x52d322f4 -> rs1_data=0x52d322f4 rs2_data=0x0079b6a9
[PASS] seq=crv_seq_5                              cyc=77 op=RK_NO_WRITE_READ rs1=0 rs2=2 wb_write=0 wb_rd=25 wb_data=0xcdfda396 -> rs1_data=0x00000000 rs2_data=0x5ee5a3cc
[PASS] seq=crv_seq_5                              cyc=78 op=RK_BYPASS_RS1    rs1=17 rs2=14 wb_write=1 wb_rd=17 wb_data=0xe944b410 -> rs1_data=0xe944b410 rs2_data=0xdd06d7ce
[PASS] seq=crv_seq_5                              cyc=79 op=RK_BYPASS_RS1    rs1=13 rs2=24 wb_write=1 wb_rd=13 wb_data=0xd5515078 -> rs1_data=0xd5515078 rs2_data=0xd924a1fe
[PASS] seq=crv_seq_5                              cyc=80 op=RK_NO_WRITE_READ rs1=11 rs2=1 wb_write=0 wb_rd=7 wb_data=0xb285d90d -> rs1_data=0xb7a71a30 rs2_data=0xcf8f0ecc
[PASS] seq=crv_seq_5                              cyc=81 op=RK_PLAIN_WRITE   rs1=14 rs2=16 wb_write=1 wb_rd=22 wb_data=0x19fb589b -> rs1_data=0xdd06d7ce rs2_data=0x350eb1dd
[PASS] seq=crv_seq_5                              cyc=82 op=RK_BYPASS_RS2    rs1=12 rs2=22 wb_write=1 wb_rd=22 wb_data=0xbc472f90 -> rs1_data=0xfb2b301d rs2_data=0xbc472f90
[PASS] seq=crv_seq_5                              cyc=83 op=RK_X0_ACCESS     rs1=24 rs2=31 wb_write=1 wb_rd=0 wb_data=0x3199e5be -> rs1_data=0xd924a1fe rs2_data=0x8f04bd19
[PASS] seq=crv_seq_5                              cyc=84 op=RK_BYPASS_RS1    rs1=31 rs2=6 wb_write=1 wb_rd=31 wb_data=0x17377906 -> rs1_data=0x17377906 rs2_data=0x4534161e
[PASS] seq=crv_seq_5                              cyc=85 op=RK_BYPASS_RS1    rs1=10 rs2=1 wb_write=1 wb_rd=10 wb_data=0xbdda3eb0 -> rs1_data=0xbdda3eb0 rs2_data=0xcf8f0ecc
[PASS] seq=crv_seq_5                              cyc=86 op=RK_PLAIN_WRITE   rs1=18 rs2=29 wb_write=1 wb_rd=11 wb_data=0x91cb32d3 -> rs1_data=0x14d714d9 rs2_data=0x0e3958ff
[PASS] seq=crv_seq_5                              cyc=87 op=RK_BYPASS_RS2    rs1=12 rs2=18 wb_write=1 wb_rd=18 wb_data=0xb621a7b4 -> rs1_data=0xfb2b301d rs2_data=0xb621a7b4
[PASS] seq=crv_seq_5                              cyc=88 op=RK_BYPASS_BOTH   rs1=16 rs2=16 wb_write=1 wb_rd=16 wb_data=0xeb3eaa32 -> rs1_data=0xeb3eaa32 rs2_data=0xeb3eaa32
[PASS] seq=crv_seq_5                              cyc=89 op=RK_BYPASS_RS2    rs1=3 rs2=17 wb_write=1 wb_rd=17 wb_data=0x7760ec91 -> rs1_data=0x5e16ff73 rs2_data=0x7760ec91
[PASS] seq=crv_seq_5                              cyc=90 op=RK_RANDOM        rs1=1 rs2=10 wb_write=0 wb_rd=28 wb_data=0xc5c6cdda -> rs1_data=0xcf8f0ecc rs2_data=0xbdda3eb0
[PASS] seq=crv_seq_5                              cyc=91 op=RK_BYPASS_RS1    rs1=8 rs2=23 wb_write=1 wb_rd=8 wb_data=0x94c6b884 -> rs1_data=0x94c6b884 rs2_data=0x11a18b30
[PASS] seq=crv_seq_5                              cyc=92 op=RK_BYPASS_RS2    rs1=7 rs2=28 wb_write=1 wb_rd=28 wb_data=0x948079ca -> rs1_data=0x870e73ae rs2_data=0x948079ca
[PASS] seq=crv_seq_5                              cyc=93 op=RK_BYPASS_RS1    rs1=31 rs2=23 wb_write=1 wb_rd=31 wb_data=0xda8b9a63 -> rs1_data=0xda8b9a63 rs2_data=0x11a18b30
[PASS] seq=crv_seq_5                              cyc=94 op=RK_NO_WRITE_READ rs1=13 rs2=7 wb_write=0 wb_rd=9 wb_data=0xcbd2cdfb -> rs1_data=0xd5515078 rs2_data=0x870e73ae
[PASS] seq=crv_seq_5                              cyc=95 op=RK_RANDOM        rs1=13 rs2=3 wb_write=0 wb_rd=0 wb_data=0xe3700e2f -> rs1_data=0xd5515078 rs2_data=0x5e16ff73
[PASS] seq=crv_seq_5                              cyc=96 op=RK_RANDOM        rs1=17 rs2=12 wb_write=0 wb_rd=1 wb_data=0x705d5288 -> rs1_data=0x7760ec91 rs2_data=0xfb2b301d
[PASS] seq=crv_seq_5                              cyc=97 op=RK_NO_WRITE_READ rs1=13 rs2=4 wb_write=0 wb_rd=17 wb_data=0xf9a906d6 -> rs1_data=0xd5515078 rs2_data=0x51965547
[PASS] seq=crv_seq_5                              cyc=98 op=RK_BYPASS_RS1    rs1=15 rs2=19 wb_write=1 wb_rd=15 wb_data=0x59c7ee3a -> rs1_data=0x59c7ee3a rs2_data=0x5a88f851
[PASS] seq=crv_seq_5                              cyc=99 op=RK_PLAIN_WRITE   rs1=13 rs2=12 wb_write=1 wb_rd=22 wb_data=0xd170585f -> rs1_data=0xd5515078 rs2_data=0xfb2b301d
[PASS] seq=crv_seq_5                              cyc=100 op=RK_NO_WRITE_READ rs1=22 rs2=1 wb_write=0 wb_rd=31 wb_data=0x0f3f1043 -> rs1_data=0xd170585f rs2_data=0xcf8f0ecc
[PASS] seq=crv_seq_5                              cyc=101 op=RK_BYPASS_BOTH   rs1=3 rs2=3 wb_write=1 wb_rd=3 wb_data=0x51293600 -> rs1_data=0x51293600 rs2_data=0x51293600
[PASS] seq=crv_seq_5                              cyc=102 op=RK_PLAIN_WRITE   rs1=29 rs2=29 wb_write=1 wb_rd=4 wb_data=0x556a1b59 -> rs1_data=0x0e3958ff rs2_data=0x0e3958ff
[PASS] seq=crv_seq_5                              cyc=103 op=RK_BYPASS_RS2    rs1=17 rs2=31 wb_write=1 wb_rd=31 wb_data=0xd9601d13 -> rs1_data=0x7760ec91 rs2_data=0xd9601d13
[PASS] seq=crv_seq_5                              cyc=104 op=RK_RANDOM        rs1=22 rs2=10 wb_write=0 wb_rd=3 wb_data=0x08d59524 -> rs1_data=0xd170585f rs2_data=0xbdda3eb0
[PASS] seq=crv_seq_5                              cyc=105 op=RK_BYPASS_RS1    rs1=19 rs2=12 wb_write=1 wb_rd=19 wb_data=0xd98964c9 -> rs1_data=0xd98964c9 rs2_data=0xfb2b301d
[PASS] seq=crv_seq_5                              cyc=106 op=RK_PLAIN_WRITE   rs1=16 rs2=13 wb_write=1 wb_rd=30 wb_data=0xabe0db8a -> rs1_data=0xeb3eaa32 rs2_data=0xd5515078
[PASS] seq=crv_seq_5                              cyc=107 op=RK_NO_WRITE_READ rs1=28 rs2=18 wb_write=0 wb_rd=4 wb_data=0x3ea36889 -> rs1_data=0x948079ca rs2_data=0xb621a7b4
[PASS] seq=crv_seq_5                              cyc=108 op=RK_RANDOM        rs1=7 rs2=10 wb_write=0 wb_rd=12 wb_data=0x921e36a1 -> rs1_data=0x870e73ae rs2_data=0xbdda3eb0
[PASS] seq=crv_seq_5                              cyc=109 op=RK_BYPASS_BOTH   rs1=24 rs2=24 wb_write=1 wb_rd=24 wb_data=0x6b2a42f1 -> rs1_data=0x6b2a42f1 rs2_data=0x6b2a42f1
[PASS] seq=crv_seq_5                              cyc=110 op=RK_RANDOM        rs1=21 rs2=23 wb_write=1 wb_rd=18 wb_data=0x58b39f41 -> rs1_data=0x704e4d94 rs2_data=0x11a18b30
[PASS] seq=crv_seq_5                              cyc=111 op=RK_PLAIN_WRITE   rs1=14 rs2=31 wb_write=1 wb_rd=4 wb_data=0x59e0c756 -> rs1_data=0xdd06d7ce rs2_data=0xd9601d13
[PASS] seq=crv_seq_5                              cyc=112 op=RK_BYPASS_RS1    rs1=4 rs2=23 wb_write=1 wb_rd=4 wb_data=0x3a41017d -> rs1_data=0x3a41017d rs2_data=0x11a18b30
[PASS] seq=crv_seq_5                              cyc=113 op=RK_PLAIN_WRITE   rs1=31 rs2=9 wb_write=1 wb_rd=20 wb_data=0x1ea3c77e -> rs1_data=0xd9601d13 rs2_data=0x87e2343d
[PASS] seq=crv_seq_5                              cyc=114 op=RK_RANDOM        rs1=11 rs2=15 wb_write=1 wb_rd=17 wb_data=0x1853b658 -> rs1_data=0x91cb32d3 rs2_data=0x59c7ee3a
[PASS] seq=crv_seq_5                              cyc=115 op=RK_X0_ACCESS     rs1=30 rs2=0 wb_write=1 wb_rd=0 wb_data=0x6b1f39c4 -> rs1_data=0xabe0db8a rs2_data=0x00000000
[PASS] seq=crv_seq_5                              cyc=116 op=RK_BYPASS_RS1    rs1=31 rs2=15 wb_write=1 wb_rd=31 wb_data=0xfb2df2f1 -> rs1_data=0xfb2df2f1 rs2_data=0x59c7ee3a
[PASS] seq=crv_seq_5                              cyc=117 op=RK_BYPASS_RS2    rs1=9 rs2=28 wb_write=1 wb_rd=28 wb_data=0x80bc7313 -> rs1_data=0x87e2343d rs2_data=0x80bc7313
[PASS] seq=crv_seq_5                              cyc=118 op=RK_X0_ACCESS     rs1=16 rs2=9 wb_write=1 wb_rd=0 wb_data=0x8da3bbd1 -> rs1_data=0xeb3eaa32 rs2_data=0x87e2343d
[PASS] seq=crv_seq_5                              cyc=119 op=RK_BYPASS_BOTH   rs1=4 rs2=4 wb_write=1 wb_rd=4 wb_data=0x97f8d94f -> rs1_data=0x97f8d94f rs2_data=0x97f8d94f
[PASS] seq=crv_seq_5                              cyc=120 op=RK_BYPASS_RS1    rs1=1 rs2=19 wb_write=1 wb_rd=1 wb_data=0xebf64207 -> rs1_data=0xebf64207 rs2_data=0xd98964c9
[PASS] seq=crv_seq_5                              cyc=121 op=RK_BYPASS_RS2    rs1=1 rs2=25 wb_write=1 wb_rd=25 wb_data=0xafc13b2d -> rs1_data=0xebf64207 rs2_data=0xafc13b2d
[PASS] seq=crv_seq_5                              cyc=122 op=RK_BYPASS_RS1    rs1=19 rs2=22 wb_write=1 wb_rd=19 wb_data=0xc6929968 -> rs1_data=0xc6929968 rs2_data=0xd170585f
[PASS] seq=crv_seq_5                              cyc=123 op=RK_RANDOM        rs1=14 rs2=14 wb_write=1 wb_rd=19 wb_data=0x0ff6e9ad -> rs1_data=0xdd06d7ce rs2_data=0xdd06d7ce
[PASS] seq=crv_seq_5                              cyc=124 op=RK_NO_WRITE_READ rs1=14 rs2=13 wb_write=0 wb_rd=21 wb_data=0xfefde8b6 -> rs1_data=0xdd06d7ce rs2_data=0xd5515078
[PASS] seq=crv_seq_5                              cyc=125 op=RK_BYPASS_RS1    rs1=22 rs2=18 wb_write=1 wb_rd=22 wb_data=0x4015eb53 -> rs1_data=0x4015eb53 rs2_data=0x58b39f41
[PASS] seq=crv_seq_5                              cyc=126 op=RK_X0_ACCESS     rs1=19 rs2=14 wb_write=1 wb_rd=0 wb_data=0x19525d45 -> rs1_data=0x0ff6e9ad rs2_data=0xdd06d7ce
[PASS] seq=crv_seq_5                              cyc=127 op=RK_RANDOM        rs1=3 rs2=14 wb_write=0 wb_rd=31 wb_data=0x6207f4c2 -> rs1_data=0x51293600 rs2_data=0xdd06d7ce
[PASS] seq=crv_seq_5                              cyc=128 op=RK_NO_WRITE_READ rs1=8 rs2=0 wb_write=0 wb_rd=0 wb_data=0x89c78aff -> rs1_data=0x94c6b884 rs2_data=0x00000000
[PASS] seq=crv_seq_5                              cyc=129 op=RK_PLAIN_WRITE   rs1=15 rs2=17 wb_write=1 wb_rd=22 wb_data=0xde87a703 -> rs1_data=0x59c7ee3a rs2_data=0x1853b658
[PASS] seq=crv_seq_5                              cyc=130 op=RK_BYPASS_BOTH   rs1=11 rs2=11 wb_write=1 wb_rd=11 wb_data=0xaa6bc536 -> rs1_data=0xaa6bc536 rs2_data=0xaa6bc536
[PASS] seq=crv_seq_5                              cyc=131 op=RK_RANDOM        rs1=20 rs2=10 wb_write=0 wb_rd=24 wb_data=0xf091cda6 -> rs1_data=0x1ea3c77e rs2_data=0xbdda3eb0
[PASS] seq=crv_seq_5                              cyc=132 op=RK_BYPASS_RS1    rs1=4 rs2=8 wb_write=1 wb_rd=4 wb_data=0xff548986 -> rs1_data=0xff548986 rs2_data=0x94c6b884
[PASS] seq=crv_seq_5                              cyc=133 op=RK_RANDOM        rs1=12 rs2=23 wb_write=0 wb_rd=29 wb_data=0x89072742 -> rs1_data=0xfb2b301d rs2_data=0x11a18b30
[PASS] seq=crv_seq_5                              cyc=134 op=RK_BYPASS_RS1    rs1=8 rs2=19 wb_write=1 wb_rd=8 wb_data=0xa92c5f1d -> rs1_data=0xa92c5f1d rs2_data=0x0ff6e9ad
[PASS] seq=crv_seq_5                              cyc=135 op=RK_PLAIN_WRITE   rs1=24 rs2=8 wb_write=1 wb_rd=14 wb_data=0xa4e53b57 -> rs1_data=0x6b2a42f1 rs2_data=0xa92c5f1d
[PASS] seq=crv_seq_5                              cyc=136 op=RK_BYPASS_BOTH   rs1=23 rs2=23 wb_write=1 wb_rd=23 wb_data=0x52b78cac -> rs1_data=0x52b78cac rs2_data=0x52b78cac
[PASS] seq=crv_seq_5                              cyc=137 op=RK_BYPASS_BOTH   rs1=15 rs2=15 wb_write=1 wb_rd=15 wb_data=0xaf8009b0 -> rs1_data=0xaf8009b0 rs2_data=0xaf8009b0
[PASS] seq=crv_seq_5                              cyc=138 op=RK_X0_ACCESS     rs1=25 rs2=15 wb_write=1 wb_rd=0 wb_data=0x6726b9ce -> rs1_data=0xafc13b2d rs2_data=0xaf8009b0
[PASS] seq=crv_seq_5                              cyc=139 op=RK_X0_ACCESS     rs1=12 rs2=30 wb_write=1 wb_rd=0 wb_data=0x1529195a -> rs1_data=0xfb2b301d rs2_data=0xabe0db8a
[PASS] seq=crv_seq_5                              cyc=140 op=RK_NO_WRITE_READ rs1=19 rs2=27 wb_write=0 wb_rd=7 wb_data=0xe62e89aa -> rs1_data=0x0ff6e9ad rs2_data=0x0079b6a9
[PASS] seq=crv_seq_5                              cyc=141 op=RK_BYPASS_RS2    rs1=26 rs2=2 wb_write=1 wb_rd=2 wb_data=0xedf09424 -> rs1_data=0xf98c7f5d rs2_data=0xedf09424
[PASS] seq=crv_seq_5                              cyc=142 op=RK_BYPASS_RS1    rs1=19 rs2=7 wb_write=1 wb_rd=19 wb_data=0xb0ec2b9b -> rs1_data=0xb0ec2b9b rs2_data=0x870e73ae
[PASS] seq=crv_seq_5                              cyc=143 op=RK_NO_WRITE_READ rs1=17 rs2=16 wb_write=0 wb_rd=28 wb_data=0xe694bc13 -> rs1_data=0x1853b658 rs2_data=0xeb3eaa32
[PASS] seq=crv_seq_5                              cyc=144 op=RK_BYPASS_BOTH   rs1=27 rs2=27 wb_write=1 wb_rd=27 wb_data=0xa42c532d -> rs1_data=0xa42c532d rs2_data=0xa42c532d
[PASS] seq=crv_seq_5                              cyc=145 op=RK_BYPASS_RS2    rs1=13 rs2=29 wb_write=1 wb_rd=29 wb_data=0xdd12cec1 -> rs1_data=0xd5515078 rs2_data=0xdd12cec1
[PASS] seq=crv_seq_5                              cyc=146 op=RK_BYPASS_RS2    rs1=6 rs2=24 wb_write=1 wb_rd=24 wb_data=0xd5ab428a -> rs1_data=0x4534161e rs2_data=0xd5ab428a
[PASS] seq=crv_seq_5                              cyc=147 op=RK_BYPASS_RS1    rs1=23 rs2=5 wb_write=1 wb_rd=23 wb_data=0xea2ea720 -> rs1_data=0xea2ea720 rs2_data=0x52d322f4
[PASS] seq=crv_seq_5                              cyc=148 op=RK_X0_ACCESS     rs1=7 rs2=12 wb_write=1 wb_rd=0 wb_data=0x23f3306d -> rs1_data=0x870e73ae rs2_data=0xfb2b301d
[PASS] seq=crv_seq_5                              cyc=149 op=RK_BYPASS_RS2    rs1=28 rs2=29 wb_write=1 wb_rd=29 wb_data=0x41b83dc4 -> rs1_data=0x80bc7313 rs2_data=0x41b83dc4
[PASS] seq=crv_seq_5                              cyc=150 op=RK_X0_ACCESS     rs1=5 rs2=26 wb_write=1 wb_rd=0 wb_data=0xee93e4fa -> rs1_data=0x52d322f4 rs2_data=0xf98c7f5d
[PASS] seq=crv_seq_5                              cyc=151 op=RK_RANDOM        rs1=27 rs2=25 wb_write=1 wb_rd=13 wb_data=0x532ababc -> rs1_data=0xa42c532d rs2_data=0xafc13b2d
[PASS] seq=crv_seq_5                              cyc=152 op=RK_RANDOM        rs1=12 rs2=13 wb_write=1 wb_rd=20 wb_data=0x46e403fc -> rs1_data=0xfb2b301d rs2_data=0x532ababc
[PASS] seq=crv_seq_5                              cyc=153 op=RK_PLAIN_WRITE   rs1=3 rs2=20 wb_write=1 wb_rd=14 wb_data=0xf33b202f -> rs1_data=0x51293600 rs2_data=0x46e403fc
[PASS] seq=crv_seq_5                              cyc=154 op=RK_NO_WRITE_READ rs1=5 rs2=11 wb_write=0 wb_rd=17 wb_data=0xdfda86ed -> rs1_data=0x52d322f4 rs2_data=0xaa6bc536
[PASS] seq=crv_seq_5                              cyc=155 op=RK_X0_ACCESS     rs1=28 rs2=4 wb_write=1 wb_rd=0 wb_data=0xce318154 -> rs1_data=0x80bc7313 rs2_data=0xff548986
[PASS] seq=crv_seq_5                              cyc=156 op=RK_BYPASS_RS1    rs1=14 rs2=15 wb_write=1 wb_rd=14 wb_data=0xfe993997 -> rs1_data=0xfe993997 rs2_data=0xaf8009b0
[PASS] seq=crv_seq_5                              cyc=157 op=RK_NO_WRITE_READ rs1=3 rs2=31 wb_write=0 wb_rd=0 wb_data=0xfee4623d -> rs1_data=0x51293600 rs2_data=0xfb2df2f1
[PASS] seq=crv_seq_5                              cyc=158 op=RK_NO_WRITE_READ rs1=29 rs2=29 wb_write=0 wb_rd=27 wb_data=0x47d70110 -> rs1_data=0x41b83dc4 rs2_data=0x41b83dc4
[PASS] seq=crv_seq_5                              cyc=159 op=RK_RANDOM        rs1=17 rs2=30 wb_write=0 wb_rd=5 wb_data=0xf33cbb06 -> rs1_data=0x1853b658 rs2_data=0xabe0db8a
[PASS] seq=crv_seq_5                              cyc=160 op=RK_BYPASS_BOTH   rs1=30 rs2=30 wb_write=1 wb_rd=30 wb_data=0x6ebc5b31 -> rs1_data=0x6ebc5b31 rs2_data=0x6ebc5b31
[PASS] seq=crv_seq_5                              cyc=161 op=RK_BYPASS_BOTH   rs1=31 rs2=31 wb_write=1 wb_rd=31 wb_data=0x19091851 -> rs1_data=0x19091851 rs2_data=0x19091851
[PASS] seq=crv_seq_5                              cyc=162 op=RK_RANDOM        rs1=29 rs2=12 wb_write=0 wb_rd=4 wb_data=0x6f3057fa -> rs1_data=0x41b83dc4 rs2_data=0xfb2b301d
[PASS] seq=crv_seq_5                              cyc=163 op=RK_PLAIN_WRITE   rs1=30 rs2=14 wb_write=1 wb_rd=2 wb_data=0x3b98f2b3 -> rs1_data=0x6ebc5b31 rs2_data=0xfe993997
[PASS] seq=crv_seq_5                              cyc=164 op=RK_PLAIN_WRITE   rs1=14 rs2=27 wb_write=1 wb_rd=16 wb_data=0xba8de949 -> rs1_data=0xfe993997 rs2_data=0xa42c532d
[PASS] seq=crv_seq_5                              cyc=165 op=RK_BYPASS_RS2    rs1=16 rs2=9 wb_write=1 wb_rd=9 wb_data=0x6d1e6ac9 -> rs1_data=0xba8de949 rs2_data=0x6d1e6ac9
[PASS] seq=crv_seq_5                              cyc=166 op=RK_NO_WRITE_READ rs1=8 rs2=24 wb_write=0 wb_rd=6 wb_data=0xc1e74374 -> rs1_data=0xa92c5f1d rs2_data=0xd5ab428a
[PASS] seq=crv_seq_5                              cyc=167 op=RK_BYPASS_BOTH   rs1=11 rs2=11 wb_write=1 wb_rd=11 wb_data=0x4031e1ea -> rs1_data=0x4031e1ea rs2_data=0x4031e1ea
[PASS] seq=crv_seq_5                              cyc=168 op=RK_NO_WRITE_READ rs1=5 rs2=4 wb_write=0 wb_rd=19 wb_data=0x960fb3d3 -> rs1_data=0x52d322f4 rs2_data=0xff548986
[PASS] seq=crv_seq_5                              cyc=169 op=RK_NO_WRITE_READ rs1=14 rs2=10 wb_write=0 wb_rd=20 wb_data=0xf7185582 -> rs1_data=0xfe993997 rs2_data=0xbdda3eb0
[PASS] seq=crv_seq_5                              cyc=170 op=RK_BYPASS_RS1    rs1=1 rs2=24 wb_write=1 wb_rd=1 wb_data=0x40fcdc12 -> rs1_data=0x40fcdc12 rs2_data=0xd5ab428a
[PASS] seq=crv_seq_5                              cyc=171 op=RK_BYPASS_RS1    rs1=19 rs2=5 wb_write=1 wb_rd=19 wb_data=0x9ade4dd9 -> rs1_data=0x9ade4dd9 rs2_data=0x52d322f4
[PASS] seq=crv_seq_5                              cyc=172 op=RK_RANDOM        rs1=16 rs2=30 wb_write=1 wb_rd=28 wb_data=0x02938033 -> rs1_data=0xba8de949 rs2_data=0x6ebc5b31
[PASS] seq=crv_seq_5                              cyc=173 op=RK_RANDOM        rs1=7 rs2=2 wb_write=1 wb_rd=3 wb_data=0x47d1aa12 -> rs1_data=0x870e73ae rs2_data=0x3b98f2b3
[PASS] seq=crv_seq_5                              cyc=174 op=RK_RANDOM        rs1=27 rs2=5 wb_write=0 wb_rd=25 wb_data=0x8d522f16 -> rs1_data=0xa42c532d rs2_data=0x52d322f4
[PASS] seq=crv_seq_5                              cyc=175 op=RK_BYPASS_RS1    rs1=17 rs2=2 wb_write=1 wb_rd=17 wb_data=0x7be96d85 -> rs1_data=0x7be96d85 rs2_data=0x3b98f2b3
[PASS] seq=crv_seq_5                              cyc=176 op=RK_RANDOM        rs1=3 rs2=20 wb_write=1 wb_rd=31 wb_data=0x2731629a -> rs1_data=0x47d1aa12 rs2_data=0x46e403fc
[PASS] seq=crv_seq_5                              cyc=177 op=RK_PLAIN_WRITE   rs1=9 rs2=9 wb_write=1 wb_rd=15 wb_data=0x3494bebb -> rs1_data=0x6d1e6ac9 rs2_data=0x6d1e6ac9
[PASS] seq=crv_seq_5                              cyc=178 op=RK_X0_ACCESS     rs1=11 rs2=14 wb_write=1 wb_rd=0 wb_data=0xd65c0b57 -> rs1_data=0x4031e1ea rs2_data=0xfe993997
[PASS] seq=crv_seq_5                              cyc=179 op=RK_BYPASS_RS1    rs1=3 rs2=16 wb_write=1 wb_rd=3 wb_data=0x9ec99ec3 -> rs1_data=0x9ec99ec3 rs2_data=0xba8de949
[PASS] seq=crv_seq_5                              cyc=180 op=RK_BYPASS_RS1    rs1=11 rs2=12 wb_write=1 wb_rd=11 wb_data=0x83aaf5da -> rs1_data=0x83aaf5da rs2_data=0xfb2b301d
[PASS] seq=crv_seq_5                              cyc=181 op=RK_PLAIN_WRITE   rs1=10 rs2=25 wb_write=1 wb_rd=3 wb_data=0x2e0cc2c2 -> rs1_data=0xbdda3eb0 rs2_data=0xafc13b2d
[PASS] seq=crv_seq_5                              cyc=182 op=RK_BYPASS_RS1    rs1=31 rs2=24 wb_write=1 wb_rd=31 wb_data=0x05d91d87 -> rs1_data=0x05d91d87 rs2_data=0xd5ab428a
[PASS] seq=crv_seq_5                              cyc=183 op=RK_RANDOM        rs1=17 rs2=27 wb_write=0 wb_rd=1 wb_data=0xbfb49c63 -> rs1_data=0x7be96d85 rs2_data=0xa42c532d
[PASS] seq=crv_seq_5                              cyc=184 op=RK_X0_ACCESS     rs1=5 rs2=16 wb_write=1 wb_rd=0 wb_data=0x32081377 -> rs1_data=0x52d322f4 rs2_data=0xba8de949
[PASS] seq=crv_seq_5                              cyc=185 op=RK_BYPASS_RS1    rs1=28 rs2=21 wb_write=1 wb_rd=28 wb_data=0xd7e3e5b0 -> rs1_data=0xd7e3e5b0 rs2_data=0x704e4d94
[PASS] seq=crv_seq_5                              cyc=186 op=RK_BYPASS_RS1    rs1=17 rs2=10 wb_write=1 wb_rd=17 wb_data=0x863bd5c5 -> rs1_data=0x863bd5c5 rs2_data=0xbdda3eb0
[PASS] seq=crv_seq_5                              cyc=187 op=RK_BYPASS_RS2    rs1=14 rs2=25 wb_write=1 wb_rd=25 wb_data=0xa86e888e -> rs1_data=0xfe993997 rs2_data=0xa86e888e
[PASS] seq=crv_seq_5                              cyc=188 op=RK_X0_ACCESS     rs1=15 rs2=9 wb_write=1 wb_rd=0 wb_data=0xfc362b8d -> rs1_data=0x3494bebb rs2_data=0x6d1e6ac9
[PASS] seq=crv_seq_5                              cyc=189 op=RK_BYPASS_RS1    rs1=29 rs2=2 wb_write=1 wb_rd=29 wb_data=0x4ac8fbf7 -> rs1_data=0x4ac8fbf7 rs2_data=0x3b98f2b3
[PASS] seq=crv_seq_5                              cyc=190 op=RK_PLAIN_WRITE   rs1=19 rs2=17 wb_write=1 wb_rd=25 wb_data=0x156c31a5 -> rs1_data=0x9ade4dd9 rs2_data=0x863bd5c5
[PASS] seq=crv_seq_5                              cyc=191 op=RK_X0_ACCESS     rs1=26 rs2=7 wb_write=1 wb_rd=0 wb_data=0x22b21f2d -> rs1_data=0xf98c7f5d rs2_data=0x870e73ae
[PASS] seq=crv_seq_5                              cyc=192 op=RK_RANDOM        rs1=8 rs2=12 wb_write=1 wb_rd=24 wb_data=0xb7f7f1b0 -> rs1_data=0xa92c5f1d rs2_data=0xfb2b301d
[PASS] seq=crv_seq_5                              cyc=193 op=RK_BYPASS_RS2    rs1=16 rs2=21 wb_write=1 wb_rd=21 wb_data=0x5b1bd958 -> rs1_data=0xba8de949 rs2_data=0x5b1bd958
[PASS] seq=crv_seq_5                              cyc=194 op=RK_PLAIN_WRITE   rs1=22 rs2=12 wb_write=1 wb_rd=13 wb_data=0xf734d392 -> rs1_data=0xde87a703 rs2_data=0xfb2b301d
[PASS] seq=crv_seq_5                              cyc=195 op=RK_X0_ACCESS     rs1=23 rs2=1 wb_write=1 wb_rd=0 wb_data=0xecc961a0 -> rs1_data=0xea2ea720 rs2_data=0x40fcdc12
[PASS] seq=crv_seq_5                              cyc=196 op=RK_NO_WRITE_READ rs1=17 rs2=30 wb_write=0 wb_rd=5 wb_data=0x8d2fa141 -> rs1_data=0x863bd5c5 rs2_data=0x6ebc5b31
[PASS] seq=crv_seq_5                              cyc=197 op=RK_RANDOM        rs1=2 rs2=18 wb_write=1 wb_rd=2 wb_data=0x83396801 -> rs1_data=0x83396801 rs2_data=0x58b39f41
[PASS] seq=crv_seq_5                              cyc=198 op=RK_X0_ACCESS     rs1=6 rs2=13 wb_write=1 wb_rd=0 wb_data=0xc82136eb -> rs1_data=0x4534161e rs2_data=0xf734d392
[PASS] seq=crv_seq_5                              cyc=199 op=RK_RANDOM        rs1=25 rs2=12 wb_write=0 wb_rd=19 wb_data=0x20274f3b -> rs1_data=0x156c31a5 rs2_data=0xfb2b301d
[PASS] seq=crv_seq_6                              cyc=0 op=RK_BYPASS_RS1    rs1=24 rs2=11 wb_write=1 wb_rd=24 wb_data=0x036f82d7 -> rs1_data=0x036f82d7 rs2_data=0x83aaf5da
[PASS] seq=crv_seq_6                              cyc=1 op=RK_X0_ACCESS     rs1=30 rs2=11 wb_write=1 wb_rd=0 wb_data=0x98bd9690 -> rs1_data=0x6ebc5b31 rs2_data=0x83aaf5da
[PASS] seq=crv_seq_6                              cyc=2 op=RK_RANDOM        rs1=20 rs2=4 wb_write=1 wb_rd=10 wb_data=0x6106d944 -> rs1_data=0x46e403fc rs2_data=0xff548986
[PASS] seq=crv_seq_6                              cyc=3 op=RK_BYPASS_BOTH   rs1=25 rs2=25 wb_write=1 wb_rd=25 wb_data=0x7a55ab6a -> rs1_data=0x7a55ab6a rs2_data=0x7a55ab6a
[PASS] seq=crv_seq_6                              cyc=4 op=RK_BYPASS_RS1    rs1=3 rs2=1 wb_write=1 wb_rd=3 wb_data=0x17aea17c -> rs1_data=0x17aea17c rs2_data=0x40fcdc12
[PASS] seq=crv_seq_6                              cyc=5 op=RK_BYPASS_BOTH   rs1=16 rs2=16 wb_write=1 wb_rd=16 wb_data=0x15e1cd68 -> rs1_data=0x15e1cd68 rs2_data=0x15e1cd68
[PASS] seq=crv_seq_6                              cyc=6 op=RK_PLAIN_WRITE   rs1=30 rs2=23 wb_write=1 wb_rd=19 wb_data=0x19731aa8 -> rs1_data=0x6ebc5b31 rs2_data=0xea2ea720
[PASS] seq=crv_seq_6                              cyc=7 op=RK_RANDOM        rs1=25 rs2=2 wb_write=1 wb_rd=22 wb_data=0x7e706803 -> rs1_data=0x7a55ab6a rs2_data=0x83396801
[PASS] seq=crv_seq_6                              cyc=8 op=RK_NO_WRITE_READ rs1=16 rs2=13 wb_write=0 wb_rd=10 wb_data=0xcd5a167e -> rs1_data=0x15e1cd68 rs2_data=0xf734d392
[PASS] seq=crv_seq_6                              cyc=9 op=RK_RANDOM        rs1=30 rs2=19 wb_write=1 wb_rd=2 wb_data=0x87088866 -> rs1_data=0x6ebc5b31 rs2_data=0x19731aa8
[PASS] seq=crv_seq_6                              cyc=10 op=RK_BYPASS_RS1    rs1=25 rs2=20 wb_write=1 wb_rd=25 wb_data=0x62792c57 -> rs1_data=0x62792c57 rs2_data=0x46e403fc
[PASS] seq=crv_seq_6                              cyc=11 op=RK_BYPASS_RS2    rs1=1 rs2=13 wb_write=1 wb_rd=13 wb_data=0xb6d1b35a -> rs1_data=0x40fcdc12 rs2_data=0xb6d1b35a
[PASS] seq=crv_seq_6                              cyc=12 op=RK_BYPASS_BOTH   rs1=3 rs2=3 wb_write=1 wb_rd=3 wb_data=0x50944051 -> rs1_data=0x50944051 rs2_data=0x50944051
[PASS] seq=crv_seq_6                              cyc=13 op=RK_BYPASS_BOTH   rs1=26 rs2=26 wb_write=1 wb_rd=26 wb_data=0x065cbdf9 -> rs1_data=0x065cbdf9 rs2_data=0x065cbdf9
[PASS] seq=crv_seq_6                              cyc=14 op=RK_BYPASS_RS1    rs1=12 rs2=8 wb_write=1 wb_rd=12 wb_data=0x14ee7a60 -> rs1_data=0x14ee7a60 rs2_data=0xa92c5f1d
[PASS] seq=crv_seq_6                              cyc=15 op=RK_NO_WRITE_READ rs1=31 rs2=17 wb_write=0 wb_rd=5 wb_data=0x8a14bfed -> rs1_data=0x05d91d87 rs2_data=0x863bd5c5
[PASS] seq=crv_seq_6                              cyc=16 op=RK_BYPASS_RS1    rs1=1 rs2=21 wb_write=1 wb_rd=1 wb_data=0x49b70c26 -> rs1_data=0x49b70c26 rs2_data=0x5b1bd958
[PASS] seq=crv_seq_6                              cyc=17 op=RK_RANDOM        rs1=28 rs2=21 wb_write=1 wb_rd=24 wb_data=0x92c915fd -> rs1_data=0xd7e3e5b0 rs2_data=0x5b1bd958
[PASS] seq=crv_seq_6                              cyc=18 op=RK_BYPASS_RS2    rs1=6 rs2=21 wb_write=1 wb_rd=21 wb_data=0x2b9e3fe3 -> rs1_data=0x4534161e rs2_data=0x2b9e3fe3
[PASS] seq=crv_seq_6                              cyc=19 op=RK_RANDOM        rs1=2 rs2=26 wb_write=0 wb_rd=0 wb_data=0x4ab10962 -> rs1_data=0x87088866 rs2_data=0x065cbdf9
[PASS] seq=crv_seq_6                              cyc=20 op=RK_BYPASS_RS1    rs1=22 rs2=28 wb_write=1 wb_rd=22 wb_data=0x2def963a -> rs1_data=0x2def963a rs2_data=0xd7e3e5b0
[PASS] seq=crv_seq_6                              cyc=21 op=RK_BYPASS_RS2    rs1=11 rs2=18 wb_write=1 wb_rd=18 wb_data=0x02fa6571 -> rs1_data=0x83aaf5da rs2_data=0x02fa6571
[PASS] seq=crv_seq_6                              cyc=22 op=RK_BYPASS_RS2    rs1=11 rs2=21 wb_write=1 wb_rd=21 wb_data=0xfdd072cd -> rs1_data=0x83aaf5da rs2_data=0xfdd072cd
[PASS] seq=crv_seq_6                              cyc=23 op=RK_PLAIN_WRITE   rs1=22 rs2=8 wb_write=1 wb_rd=29 wb_data=0x61564a7b -> rs1_data=0x2def963a rs2_data=0xa92c5f1d
[PASS] seq=crv_seq_6                              cyc=24 op=RK_RANDOM        rs1=14 rs2=25 wb_write=0 wb_rd=21 wb_data=0x1324b8c9 -> rs1_data=0xfe993997 rs2_data=0x62792c57
[PASS] seq=crv_seq_6                              cyc=25 op=RK_RANDOM        rs1=27 rs2=29 wb_write=0 wb_rd=0 wb_data=0xdafe5129 -> rs1_data=0xa42c532d rs2_data=0x61564a7b
[PASS] seq=crv_seq_6                              cyc=26 op=RK_PLAIN_WRITE   rs1=14 rs2=23 wb_write=1 wb_rd=3 wb_data=0x5158979d -> rs1_data=0xfe993997 rs2_data=0xea2ea720
[PASS] seq=crv_seq_6                              cyc=27 op=RK_BYPASS_RS2    rs1=15 rs2=30 wb_write=1 wb_rd=30 wb_data=0x4831754f -> rs1_data=0x3494bebb rs2_data=0x4831754f
[PASS] seq=crv_seq_6                              cyc=28 op=RK_BYPASS_RS1    rs1=13 rs2=15 wb_write=1 wb_rd=13 wb_data=0x021e14d3 -> rs1_data=0x021e14d3 rs2_data=0x3494bebb
[PASS] seq=crv_seq_6                              cyc=29 op=RK_BYPASS_RS1    rs1=24 rs2=25 wb_write=1 wb_rd=24 wb_data=0x265ce2d7 -> rs1_data=0x265ce2d7 rs2_data=0x62792c57
[PASS] seq=crv_seq_6                              cyc=30 op=RK_NO_WRITE_READ rs1=16 rs2=7 wb_write=0 wb_rd=23 wb_data=0xf77d05d0 -> rs1_data=0x15e1cd68 rs2_data=0x870e73ae
[PASS] seq=crv_seq_6                              cyc=31 op=RK_RANDOM        rs1=17 rs2=21 wb_write=1 wb_rd=23 wb_data=0xacf0b9cf -> rs1_data=0x863bd5c5 rs2_data=0xfdd072cd
[PASS] seq=crv_seq_6                              cyc=32 op=RK_BYPASS_RS1    rs1=13 rs2=26 wb_write=1 wb_rd=13 wb_data=0x1e15c2e7 -> rs1_data=0x1e15c2e7 rs2_data=0x065cbdf9
[PASS] seq=crv_seq_6                              cyc=33 op=RK_RANDOM        rs1=26 rs2=26 wb_write=0 wb_rd=30 wb_data=0xede33dcf -> rs1_data=0x065cbdf9 rs2_data=0x065cbdf9
[PASS] seq=crv_seq_6                              cyc=34 op=RK_BYPASS_RS1    rs1=22 rs2=15 wb_write=1 wb_rd=22 wb_data=0x29a9918a -> rs1_data=0x29a9918a rs2_data=0x3494bebb
[PASS] seq=crv_seq_6                              cyc=35 op=RK_BYPASS_RS2    rs1=28 rs2=26 wb_write=1 wb_rd=26 wb_data=0x7bf29102 -> rs1_data=0xd7e3e5b0 rs2_data=0x7bf29102
[PASS] seq=crv_seq_6                              cyc=36 op=RK_BYPASS_BOTH   rs1=16 rs2=16 wb_write=1 wb_rd=16 wb_data=0xd25b322e -> rs1_data=0xd25b322e rs2_data=0xd25b322e
[PASS] seq=crv_seq_6                              cyc=37 op=RK_PLAIN_WRITE   rs1=22 rs2=7 wb_write=1 wb_rd=31 wb_data=0x8f158f56 -> rs1_data=0x29a9918a rs2_data=0x870e73ae
[PASS] seq=crv_seq_6                              cyc=38 op=RK_RANDOM        rs1=8 rs2=23 wb_write=1 wb_rd=12 wb_data=0x8fcffa26 -> rs1_data=0xa92c5f1d rs2_data=0xacf0b9cf
[PASS] seq=crv_seq_6                              cyc=39 op=RK_RANDOM        rs1=5 rs2=0 wb_write=1 wb_rd=29 wb_data=0x6b053d1c -> rs1_data=0x52d322f4 rs2_data=0x00000000
[PASS] seq=crv_seq_6                              cyc=40 op=RK_BYPASS_RS1    rs1=29 rs2=7 wb_write=1 wb_rd=29 wb_data=0x11b281d1 -> rs1_data=0x11b281d1 rs2_data=0x870e73ae
[PASS] seq=crv_seq_6                              cyc=41 op=RK_X0_ACCESS     rs1=30 rs2=18 wb_write=1 wb_rd=0 wb_data=0xdd996d2b -> rs1_data=0x4831754f rs2_data=0x02fa6571
[PASS] seq=crv_seq_6                              cyc=42 op=RK_BYPASS_RS2    rs1=3 rs2=12 wb_write=1 wb_rd=12 wb_data=0x6dfbcc8d -> rs1_data=0x5158979d rs2_data=0x6dfbcc8d
[PASS] seq=crv_seq_6                              cyc=43 op=RK_BYPASS_RS1    rs1=21 rs2=4 wb_write=1 wb_rd=21 wb_data=0x27d85d73 -> rs1_data=0x27d85d73 rs2_data=0xff548986
[PASS] seq=crv_seq_6                              cyc=44 op=RK_BYPASS_RS1    rs1=22 rs2=2 wb_write=1 wb_rd=22 wb_data=0x12905575 -> rs1_data=0x12905575 rs2_data=0x87088866
[PASS] seq=crv_seq_6                              cyc=45 op=RK_RANDOM        rs1=10 rs2=6 wb_write=1 wb_rd=14 wb_data=0x5a32253e -> rs1_data=0x6106d944 rs2_data=0x4534161e
[PASS] seq=crv_seq_6                              cyc=46 op=RK_BYPASS_RS1    rs1=4 rs2=22 wb_write=1 wb_rd=4 wb_data=0xccc53b3d -> rs1_data=0xccc53b3d rs2_data=0x12905575
[PASS] seq=crv_seq_6                              cyc=47 op=RK_RANDOM        rs1=16 rs2=0 wb_write=0 wb_rd=7 wb_data=0xa6a1e832 -> rs1_data=0xd25b322e rs2_data=0x00000000
[PASS] seq=crv_seq_6                              cyc=48 op=RK_X0_ACCESS     rs1=17 rs2=0 wb_write=1 wb_rd=0 wb_data=0x320b902b -> rs1_data=0x863bd5c5 rs2_data=0x00000000
[PASS] seq=crv_seq_6                              cyc=49 op=RK_X0_ACCESS     rs1=11 rs2=13 wb_write=1 wb_rd=0 wb_data=0x96850cdc -> rs1_data=0x83aaf5da rs2_data=0x1e15c2e7
[PASS] seq=crv_seq_6                              cyc=50 op=RK_BYPASS_RS1    rs1=17 rs2=8 wb_write=1 wb_rd=17 wb_data=0x6b9fefa4 -> rs1_data=0x6b9fefa4 rs2_data=0xa92c5f1d
[PASS] seq=crv_seq_6                              cyc=51 op=RK_PLAIN_WRITE   rs1=14 rs2=13 wb_write=1 wb_rd=28 wb_data=0x57cd8873 -> rs1_data=0x5a32253e rs2_data=0x1e15c2e7
[PASS] seq=crv_seq_6                              cyc=52 op=RK_PLAIN_WRITE   rs1=13 rs2=21 wb_write=1 wb_rd=27 wb_data=0x715b3cf6 -> rs1_data=0x1e15c2e7 rs2_data=0x27d85d73
[PASS] seq=crv_seq_6                              cyc=53 op=RK_BYPASS_RS1    rs1=12 rs2=6 wb_write=1 wb_rd=12 wb_data=0xbb52fb1c -> rs1_data=0xbb52fb1c rs2_data=0x4534161e
[PASS] seq=crv_seq_6                              cyc=54 op=RK_X0_ACCESS     rs1=29 rs2=12 wb_write=1 wb_rd=0 wb_data=0x2353bc07 -> rs1_data=0x11b281d1 rs2_data=0xbb52fb1c
[PASS] seq=crv_seq_6                              cyc=55 op=RK_BYPASS_RS1    rs1=12 rs2=21 wb_write=1 wb_rd=12 wb_data=0xd8fc3c9c -> rs1_data=0xd8fc3c9c rs2_data=0x27d85d73
[PASS] seq=crv_seq_6                              cyc=56 op=RK_PLAIN_WRITE   rs1=20 rs2=12 wb_write=1 wb_rd=23 wb_data=0xc21d5b74 -> rs1_data=0x46e403fc rs2_data=0xd8fc3c9c
[PASS] seq=crv_seq_6                              cyc=57 op=RK_RANDOM        rs1=15 rs2=13 wb_write=1 wb_rd=7 wb_data=0xa73ccafc -> rs1_data=0x3494bebb rs2_data=0x1e15c2e7
[PASS] seq=crv_seq_6                              cyc=58 op=RK_X0_ACCESS     rs1=9 rs2=11 wb_write=1 wb_rd=0 wb_data=0x47517378 -> rs1_data=0x6d1e6ac9 rs2_data=0x83aaf5da
[PASS] seq=crv_seq_6                              cyc=59 op=RK_BYPASS_BOTH   rs1=3 rs2=3 wb_write=1 wb_rd=3 wb_data=0x8955252c -> rs1_data=0x8955252c rs2_data=0x8955252c
[PASS] seq=crv_seq_6                              cyc=60 op=RK_BYPASS_RS1    rs1=25 rs2=7 wb_write=1 wb_rd=25 wb_data=0x9449303a -> rs1_data=0x9449303a rs2_data=0xa73ccafc
[PASS] seq=crv_seq_6                              cyc=61 op=RK_PLAIN_WRITE   rs1=29 rs2=20 wb_write=1 wb_rd=3 wb_data=0xb9b2243d -> rs1_data=0x11b281d1 rs2_data=0x46e403fc
[PASS] seq=crv_seq_6                              cyc=62 op=RK_X0_ACCESS     rs1=9 rs2=23 wb_write=1 wb_rd=0 wb_data=0xe2750d66 -> rs1_data=0x6d1e6ac9 rs2_data=0xc21d5b74
[PASS] seq=crv_seq_6                              cyc=63 op=RK_RANDOM        rs1=23 rs2=3 wb_write=0 wb_rd=7 wb_data=0x2840361d -> rs1_data=0xc21d5b74 rs2_data=0xb9b2243d
[PASS] seq=crv_seq_6                              cyc=64 op=RK_PLAIN_WRITE   rs1=5 rs2=28 wb_write=1 wb_rd=11 wb_data=0x31f80b3e -> rs1_data=0x52d322f4 rs2_data=0x57cd8873
[PASS] seq=crv_seq_6                              cyc=65 op=RK_NO_WRITE_READ rs1=29 rs2=6 wb_write=0 wb_rd=25 wb_data=0xdabeb4d5 -> rs1_data=0x11b281d1 rs2_data=0x4534161e
[PASS] seq=crv_seq_6                              cyc=66 op=RK_BYPASS_RS1    rs1=31 rs2=24 wb_write=1 wb_rd=31 wb_data=0x509dc43c -> rs1_data=0x509dc43c rs2_data=0x265ce2d7
[PASS] seq=crv_seq_6                              cyc=67 op=RK_BYPASS_RS1    rs1=19 rs2=16 wb_write=1 wb_rd=19 wb_data=0x92f4f8ba -> rs1_data=0x92f4f8ba rs2_data=0xd25b322e
[PASS] seq=crv_seq_6                              cyc=68 op=RK_BYPASS_RS2    rs1=11 rs2=26 wb_write=1 wb_rd=26 wb_data=0x10134424 -> rs1_data=0x31f80b3e rs2_data=0x10134424
[PASS] seq=crv_seq_6                              cyc=69 op=RK_RANDOM        rs1=7 rs2=7 wb_write=0 wb_rd=17 wb_data=0xb4aa7fb4 -> rs1_data=0xa73ccafc rs2_data=0xa73ccafc
[PASS] seq=crv_seq_6                              cyc=70 op=RK_X0_ACCESS     rs1=28 rs2=15 wb_write=1 wb_rd=0 wb_data=0xa72bb0a8 -> rs1_data=0x57cd8873 rs2_data=0x3494bebb
[PASS] seq=crv_seq_6                              cyc=71 op=RK_RANDOM        rs1=27 rs2=20 wb_write=1 wb_rd=5 wb_data=0x3ebe7b94 -> rs1_data=0x715b3cf6 rs2_data=0x46e403fc
[PASS] seq=crv_seq_6                              cyc=72 op=RK_BYPASS_RS2    rs1=4 rs2=1 wb_write=1 wb_rd=1 wb_data=0xe47c47f5 -> rs1_data=0xccc53b3d rs2_data=0xe47c47f5
[PASS] seq=crv_seq_6                              cyc=73 op=RK_RANDOM        rs1=20 rs2=22 wb_write=0 wb_rd=5 wb_data=0x0470fb96 -> rs1_data=0x46e403fc rs2_data=0x12905575
[PASS] seq=crv_seq_6                              cyc=74 op=RK_BYPASS_BOTH   rs1=6 rs2=6 wb_write=1 wb_rd=6 wb_data=0x9e18168b -> rs1_data=0x9e18168b rs2_data=0x9e18168b
[PASS] seq=crv_seq_6                              cyc=75 op=RK_BYPASS_BOTH   rs1=14 rs2=14 wb_write=1 wb_rd=14 wb_data=0xfd0cdeb2 -> rs1_data=0xfd0cdeb2 rs2_data=0xfd0cdeb2
[PASS] seq=crv_seq_6                              cyc=76 op=RK_BYPASS_RS1    rs1=16 rs2=29 wb_write=1 wb_rd=16 wb_data=0xf5e0d190 -> rs1_data=0xf5e0d190 rs2_data=0x11b281d1
[PASS] seq=crv_seq_6                              cyc=77 op=RK_BYPASS_RS2    rs1=17 rs2=6 wb_write=1 wb_rd=6 wb_data=0x860ea6ab -> rs1_data=0x6b9fefa4 rs2_data=0x860ea6ab
[PASS] seq=crv_seq_6                              cyc=78 op=RK_BYPASS_RS1    rs1=2 rs2=31 wb_write=1 wb_rd=2 wb_data=0xbf3dd316 -> rs1_data=0xbf3dd316 rs2_data=0x509dc43c
[PASS] seq=crv_seq_6                              cyc=79 op=RK_BYPASS_BOTH   rs1=22 rs2=22 wb_write=1 wb_rd=22 wb_data=0x67c22aa7 -> rs1_data=0x67c22aa7 rs2_data=0x67c22aa7
[PASS] seq=crv_seq_6                              cyc=80 op=RK_X0_ACCESS     rs1=5 rs2=25 wb_write=1 wb_rd=0 wb_data=0x63679369 -> rs1_data=0x3ebe7b94 rs2_data=0x9449303a
[PASS] seq=crv_seq_6                              cyc=81 op=RK_BYPASS_RS2    rs1=11 rs2=3 wb_write=1 wb_rd=3 wb_data=0x6f601c6d -> rs1_data=0x31f80b3e rs2_data=0x6f601c6d
[PASS] seq=crv_seq_6                              cyc=82 op=RK_X0_ACCESS     rs1=31 rs2=27 wb_write=1 wb_rd=0 wb_data=0x71c237f6 -> rs1_data=0x509dc43c rs2_data=0x715b3cf6
[PASS] seq=crv_seq_6                              cyc=83 op=RK_BYPASS_RS2    rs1=28 rs2=1 wb_write=1 wb_rd=1 wb_data=0xefd5da44 -> rs1_data=0x57cd8873 rs2_data=0xefd5da44
[PASS] seq=crv_seq_6                              cyc=84 op=RK_NO_WRITE_READ rs1=30 rs2=6 wb_write=0 wb_rd=7 wb_data=0xf731dbae -> rs1_data=0x4831754f rs2_data=0x860ea6ab
[PASS] seq=crv_seq_6                              cyc=85 op=RK_RANDOM        rs1=25 rs2=31 wb_write=0 wb_rd=30 wb_data=0x69dc101f -> rs1_data=0x9449303a rs2_data=0x509dc43c
[PASS] seq=crv_seq_6                              cyc=86 op=RK_RANDOM        rs1=14 rs2=17 wb_write=1 wb_rd=2 wb_data=0x2936123a -> rs1_data=0xfd0cdeb2 rs2_data=0x6b9fefa4
[PASS] seq=crv_seq_6                              cyc=87 op=RK_BYPASS_BOTH   rs1=12 rs2=12 wb_write=1 wb_rd=12 wb_data=0xa0783dc0 -> rs1_data=0xa0783dc0 rs2_data=0xa0783dc0
[PASS] seq=crv_seq_6                              cyc=88 op=RK_BYPASS_RS2    rs1=17 rs2=13 wb_write=1 wb_rd=13 wb_data=0xf9f9abe2 -> rs1_data=0x6b9fefa4 rs2_data=0xf9f9abe2
[PASS] seq=crv_seq_6                              cyc=89 op=RK_NO_WRITE_READ rs1=31 rs2=24 wb_write=0 wb_rd=14 wb_data=0xe1fb9924 -> rs1_data=0x509dc43c rs2_data=0x265ce2d7
[PASS] seq=crv_seq_6                              cyc=90 op=RK_RANDOM        rs1=26 rs2=21 wb_write=1 wb_rd=20 wb_data=0x73b630e0 -> rs1_data=0x10134424 rs2_data=0x27d85d73
[PASS] seq=crv_seq_6                              cyc=91 op=RK_BYPASS_RS1    rs1=5 rs2=28 wb_write=1 wb_rd=5 wb_data=0xe6e41ff3 -> rs1_data=0xe6e41ff3 rs2_data=0x57cd8873
[PASS] seq=crv_seq_6                              cyc=92 op=RK_RANDOM        rs1=14 rs2=6 wb_write=0 wb_rd=27 wb_data=0x07d9dacc -> rs1_data=0xfd0cdeb2 rs2_data=0x860ea6ab
[PASS] seq=crv_seq_6                              cyc=93 op=RK_BYPASS_BOTH   rs1=23 rs2=23 wb_write=1 wb_rd=23 wb_data=0x1f63b07f -> rs1_data=0x1f63b07f rs2_data=0x1f63b07f
[PASS] seq=crv_seq_6                              cyc=94 op=RK_NO_WRITE_READ rs1=30 rs2=8 wb_write=0 wb_rd=25 wb_data=0x1e9d0ec1 -> rs1_data=0x4831754f rs2_data=0xa92c5f1d
[PASS] seq=crv_seq_6                              cyc=95 op=RK_PLAIN_WRITE   rs1=14 rs2=14 wb_write=1 wb_rd=27 wb_data=0x49f1d4f1 -> rs1_data=0xfd0cdeb2 rs2_data=0xfd0cdeb2
[PASS] seq=crv_seq_6                              cyc=96 op=RK_PLAIN_WRITE   rs1=14 rs2=22 wb_write=1 wb_rd=25 wb_data=0xc2e98392 -> rs1_data=0xfd0cdeb2 rs2_data=0x67c22aa7
[PASS] seq=crv_seq_6                              cyc=97 op=RK_RANDOM        rs1=16 rs2=29 wb_write=1 wb_rd=19 wb_data=0x4b445267 -> rs1_data=0xf5e0d190 rs2_data=0x11b281d1
[PASS] seq=crv_seq_6                              cyc=98 op=RK_NO_WRITE_READ rs1=27 rs2=18 wb_write=0 wb_rd=5 wb_data=0x070a6883 -> rs1_data=0x49f1d4f1 rs2_data=0x02fa6571
[PASS] seq=crv_seq_6                              cyc=99 op=RK_BYPASS_RS1    rs1=24 rs2=30 wb_write=1 wb_rd=24 wb_data=0x048c9160 -> rs1_data=0x048c9160 rs2_data=0x4831754f
[PASS] seq=crv_seq_6                              cyc=100 op=RK_BYPASS_RS2    rs1=10 rs2=8 wb_write=1 wb_rd=8 wb_data=0xf6a1ceab -> rs1_data=0x6106d944 rs2_data=0xf6a1ceab
[PASS] seq=crv_seq_6                              cyc=101 op=RK_RANDOM        rs1=1 rs2=2 wb_write=0 wb_rd=4 wb_data=0x7f6c2c2a -> rs1_data=0xefd5da44 rs2_data=0x2936123a
[PASS] seq=crv_seq_6                              cyc=102 op=RK_BYPASS_BOTH   rs1=8 rs2=8 wb_write=1 wb_rd=8 wb_data=0xd855aa1c -> rs1_data=0xd855aa1c rs2_data=0xd855aa1c
[PASS] seq=crv_seq_6                              cyc=103 op=RK_NO_WRITE_READ rs1=12 rs2=23 wb_write=0 wb_rd=16 wb_data=0xa151210c -> rs1_data=0xa0783dc0 rs2_data=0x1f63b07f
[PASS] seq=crv_seq_6                              cyc=104 op=RK_BYPASS_RS1    rs1=6 rs2=28 wb_write=1 wb_rd=6 wb_data=0x079cf0fd -> rs1_data=0x079cf0fd rs2_data=0x57cd8873
[PASS] seq=crv_seq_6                              cyc=105 op=RK_BYPASS_RS2    rs1=21 rs2=31 wb_write=1 wb_rd=31 wb_data=0x02faca86 -> rs1_data=0x27d85d73 rs2_data=0x02faca86
[PASS] seq=crv_seq_6                              cyc=106 op=RK_BYPASS_RS1    rs1=9 rs2=19 wb_write=1 wb_rd=9 wb_data=0xdd607d04 -> rs1_data=0xdd607d04 rs2_data=0x4b445267
[PASS] seq=crv_seq_6                              cyc=107 op=RK_RANDOM        rs1=28 rs2=23 wb_write=0 wb_rd=15 wb_data=0xbf3b703f -> rs1_data=0x57cd8873 rs2_data=0x1f63b07f
[PASS] seq=crv_seq_6                              cyc=108 op=RK_RANDOM        rs1=3 rs2=21 wb_write=0 wb_rd=28 wb_data=0x2952b9af -> rs1_data=0x6f601c6d rs2_data=0x27d85d73
[PASS] seq=crv_seq_6                              cyc=109 op=RK_X0_ACCESS     rs1=19 rs2=1 wb_write=1 wb_rd=0 wb_data=0x6fafa4dc -> rs1_data=0x4b445267 rs2_data=0xefd5da44
[PASS] seq=crv_seq_6                              cyc=110 op=RK_BYPASS_RS1    rs1=11 rs2=22 wb_write=1 wb_rd=11 wb_data=0x3e488cc7 -> rs1_data=0x3e488cc7 rs2_data=0x67c22aa7
[PASS] seq=crv_seq_6                              cyc=111 op=RK_RANDOM        rs1=22 rs2=2 wb_write=1 wb_rd=22 wb_data=0x8d74a449 -> rs1_data=0x8d74a449 rs2_data=0x2936123a
[PASS] seq=crv_seq_6                              cyc=112 op=RK_PLAIN_WRITE   rs1=19 rs2=28 wb_write=1 wb_rd=18 wb_data=0x9efc73f9 -> rs1_data=0x4b445267 rs2_data=0x57cd8873
[PASS] seq=crv_seq_6                              cyc=113 op=RK_PLAIN_WRITE   rs1=0 rs2=24 wb_write=1 wb_rd=2 wb_data=0xf83b344d -> rs1_data=0x00000000 rs2_data=0x048c9160
[PASS] seq=crv_seq_6                              cyc=114 op=RK_BYPASS_RS2    rs1=26 rs2=24 wb_write=1 wb_rd=24 wb_data=0xb69aff9d -> rs1_data=0x10134424 rs2_data=0xb69aff9d
[PASS] seq=crv_seq_6                              cyc=115 op=RK_NO_WRITE_READ rs1=31 rs2=3 wb_write=0 wb_rd=18 wb_data=0xe681a15e -> rs1_data=0x02faca86 rs2_data=0x6f601c6d
[PASS] seq=crv_seq_6                              cyc=116 op=RK_NO_WRITE_READ rs1=23 rs2=17 wb_write=0 wb_rd=29 wb_data=0xadcec805 -> rs1_data=0x1f63b07f rs2_data=0x6b9fefa4
[PASS] seq=crv_seq_6                              cyc=117 op=RK_X0_ACCESS     rs1=22 rs2=11 wb_write=1 wb_rd=0 wb_data=0xc97c547c -> rs1_data=0x8d74a449 rs2_data=0x3e488cc7
[PASS] seq=crv_seq_6                              cyc=118 op=RK_RANDOM        rs1=24 rs2=11 wb_write=0 wb_rd=0 wb_data=0x2450130d -> rs1_data=0xb69aff9d rs2_data=0x3e488cc7
[PASS] seq=crv_seq_6                              cyc=119 op=RK_BYPASS_RS1    rs1=17 rs2=5 wb_write=1 wb_rd=17 wb_data=0xbf04f412 -> rs1_data=0xbf04f412 rs2_data=0xe6e41ff3
[PASS] seq=crv_seq_6                              cyc=120 op=RK_BYPASS_RS1    rs1=7 rs2=29 wb_write=1 wb_rd=7 wb_data=0xefcbd035 -> rs1_data=0xefcbd035 rs2_data=0x11b281d1
[PASS] seq=crv_seq_6                              cyc=121 op=RK_PLAIN_WRITE   rs1=8 rs2=7 wb_write=1 wb_rd=11 wb_data=0x5502ee8a -> rs1_data=0xd855aa1c rs2_data=0xefcbd035
[PASS] seq=crv_seq_6                              cyc=122 op=RK_BYPASS_RS2    rs1=24 rs2=1 wb_write=1 wb_rd=1 wb_data=0x57b3932b -> rs1_data=0xb69aff9d rs2_data=0x57b3932b
[PASS] seq=crv_seq_6                              cyc=123 op=RK_BYPASS_RS1    rs1=8 rs2=25 wb_write=1 wb_rd=8 wb_data=0x8abbdffb -> rs1_data=0x8abbdffb rs2_data=0xc2e98392
[PASS] seq=crv_seq_6                              cyc=124 op=RK_BYPASS_RS1    rs1=5 rs2=29 wb_write=1 wb_rd=5 wb_data=0x381e37b7 -> rs1_data=0x381e37b7 rs2_data=0x11b281d1
[PASS] seq=crv_seq_6                              cyc=125 op=RK_PLAIN_WRITE   rs1=27 rs2=16 wb_write=1 wb_rd=4 wb_data=0xb1bf44bf -> rs1_data=0x49f1d4f1 rs2_data=0xf5e0d190
[PASS] seq=crv_seq_6                              cyc=126 op=RK_BYPASS_RS2    rs1=4 rs2=15 wb_write=1 wb_rd=15 wb_data=0xf56381ad -> rs1_data=0xb1bf44bf rs2_data=0xf56381ad
[PASS] seq=crv_seq_6                              cyc=127 op=RK_BYPASS_RS2    rs1=3 rs2=13 wb_write=1 wb_rd=13 wb_data=0x339790b1 -> rs1_data=0x6f601c6d rs2_data=0x339790b1
[PASS] seq=crv_seq_6                              cyc=128 op=RK_BYPASS_RS2    rs1=6 rs2=3 wb_write=1 wb_rd=3 wb_data=0x2056ff56 -> rs1_data=0x079cf0fd rs2_data=0x2056ff56
[PASS] seq=crv_seq_6                              cyc=129 op=RK_X0_ACCESS     rs1=1 rs2=13 wb_write=1 wb_rd=0 wb_data=0x9b581835 -> rs1_data=0x57b3932b rs2_data=0x339790b1
[PASS] seq=crv_seq_6                              cyc=130 op=RK_RANDOM        rs1=10 rs2=6 wb_write=0 wb_rd=12 wb_data=0x6677596b -> rs1_data=0x6106d944 rs2_data=0x079cf0fd
[PASS] seq=crv_seq_6                              cyc=131 op=RK_BYPASS_RS2    rs1=5 rs2=7 wb_write=1 wb_rd=7 wb_data=0xa09c778a -> rs1_data=0x381e37b7 rs2_data=0xa09c778a
[PASS] seq=crv_seq_6                              cyc=132 op=RK_BYPASS_RS2    rs1=31 rs2=27 wb_write=1 wb_rd=27 wb_data=0xbd652d2b -> rs1_data=0x02faca86 rs2_data=0xbd652d2b
[PASS] seq=crv_seq_6                              cyc=133 op=RK_BYPASS_RS1    rs1=24 rs2=31 wb_write=1 wb_rd=24 wb_data=0xc6e8292c -> rs1_data=0xc6e8292c rs2_data=0x02faca86
[PASS] seq=crv_seq_6                              cyc=134 op=RK_BYPASS_RS2    rs1=18 rs2=14 wb_write=1 wb_rd=14 wb_data=0x47501ace -> rs1_data=0x9efc73f9 rs2_data=0x47501ace
[PASS] seq=crv_seq_6                              cyc=135 op=RK_BYPASS_BOTH   rs1=25 rs2=25 wb_write=1 wb_rd=25 wb_data=0xf3215671 -> rs1_data=0xf3215671 rs2_data=0xf3215671
[PASS] seq=crv_seq_6                              cyc=136 op=RK_RANDOM        rs1=18 rs2=10 wb_write=1 wb_rd=23 wb_data=0xc71c8a3f -> rs1_data=0x9efc73f9 rs2_data=0x6106d944
[PASS] seq=crv_seq_6                              cyc=137 op=RK_PLAIN_WRITE   rs1=7 rs2=15 wb_write=1 wb_rd=16 wb_data=0x4df4955a -> rs1_data=0xa09c778a rs2_data=0xf56381ad
[PASS] seq=crv_seq_6                              cyc=138 op=RK_PLAIN_WRITE   rs1=27 rs2=16 wb_write=1 wb_rd=7 wb_data=0x1e5e4e0f -> rs1_data=0xbd652d2b rs2_data=0x4df4955a
[PASS] seq=crv_seq_6                              cyc=139 op=RK_RANDOM        rs1=13 rs2=18 wb_write=1 wb_rd=17 wb_data=0xde614a67 -> rs1_data=0x339790b1 rs2_data=0x9efc73f9
[PASS] seq=crv_seq_6                              cyc=140 op=RK_BYPASS_RS1    rs1=9 rs2=8 wb_write=1 wb_rd=9 wb_data=0xd903346b -> rs1_data=0xd903346b rs2_data=0x8abbdffb
[PASS] seq=crv_seq_6                              cyc=141 op=RK_BYPASS_RS2    rs1=6 rs2=24 wb_write=1 wb_rd=24 wb_data=0x7fba4fb1 -> rs1_data=0x079cf0fd rs2_data=0x7fba4fb1
[PASS] seq=crv_seq_6                              cyc=142 op=RK_BYPASS_RS1    rs1=13 rs2=27 wb_write=1 wb_rd=13 wb_data=0xef5efd71 -> rs1_data=0xef5efd71 rs2_data=0xbd652d2b
[PASS] seq=crv_seq_6                              cyc=143 op=RK_BYPASS_RS2    rs1=19 rs2=13 wb_write=1 wb_rd=13 wb_data=0x0d21d360 -> rs1_data=0x4b445267 rs2_data=0x0d21d360
[PASS] seq=crv_seq_6                              cyc=144 op=RK_RANDOM        rs1=1 rs2=20 wb_write=0 wb_rd=19 wb_data=0x41e1782f -> rs1_data=0x57b3932b rs2_data=0x73b630e0
[PASS] seq=crv_seq_6                              cyc=145 op=RK_PLAIN_WRITE   rs1=6 rs2=31 wb_write=1 wb_rd=3 wb_data=0xe8eeabca -> rs1_data=0x079cf0fd rs2_data=0x02faca86
[PASS] seq=crv_seq_6                              cyc=146 op=RK_NO_WRITE_READ rs1=10 rs2=20 wb_write=0 wb_rd=16 wb_data=0x074292d4 -> rs1_data=0x6106d944 rs2_data=0x73b630e0
[PASS] seq=crv_seq_6                              cyc=147 op=RK_BYPASS_RS2    rs1=10 rs2=17 wb_write=1 wb_rd=17 wb_data=0xdbb108ee -> rs1_data=0x6106d944 rs2_data=0xdbb108ee
[PASS] seq=crv_seq_6                              cyc=148 op=RK_BYPASS_BOTH   rs1=7 rs2=7 wb_write=1 wb_rd=7 wb_data=0x1df84fde -> rs1_data=0x1df84fde rs2_data=0x1df84fde
[PASS] seq=crv_seq_6                              cyc=149 op=RK_NO_WRITE_READ rs1=24 rs2=5 wb_write=0 wb_rd=2 wb_data=0x185dfe46 -> rs1_data=0x7fba4fb1 rs2_data=0x381e37b7
[PASS] seq=crv_seq_6                              cyc=150 op=RK_RANDOM        rs1=7 rs2=29 wb_write=0 wb_rd=31 wb_data=0xadd9844d -> rs1_data=0x1df84fde rs2_data=0x11b281d1
[PASS] seq=crv_seq_6                              cyc=151 op=RK_BYPASS_RS2    rs1=26 rs2=10 wb_write=1 wb_rd=10 wb_data=0x2cf0c1ad -> rs1_data=0x10134424 rs2_data=0x2cf0c1ad
[PASS] seq=crv_seq_6                              cyc=152 op=RK_PLAIN_WRITE   rs1=3 rs2=29 wb_write=1 wb_rd=2 wb_data=0xdb6ddadb -> rs1_data=0xe8eeabca rs2_data=0x11b281d1
[PASS] seq=crv_seq_6                              cyc=153 op=RK_BYPASS_RS2    rs1=30 rs2=7 wb_write=1 wb_rd=7 wb_data=0xb9e24a2d -> rs1_data=0x4831754f rs2_data=0xb9e24a2d
[PASS] seq=crv_seq_6                              cyc=154 op=RK_X0_ACCESS     rs1=5 rs2=16 wb_write=1 wb_rd=0 wb_data=0x135ee68d -> rs1_data=0x381e37b7 rs2_data=0x4df4955a
[PASS] seq=crv_seq_6                              cyc=155 op=RK_BYPASS_RS1    rs1=29 rs2=6 wb_write=1 wb_rd=29 wb_data=0xd520000a -> rs1_data=0xd520000a rs2_data=0x079cf0fd
[PASS] seq=crv_seq_6                              cyc=156 op=RK_NO_WRITE_READ rs1=2 rs2=12 wb_write=0 wb_rd=21 wb_data=0x3ffa6a78 -> rs1_data=0xdb6ddadb rs2_data=0xa0783dc0
[PASS] seq=crv_seq_6                              cyc=157 op=RK_BYPASS_RS2    rs1=26 rs2=22 wb_write=1 wb_rd=22 wb_data=0x0ee3d038 -> rs1_data=0x10134424 rs2_data=0x0ee3d038
[PASS] seq=crv_seq_6                              cyc=158 op=RK_BYPASS_RS2    rs1=5 rs2=28 wb_write=1 wb_rd=28 wb_data=0xea3b32e2 -> rs1_data=0x381e37b7 rs2_data=0xea3b32e2
[PASS] seq=crv_seq_6                              cyc=159 op=RK_BYPASS_BOTH   rs1=7 rs2=7 wb_write=1 wb_rd=7 wb_data=0xf5a29d33 -> rs1_data=0xf5a29d33 rs2_data=0xf5a29d33
[PASS] seq=crv_seq_6                              cyc=160 op=RK_BYPASS_RS1    rs1=19 rs2=24 wb_write=1 wb_rd=19 wb_data=0xf4043360 -> rs1_data=0xf4043360 rs2_data=0x7fba4fb1
[PASS] seq=crv_seq_6                              cyc=161 op=RK_RANDOM        rs1=13 rs2=27 wb_write=1 wb_rd=25 wb_data=0xbc30562a -> rs1_data=0x0d21d360 rs2_data=0xbd652d2b
[PASS] seq=crv_seq_6                              cyc=162 op=RK_PLAIN_WRITE   rs1=30 rs2=14 wb_write=1 wb_rd=19 wb_data=0xb952bda2 -> rs1_data=0x4831754f rs2_data=0x47501ace
[PASS] seq=crv_seq_6                              cyc=163 op=RK_RANDOM        rs1=6 rs2=28 wb_write=0 wb_rd=24 wb_data=0x1de73a55 -> rs1_data=0x079cf0fd rs2_data=0xea3b32e2
[PASS] seq=crv_seq_6                              cyc=164 op=RK_X0_ACCESS     rs1=6 rs2=24 wb_write=1 wb_rd=0 wb_data=0xc3b9d9d7 -> rs1_data=0x079cf0fd rs2_data=0x7fba4fb1
[PASS] seq=crv_seq_6                              cyc=165 op=RK_BYPASS_RS1    rs1=9 rs2=26 wb_write=1 wb_rd=9 wb_data=0xd34aff43 -> rs1_data=0xd34aff43 rs2_data=0x10134424
[PASS] seq=crv_seq_6                              cyc=166 op=RK_BYPASS_RS1    rs1=29 rs2=14 wb_write=1 wb_rd=29 wb_data=0x82bc2992 -> rs1_data=0x82bc2992 rs2_data=0x47501ace
[PASS] seq=crv_seq_6                              cyc=167 op=RK_PLAIN_WRITE   rs1=29 rs2=24 wb_write=1 wb_rd=19 wb_data=0xaf87f0d2 -> rs1_data=0x82bc2992 rs2_data=0x7fba4fb1
[PASS] seq=crv_seq_6                              cyc=168 op=RK_RANDOM        rs1=7 rs2=22 wb_write=0 wb_rd=25 wb_data=0x8fac6928 -> rs1_data=0xf5a29d33 rs2_data=0x0ee3d038
[PASS] seq=crv_seq_6                              cyc=169 op=RK_BYPASS_RS2    rs1=6 rs2=13 wb_write=1 wb_rd=13 wb_data=0x5178d975 -> rs1_data=0x079cf0fd rs2_data=0x5178d975
[PASS] seq=crv_seq_6                              cyc=170 op=RK_PLAIN_WRITE   rs1=6 rs2=22 wb_write=1 wb_rd=26 wb_data=0x005efca1 -> rs1_data=0x079cf0fd rs2_data=0x0ee3d038
[PASS] seq=crv_seq_6                              cyc=171 op=RK_X0_ACCESS     rs1=16 rs2=4 wb_write=1 wb_rd=0 wb_data=0x490b4d3c -> rs1_data=0x4df4955a rs2_data=0xb1bf44bf
[PASS] seq=crv_seq_6                              cyc=172 op=RK_RANDOM        rs1=13 rs2=31 wb_write=1 wb_rd=4 wb_data=0x0a6d687d -> rs1_data=0x5178d975 rs2_data=0x02faca86
[PASS] seq=crv_seq_6                              cyc=173 op=RK_RANDOM        rs1=27 rs2=12 wb_write=1 wb_rd=30 wb_data=0xbd6582c1 -> rs1_data=0xbd652d2b rs2_data=0xa0783dc0
[PASS] seq=crv_seq_6                              cyc=174 op=RK_NO_WRITE_READ rs1=30 rs2=3 wb_write=0 wb_rd=31 wb_data=0xb8135329 -> rs1_data=0xbd6582c1 rs2_data=0xe8eeabca
[PASS] seq=crv_seq_6                              cyc=175 op=RK_BYPASS_BOTH   rs1=22 rs2=22 wb_write=1 wb_rd=22 wb_data=0xa6ac9806 -> rs1_data=0xa6ac9806 rs2_data=0xa6ac9806
[PASS] seq=crv_seq_6                              cyc=176 op=RK_RANDOM        rs1=10 rs2=29 wb_write=1 wb_rd=17 wb_data=0x28d2e923 -> rs1_data=0x2cf0c1ad rs2_data=0x82bc2992
[PASS] seq=crv_seq_6                              cyc=177 op=RK_PLAIN_WRITE   rs1=14 rs2=28 wb_write=1 wb_rd=8 wb_data=0xb7a5ae76 -> rs1_data=0x47501ace rs2_data=0xea3b32e2
[PASS] seq=crv_seq_6                              cyc=178 op=RK_BYPASS_RS1    rs1=15 rs2=10 wb_write=1 wb_rd=15 wb_data=0x4319bd21 -> rs1_data=0x4319bd21 rs2_data=0x2cf0c1ad
[PASS] seq=crv_seq_6                              cyc=179 op=RK_RANDOM        rs1=17 rs2=24 wb_write=1 wb_rd=3 wb_data=0x78f4e2aa -> rs1_data=0x28d2e923 rs2_data=0x7fba4fb1
[PASS] seq=crv_seq_6                              cyc=180 op=RK_BYPASS_RS2    rs1=16 rs2=1 wb_write=1 wb_rd=1 wb_data=0xff2f4ed3 -> rs1_data=0x4df4955a rs2_data=0xff2f4ed3
[PASS] seq=crv_seq_6                              cyc=181 op=RK_PLAIN_WRITE   rs1=3 rs2=13 wb_write=1 wb_rd=5 wb_data=0xa58c47c0 -> rs1_data=0x78f4e2aa rs2_data=0x5178d975
[PASS] seq=crv_seq_6                              cyc=182 op=RK_X0_ACCESS     rs1=12 rs2=1 wb_write=1 wb_rd=0 wb_data=0xfd1bf045 -> rs1_data=0xa0783dc0 rs2_data=0xff2f4ed3
[PASS] seq=crv_seq_6                              cyc=183 op=RK_BYPASS_BOTH   rs1=8 rs2=8 wb_write=1 wb_rd=8 wb_data=0xc505555f -> rs1_data=0xc505555f rs2_data=0xc505555f
[PASS] seq=crv_seq_6                              cyc=184 op=RK_BYPASS_RS2    rs1=9 rs2=4 wb_write=1 wb_rd=4 wb_data=0x34f01267 -> rs1_data=0xd34aff43 rs2_data=0x34f01267
[PASS] seq=crv_seq_6                              cyc=185 op=RK_BYPASS_RS2    rs1=21 rs2=10 wb_write=1 wb_rd=10 wb_data=0x0d6140f3 -> rs1_data=0x27d85d73 rs2_data=0x0d6140f3
[PASS] seq=crv_seq_6                              cyc=186 op=RK_PLAIN_WRITE   rs1=25 rs2=20 wb_write=1 wb_rd=14 wb_data=0xe36de99b -> rs1_data=0xbc30562a rs2_data=0x73b630e0
[PASS] seq=crv_seq_6                              cyc=187 op=RK_RANDOM        rs1=29 rs2=2 wb_write=0 wb_rd=3 wb_data=0x82da8895 -> rs1_data=0x82bc2992 rs2_data=0xdb6ddadb
[PASS] seq=crv_seq_6                              cyc=188 op=RK_RANDOM        rs1=11 rs2=26 wb_write=1 wb_rd=0 wb_data=0x79447052 -> rs1_data=0x5502ee8a rs2_data=0x005efca1
[PASS] seq=crv_seq_6                              cyc=189 op=RK_PLAIN_WRITE   rs1=28 rs2=26 wb_write=1 wb_rd=10 wb_data=0x99a3bbaf -> rs1_data=0xea3b32e2 rs2_data=0x005efca1
[PASS] seq=crv_seq_6                              cyc=190 op=RK_BYPASS_RS2    rs1=8 rs2=10 wb_write=1 wb_rd=10 wb_data=0xef0f696b -> rs1_data=0xc505555f rs2_data=0xef0f696b
[PASS] seq=crv_seq_6                              cyc=191 op=RK_RANDOM        rs1=1 rs2=23 wb_write=1 wb_rd=3 wb_data=0xd76d8bfb -> rs1_data=0xff2f4ed3 rs2_data=0xc71c8a3f
[PASS] seq=crv_seq_6                              cyc=192 op=RK_NO_WRITE_READ rs1=27 rs2=9 wb_write=0 wb_rd=9 wb_data=0x0c0b3ad5 -> rs1_data=0xbd652d2b rs2_data=0xd34aff43
[PASS] seq=crv_seq_6                              cyc=193 op=RK_BYPASS_RS1    rs1=6 rs2=20 wb_write=1 wb_rd=6 wb_data=0x16455c72 -> rs1_data=0x16455c72 rs2_data=0x73b630e0
[PASS] seq=crv_seq_6                              cyc=194 op=RK_RANDOM        rs1=15 rs2=8 wb_write=1 wb_rd=9 wb_data=0xe8a923b6 -> rs1_data=0x4319bd21 rs2_data=0xc505555f
[PASS] seq=crv_seq_6                              cyc=195 op=RK_BYPASS_RS1    rs1=7 rs2=25 wb_write=1 wb_rd=7 wb_data=0x44c632df -> rs1_data=0x44c632df rs2_data=0xbc30562a
[PASS] seq=crv_seq_6                              cyc=196 op=RK_RANDOM        rs1=2 rs2=14 wb_write=0 wb_rd=9 wb_data=0xbb342fe0 -> rs1_data=0xdb6ddadb rs2_data=0xe36de99b
[PASS] seq=crv_seq_6                              cyc=197 op=RK_BYPASS_RS2    rs1=17 rs2=13 wb_write=1 wb_rd=13 wb_data=0xa6ba9eee -> rs1_data=0x28d2e923 rs2_data=0xa6ba9eee
[PASS] seq=crv_seq_6                              cyc=198 op=RK_NO_WRITE_READ rs1=16 rs2=21 wb_write=0 wb_rd=30 wb_data=0x2a70d4ca -> rs1_data=0x4df4955a rs2_data=0x27d85d73
[PASS] seq=crv_seq_6                              cyc=199 op=RK_BYPASS_RS2    rs1=27 rs2=13 wb_write=1 wb_rd=13 wb_data=0x7623c820 -> rs1_data=0xbd652d2b rs2_data=0x7623c820
[PASS] seq=crv_seq_7                              cyc=0 op=RK_NO_WRITE_READ rs1=12 rs2=2 wb_write=0 wb_rd=2 wb_data=0x8bff7968 -> rs1_data=0xa0783dc0 rs2_data=0xdb6ddadb
[PASS] seq=crv_seq_7                              cyc=1 op=RK_BYPASS_RS1    rs1=10 rs2=28 wb_write=1 wb_rd=10 wb_data=0x4fc1215b -> rs1_data=0x4fc1215b rs2_data=0xea3b32e2
[PASS] seq=crv_seq_7                              cyc=2 op=RK_BYPASS_RS1    rs1=16 rs2=1 wb_write=1 wb_rd=16 wb_data=0x18fee21f -> rs1_data=0x18fee21f rs2_data=0xff2f4ed3
[PASS] seq=crv_seq_7                              cyc=3 op=RK_BYPASS_RS2    rs1=18 rs2=30 wb_write=1 wb_rd=30 wb_data=0xa628262f -> rs1_data=0x9efc73f9 rs2_data=0xa628262f
[PASS] seq=crv_seq_7                              cyc=4 op=RK_RANDOM        rs1=26 rs2=4 wb_write=1 wb_rd=22 wb_data=0xfa204200 -> rs1_data=0x005efca1 rs2_data=0x34f01267
[PASS] seq=crv_seq_7                              cyc=5 op=RK_PLAIN_WRITE   rs1=30 rs2=10 wb_write=1 wb_rd=23 wb_data=0xa443810c -> rs1_data=0xa628262f rs2_data=0x4fc1215b
[PASS] seq=crv_seq_7                              cyc=6 op=RK_RANDOM        rs1=15 rs2=22 wb_write=1 wb_rd=2 wb_data=0x2ce2949c -> rs1_data=0x4319bd21 rs2_data=0xfa204200
[PASS] seq=crv_seq_7                              cyc=7 op=RK_BYPASS_RS2    rs1=19 rs2=2 wb_write=1 wb_rd=2 wb_data=0xacf5a2b6 -> rs1_data=0xaf87f0d2 rs2_data=0xacf5a2b6
[PASS] seq=crv_seq_7                              cyc=8 op=RK_X0_ACCESS     rs1=10 rs2=13 wb_write=1 wb_rd=0 wb_data=0x4fa63392 -> rs1_data=0x4fc1215b rs2_data=0x7623c820
[PASS] seq=crv_seq_7                              cyc=9 op=RK_PLAIN_WRITE   rs1=5 rs2=13 wb_write=1 wb_rd=3 wb_data=0x30818636 -> rs1_data=0xa58c47c0 rs2_data=0x7623c820
[PASS] seq=crv_seq_7                              cyc=10 op=RK_NO_WRITE_READ rs1=25 rs2=4 wb_write=0 wb_rd=13 wb_data=0x83f24d80 -> rs1_data=0xbc30562a rs2_data=0x34f01267
[PASS] seq=crv_seq_7                              cyc=11 op=RK_BYPASS_RS2    rs1=12 rs2=14 wb_write=1 wb_rd=14 wb_data=0x961418b5 -> rs1_data=0xa0783dc0 rs2_data=0x961418b5
[PASS] seq=crv_seq_7                              cyc=12 op=RK_BYPASS_RS1    rs1=22 rs2=9 wb_write=1 wb_rd=22 wb_data=0x0027ecc6 -> rs1_data=0x0027ecc6 rs2_data=0xe8a923b6
[PASS] seq=crv_seq_7                              cyc=13 op=RK_X0_ACCESS     rs1=3 rs2=24 wb_write=1 wb_rd=0 wb_data=0x90d1b74d -> rs1_data=0x30818636 rs2_data=0x7fba4fb1
[PASS] seq=crv_seq_7                              cyc=14 op=RK_RANDOM        rs1=7 rs2=29 wb_write=0 wb_rd=4 wb_data=0x766d709f -> rs1_data=0x44c632df rs2_data=0x82bc2992
[PASS] seq=crv_seq_7                              cyc=15 op=RK_X0_ACCESS     rs1=12 rs2=4 wb_write=1 wb_rd=0 wb_data=0x5071540c -> rs1_data=0xa0783dc0 rs2_data=0x34f01267
[PASS] seq=crv_seq_7                              cyc=16 op=RK_RANDOM        rs1=21 rs2=8 wb_write=1 wb_rd=29 wb_data=0x861c3b1f -> rs1_data=0x27d85d73 rs2_data=0xc505555f
[PASS] seq=crv_seq_7                              cyc=17 op=RK_RANDOM        rs1=20 rs2=17 wb_write=1 wb_rd=31 wb_data=0xcdcf5352 -> rs1_data=0x73b630e0 rs2_data=0x28d2e923
[PASS] seq=crv_seq_7                              cyc=18 op=RK_BYPASS_RS1    rs1=26 rs2=5 wb_write=1 wb_rd=26 wb_data=0xabe4ac3b -> rs1_data=0xabe4ac3b rs2_data=0xa58c47c0
[PASS] seq=crv_seq_7                              cyc=19 op=RK_BYPASS_RS1    rs1=9 rs2=11 wb_write=1 wb_rd=9 wb_data=0x4735d246 -> rs1_data=0x4735d246 rs2_data=0x5502ee8a
[PASS] seq=crv_seq_7                              cyc=20 op=RK_NO_WRITE_READ rs1=19 rs2=0 wb_write=0 wb_rd=2 wb_data=0xbffa0b41 -> rs1_data=0xaf87f0d2 rs2_data=0x00000000
[PASS] seq=crv_seq_7                              cyc=21 op=RK_BYPASS_RS1    rs1=20 rs2=13 wb_write=1 wb_rd=20 wb_data=0x460ceaa7 -> rs1_data=0x460ceaa7 rs2_data=0x7623c820
[PASS] seq=crv_seq_7                              cyc=22 op=RK_NO_WRITE_READ rs1=27 rs2=11 wb_write=0 wb_rd=2 wb_data=0x428296fa -> rs1_data=0xbd652d2b rs2_data=0x5502ee8a
[PASS] seq=crv_seq_7                              cyc=23 op=RK_X0_ACCESS     rs1=18 rs2=15 wb_write=1 wb_rd=0 wb_data=0x55195605 -> rs1_data=0x9efc73f9 rs2_data=0x4319bd21
[PASS] seq=crv_seq_7                              cyc=24 op=RK_BYPASS_RS2    rs1=22 rs2=5 wb_write=1 wb_rd=5 wb_data=0xe8bbb506 -> rs1_data=0x0027ecc6 rs2_data=0xe8bbb506
[PASS] seq=crv_seq_7                              cyc=25 op=RK_X0_ACCESS     rs1=31 rs2=2 wb_write=1 wb_rd=0 wb_data=0xcb547079 -> rs1_data=0xcdcf5352 rs2_data=0xacf5a2b6
[PASS] seq=crv_seq_7                              cyc=26 op=RK_BYPASS_RS1    rs1=21 rs2=10 wb_write=1 wb_rd=21 wb_data=0xe960172b -> rs1_data=0xe960172b rs2_data=0x4fc1215b
[PASS] seq=crv_seq_7                              cyc=27 op=RK_BYPASS_BOTH   rs1=18 rs2=18 wb_write=1 wb_rd=18 wb_data=0x696b57b5 -> rs1_data=0x696b57b5 rs2_data=0x696b57b5
[PASS] seq=crv_seq_7                              cyc=28 op=RK_BYPASS_RS1    rs1=11 rs2=5 wb_write=1 wb_rd=11 wb_data=0xfe409603 -> rs1_data=0xfe409603 rs2_data=0xe8bbb506
[PASS] seq=crv_seq_7                              cyc=29 op=RK_X0_ACCESS     rs1=28 rs2=0 wb_write=1 wb_rd=0 wb_data=0x0cc14498 -> rs1_data=0xea3b32e2 rs2_data=0x00000000
[PASS] seq=crv_seq_7                              cyc=30 op=RK_X0_ACCESS     rs1=17 rs2=28 wb_write=1 wb_rd=0 wb_data=0xb59efa45 -> rs1_data=0x28d2e923 rs2_data=0xea3b32e2
[PASS] seq=crv_seq_7                              cyc=31 op=RK_BYPASS_RS2    rs1=26 rs2=13 wb_write=1 wb_rd=13 wb_data=0x48475b9f -> rs1_data=0xabe4ac3b rs2_data=0x48475b9f
[PASS] seq=crv_seq_7                              cyc=32 op=RK_BYPASS_RS2    rs1=31 rs2=24 wb_write=1 wb_rd=24 wb_data=0xc0e23b4f -> rs1_data=0xcdcf5352 rs2_data=0xc0e23b4f
[PASS] seq=crv_seq_7                              cyc=33 op=RK_NO_WRITE_READ rs1=1 rs2=4 wb_write=0 wb_rd=18 wb_data=0x22bd8b4f -> rs1_data=0xff2f4ed3 rs2_data=0x34f01267
[PASS] seq=crv_seq_7                              cyc=34 op=RK_X0_ACCESS     rs1=8 rs2=9 wb_write=1 wb_rd=0 wb_data=0x6ede3ffd -> rs1_data=0xc505555f rs2_data=0x4735d246
[PASS] seq=crv_seq_7                              cyc=35 op=RK_BYPASS_RS2    rs1=8 rs2=26 wb_write=1 wb_rd=26 wb_data=0x09529125 -> rs1_data=0xc505555f rs2_data=0x09529125
[PASS] seq=crv_seq_7                              cyc=36 op=RK_BYPASS_BOTH   rs1=10 rs2=10 wb_write=1 wb_rd=10 wb_data=0xbb6c8180 -> rs1_data=0xbb6c8180 rs2_data=0xbb6c8180
[PASS] seq=crv_seq_7                              cyc=37 op=RK_BYPASS_RS2    rs1=15 rs2=2 wb_write=1 wb_rd=2 wb_data=0x567a6a79 -> rs1_data=0x4319bd21 rs2_data=0x567a6a79
[PASS] seq=crv_seq_7                              cyc=38 op=RK_BYPASS_BOTH   rs1=12 rs2=12 wb_write=1 wb_rd=12 wb_data=0xf0ef7941 -> rs1_data=0xf0ef7941 rs2_data=0xf0ef7941
[PASS] seq=crv_seq_7                              cyc=39 op=RK_BYPASS_RS2    rs1=27 rs2=30 wb_write=1 wb_rd=30 wb_data=0xe69aaa89 -> rs1_data=0xbd652d2b rs2_data=0xe69aaa89
[PASS] seq=crv_seq_7                              cyc=40 op=RK_X0_ACCESS     rs1=30 rs2=1 wb_write=1 wb_rd=0 wb_data=0xb82e6ab3 -> rs1_data=0xe69aaa89 rs2_data=0xff2f4ed3
[PASS] seq=crv_seq_7                              cyc=41 op=RK_X0_ACCESS     rs1=17 rs2=26 wb_write=1 wb_rd=0 wb_data=0x4d6e662d -> rs1_data=0x28d2e923 rs2_data=0x09529125
[PASS] seq=crv_seq_7                              cyc=42 op=RK_RANDOM        rs1=11 rs2=4 wb_write=1 wb_rd=29 wb_data=0xde26bffd -> rs1_data=0xfe409603 rs2_data=0x34f01267
[PASS] seq=crv_seq_7                              cyc=43 op=RK_X0_ACCESS     rs1=6 rs2=10 wb_write=1 wb_rd=0 wb_data=0xe4409ece -> rs1_data=0x16455c72 rs2_data=0xbb6c8180
[PASS] seq=crv_seq_7                              cyc=44 op=RK_BYPASS_RS1    rs1=9 rs2=23 wb_write=1 wb_rd=9 wb_data=0x7ca01f6f -> rs1_data=0x7ca01f6f rs2_data=0xa443810c
[PASS] seq=crv_seq_7                              cyc=45 op=RK_NO_WRITE_READ rs1=13 rs2=11 wb_write=0 wb_rd=21 wb_data=0x678dad65 -> rs1_data=0x48475b9f rs2_data=0xfe409603
[PASS] seq=crv_seq_7                              cyc=46 op=RK_BYPASS_RS2    rs1=3 rs2=7 wb_write=1 wb_rd=7 wb_data=0x305e6a5d -> rs1_data=0x30818636 rs2_data=0x305e6a5d
[PASS] seq=crv_seq_7                              cyc=47 op=RK_PLAIN_WRITE   rs1=27 rs2=0 wb_write=1 wb_rd=11 wb_data=0x4c7aaa21 -> rs1_data=0xbd652d2b rs2_data=0x00000000
[PASS] seq=crv_seq_7                              cyc=48 op=RK_X0_ACCESS     rs1=16 rs2=14 wb_write=1 wb_rd=0 wb_data=0x835e23ed -> rs1_data=0x18fee21f rs2_data=0x961418b5
[PASS] seq=crv_seq_7                              cyc=49 op=RK_BYPASS_BOTH   rs1=25 rs2=25 wb_write=1 wb_rd=25 wb_data=0x7419cd89 -> rs1_data=0x7419cd89 rs2_data=0x7419cd89
[PASS] seq=crv_seq_7                              cyc=50 op=RK_BYPASS_RS1    rs1=30 rs2=22 wb_write=1 wb_rd=30 wb_data=0xa8558c3d -> rs1_data=0xa8558c3d rs2_data=0x0027ecc6
[PASS] seq=crv_seq_7                              cyc=51 op=RK_BYPASS_RS1    rs1=7 rs2=11 wb_write=1 wb_rd=7 wb_data=0x7590e1d5 -> rs1_data=0x7590e1d5 rs2_data=0x4c7aaa21
[PASS] seq=crv_seq_7                              cyc=52 op=RK_BYPASS_RS2    rs1=17 rs2=30 wb_write=1 wb_rd=30 wb_data=0x8085b60d -> rs1_data=0x28d2e923 rs2_data=0x8085b60d
[PASS] seq=crv_seq_7                              cyc=53 op=RK_BYPASS_RS2    rs1=14 rs2=4 wb_write=1 wb_rd=4 wb_data=0x1ef37349 -> rs1_data=0x961418b5 rs2_data=0x1ef37349
[PASS] seq=crv_seq_7                              cyc=54 op=RK_BYPASS_RS1    rs1=24 rs2=0 wb_write=1 wb_rd=24 wb_data=0xa2290272 -> rs1_data=0xa2290272 rs2_data=0x00000000
[PASS] seq=crv_seq_7                              cyc=55 op=RK_BYPASS_RS1    rs1=27 rs2=18 wb_write=1 wb_rd=27 wb_data=0x7f1e56bb -> rs1_data=0x7f1e56bb rs2_data=0x696b57b5
[PASS] seq=crv_seq_7                              cyc=56 op=RK_BYPASS_RS1    rs1=18 rs2=11 wb_write=1 wb_rd=18 wb_data=0x5a855e5d -> rs1_data=0x5a855e5d rs2_data=0x4c7aaa21
[PASS] seq=crv_seq_7                              cyc=57 op=RK_BYPASS_RS1    rs1=28 rs2=8 wb_write=1 wb_rd=28 wb_data=0xd886fa81 -> rs1_data=0xd886fa81 rs2_data=0xc505555f
[PASS] seq=crv_seq_7                              cyc=58 op=RK_BYPASS_RS2    rs1=29 rs2=20 wb_write=1 wb_rd=20 wb_data=0x1eafa310 -> rs1_data=0xde26bffd rs2_data=0x1eafa310
[PASS] seq=crv_seq_7                              cyc=59 op=RK_NO_WRITE_READ rs1=18 rs2=18 wb_write=0 wb_rd=18 wb_data=0x5045c2ad -> rs1_data=0x5a855e5d rs2_data=0x5a855e5d
[PASS] seq=crv_seq_7                              cyc=60 op=RK_NO_WRITE_READ rs1=25 rs2=13 wb_write=0 wb_rd=21 wb_data=0x7ddd1829 -> rs1_data=0x7419cd89 rs2_data=0x48475b9f
[PASS] seq=crv_seq_7                              cyc=61 op=RK_RANDOM        rs1=10 rs2=3 wb_write=1 wb_rd=14 wb_data=0x65a5b246 -> rs1_data=0xbb6c8180 rs2_data=0x30818636
[PASS] seq=crv_seq_7                              cyc=62 op=RK_NO_WRITE_READ rs1=9 rs2=8 wb_write=0 wb_rd=15 wb_data=0x0ff310bb -> rs1_data=0x7ca01f6f rs2_data=0xc505555f
[PASS] seq=crv_seq_7                              cyc=63 op=RK_PLAIN_WRITE   rs1=7 rs2=18 wb_write=1 wb_rd=16 wb_data=0x8210250e -> rs1_data=0x7590e1d5 rs2_data=0x5a855e5d
[PASS] seq=crv_seq_7                              cyc=64 op=RK_BYPASS_BOTH   rs1=11 rs2=11 wb_write=1 wb_rd=11 wb_data=0xf1440e22 -> rs1_data=0xf1440e22 rs2_data=0xf1440e22
[PASS] seq=crv_seq_7                              cyc=65 op=RK_BYPASS_RS2    rs1=2 rs2=13 wb_write=1 wb_rd=13 wb_data=0xdfa88d3f -> rs1_data=0x567a6a79 rs2_data=0xdfa88d3f
[PASS] seq=crv_seq_7                              cyc=66 op=RK_RANDOM        rs1=11 rs2=8 wb_write=1 wb_rd=14 wb_data=0x0f4f1420 -> rs1_data=0xf1440e22 rs2_data=0xc505555f
[PASS] seq=crv_seq_7                              cyc=67 op=RK_BYPASS_RS1    rs1=14 rs2=19 wb_write=1 wb_rd=14 wb_data=0xc4a53961 -> rs1_data=0xc4a53961 rs2_data=0xaf87f0d2
[PASS] seq=crv_seq_7                              cyc=68 op=RK_PLAIN_WRITE   rs1=11 rs2=7 wb_write=1 wb_rd=8 wb_data=0xc46c98a2 -> rs1_data=0xf1440e22 rs2_data=0x7590e1d5
[PASS] seq=crv_seq_7                              cyc=69 op=RK_BYPASS_RS2    rs1=8 rs2=12 wb_write=1 wb_rd=12 wb_data=0xd582ea60 -> rs1_data=0xc46c98a2 rs2_data=0xd582ea60
[PASS] seq=crv_seq_7                              cyc=70 op=RK_BYPASS_RS1    rs1=2 rs2=0 wb_write=1 wb_rd=2 wb_data=0x43d662e1 -> rs1_data=0x43d662e1 rs2_data=0x00000000
[PASS] seq=crv_seq_7                              cyc=71 op=RK_RANDOM        rs1=29 rs2=7 wb_write=0 wb_rd=29 wb_data=0x3cd3edd3 -> rs1_data=0xde26bffd rs2_data=0x7590e1d5
[PASS] seq=crv_seq_7                              cyc=72 op=RK_BYPASS_RS1    rs1=24 rs2=22 wb_write=1 wb_rd=24 wb_data=0x1ec534a1 -> rs1_data=0x1ec534a1 rs2_data=0x0027ecc6
[PASS] seq=crv_seq_7                              cyc=73 op=RK_RANDOM        rs1=1 rs2=25 wb_write=1 wb_rd=22 wb_data=0x37680c12 -> rs1_data=0xff2f4ed3 rs2_data=0x7419cd89
[PASS] seq=crv_seq_7                              cyc=74 op=RK_BYPASS_RS2    rs1=13 rs2=24 wb_write=1 wb_rd=24 wb_data=0xc93875fd -> rs1_data=0xdfa88d3f rs2_data=0xc93875fd
[PASS] seq=crv_seq_7                              cyc=75 op=RK_BYPASS_BOTH   rs1=24 rs2=24 wb_write=1 wb_rd=24 wb_data=0x2c06ffd9 -> rs1_data=0x2c06ffd9 rs2_data=0x2c06ffd9
[PASS] seq=crv_seq_7                              cyc=76 op=RK_BYPASS_RS1    rs1=18 rs2=22 wb_write=1 wb_rd=18 wb_data=0xc9d29665 -> rs1_data=0xc9d29665 rs2_data=0x37680c12
[PASS] seq=crv_seq_7                              cyc=77 op=RK_BYPASS_BOTH   rs1=13 rs2=13 wb_write=1 wb_rd=13 wb_data=0xffe0f885 -> rs1_data=0xffe0f885 rs2_data=0xffe0f885
[PASS] seq=crv_seq_7                              cyc=78 op=RK_BYPASS_BOTH   rs1=23 rs2=23 wb_write=1 wb_rd=23 wb_data=0x0978b4d0 -> rs1_data=0x0978b4d0 rs2_data=0x0978b4d0
[PASS] seq=crv_seq_7                              cyc=79 op=RK_BYPASS_BOTH   rs1=24 rs2=24 wb_write=1 wb_rd=24 wb_data=0xe709d187 -> rs1_data=0xe709d187 rs2_data=0xe709d187
[PASS] seq=crv_seq_7                              cyc=80 op=RK_BYPASS_RS2    rs1=17 rs2=28 wb_write=1 wb_rd=28 wb_data=0x3be24a45 -> rs1_data=0x28d2e923 rs2_data=0x3be24a45
[PASS] seq=crv_seq_7                              cyc=81 op=RK_BYPASS_RS2    rs1=17 rs2=20 wb_write=1 wb_rd=20 wb_data=0x4d9f427f -> rs1_data=0x28d2e923 rs2_data=0x4d9f427f
[PASS] seq=crv_seq_7                              cyc=82 op=RK_PLAIN_WRITE   rs1=11 rs2=18 wb_write=1 wb_rd=14 wb_data=0xa474ea6d -> rs1_data=0xf1440e22 rs2_data=0xc9d29665
[PASS] seq=crv_seq_7                              cyc=83 op=RK_BYPASS_BOTH   rs1=11 rs2=11 wb_write=1 wb_rd=11 wb_data=0x5abb5912 -> rs1_data=0x5abb5912 rs2_data=0x5abb5912
[PASS] seq=crv_seq_7                              cyc=84 op=RK_PLAIN_WRITE   rs1=6 rs2=29 wb_write=1 wb_rd=13 wb_data=0x54d83161 -> rs1_data=0x16455c72 rs2_data=0xde26bffd
[PASS] seq=crv_seq_7                              cyc=85 op=RK_X0_ACCESS     rs1=18 rs2=23 wb_write=1 wb_rd=0 wb_data=0x14139d0d -> rs1_data=0xc9d29665 rs2_data=0x0978b4d0
[PASS] seq=crv_seq_7                              cyc=86 op=RK_BYPASS_RS1    rs1=25 rs2=29 wb_write=1 wb_rd=25 wb_data=0xe508651c -> rs1_data=0xe508651c rs2_data=0xde26bffd
[PASS] seq=crv_seq_7                              cyc=87 op=RK_BYPASS_RS2    rs1=18 rs2=8 wb_write=1 wb_rd=8 wb_data=0x106e0506 -> rs1_data=0xc9d29665 rs2_data=0x106e0506
[PASS] seq=crv_seq_7                              cyc=88 op=RK_BYPASS_RS2    rs1=12 rs2=21 wb_write=1 wb_rd=21 wb_data=0x3a91026b -> rs1_data=0xd582ea60 rs2_data=0x3a91026b
[PASS] seq=crv_seq_7                              cyc=89 op=RK_PLAIN_WRITE   rs1=27 rs2=30 wb_write=1 wb_rd=20 wb_data=0x778ec00e -> rs1_data=0x7f1e56bb rs2_data=0x8085b60d
[PASS] seq=crv_seq_7                              cyc=90 op=RK_BYPASS_RS1    rs1=12 rs2=10 wb_write=1 wb_rd=12 wb_data=0x762ecfda -> rs1_data=0x762ecfda rs2_data=0xbb6c8180
[PASS] seq=crv_seq_7                              cyc=91 op=RK_PLAIN_WRITE   rs1=13 rs2=8 wb_write=1 wb_rd=24 wb_data=0xaec672b0 -> rs1_data=0x54d83161 rs2_data=0x106e0506
[PASS] seq=crv_seq_7                              cyc=92 op=RK_RANDOM        rs1=21 rs2=27 wb_write=0 wb_rd=26 wb_data=0x991b9996 -> rs1_data=0x3a91026b rs2_data=0x7f1e56bb
[PASS] seq=crv_seq_7                              cyc=93 op=RK_PLAIN_WRITE   rs1=22 rs2=8 wb_write=1 wb_rd=13 wb_data=0x0c1656e2 -> rs1_data=0x37680c12 rs2_data=0x106e0506
[PASS] seq=crv_seq_7                              cyc=94 op=RK_PLAIN_WRITE   rs1=29 rs2=4 wb_write=1 wb_rd=12 wb_data=0x375fe4c5 -> rs1_data=0xde26bffd rs2_data=0x1ef37349
[PASS] seq=crv_seq_7                              cyc=95 op=RK_RANDOM        rs1=4 rs2=3 wb_write=1 wb_rd=18 wb_data=0x81bf6da6 -> rs1_data=0x1ef37349 rs2_data=0x30818636
[PASS] seq=crv_seq_7                              cyc=96 op=RK_BYPASS_BOTH   rs1=1 rs2=1 wb_write=1 wb_rd=1 wb_data=0xbd84ea4f -> rs1_data=0xbd84ea4f rs2_data=0xbd84ea4f
[PASS] seq=crv_seq_7                              cyc=97 op=RK_BYPASS_RS1    rs1=22 rs2=19 wb_write=1 wb_rd=22 wb_data=0x22633554 -> rs1_data=0x22633554 rs2_data=0xaf87f0d2
[PASS] seq=crv_seq_7                              cyc=98 op=RK_PLAIN_WRITE   rs1=24 rs2=23 wb_write=1 wb_rd=18 wb_data=0x4d65a688 -> rs1_data=0xaec672b0 rs2_data=0x0978b4d0
[PASS] seq=crv_seq_7                              cyc=99 op=RK_NO_WRITE_READ rs1=28 rs2=19 wb_write=0 wb_rd=29 wb_data=0xd693c43c -> rs1_data=0x3be24a45 rs2_data=0xaf87f0d2
[PASS] seq=crv_seq_7                              cyc=100 op=RK_BYPASS_RS2    rs1=30 rs2=21 wb_write=1 wb_rd=21 wb_data=0x467bfcfb -> rs1_data=0x8085b60d rs2_data=0x467bfcfb
[PASS] seq=crv_seq_7                              cyc=101 op=RK_BYPASS_RS2    rs1=20 rs2=11 wb_write=1 wb_rd=11 wb_data=0xe54530d4 -> rs1_data=0x778ec00e rs2_data=0xe54530d4
[PASS] seq=crv_seq_7                              cyc=102 op=RK_NO_WRITE_READ rs1=6 rs2=2 wb_write=0 wb_rd=18 wb_data=0x1aaa2cb8 -> rs1_data=0x16455c72 rs2_data=0x43d662e1
[PASS] seq=crv_seq_7                              cyc=103 op=RK_BYPASS_RS1    rs1=8 rs2=3 wb_write=1 wb_rd=8 wb_data=0x44790adb -> rs1_data=0x44790adb rs2_data=0x30818636
[PASS] seq=crv_seq_7                              cyc=104 op=RK_X0_ACCESS     rs1=18 rs2=5 wb_write=1 wb_rd=0 wb_data=0x7a42318a -> rs1_data=0x4d65a688 rs2_data=0xe8bbb506
[PASS] seq=crv_seq_7                              cyc=105 op=RK_BYPASS_RS2    rs1=18 rs2=25 wb_write=1 wb_rd=25 wb_data=0x8a26af0a -> rs1_data=0x4d65a688 rs2_data=0x8a26af0a
[PASS] seq=crv_seq_7                              cyc=106 op=RK_X0_ACCESS     rs1=15 rs2=11 wb_write=1 wb_rd=0 wb_data=0x9ef94df2 -> rs1_data=0x4319bd21 rs2_data=0xe54530d4
[PASS] seq=crv_seq_7                              cyc=107 op=RK_PLAIN_WRITE   rs1=2 rs2=3 wb_write=1 wb_rd=22 wb_data=0xd607f94c -> rs1_data=0x43d662e1 rs2_data=0x30818636
[PASS] seq=crv_seq_7                              cyc=108 op=RK_X0_ACCESS     rs1=8 rs2=28 wb_write=1 wb_rd=0 wb_data=0xbc53facf -> rs1_data=0x44790adb rs2_data=0x3be24a45
[PASS] seq=crv_seq_7                              cyc=109 op=RK_RANDOM        rs1=23 rs2=9 wb_write=0 wb_rd=22 wb_data=0xc87f347d -> rs1_data=0x0978b4d0 rs2_data=0x7ca01f6f
[PASS] seq=crv_seq_7                              cyc=110 op=RK_BYPASS_BOTH   rs1=22 rs2=22 wb_write=1 wb_rd=22 wb_data=0xfe5190dc -> rs1_data=0xfe5190dc rs2_data=0xfe5190dc
[PASS] seq=crv_seq_7                              cyc=111 op=RK_BYPASS_BOTH   rs1=9 rs2=9 wb_write=1 wb_rd=9 wb_data=0x33b90ffe -> rs1_data=0x33b90ffe rs2_data=0x33b90ffe
[PASS] seq=crv_seq_7                              cyc=112 op=RK_RANDOM        rs1=0 rs2=15 wb_write=1 wb_rd=19 wb_data=0xf1b6a8ef -> rs1_data=0x00000000 rs2_data=0x4319bd21
[PASS] seq=crv_seq_7                              cyc=113 op=RK_BYPASS_RS2    rs1=14 rs2=7 wb_write=1 wb_rd=7 wb_data=0x8629f731 -> rs1_data=0xa474ea6d rs2_data=0x8629f731
[PASS] seq=crv_seq_7                              cyc=114 op=RK_RANDOM        rs1=27 rs2=10 wb_write=0 wb_rd=9 wb_data=0xc090d292 -> rs1_data=0x7f1e56bb rs2_data=0xbb6c8180
[PASS] seq=crv_seq_7                              cyc=115 op=RK_NO_WRITE_READ rs1=15 rs2=7 wb_write=0 wb_rd=1 wb_data=0x7abbca90 -> rs1_data=0x4319bd21 rs2_data=0x8629f731
[PASS] seq=crv_seq_7                              cyc=116 op=RK_RANDOM        rs1=1 rs2=21 wb_write=1 wb_rd=29 wb_data=0x5692dffd -> rs1_data=0xbd84ea4f rs2_data=0x467bfcfb
[PASS] seq=crv_seq_7                              cyc=117 op=RK_BYPASS_RS1    rs1=8 rs2=1 wb_write=1 wb_rd=8 wb_data=0xb75e07fb -> rs1_data=0xb75e07fb rs2_data=0xbd84ea4f
[PASS] seq=crv_seq_7                              cyc=118 op=RK_BYPASS_RS1    rs1=18 rs2=17 wb_write=1 wb_rd=18 wb_data=0xb992e7f3 -> rs1_data=0xb992e7f3 rs2_data=0x28d2e923
[PASS] seq=crv_seq_7                              cyc=119 op=RK_X0_ACCESS     rs1=4 rs2=13 wb_write=1 wb_rd=0 wb_data=0x65899228 -> rs1_data=0x1ef37349 rs2_data=0x0c1656e2
[PASS] seq=crv_seq_7                              cyc=120 op=RK_PLAIN_WRITE   rs1=15 rs2=18 wb_write=1 wb_rd=7 wb_data=0x1917e666 -> rs1_data=0x4319bd21 rs2_data=0xb992e7f3
[PASS] seq=crv_seq_7                              cyc=121 op=RK_BYPASS_RS2    rs1=2 rs2=30 wb_write=1 wb_rd=30 wb_data=0x7b6313ce -> rs1_data=0x43d662e1 rs2_data=0x7b6313ce
[PASS] seq=crv_seq_7                              cyc=122 op=RK_BYPASS_RS2    rs1=22 rs2=29 wb_write=1 wb_rd=29 wb_data=0xbd2f6681 -> rs1_data=0xfe5190dc rs2_data=0xbd2f6681
[PASS] seq=crv_seq_7                              cyc=123 op=RK_X0_ACCESS     rs1=17 rs2=19 wb_write=1 wb_rd=0 wb_data=0xde503624 -> rs1_data=0x28d2e923 rs2_data=0xf1b6a8ef
[PASS] seq=crv_seq_7                              cyc=124 op=RK_RANDOM        rs1=13 rs2=12 wb_write=1 wb_rd=0 wb_data=0xcaab0d08 -> rs1_data=0x0c1656e2 rs2_data=0x375fe4c5
[PASS] seq=crv_seq_7                              cyc=125 op=RK_BYPASS_RS2    rs1=29 rs2=5 wb_write=1 wb_rd=5 wb_data=0xaff079ba -> rs1_data=0xbd2f6681 rs2_data=0xaff079ba
[PASS] seq=crv_seq_7                              cyc=126 op=RK_X0_ACCESS     rs1=10 rs2=7 wb_write=1 wb_rd=0 wb_data=0x9a3a8b92 -> rs1_data=0xbb6c8180 rs2_data=0x1917e666
[PASS] seq=crv_seq_7                              cyc=127 op=RK_BYPASS_RS2    rs1=1 rs2=30 wb_write=1 wb_rd=30 wb_data=0x491f8daa -> rs1_data=0xbd84ea4f rs2_data=0x491f8daa
[PASS] seq=crv_seq_7                              cyc=128 op=RK_BYPASS_RS1    rs1=25 rs2=26 wb_write=1 wb_rd=25 wb_data=0x393c611f -> rs1_data=0x393c611f rs2_data=0x09529125
[PASS] seq=crv_seq_7                              cyc=129 op=RK_BYPASS_BOTH   rs1=29 rs2=29 wb_write=1 wb_rd=29 wb_data=0xcd59dd65 -> rs1_data=0xcd59dd65 rs2_data=0xcd59dd65
[PASS] seq=crv_seq_7                              cyc=130 op=RK_NO_WRITE_READ rs1=7 rs2=20 wb_write=0 wb_rd=23 wb_data=0xb24acff2 -> rs1_data=0x1917e666 rs2_data=0x778ec00e
[PASS] seq=crv_seq_7                              cyc=131 op=RK_RANDOM        rs1=30 rs2=18 wb_write=0 wb_rd=23 wb_data=0x68497101 -> rs1_data=0x491f8daa rs2_data=0xb992e7f3
[PASS] seq=crv_seq_7                              cyc=132 op=RK_BYPASS_RS2    rs1=20 rs2=1 wb_write=1 wb_rd=1 wb_data=0x0395afb3 -> rs1_data=0x778ec00e rs2_data=0x0395afb3
[PASS] seq=crv_seq_7                              cyc=133 op=RK_X0_ACCESS     rs1=18 rs2=26 wb_write=1 wb_rd=0 wb_data=0xfc230004 -> rs1_data=0xb992e7f3 rs2_data=0x09529125
[PASS] seq=crv_seq_7                              cyc=134 op=RK_RANDOM        rs1=24 rs2=8 wb_write=1 wb_rd=28 wb_data=0xddcd8951 -> rs1_data=0xaec672b0 rs2_data=0xb75e07fb
[PASS] seq=crv_seq_7                              cyc=135 op=RK_BYPASS_RS1    rs1=5 rs2=15 wb_write=1 wb_rd=5 wb_data=0xbd7b3a90 -> rs1_data=0xbd7b3a90 rs2_data=0x4319bd21
[PASS] seq=crv_seq_7                              cyc=136 op=RK_RANDOM        rs1=2 rs2=31 wb_write=0 wb_rd=29 wb_data=0x212fc528 -> rs1_data=0x43d662e1 rs2_data=0xcdcf5352
[PASS] seq=crv_seq_7                              cyc=137 op=RK_PLAIN_WRITE   rs1=3 rs2=2 wb_write=1 wb_rd=24 wb_data=0x020473cc -> rs1_data=0x30818636 rs2_data=0x43d662e1
[PASS] seq=crv_seq_7                              cyc=138 op=RK_BYPASS_RS1    rs1=13 rs2=29 wb_write=1 wb_rd=13 wb_data=0x20474bf1 -> rs1_data=0x20474bf1 rs2_data=0xcd59dd65
[PASS] seq=crv_seq_7                              cyc=139 op=RK_BYPASS_RS1    rs1=15 rs2=13 wb_write=1 wb_rd=15 wb_data=0xb89fb98e -> rs1_data=0xb89fb98e rs2_data=0x20474bf1
[PASS] seq=crv_seq_7                              cyc=140 op=RK_BYPASS_RS1    rs1=2 rs2=6 wb_write=1 wb_rd=2 wb_data=0xec047465 -> rs1_data=0xec047465 rs2_data=0x16455c72
[PASS] seq=crv_seq_7                              cyc=141 op=RK_BYPASS_BOTH   rs1=13 rs2=13 wb_write=1 wb_rd=13 wb_data=0xbd89c402 -> rs1_data=0xbd89c402 rs2_data=0xbd89c402
[PASS] seq=crv_seq_7                              cyc=142 op=RK_BYPASS_BOTH   rs1=18 rs2=18 wb_write=1 wb_rd=18 wb_data=0x16520410 -> rs1_data=0x16520410 rs2_data=0x16520410
[PASS] seq=crv_seq_7                              cyc=143 op=RK_X0_ACCESS     rs1=6 rs2=5 wb_write=1 wb_rd=0 wb_data=0x3808547c -> rs1_data=0x16455c72 rs2_data=0xbd7b3a90
[PASS] seq=crv_seq_7                              cyc=144 op=RK_BYPASS_RS2    rs1=3 rs2=27 wb_write=1 wb_rd=27 wb_data=0xfc66d15d -> rs1_data=0x30818636 rs2_data=0xfc66d15d
[PASS] seq=crv_seq_7                              cyc=145 op=RK_PLAIN_WRITE   rs1=28 rs2=2 wb_write=1 wb_rd=26 wb_data=0xa760948d -> rs1_data=0xddcd8951 rs2_data=0xec047465
[PASS] seq=crv_seq_7                              cyc=146 op=RK_BYPASS_RS2    rs1=9 rs2=16 wb_write=1 wb_rd=16 wb_data=0x51ddb1fb -> rs1_data=0x33b90ffe rs2_data=0x51ddb1fb
[PASS] seq=crv_seq_7                              cyc=147 op=RK_BYPASS_BOTH   rs1=14 rs2=14 wb_write=1 wb_rd=14 wb_data=0x2e2a9724 -> rs1_data=0x2e2a9724 rs2_data=0x2e2a9724
[PASS] seq=crv_seq_7                              cyc=148 op=RK_PLAIN_WRITE   rs1=5 rs2=15 wb_write=1 wb_rd=20 wb_data=0xbdcc2262 -> rs1_data=0xbd7b3a90 rs2_data=0xb89fb98e
[PASS] seq=crv_seq_7                              cyc=149 op=RK_PLAIN_WRITE   rs1=26 rs2=17 wb_write=1 wb_rd=19 wb_data=0xc2d5934e -> rs1_data=0xa760948d rs2_data=0x28d2e923
[PASS] seq=crv_seq_7                              cyc=150 op=RK_PLAIN_WRITE   rs1=24 rs2=10 wb_write=1 wb_rd=12 wb_data=0x400861f8 -> rs1_data=0x020473cc rs2_data=0xbb6c8180
[PASS] seq=crv_seq_7                              cyc=151 op=RK_RANDOM        rs1=31 rs2=1 wb_write=0 wb_rd=30 wb_data=0x8e870791 -> rs1_data=0xcdcf5352 rs2_data=0x0395afb3
[PASS] seq=crv_seq_7                              cyc=152 op=RK_X0_ACCESS     rs1=27 rs2=25 wb_write=1 wb_rd=0 wb_data=0xe2b79a08 -> rs1_data=0xfc66d15d rs2_data=0x393c611f
[PASS] seq=crv_seq_7                              cyc=153 op=RK_BYPASS_RS1    rs1=23 rs2=25 wb_write=1 wb_rd=23 wb_data=0x85d941b7 -> rs1_data=0x85d941b7 rs2_data=0x393c611f
[PASS] seq=crv_seq_7                              cyc=154 op=RK_NO_WRITE_READ rs1=22 rs2=16 wb_write=0 wb_rd=7 wb_data=0xeede5882 -> rs1_data=0xfe5190dc rs2_data=0x51ddb1fb
[PASS] seq=crv_seq_7                              cyc=155 op=RK_PLAIN_WRITE   rs1=12 rs2=13 wb_write=1 wb_rd=19 wb_data=0xf5f7530d -> rs1_data=0x400861f8 rs2_data=0xbd89c402
[PASS] seq=crv_seq_7                              cyc=156 op=RK_BYPASS_RS1    rs1=15 rs2=28 wb_write=1 wb_rd=15 wb_data=0xb69cdee6 -> rs1_data=0xb69cdee6 rs2_data=0xddcd8951
[PASS] seq=crv_seq_7                              cyc=157 op=RK_BYPASS_BOTH   rs1=8 rs2=8 wb_write=1 wb_rd=8 wb_data=0x55d13852 -> rs1_data=0x55d13852 rs2_data=0x55d13852
[PASS] seq=crv_seq_7                              cyc=158 op=RK_BYPASS_RS2    rs1=0 rs2=30 wb_write=1 wb_rd=30 wb_data=0xf832c700 -> rs1_data=0x00000000 rs2_data=0xf832c700
[PASS] seq=crv_seq_7                              cyc=159 op=RK_PLAIN_WRITE   rs1=6 rs2=26 wb_write=1 wb_rd=1 wb_data=0x772f06de -> rs1_data=0x16455c72 rs2_data=0xa760948d
[PASS] seq=crv_seq_7                              cyc=160 op=RK_BYPASS_RS2    rs1=10 rs2=30 wb_write=1 wb_rd=30 wb_data=0x0fb868aa -> rs1_data=0xbb6c8180 rs2_data=0x0fb868aa
[PASS] seq=crv_seq_7                              cyc=161 op=RK_PLAIN_WRITE   rs1=7 rs2=23 wb_write=1 wb_rd=28 wb_data=0x57de6819 -> rs1_data=0x1917e666 rs2_data=0x85d941b7
[PASS] seq=crv_seq_7                              cyc=162 op=RK_BYPASS_RS2    rs1=25 rs2=21 wb_write=1 wb_rd=21 wb_data=0xc1c7075d -> rs1_data=0x393c611f rs2_data=0xc1c7075d
[PASS] seq=crv_seq_7                              cyc=163 op=RK_BYPASS_RS1    rs1=20 rs2=11 wb_write=1 wb_rd=20 wb_data=0xdce5d6dd -> rs1_data=0xdce5d6dd rs2_data=0xe54530d4
[PASS] seq=crv_seq_7                              cyc=164 op=RK_BYPASS_RS1    rs1=6 rs2=3 wb_write=1 wb_rd=6 wb_data=0xa0d716b5 -> rs1_data=0xa0d716b5 rs2_data=0x30818636
[PASS] seq=crv_seq_7                              cyc=165 op=RK_PLAIN_WRITE   rs1=12 rs2=23 wb_write=1 wb_rd=19 wb_data=0x249864a2 -> rs1_data=0x400861f8 rs2_data=0x85d941b7
[PASS] seq=crv_seq_7                              cyc=166 op=RK_NO_WRITE_READ rs1=17 rs2=18 wb_write=0 wb_rd=23 wb_data=0x18082f6b -> rs1_data=0x28d2e923 rs2_data=0x16520410
[PASS] seq=crv_seq_7                              cyc=167 op=RK_BYPASS_RS1    rs1=19 rs2=0 wb_write=1 wb_rd=19 wb_data=0x69f32b58 -> rs1_data=0x69f32b58 rs2_data=0x00000000
[PASS] seq=crv_seq_7                              cyc=168 op=RK_NO_WRITE_READ rs1=26 rs2=10 wb_write=0 wb_rd=17 wb_data=0x75cab5f7 -> rs1_data=0xa760948d rs2_data=0xbb6c8180
[PASS] seq=crv_seq_7                              cyc=169 op=RK_BYPASS_BOTH   rs1=25 rs2=25 wb_write=1 wb_rd=25 wb_data=0x191eb223 -> rs1_data=0x191eb223 rs2_data=0x191eb223
[PASS] seq=crv_seq_7                              cyc=170 op=RK_BYPASS_RS2    rs1=16 rs2=25 wb_write=1 wb_rd=25 wb_data=0x249e9d84 -> rs1_data=0x51ddb1fb rs2_data=0x249e9d84
[PASS] seq=crv_seq_7                              cyc=171 op=RK_BYPASS_RS1    rs1=23 rs2=17 wb_write=1 wb_rd=23 wb_data=0x87d1bec0 -> rs1_data=0x87d1bec0 rs2_data=0x28d2e923
[PASS] seq=crv_seq_7                              cyc=172 op=RK_NO_WRITE_READ rs1=15 rs2=26 wb_write=0 wb_rd=6 wb_data=0xb4908ea0 -> rs1_data=0xb69cdee6 rs2_data=0xa760948d
[PASS] seq=crv_seq_7                              cyc=173 op=RK_BYPASS_RS2    rs1=4 rs2=23 wb_write=1 wb_rd=23 wb_data=0x2aa875d0 -> rs1_data=0x1ef37349 rs2_data=0x2aa875d0
[PASS] seq=crv_seq_7                              cyc=174 op=RK_BYPASS_RS1    rs1=20 rs2=15 wb_write=1 wb_rd=20 wb_data=0xae38b701 -> rs1_data=0xae38b701 rs2_data=0xb69cdee6
[PASS] seq=crv_seq_7                              cyc=175 op=RK_X0_ACCESS     rs1=17 rs2=19 wb_write=1 wb_rd=0 wb_data=0xffc4d0ef -> rs1_data=0x28d2e923 rs2_data=0x69f32b58
[PASS] seq=crv_seq_7                              cyc=176 op=RK_PLAIN_WRITE   rs1=2 rs2=10 wb_write=1 wb_rd=4 wb_data=0x8bfcac18 -> rs1_data=0xec047465 rs2_data=0xbb6c8180
[PASS] seq=crv_seq_7                              cyc=177 op=RK_BYPASS_RS2    rs1=30 rs2=17 wb_write=1 wb_rd=17 wb_data=0xdaeb7bc9 -> rs1_data=0x0fb868aa rs2_data=0xdaeb7bc9
[PASS] seq=crv_seq_7                              cyc=178 op=RK_PLAIN_WRITE   rs1=29 rs2=16 wb_write=1 wb_rd=27 wb_data=0x35f5dfe5 -> rs1_data=0xcd59dd65 rs2_data=0x51ddb1fb
[PASS] seq=crv_seq_7                              cyc=179 op=RK_RANDOM        rs1=0 rs2=5 wb_write=1 wb_rd=7 wb_data=0xa0c9f238 -> rs1_data=0x00000000 rs2_data=0xbd7b3a90
[PASS] seq=crv_seq_7                              cyc=180 op=RK_BYPASS_BOTH   rs1=21 rs2=21 wb_write=1 wb_rd=21 wb_data=0x14ca23c0 -> rs1_data=0x14ca23c0 rs2_data=0x14ca23c0
[PASS] seq=crv_seq_7                              cyc=181 op=RK_BYPASS_BOTH   rs1=26 rs2=26 wb_write=1 wb_rd=26 wb_data=0xb99d935f -> rs1_data=0xb99d935f rs2_data=0xb99d935f
[PASS] seq=crv_seq_7                              cyc=182 op=RK_BYPASS_RS1    rs1=2 rs2=31 wb_write=1 wb_rd=2 wb_data=0x16aba955 -> rs1_data=0x16aba955 rs2_data=0xcdcf5352
[PASS] seq=crv_seq_7                              cyc=183 op=RK_PLAIN_WRITE   rs1=17 rs2=27 wb_write=1 wb_rd=28 wb_data=0xb7711b6c -> rs1_data=0xdaeb7bc9 rs2_data=0x35f5dfe5
[PASS] seq=crv_seq_7                              cyc=184 op=RK_BYPASS_RS2    rs1=18 rs2=20 wb_write=1 wb_rd=20 wb_data=0x2e1a6b1d -> rs1_data=0x16520410 rs2_data=0x2e1a6b1d
[PASS] seq=crv_seq_7                              cyc=185 op=RK_BYPASS_BOTH   rs1=16 rs2=16 wb_write=1 wb_rd=16 wb_data=0x8e0ea8a5 -> rs1_data=0x8e0ea8a5 rs2_data=0x8e0ea8a5
[PASS] seq=crv_seq_7                              cyc=186 op=RK_RANDOM        rs1=26 rs2=31 wb_write=1 wb_rd=31 wb_data=0x4e723403 -> rs1_data=0xb99d935f rs2_data=0x4e723403
[PASS] seq=crv_seq_7                              cyc=187 op=RK_BYPASS_RS1    rs1=25 rs2=7 wb_write=1 wb_rd=25 wb_data=0x5470ba48 -> rs1_data=0x5470ba48 rs2_data=0xa0c9f238
[PASS] seq=crv_seq_7                              cyc=188 op=RK_X0_ACCESS     rs1=20 rs2=26 wb_write=1 wb_rd=0 wb_data=0xd7a73e2e -> rs1_data=0x2e1a6b1d rs2_data=0xb99d935f
[PASS] seq=crv_seq_7                              cyc=189 op=RK_RANDOM        rs1=7 rs2=30 wb_write=1 wb_rd=31 wb_data=0x4ecc6431 -> rs1_data=0xa0c9f238 rs2_data=0x0fb868aa
[PASS] seq=crv_seq_7                              cyc=190 op=RK_X0_ACCESS     rs1=7 rs2=0 wb_write=1 wb_rd=0 wb_data=0x577af846 -> rs1_data=0xa0c9f238 rs2_data=0x00000000
[PASS] seq=crv_seq_7                              cyc=191 op=RK_RANDOM        rs1=6 rs2=10 wb_write=0 wb_rd=5 wb_data=0x350e4ff0 -> rs1_data=0xa0d716b5 rs2_data=0xbb6c8180
[PASS] seq=crv_seq_7                              cyc=192 op=RK_BYPASS_BOTH   rs1=6 rs2=6 wb_write=1 wb_rd=6 wb_data=0xa656e5c0 -> rs1_data=0xa656e5c0 rs2_data=0xa656e5c0
[PASS] seq=crv_seq_7                              cyc=193 op=RK_NO_WRITE_READ rs1=25 rs2=1 wb_write=0 wb_rd=27 wb_data=0xe7fd4926 -> rs1_data=0x5470ba48 rs2_data=0x772f06de
[PASS] seq=crv_seq_7                              cyc=194 op=RK_BYPASS_RS1    rs1=22 rs2=25 wb_write=1 wb_rd=22 wb_data=0x9e4a7c51 -> rs1_data=0x9e4a7c51 rs2_data=0x5470ba48
[PASS] seq=crv_seq_7                              cyc=195 op=RK_BYPASS_RS1    rs1=12 rs2=0 wb_write=1 wb_rd=12 wb_data=0x0418f6e7 -> rs1_data=0x0418f6e7 rs2_data=0x00000000
[PASS] seq=crv_seq_7                              cyc=196 op=RK_RANDOM        rs1=29 rs2=0 wb_write=0 wb_rd=19 wb_data=0x1177c689 -> rs1_data=0xcd59dd65 rs2_data=0x00000000
[PASS] seq=crv_seq_7                              cyc=197 op=RK_BYPASS_RS2    rs1=0 rs2=21 wb_write=1 wb_rd=21 wb_data=0xa21d1747 -> rs1_data=0x00000000 rs2_data=0xa21d1747
[PASS] seq=crv_seq_7                              cyc=198 op=RK_BYPASS_RS2    rs1=5 rs2=6 wb_write=1 wb_rd=6 wb_data=0x4b5c204f -> rs1_data=0xbd7b3a90 rs2_data=0x4b5c204f
[PASS] seq=crv_seq_7                              cyc=199 op=RK_BYPASS_RS1    rs1=15 rs2=17 wb_write=1 wb_rd=15 wb_data=0xa49ac5bc -> rs1_data=0xa49ac5bc rs2_data=0xdaeb7bc9
[PASS] seq=crv_seq_8                              cyc=0 op=RK_BYPASS_BOTH   rs1=31 rs2=31 wb_write=1 wb_rd=31 wb_data=0xf180be7b -> rs1_data=0xf180be7b rs2_data=0xf180be7b
[PASS] seq=crv_seq_8                              cyc=1 op=RK_BYPASS_RS1    rs1=26 rs2=23 wb_write=1 wb_rd=26 wb_data=0x74389214 -> rs1_data=0x74389214 rs2_data=0x2aa875d0
[PASS] seq=crv_seq_8                              cyc=2 op=RK_RANDOM        rs1=31 rs2=18 wb_write=1 wb_rd=4 wb_data=0xde460628 -> rs1_data=0xf180be7b rs2_data=0x16520410
[PASS] seq=crv_seq_8                              cyc=3 op=RK_PLAIN_WRITE   rs1=22 rs2=2 wb_write=1 wb_rd=12 wb_data=0x18647166 -> rs1_data=0x9e4a7c51 rs2_data=0x16aba955
[PASS] seq=crv_seq_8                              cyc=4 op=RK_RANDOM        rs1=4 rs2=12 wb_write=0 wb_rd=19 wb_data=0x28384b7b -> rs1_data=0xde460628 rs2_data=0x18647166
[PASS] seq=crv_seq_8                              cyc=5 op=RK_PLAIN_WRITE   rs1=0 rs2=15 wb_write=1 wb_rd=17 wb_data=0xb3354cce -> rs1_data=0x00000000 rs2_data=0xa49ac5bc
[PASS] seq=crv_seq_8                              cyc=6 op=RK_NO_WRITE_READ rs1=4 rs2=12 wb_write=0 wb_rd=1 wb_data=0x9346f684 -> rs1_data=0xde460628 rs2_data=0x18647166
[PASS] seq=crv_seq_8                              cyc=7 op=RK_BYPASS_RS2    rs1=27 rs2=18 wb_write=1 wb_rd=18 wb_data=0x05e6ad27 -> rs1_data=0x35f5dfe5 rs2_data=0x05e6ad27
[PASS] seq=crv_seq_8                              cyc=8 op=RK_X0_ACCESS     rs1=5 rs2=27 wb_write=1 wb_rd=0 wb_data=0x77ffbdc2 -> rs1_data=0xbd7b3a90 rs2_data=0x35f5dfe5
[PASS] seq=crv_seq_8                              cyc=9 op=RK_BYPASS_RS1    rs1=31 rs2=10 wb_write=1 wb_rd=31 wb_data=0xd031ad79 -> rs1_data=0xd031ad79 rs2_data=0xbb6c8180
[PASS] seq=crv_seq_8                              cyc=10 op=RK_RANDOM        rs1=26 rs2=20 wb_write=0 wb_rd=2 wb_data=0x419f7795 -> rs1_data=0x74389214 rs2_data=0x2e1a6b1d
[PASS] seq=crv_seq_8                              cyc=11 op=RK_BYPASS_BOTH   rs1=12 rs2=12 wb_write=1 wb_rd=12 wb_data=0x1ca4228f -> rs1_data=0x1ca4228f rs2_data=0x1ca4228f
[PASS] seq=crv_seq_8                              cyc=12 op=RK_BYPASS_RS1    rs1=1 rs2=15 wb_write=1 wb_rd=1 wb_data=0x1716707c -> rs1_data=0x1716707c rs2_data=0xa49ac5bc
[PASS] seq=crv_seq_8                              cyc=13 op=RK_PLAIN_WRITE   rs1=6 rs2=27 wb_write=1 wb_rd=5 wb_data=0x5c71b1ad -> rs1_data=0x4b5c204f rs2_data=0x35f5dfe5
[PASS] seq=crv_seq_8                              cyc=14 op=RK_BYPASS_BOTH   rs1=24 rs2=24 wb_write=1 wb_rd=24 wb_data=0x3d978f67 -> rs1_data=0x3d978f67 rs2_data=0x3d978f67
[PASS] seq=crv_seq_8                              cyc=15 op=RK_BYPASS_BOTH   rs1=17 rs2=17 wb_write=1 wb_rd=17 wb_data=0xf72eedc5 -> rs1_data=0xf72eedc5 rs2_data=0xf72eedc5
[PASS] seq=crv_seq_8                              cyc=16 op=RK_X0_ACCESS     rs1=23 rs2=5 wb_write=1 wb_rd=0 wb_data=0x956ba4a1 -> rs1_data=0x2aa875d0 rs2_data=0x5c71b1ad
[PASS] seq=crv_seq_8                              cyc=17 op=RK_BYPASS_BOTH   rs1=18 rs2=18 wb_write=1 wb_rd=18 wb_data=0xb803869d -> rs1_data=0xb803869d rs2_data=0xb803869d
[PASS] seq=crv_seq_8                              cyc=18 op=RK_BYPASS_RS1    rs1=1 rs2=26 wb_write=1 wb_rd=1 wb_data=0x96045f78 -> rs1_data=0x96045f78 rs2_data=0x74389214
[PASS] seq=crv_seq_8                              cyc=19 op=RK_BYPASS_RS1    rs1=19 rs2=27 wb_write=1 wb_rd=19 wb_data=0x75c2b998 -> rs1_data=0x75c2b998 rs2_data=0x35f5dfe5
[PASS] seq=crv_seq_8                              cyc=20 op=RK_X0_ACCESS     rs1=31 rs2=12 wb_write=1 wb_rd=0 wb_data=0x1b66e1f8 -> rs1_data=0xd031ad79 rs2_data=0x1ca4228f
[PASS] seq=crv_seq_8                              cyc=21 op=RK_RANDOM        rs1=5 rs2=13 wb_write=1 wb_rd=18 wb_data=0xb920d07f -> rs1_data=0x5c71b1ad rs2_data=0xbd89c402
[PASS] seq=crv_seq_8                              cyc=22 op=RK_X0_ACCESS     rs1=14 rs2=2 wb_write=1 wb_rd=0 wb_data=0x998b2b76 -> rs1_data=0x2e2a9724 rs2_data=0x16aba955
[PASS] seq=crv_seq_8                              cyc=23 op=RK_X0_ACCESS     rs1=4 rs2=7 wb_write=1 wb_rd=0 wb_data=0x7f334fe7 -> rs1_data=0xde460628 rs2_data=0xa0c9f238
[PASS] seq=crv_seq_8                              cyc=24 op=RK_BYPASS_BOTH   rs1=31 rs2=31 wb_write=1 wb_rd=31 wb_data=0x1b1b92d7 -> rs1_data=0x1b1b92d7 rs2_data=0x1b1b92d7
[PASS] seq=crv_seq_8                              cyc=25 op=RK_RANDOM        rs1=21 rs2=2 wb_write=0 wb_rd=28 wb_data=0xd2119366 -> rs1_data=0xa21d1747 rs2_data=0x16aba955
[PASS] seq=crv_seq_8                              cyc=26 op=RK_RANDOM        rs1=20 rs2=30 wb_write=0 wb_rd=21 wb_data=0x0f45678e -> rs1_data=0x2e1a6b1d rs2_data=0x0fb868aa
[PASS] seq=crv_seq_8                              cyc=27 op=RK_BYPASS_RS1    rs1=10 rs2=7 wb_write=1 wb_rd=10 wb_data=0xa9179586 -> rs1_data=0xa9179586 rs2_data=0xa0c9f238
[PASS] seq=crv_seq_8                              cyc=28 op=RK_BYPASS_RS2    rs1=8 rs2=6 wb_write=1 wb_rd=6 wb_data=0x56124dcf -> rs1_data=0x55d13852 rs2_data=0x56124dcf
[PASS] seq=crv_seq_8                              cyc=29 op=RK_BYPASS_RS1    rs1=3 rs2=9 wb_write=1 wb_rd=3 wb_data=0x6090830a -> rs1_data=0x6090830a rs2_data=0x33b90ffe
[PASS] seq=crv_seq_8                              cyc=30 op=RK_NO_WRITE_READ rs1=6 rs2=20 wb_write=0 wb_rd=16 wb_data=0xc00dc942 -> rs1_data=0x56124dcf rs2_data=0x2e1a6b1d
[PASS] seq=crv_seq_8                              cyc=31 op=RK_BYPASS_RS1    rs1=9 rs2=30 wb_write=1 wb_rd=9 wb_data=0x52aec024 -> rs1_data=0x52aec024 rs2_data=0x0fb868aa
[PASS] seq=crv_seq_8                              cyc=32 op=RK_BYPASS_RS2    rs1=4 rs2=14 wb_write=1 wb_rd=14 wb_data=0xe1e2d7b4 -> rs1_data=0xde460628 rs2_data=0xe1e2d7b4
[PASS] seq=crv_seq_8                              cyc=33 op=RK_BYPASS_RS1    rs1=11 rs2=8 wb_write=1 wb_rd=11 wb_data=0x9fd23a8e -> rs1_data=0x9fd23a8e rs2_data=0x55d13852
[PASS] seq=crv_seq_8                              cyc=34 op=RK_RANDOM        rs1=22 rs2=20 wb_write=0 wb_rd=5 wb_data=0xea2ff85e -> rs1_data=0x9e4a7c51 rs2_data=0x2e1a6b1d
[PASS] seq=crv_seq_8                              cyc=35 op=RK_X0_ACCESS     rs1=20 rs2=31 wb_write=1 wb_rd=0 wb_data=0xd0ff0d23 -> rs1_data=0x2e1a6b1d rs2_data=0x1b1b92d7
[PASS] seq=crv_seq_8                              cyc=36 op=RK_BYPASS_RS1    rs1=8 rs2=5 wb_write=1 wb_rd=8 wb_data=0xcab6ae4f -> rs1_data=0xcab6ae4f rs2_data=0x5c71b1ad
[PASS] seq=crv_seq_8                              cyc=37 op=RK_BYPASS_RS2    rs1=3 rs2=2 wb_write=1 wb_rd=2 wb_data=0x0f826613 -> rs1_data=0x6090830a rs2_data=0x0f826613
[PASS] seq=crv_seq_8                              cyc=38 op=RK_RANDOM        rs1=19 rs2=30 wb_write=1 wb_rd=21 wb_data=0xf42878bb -> rs1_data=0x75c2b998 rs2_data=0x0fb868aa
[PASS] seq=crv_seq_8                              cyc=39 op=RK_PLAIN_WRITE   rs1=8 rs2=29 wb_write=1 wb_rd=20 wb_data=0x6af18639 -> rs1_data=0xcab6ae4f rs2_data=0xcd59dd65
[PASS] seq=crv_seq_8                              cyc=40 op=RK_PLAIN_WRITE   rs1=18 rs2=25 wb_write=1 wb_rd=30 wb_data=0xfe1b4cdf -> rs1_data=0xb920d07f rs2_data=0x5470ba48
[PASS] seq=crv_seq_8                              cyc=41 op=RK_BYPASS_RS2    rs1=18 rs2=31 wb_write=1 wb_rd=31 wb_data=0x1c522b3a -> rs1_data=0xb920d07f rs2_data=0x1c522b3a
[PASS] seq=crv_seq_8                              cyc=42 op=RK_RANDOM        rs1=11 rs2=13 wb_write=0 wb_rd=16 wb_data=0x90844571 -> rs1_data=0x9fd23a8e rs2_data=0xbd89c402
[PASS] seq=crv_seq_8                              cyc=43 op=RK_PLAIN_WRITE   rs1=17 rs2=21 wb_write=1 wb_rd=18 wb_data=0x96a0869d -> rs1_data=0xf72eedc5 rs2_data=0xf42878bb
[PASS] seq=crv_seq_8                              cyc=44 op=RK_NO_WRITE_READ rs1=8 rs2=25 wb_write=0 wb_rd=2 wb_data=0xb6680998 -> rs1_data=0xcab6ae4f rs2_data=0x5470ba48
[PASS] seq=crv_seq_8                              cyc=45 op=RK_BYPASS_RS2    rs1=7 rs2=28 wb_write=1 wb_rd=28 wb_data=0x1d1015f1 -> rs1_data=0xa0c9f238 rs2_data=0x1d1015f1
[PASS] seq=crv_seq_8                              cyc=46 op=RK_BYPASS_RS2    rs1=1 rs2=15 wb_write=1 wb_rd=15 wb_data=0xc2e21dbd -> rs1_data=0x96045f78 rs2_data=0xc2e21dbd
[PASS] seq=crv_seq_8                              cyc=47 op=RK_BYPASS_RS1    rs1=21 rs2=26 wb_write=1 wb_rd=21 wb_data=0xc24c8f08 -> rs1_data=0xc24c8f08 rs2_data=0x74389214
[PASS] seq=crv_seq_8                              cyc=48 op=RK_BYPASS_RS1    rs1=16 rs2=24 wb_write=1 wb_rd=16 wb_data=0xd3b71897 -> rs1_data=0xd3b71897 rs2_data=0x3d978f67
[PASS] seq=crv_seq_8                              cyc=49 op=RK_BYPASS_RS1    rs1=1 rs2=5 wb_write=1 wb_rd=1 wb_data=0x085e1918 -> rs1_data=0x085e1918 rs2_data=0x5c71b1ad
[PASS] seq=crv_seq_8                              cyc=50 op=RK_PLAIN_WRITE   rs1=1 rs2=9 wb_write=1 wb_rd=20 wb_data=0x296c121a -> rs1_data=0x085e1918 rs2_data=0x52aec024
[PASS] seq=crv_seq_8                              cyc=51 op=RK_NO_WRITE_READ rs1=0 rs2=25 wb_write=0 wb_rd=9 wb_data=0x1853c7b7 -> rs1_data=0x00000000 rs2_data=0x5470ba48
[PASS] seq=crv_seq_8                              cyc=52 op=RK_X0_ACCESS     rs1=31 rs2=2 wb_write=1 wb_rd=0 wb_data=0x40c3b55d -> rs1_data=0x1c522b3a rs2_data=0x0f826613
[PASS] seq=crv_seq_8                              cyc=53 op=RK_RANDOM        rs1=2 rs2=29 wb_write=1 wb_rd=3 wb_data=0xb8f4ba3b -> rs1_data=0x0f826613 rs2_data=0xcd59dd65
[PASS] seq=crv_seq_8                              cyc=54 op=RK_BYPASS_RS2    rs1=2 rs2=15 wb_write=1 wb_rd=15 wb_data=0x34b86528 -> rs1_data=0x0f826613 rs2_data=0x34b86528
[PASS] seq=crv_seq_8                              cyc=55 op=RK_RANDOM        rs1=25 rs2=7 wb_write=0 wb_rd=8 wb_data=0x5f333afd -> rs1_data=0x5470ba48 rs2_data=0xa0c9f238
[PASS] seq=crv_seq_8                              cyc=56 op=RK_BYPASS_RS2    rs1=26 rs2=13 wb_write=1 wb_rd=13 wb_data=0xc45ec530 -> rs1_data=0x74389214 rs2_data=0xc45ec530
[PASS] seq=crv_seq_8                              cyc=57 op=RK_PLAIN_WRITE   rs1=9 rs2=13 wb_write=1 wb_rd=10 wb_data=0xb2f78154 -> rs1_data=0x52aec024 rs2_data=0xc45ec530
[PASS] seq=crv_seq_8                              cyc=58 op=RK_PLAIN_WRITE   rs1=24 rs2=25 wb_write=1 wb_rd=2 wb_data=0x0a48ce2a -> rs1_data=0x3d978f67 rs2_data=0x5470ba48
[PASS] seq=crv_seq_8                              cyc=59 op=RK_NO_WRITE_READ rs1=30 rs2=29 wb_write=0 wb_rd=1 wb_data=0xe9768ebe -> rs1_data=0xfe1b4cdf rs2_data=0xcd59dd65
[PASS] seq=crv_seq_8                              cyc=60 op=RK_X0_ACCESS     rs1=5 rs2=31 wb_write=1 wb_rd=0 wb_data=0x418d199e -> rs1_data=0x5c71b1ad rs2_data=0x1c522b3a
[PASS] seq=crv_seq_8                              cyc=61 op=RK_RANDOM        rs1=29 rs2=10 wb_write=0 wb_rd=11 wb_data=0xd7a259a7 -> rs1_data=0xcd59dd65 rs2_data=0xb2f78154
[PASS] seq=crv_seq_8                              cyc=62 op=RK_NO_WRITE_READ rs1=12 rs2=30 wb_write=0 wb_rd=31 wb_data=0x4cb8f5a5 -> rs1_data=0x1ca4228f rs2_data=0xfe1b4cdf
[PASS] seq=crv_seq_8                              cyc=63 op=RK_PLAIN_WRITE   rs1=9 rs2=29 wb_write=1 wb_rd=3 wb_data=0xe103cf90 -> rs1_data=0x52aec024 rs2_data=0xcd59dd65
[PASS] seq=crv_seq_8                              cyc=64 op=RK_BYPASS_RS1    rs1=20 rs2=13 wb_write=1 wb_rd=20 wb_data=0x3401e7f2 -> rs1_data=0x3401e7f2 rs2_data=0xc45ec530
[PASS] seq=crv_seq_8                              cyc=65 op=RK_BYPASS_RS1    rs1=15 rs2=25 wb_write=1 wb_rd=15 wb_data=0x97c77070 -> rs1_data=0x97c77070 rs2_data=0x5470ba48
[PASS] seq=crv_seq_8                              cyc=66 op=RK_BYPASS_RS1    rs1=1 rs2=2 wb_write=1 wb_rd=1 wb_data=0x0a0e0191 -> rs1_data=0x0a0e0191 rs2_data=0x0a48ce2a
[PASS] seq=crv_seq_8                              cyc=67 op=RK_BYPASS_RS2    rs1=7 rs2=11 wb_write=1 wb_rd=11 wb_data=0x867f1f7d -> rs1_data=0xa0c9f238 rs2_data=0x867f1f7d
[PASS] seq=crv_seq_8                              cyc=68 op=RK_PLAIN_WRITE   rs1=11 rs2=9 wb_write=1 wb_rd=15 wb_data=0xa8c9add3 -> rs1_data=0x867f1f7d rs2_data=0x52aec024
[PASS] seq=crv_seq_8                              cyc=69 op=RK_RANDOM        rs1=26 rs2=3 wb_write=0 wb_rd=13 wb_data=0x4674e603 -> rs1_data=0x74389214 rs2_data=0xe103cf90
[PASS] seq=crv_seq_8                              cyc=70 op=RK_BYPASS_BOTH   rs1=22 rs2=22 wb_write=1 wb_rd=22 wb_data=0x32a8eca3 -> rs1_data=0x32a8eca3 rs2_data=0x32a8eca3
[PASS] seq=crv_seq_8                              cyc=71 op=RK_BYPASS_BOTH   rs1=12 rs2=12 wb_write=1 wb_rd=12 wb_data=0x099247fc -> rs1_data=0x099247fc rs2_data=0x099247fc
[PASS] seq=crv_seq_8                              cyc=72 op=RK_BYPASS_RS2    rs1=25 rs2=18 wb_write=1 wb_rd=18 wb_data=0x820ed02e -> rs1_data=0x5470ba48 rs2_data=0x820ed02e
[PASS] seq=crv_seq_8                              cyc=73 op=RK_X0_ACCESS     rs1=11 rs2=0 wb_write=1 wb_rd=0 wb_data=0xed29a01c -> rs1_data=0x867f1f7d rs2_data=0x00000000
[PASS] seq=crv_seq_8                              cyc=74 op=RK_PLAIN_WRITE   rs1=14 rs2=1 wb_write=1 wb_rd=4 wb_data=0x14d444f5 -> rs1_data=0xe1e2d7b4 rs2_data=0x0a0e0191
[PASS] seq=crv_seq_8                              cyc=75 op=RK_RANDOM        rs1=29 rs2=1 wb_write=1 wb_rd=26 wb_data=0x78ddd40f -> rs1_data=0xcd59dd65 rs2_data=0x0a0e0191
[PASS] seq=crv_seq_8                              cyc=76 op=RK_BYPASS_RS2    rs1=8 rs2=6 wb_write=1 wb_rd=6 wb_data=0x2519b7bd -> rs1_data=0xcab6ae4f rs2_data=0x2519b7bd
[PASS] seq=crv_seq_8                              cyc=77 op=RK_RANDOM        rs1=16 rs2=20 wb_write=1 wb_rd=28 wb_data=0x44bf61f5 -> rs1_data=0xd3b71897 rs2_data=0x3401e7f2
[PASS] seq=crv_seq_8                              cyc=78 op=RK_RANDOM        rs1=8 rs2=25 wb_write=0 wb_rd=30 wb_data=0xbcb94106 -> rs1_data=0xcab6ae4f rs2_data=0x5470ba48
[PASS] seq=crv_seq_8                              cyc=79 op=RK_RANDOM        rs1=30 rs2=1 wb_write=0 wb_rd=14 wb_data=0xd35de5e6 -> rs1_data=0xfe1b4cdf rs2_data=0x0a0e0191
[PASS] seq=crv_seq_8                              cyc=80 op=RK_BYPASS_BOTH   rs1=16 rs2=16 wb_write=1 wb_rd=16 wb_data=0x9cf71bb6 -> rs1_data=0x9cf71bb6 rs2_data=0x9cf71bb6
[PASS] seq=crv_seq_8                              cyc=81 op=RK_BYPASS_RS1    rs1=5 rs2=24 wb_write=1 wb_rd=5 wb_data=0x8e690053 -> rs1_data=0x8e690053 rs2_data=0x3d978f67
[PASS] seq=crv_seq_8                              cyc=82 op=RK_BYPASS_RS1    rs1=30 rs2=21 wb_write=1 wb_rd=30 wb_data=0x8adc301a -> rs1_data=0x8adc301a rs2_data=0xc24c8f08
[PASS] seq=crv_seq_8                              cyc=83 op=RK_BYPASS_RS1    rs1=18 rs2=0 wb_write=1 wb_rd=18 wb_data=0x1cb54454 -> rs1_data=0x1cb54454 rs2_data=0x00000000
[PASS] seq=crv_seq_8                              cyc=84 op=RK_BYPASS_RS2    rs1=24 rs2=27 wb_write=1 wb_rd=27 wb_data=0x22371d12 -> rs1_data=0x3d978f67 rs2_data=0x22371d12
[PASS] seq=crv_seq_8                              cyc=85 op=RK_RANDOM        rs1=3 rs2=27 wb_write=0 wb_rd=23 wb_data=0x3420fe3b -> rs1_data=0xe103cf90 rs2_data=0x22371d12
[PASS] seq=crv_seq_8                              cyc=86 op=RK_BYPASS_BOTH   rs1=20 rs2=20 wb_write=1 wb_rd=20 wb_data=0x8acb2278 -> rs1_data=0x8acb2278 rs2_data=0x8acb2278
[PASS] seq=crv_seq_8                              cyc=87 op=RK_X0_ACCESS     rs1=30 rs2=27 wb_write=1 wb_rd=0 wb_data=0xda1efcb6 -> rs1_data=0x8adc301a rs2_data=0x22371d12
[PASS] seq=crv_seq_8                              cyc=88 op=RK_BYPASS_RS2    rs1=21 rs2=11 wb_write=1 wb_rd=11 wb_data=0xe45f1949 -> rs1_data=0xc24c8f08 rs2_data=0xe45f1949
[PASS] seq=crv_seq_8                              cyc=89 op=RK_NO_WRITE_READ rs1=12 rs2=15 wb_write=0 wb_rd=6 wb_data=0x32e06b48 -> rs1_data=0x099247fc rs2_data=0xa8c9add3
[PASS] seq=crv_seq_8                              cyc=90 op=RK_BYPASS_RS2    rs1=2 rs2=27 wb_write=1 wb_rd=27 wb_data=0xb24a1cd9 -> rs1_data=0x0a48ce2a rs2_data=0xb24a1cd9
[PASS] seq=crv_seq_8                              cyc=91 op=RK_NO_WRITE_READ rs1=19 rs2=26 wb_write=0 wb_rd=30 wb_data=0x6e0d9058 -> rs1_data=0x75c2b998 rs2_data=0x78ddd40f
[PASS] seq=crv_seq_8                              cyc=92 op=RK_BYPASS_BOTH   rs1=6 rs2=6 wb_write=1 wb_rd=6 wb_data=0x08782cc0 -> rs1_data=0x08782cc0 rs2_data=0x08782cc0
[PASS] seq=crv_seq_8                              cyc=93 op=RK_NO_WRITE_READ rs1=6 rs2=2 wb_write=0 wb_rd=7 wb_data=0xde59c229 -> rs1_data=0x08782cc0 rs2_data=0x0a48ce2a
[PASS] seq=crv_seq_8                              cyc=94 op=RK_X0_ACCESS     rs1=30 rs2=29 wb_write=1 wb_rd=0 wb_data=0xf9783ee2 -> rs1_data=0x8adc301a rs2_data=0xcd59dd65
[PASS] seq=crv_seq_8                              cyc=95 op=RK_BYPASS_RS1    rs1=18 rs2=6 wb_write=1 wb_rd=18 wb_data=0x9a41be2f -> rs1_data=0x9a41be2f rs2_data=0x08782cc0
[PASS] seq=crv_seq_8                              cyc=96 op=RK_RANDOM        rs1=12 rs2=12 wb_write=0 wb_rd=9 wb_data=0x6af350f1 -> rs1_data=0x099247fc rs2_data=0x099247fc
[PASS] seq=crv_seq_8                              cyc=97 op=RK_PLAIN_WRITE   rs1=19 rs2=7 wb_write=1 wb_rd=2 wb_data=0xbf293002 -> rs1_data=0x75c2b998 rs2_data=0xa0c9f238
[PASS] seq=crv_seq_8                              cyc=98 op=RK_BYPASS_BOTH   rs1=1 rs2=1 wb_write=1 wb_rd=1 wb_data=0xf21a7ccf -> rs1_data=0xf21a7ccf rs2_data=0xf21a7ccf
[PASS] seq=crv_seq_8                              cyc=99 op=RK_BYPASS_RS2    rs1=16 rs2=19 wb_write=1 wb_rd=19 wb_data=0x7f96cf3d -> rs1_data=0x9cf71bb6 rs2_data=0x7f96cf3d
[PASS] seq=crv_seq_8                              cyc=100 op=RK_BYPASS_RS1    rs1=6 rs2=24 wb_write=1 wb_rd=6 wb_data=0x7f001221 -> rs1_data=0x7f001221 rs2_data=0x3d978f67
[PASS] seq=crv_seq_8                              cyc=101 op=RK_RANDOM        rs1=5 rs2=13 wb_write=0 wb_rd=2 wb_data=0x10ff4dd4 -> rs1_data=0x8e690053 rs2_data=0xc45ec530
[PASS] seq=crv_seq_8                              cyc=102 op=RK_RANDOM        rs1=23 rs2=25 wb_write=1 wb_rd=24 wb_data=0x4855e56b -> rs1_data=0x2aa875d0 rs2_data=0x5470ba48
[PASS] seq=crv_seq_8                              cyc=103 op=RK_NO_WRITE_READ rs1=15 rs2=10 wb_write=0 wb_rd=5 wb_data=0x7df79174 -> rs1_data=0xa8c9add3 rs2_data=0xb2f78154
[PASS] seq=crv_seq_8                              cyc=104 op=RK_PLAIN_WRITE   rs1=31 rs2=26 wb_write=1 wb_rd=16 wb_data=0x0edccf40 -> rs1_data=0x1c522b3a rs2_data=0x78ddd40f
[PASS] seq=crv_seq_8                              cyc=105 op=RK_X0_ACCESS     rs1=9 rs2=31 wb_write=1 wb_rd=0 wb_data=0x424f8e78 -> rs1_data=0x52aec024 rs2_data=0x1c522b3a
[PASS] seq=crv_seq_8                              cyc=106 op=RK_BYPASS_RS1    rs1=9 rs2=5 wb_write=1 wb_rd=9 wb_data=0xdb62b4e1 -> rs1_data=0xdb62b4e1 rs2_data=0x8e690053
[PASS] seq=crv_seq_8                              cyc=107 op=RK_PLAIN_WRITE   rs1=25 rs2=31 wb_write=1 wb_rd=24 wb_data=0xec52103c -> rs1_data=0x5470ba48 rs2_data=0x1c522b3a
[PASS] seq=crv_seq_8                              cyc=108 op=RK_PLAIN_WRITE   rs1=8 rs2=9 wb_write=1 wb_rd=16 wb_data=0x1456003a -> rs1_data=0xcab6ae4f rs2_data=0xdb62b4e1
[PASS] seq=crv_seq_8                              cyc=109 op=RK_PLAIN_WRITE   rs1=2 rs2=14 wb_write=1 wb_rd=22 wb_data=0x2833d8b3 -> rs1_data=0xbf293002 rs2_data=0xe1e2d7b4
[PASS] seq=crv_seq_8                              cyc=110 op=RK_BYPASS_RS2    rs1=9 rs2=31 wb_write=1 wb_rd=31 wb_data=0x1df6cc61 -> rs1_data=0xdb62b4e1 rs2_data=0x1df6cc61
[PASS] seq=crv_seq_8                              cyc=111 op=RK_BYPASS_RS1    rs1=2 rs2=11 wb_write=1 wb_rd=2 wb_data=0x20a8a3c3 -> rs1_data=0x20a8a3c3 rs2_data=0xe45f1949
[PASS] seq=crv_seq_8                              cyc=112 op=RK_PLAIN_WRITE   rs1=26 rs2=10 wb_write=1 wb_rd=3 wb_data=0x0c8e7b24 -> rs1_data=0x78ddd40f rs2_data=0xb2f78154
[PASS] seq=crv_seq_8                              cyc=113 op=RK_BYPASS_RS1    rs1=9 rs2=0 wb_write=1 wb_rd=9 wb_data=0x261c190e -> rs1_data=0x261c190e rs2_data=0x00000000
[PASS] seq=crv_seq_8                              cyc=114 op=RK_RANDOM        rs1=2 rs2=0 wb_write=1 wb_rd=2 wb_data=0xe8dfd59d -> rs1_data=0xe8dfd59d rs2_data=0x00000000
[PASS] seq=crv_seq_8                              cyc=115 op=RK_RANDOM        rs1=8 rs2=23 wb_write=0 wb_rd=19 wb_data=0xd0e2359b -> rs1_data=0xcab6ae4f rs2_data=0x2aa875d0
[PASS] seq=crv_seq_8                              cyc=116 op=RK_NO_WRITE_READ rs1=13 rs2=9 wb_write=0 wb_rd=21 wb_data=0x9da8f5c2 -> rs1_data=0xc45ec530 rs2_data=0x261c190e
[PASS] seq=crv_seq_8                              cyc=117 op=RK_X0_ACCESS     rs1=15 rs2=22 wb_write=1 wb_rd=0 wb_data=0x8b939350 -> rs1_data=0xa8c9add3 rs2_data=0x2833d8b3
[PASS] seq=crv_seq_8                              cyc=118 op=RK_BYPASS_RS1    rs1=27 rs2=26 wb_write=1 wb_rd=27 wb_data=0x102e814e -> rs1_data=0x102e814e rs2_data=0x78ddd40f
[PASS] seq=crv_seq_8                              cyc=119 op=RK_PLAIN_WRITE   rs1=19 rs2=22 wb_write=1 wb_rd=4 wb_data=0x68adbe0c -> rs1_data=0x7f96cf3d rs2_data=0x2833d8b3
[PASS] seq=crv_seq_8                              cyc=120 op=RK_NO_WRITE_READ rs1=15 rs2=28 wb_write=0 wb_rd=21 wb_data=0x4df24eb2 -> rs1_data=0xa8c9add3 rs2_data=0x44bf61f5
[PASS] seq=crv_seq_8                              cyc=121 op=RK_BYPASS_RS2    rs1=24 rs2=6 wb_write=1 wb_rd=6 wb_data=0xd2d69c61 -> rs1_data=0xec52103c rs2_data=0xd2d69c61
[PASS] seq=crv_seq_8                              cyc=122 op=RK_BYPASS_RS1    rs1=16 rs2=21 wb_write=1 wb_rd=16 wb_data=0x1f727613 -> rs1_data=0x1f727613 rs2_data=0xc24c8f08
[PASS] seq=crv_seq_8                              cyc=123 op=RK_RANDOM        rs1=29 rs2=2 wb_write=0 wb_rd=5 wb_data=0xcc0477d6 -> rs1_data=0xcd59dd65 rs2_data=0xe8dfd59d
[PASS] seq=crv_seq_8                              cyc=124 op=RK_X0_ACCESS     rs1=9 rs2=15 wb_write=1 wb_rd=0 wb_data=0x17d06447 -> rs1_data=0x261c190e rs2_data=0xa8c9add3
[PASS] seq=crv_seq_8                              cyc=125 op=RK_PLAIN_WRITE   rs1=31 rs2=27 wb_write=1 wb_rd=16 wb_data=0x27fb21ba -> rs1_data=0x1df6cc61 rs2_data=0x102e814e
[PASS] seq=crv_seq_8                              cyc=126 op=RK_RANDOM        rs1=0 rs2=9 wb_write=0 wb_rd=8 wb_data=0xe5d26af6 -> rs1_data=0x00000000 rs2_data=0x261c190e
[PASS] seq=crv_seq_8                              cyc=127 op=RK_NO_WRITE_READ rs1=4 rs2=25 wb_write=0 wb_rd=4 wb_data=0xa7ed4d4b -> rs1_data=0x68adbe0c rs2_data=0x5470ba48
[PASS] seq=crv_seq_8                              cyc=128 op=RK_BYPASS_RS1    rs1=3 rs2=27 wb_write=1 wb_rd=3 wb_data=0x8e72c7ba -> rs1_data=0x8e72c7ba rs2_data=0x102e814e
[PASS] seq=crv_seq_8                              cyc=129 op=RK_PLAIN_WRITE   rs1=13 rs2=31 wb_write=1 wb_rd=24 wb_data=0x0e83c672 -> rs1_data=0xc45ec530 rs2_data=0x1df6cc61
[PASS] seq=crv_seq_8                              cyc=130 op=RK_PLAIN_WRITE   rs1=30 rs2=5 wb_write=1 wb_rd=2 wb_data=0x115361b0 -> rs1_data=0x8adc301a rs2_data=0x8e690053
[PASS] seq=crv_seq_8                              cyc=131 op=RK_NO_WRITE_READ rs1=11 rs2=13 wb_write=0 wb_rd=1 wb_data=0xda881e02 -> rs1_data=0xe45f1949 rs2_data=0xc45ec530
[PASS] seq=crv_seq_8                              cyc=132 op=RK_RANDOM        rs1=16 rs2=27 wb_write=1 wb_rd=14 wb_data=0x8b287ab8 -> rs1_data=0x27fb21ba rs2_data=0x102e814e
[PASS] seq=crv_seq_8                              cyc=133 op=RK_BYPASS_RS1    rs1=27 rs2=24 wb_write=1 wb_rd=27 wb_data=0x2aababe8 -> rs1_data=0x2aababe8 rs2_data=0x0e83c672
[PASS] seq=crv_seq_8                              cyc=134 op=RK_BYPASS_RS1    rs1=12 rs2=3 wb_write=1 wb_rd=12 wb_data=0xb5144955 -> rs1_data=0xb5144955 rs2_data=0x8e72c7ba
[PASS] seq=crv_seq_8                              cyc=135 op=RK_BYPASS_RS2    rs1=26 rs2=31 wb_write=1 wb_rd=31 wb_data=0x4a572d2c -> rs1_data=0x78ddd40f rs2_data=0x4a572d2c
[PASS] seq=crv_seq_8                              cyc=136 op=RK_PLAIN_WRITE   rs1=20 rs2=20 wb_write=1 wb_rd=21 wb_data=0xe04f0983 -> rs1_data=0x8acb2278 rs2_data=0x8acb2278
[PASS] seq=crv_seq_8                              cyc=137 op=RK_NO_WRITE_READ rs1=5 rs2=30 wb_write=0 wb_rd=5 wb_data=0xf2298ff2 -> rs1_data=0x8e690053 rs2_data=0x8adc301a
[PASS] seq=crv_seq_8                              cyc=138 op=RK_BYPASS_RS1    rs1=12 rs2=16 wb_write=1 wb_rd=12 wb_data=0xe0d0867c -> rs1_data=0xe0d0867c rs2_data=0x27fb21ba
[PASS] seq=crv_seq_8                              cyc=139 op=RK_BYPASS_BOTH   rs1=22 rs2=22 wb_write=1 wb_rd=22 wb_data=0xe9f68921 -> rs1_data=0xe9f68921 rs2_data=0xe9f68921
[PASS] seq=crv_seq_8                              cyc=140 op=RK_PLAIN_WRITE   rs1=9 rs2=1 wb_write=1 wb_rd=12 wb_data=0x9be480f3 -> rs1_data=0x261c190e rs2_data=0xf21a7ccf
[PASS] seq=crv_seq_8                              cyc=141 op=RK_BYPASS_RS1    rs1=16 rs2=28 wb_write=1 wb_rd=16 wb_data=0xf8892511 -> rs1_data=0xf8892511 rs2_data=0x44bf61f5
[PASS] seq=crv_seq_8                              cyc=142 op=RK_BYPASS_BOTH   rs1=7 rs2=7 wb_write=1 wb_rd=7 wb_data=0xa22270b1 -> rs1_data=0xa22270b1 rs2_data=0xa22270b1
[PASS] seq=crv_seq_8                              cyc=143 op=RK_BYPASS_RS2    rs1=21 rs2=12 wb_write=1 wb_rd=12 wb_data=0x82af4ac0 -> rs1_data=0xe04f0983 rs2_data=0x82af4ac0
[PASS] seq=crv_seq_8                              cyc=144 op=RK_BYPASS_RS1    rs1=15 rs2=19 wb_write=1 wb_rd=15 wb_data=0x1ed9ac1a -> rs1_data=0x1ed9ac1a rs2_data=0x7f96cf3d
[PASS] seq=crv_seq_8                              cyc=145 op=RK_BYPASS_RS1    rs1=23 rs2=10 wb_write=1 wb_rd=23 wb_data=0x10eca7ba -> rs1_data=0x10eca7ba rs2_data=0xb2f78154
[PASS] seq=crv_seq_8                              cyc=146 op=RK_BYPASS_RS1    rs1=5 rs2=27 wb_write=1 wb_rd=5 wb_data=0x839d830d -> rs1_data=0x839d830d rs2_data=0x2aababe8
[PASS] seq=crv_seq_8                              cyc=147 op=RK_RANDOM        rs1=4 rs2=11 wb_write=0 wb_rd=7 wb_data=0x09dd125a -> rs1_data=0x68adbe0c rs2_data=0xe45f1949
[PASS] seq=crv_seq_8                              cyc=148 op=RK_PLAIN_WRITE   rs1=8 rs2=24 wb_write=1 wb_rd=22 wb_data=0x0464a6ff -> rs1_data=0xcab6ae4f rs2_data=0x0e83c672
[PASS] seq=crv_seq_8                              cyc=149 op=RK_RANDOM        rs1=3 rs2=24 wb_write=1 wb_rd=26 wb_data=0xf4cfe321 -> rs1_data=0x8e72c7ba rs2_data=0x0e83c672
[PASS] seq=crv_seq_8                              cyc=150 op=RK_NO_WRITE_READ rs1=15 rs2=16 wb_write=0 wb_rd=18 wb_data=0x728f3cc6 -> rs1_data=0x1ed9ac1a rs2_data=0xf8892511
[PASS] seq=crv_seq_8                              cyc=151 op=RK_BYPASS_RS2    rs1=11 rs2=31 wb_write=1 wb_rd=31 wb_data=0x39c7a163 -> rs1_data=0xe45f1949 rs2_data=0x39c7a163
[PASS] seq=crv_seq_8                              cyc=152 op=RK_PLAIN_WRITE   rs1=1 rs2=19 wb_write=1 wb_rd=28 wb_data=0x4bf69eb2 -> rs1_data=0xf21a7ccf rs2_data=0x7f96cf3d
[PASS] seq=crv_seq_8                              cyc=153 op=RK_BYPASS_RS1    rs1=10 rs2=30 wb_write=1 wb_rd=10 wb_data=0xad8e9d57 -> rs1_data=0xad8e9d57 rs2_data=0x8adc301a
[PASS] seq=crv_seq_8                              cyc=154 op=RK_NO_WRITE_READ rs1=16 rs2=20 wb_write=0 wb_rd=28 wb_data=0x460dc7d8 -> rs1_data=0xf8892511 rs2_data=0x8acb2278
[PASS] seq=crv_seq_8                              cyc=155 op=RK_BYPASS_RS1    rs1=31 rs2=9 wb_write=1 wb_rd=31 wb_data=0xe499a0b9 -> rs1_data=0xe499a0b9 rs2_data=0x261c190e
[PASS] seq=crv_seq_8                              cyc=156 op=RK_BYPASS_RS1    rs1=10 rs2=7 wb_write=1 wb_rd=10 wb_data=0x722b160e -> rs1_data=0x722b160e rs2_data=0xa22270b1
[PASS] seq=crv_seq_8                              cyc=157 op=RK_BYPASS_RS2    rs1=11 rs2=19 wb_write=1 wb_rd=19 wb_data=0xe0ae671c -> rs1_data=0xe45f1949 rs2_data=0xe0ae671c
[PASS] seq=crv_seq_8                              cyc=158 op=RK_NO_WRITE_READ rs1=5 rs2=18 wb_write=0 wb_rd=26 wb_data=0x8258eaa2 -> rs1_data=0x839d830d rs2_data=0x9a41be2f
[PASS] seq=crv_seq_8                              cyc=159 op=RK_BYPASS_BOTH   rs1=12 rs2=12 wb_write=1 wb_rd=12 wb_data=0x8804dc29 -> rs1_data=0x8804dc29 rs2_data=0x8804dc29
[PASS] seq=crv_seq_8                              cyc=160 op=RK_PLAIN_WRITE   rs1=7 rs2=2 wb_write=1 wb_rd=4 wb_data=0xd64044ed -> rs1_data=0xa22270b1 rs2_data=0x115361b0
[PASS] seq=crv_seq_8                              cyc=161 op=RK_BYPASS_RS1    rs1=8 rs2=23 wb_write=1 wb_rd=8 wb_data=0x5b0bb4e1 -> rs1_data=0x5b0bb4e1 rs2_data=0x10eca7ba
[PASS] seq=crv_seq_8                              cyc=162 op=RK_X0_ACCESS     rs1=5 rs2=29 wb_write=1 wb_rd=0 wb_data=0xd21d3f21 -> rs1_data=0x839d830d rs2_data=0xcd59dd65
[PASS] seq=crv_seq_8                              cyc=163 op=RK_NO_WRITE_READ rs1=28 rs2=26 wb_write=0 wb_rd=13 wb_data=0xd0487b8b -> rs1_data=0x4bf69eb2 rs2_data=0xf4cfe321
[PASS] seq=crv_seq_8                              cyc=164 op=RK_BYPASS_RS1    rs1=11 rs2=28 wb_write=1 wb_rd=11 wb_data=0xb0466a76 -> rs1_data=0xb0466a76 rs2_data=0x4bf69eb2
[PASS] seq=crv_seq_8                              cyc=165 op=RK_NO_WRITE_READ rs1=30 rs2=26 wb_write=0 wb_rd=5 wb_data=0x0fd52f5e -> rs1_data=0x8adc301a rs2_data=0xf4cfe321
[PASS] seq=crv_seq_8                              cyc=166 op=RK_RANDOM        rs1=24 rs2=29 wb_write=1 wb_rd=21 wb_data=0xc2263c59 -> rs1_data=0x0e83c672 rs2_data=0xcd59dd65
[PASS] seq=crv_seq_8                              cyc=167 op=RK_RANDOM        rs1=4 rs2=15 wb_write=1 wb_rd=5 wb_data=0xb35e8c2e -> rs1_data=0xd64044ed rs2_data=0x1ed9ac1a
[PASS] seq=crv_seq_8                              cyc=168 op=RK_BYPASS_RS1    rs1=24 rs2=21 wb_write=1 wb_rd=24 wb_data=0x461be1a8 -> rs1_data=0x461be1a8 rs2_data=0xc2263c59
[PASS] seq=crv_seq_8                              cyc=169 op=RK_RANDOM        rs1=11 rs2=5 wb_write=0 wb_rd=0 wb_data=0xe19ab4ca -> rs1_data=0xb0466a76 rs2_data=0xb35e8c2e
[PASS] seq=crv_seq_8                              cyc=170 op=RK_X0_ACCESS     rs1=8 rs2=21 wb_write=1 wb_rd=0 wb_data=0xa3bc2c19 -> rs1_data=0x5b0bb4e1 rs2_data=0xc2263c59
[PASS] seq=crv_seq_8                              cyc=171 op=RK_RANDOM        rs1=31 rs2=16 wb_write=1 wb_rd=24 wb_data=0xff7e5354 -> rs1_data=0xe499a0b9 rs2_data=0xf8892511
[PASS] seq=crv_seq_8                              cyc=172 op=RK_BYPASS_BOTH   rs1=26 rs2=26 wb_write=1 wb_rd=26 wb_data=0x5cc74e1f -> rs1_data=0x5cc74e1f rs2_data=0x5cc74e1f
[PASS] seq=crv_seq_8                              cyc=173 op=RK_RANDOM        rs1=22 rs2=21 wb_write=1 wb_rd=10 wb_data=0xd0db5ac2 -> rs1_data=0x0464a6ff rs2_data=0xc2263c59
[PASS] seq=crv_seq_8                              cyc=174 op=RK_RANDOM        rs1=1 rs2=15 wb_write=1 wb_rd=5 wb_data=0x281f8333 -> rs1_data=0xf21a7ccf rs2_data=0x1ed9ac1a
[PASS] seq=crv_seq_8                              cyc=175 op=RK_BYPASS_RS1    rs1=21 rs2=3 wb_write=1 wb_rd=21 wb_data=0x3d7322b3 -> rs1_data=0x3d7322b3 rs2_data=0x8e72c7ba
[PASS] seq=crv_seq_8                              cyc=176 op=RK_BYPASS_RS1    rs1=25 rs2=19 wb_write=1 wb_rd=25 wb_data=0x58f1b210 -> rs1_data=0x58f1b210 rs2_data=0xe0ae671c
[PASS] seq=crv_seq_8                              cyc=177 op=RK_BYPASS_RS1    rs1=7 rs2=13 wb_write=1 wb_rd=7 wb_data=0x024a5755 -> rs1_data=0x024a5755 rs2_data=0xc45ec530
[PASS] seq=crv_seq_8                              cyc=178 op=RK_RANDOM        rs1=4 rs2=3 wb_write=1 wb_rd=20 wb_data=0x040e58a8 -> rs1_data=0xd64044ed rs2_data=0x8e72c7ba
[PASS] seq=crv_seq_8                              cyc=179 op=RK_PLAIN_WRITE   rs1=6 rs2=29 wb_write=1 wb_rd=21 wb_data=0x79c36d2d -> rs1_data=0xd2d69c61 rs2_data=0xcd59dd65
[PASS] seq=crv_seq_8                              cyc=180 op=RK_BYPASS_RS2    rs1=0 rs2=13 wb_write=1 wb_rd=13 wb_data=0x00fca24b -> rs1_data=0x00000000 rs2_data=0x00fca24b
[PASS] seq=crv_seq_8                              cyc=181 op=RK_PLAIN_WRITE   rs1=24 rs2=5 wb_write=1 wb_rd=29 wb_data=0xb7b0806a -> rs1_data=0xff7e5354 rs2_data=0x281f8333
[PASS] seq=crv_seq_8                              cyc=182 op=RK_NO_WRITE_READ rs1=22 rs2=7 wb_write=0 wb_rd=24 wb_data=0xd042ef2d -> rs1_data=0x0464a6ff rs2_data=0x024a5755
[PASS] seq=crv_seq_8                              cyc=183 op=RK_BYPASS_BOTH   rs1=2 rs2=2 wb_write=1 wb_rd=2 wb_data=0x4c4d6091 -> rs1_data=0x4c4d6091 rs2_data=0x4c4d6091
[PASS] seq=crv_seq_8                              cyc=184 op=RK_RANDOM        rs1=2 rs2=12 wb_write=1 wb_rd=23 wb_data=0x275f9606 -> rs1_data=0x4c4d6091 rs2_data=0x8804dc29
[PASS] seq=crv_seq_8                              cyc=185 op=RK_X0_ACCESS     rs1=20 rs2=19 wb_write=1 wb_rd=0 wb_data=0x3c937f70 -> rs1_data=0x040e58a8 rs2_data=0xe0ae671c
[PASS] seq=crv_seq_8                              cyc=186 op=RK_RANDOM        rs1=11 rs2=25 wb_write=0 wb_rd=1 wb_data=0xc0aacc50 -> rs1_data=0xb0466a76 rs2_data=0x58f1b210
[PASS] seq=crv_seq_8                              cyc=187 op=RK_BYPASS_RS2    rs1=5 rs2=17 wb_write=1 wb_rd=17 wb_data=0xd8b1212d -> rs1_data=0x281f8333 rs2_data=0xd8b1212d
[PASS] seq=crv_seq_8                              cyc=188 op=RK_BYPASS_RS1    rs1=8 rs2=15 wb_write=1 wb_rd=8 wb_data=0x9ac400ee -> rs1_data=0x9ac400ee rs2_data=0x1ed9ac1a
[PASS] seq=crv_seq_8                              cyc=189 op=RK_RANDOM        rs1=25 rs2=19 wb_write=0 wb_rd=5 wb_data=0x6df1ee11 -> rs1_data=0x58f1b210 rs2_data=0xe0ae671c
[PASS] seq=crv_seq_8                              cyc=190 op=RK_RANDOM        rs1=17 rs2=9 wb_write=0 wb_rd=1 wb_data=0xcf66f42f -> rs1_data=0xd8b1212d rs2_data=0x261c190e
[PASS] seq=crv_seq_8                              cyc=191 op=RK_BYPASS_BOTH   rs1=27 rs2=27 wb_write=1 wb_rd=27 wb_data=0x0c4b6977 -> rs1_data=0x0c4b6977 rs2_data=0x0c4b6977
[PASS] seq=crv_seq_8                              cyc=192 op=RK_BYPASS_RS2    rs1=16 rs2=7 wb_write=1 wb_rd=7 wb_data=0x90e2960d -> rs1_data=0xf8892511 rs2_data=0x90e2960d
[PASS] seq=crv_seq_8                              cyc=193 op=RK_BYPASS_RS1    rs1=15 rs2=26 wb_write=1 wb_rd=15 wb_data=0xbf001b50 -> rs1_data=0xbf001b50 rs2_data=0x5cc74e1f
[PASS] seq=crv_seq_8                              cyc=194 op=RK_BYPASS_BOTH   rs1=13 rs2=13 wb_write=1 wb_rd=13 wb_data=0x1b6dfb87 -> rs1_data=0x1b6dfb87 rs2_data=0x1b6dfb87
[PASS] seq=crv_seq_8                              cyc=195 op=RK_RANDOM        rs1=5 rs2=2 wb_write=0 wb_rd=8 wb_data=0x3ea48152 -> rs1_data=0x281f8333 rs2_data=0x4c4d6091
[PASS] seq=crv_seq_8                              cyc=196 op=RK_RANDOM        rs1=18 rs2=18 wb_write=1 wb_rd=30 wb_data=0x2ab6486e -> rs1_data=0x9a41be2f rs2_data=0x9a41be2f
[PASS] seq=crv_seq_8                              cyc=197 op=RK_PLAIN_WRITE   rs1=6 rs2=15 wb_write=1 wb_rd=2 wb_data=0xa001d4d0 -> rs1_data=0xd2d69c61 rs2_data=0xbf001b50
[PASS] seq=crv_seq_8                              cyc=198 op=RK_BYPASS_RS1    rs1=27 rs2=28 wb_write=1 wb_rd=27 wb_data=0x67a389a6 -> rs1_data=0x67a389a6 rs2_data=0x4bf69eb2
[PASS] seq=crv_seq_8                              cyc=199 op=RK_X0_ACCESS     rs1=2 rs2=30 wb_write=1 wb_rd=0 wb_data=0xc5bb0481 -> rs1_data=0xa001d4d0 rs2_data=0x2ab6486e
[PASS] seq=crv_seq_9                              cyc=0 op=RK_BYPASS_RS1    rs1=11 rs2=31 wb_write=1 wb_rd=11 wb_data=0x5fecaa6c -> rs1_data=0x5fecaa6c rs2_data=0xe499a0b9
[PASS] seq=crv_seq_9                              cyc=1 op=RK_BYPASS_RS1    rs1=12 rs2=24 wb_write=1 wb_rd=12 wb_data=0xb8c7ef55 -> rs1_data=0xb8c7ef55 rs2_data=0xff7e5354
[PASS] seq=crv_seq_9                              cyc=2 op=RK_PLAIN_WRITE   rs1=3 rs2=4 wb_write=1 wb_rd=24 wb_data=0x5b641a00 -> rs1_data=0x8e72c7ba rs2_data=0xd64044ed
[PASS] seq=crv_seq_9                              cyc=3 op=RK_RANDOM        rs1=4 rs2=11 wb_write=1 wb_rd=22 wb_data=0xfa2fa9ea -> rs1_data=0xd64044ed rs2_data=0x5fecaa6c
[PASS] seq=crv_seq_9                              cyc=4 op=RK_BYPASS_RS2    rs1=21 rs2=4 wb_write=1 wb_rd=4 wb_data=0xc518bbf6 -> rs1_data=0x79c36d2d rs2_data=0xc518bbf6
[PASS] seq=crv_seq_9                              cyc=5 op=RK_BYPASS_RS1    rs1=16 rs2=10 wb_write=1 wb_rd=16 wb_data=0x09231c11 -> rs1_data=0x09231c11 rs2_data=0xd0db5ac2
[PASS] seq=crv_seq_9                              cyc=6 op=RK_NO_WRITE_READ rs1=1 rs2=1 wb_write=0 wb_rd=21 wb_data=0x8629252b -> rs1_data=0xf21a7ccf rs2_data=0xf21a7ccf
[PASS] seq=crv_seq_9                              cyc=7 op=RK_RANDOM        rs1=24 rs2=30 wb_write=0 wb_rd=16 wb_data=0x1ca85d35 -> rs1_data=0x5b641a00 rs2_data=0x2ab6486e
[PASS] seq=crv_seq_9                              cyc=8 op=RK_BYPASS_RS1    rs1=25 rs2=19 wb_write=1 wb_rd=25 wb_data=0x07c4f95b -> rs1_data=0x07c4f95b rs2_data=0xe0ae671c
[PASS] seq=crv_seq_9                              cyc=9 op=RK_PLAIN_WRITE   rs1=25 rs2=20 wb_write=1 wb_rd=15 wb_data=0xe4c41fa8 -> rs1_data=0x07c4f95b rs2_data=0x040e58a8
[PASS] seq=crv_seq_9                              cyc=10 op=RK_PLAIN_WRITE   rs1=22 rs2=12 wb_write=1 wb_rd=21 wb_data=0x3754d184 -> rs1_data=0xfa2fa9ea rs2_data=0xb8c7ef55
[PASS] seq=crv_seq_9                              cyc=11 op=RK_PLAIN_WRITE   rs1=13 rs2=8 wb_write=1 wb_rd=30 wb_data=0xb01c6dee -> rs1_data=0x1b6dfb87 rs2_data=0x9ac400ee
[PASS] seq=crv_seq_9                              cyc=12 op=RK_PLAIN_WRITE   rs1=0 rs2=22 wb_write=1 wb_rd=25 wb_data=0xd363f5e5 -> rs1_data=0x00000000 rs2_data=0xfa2fa9ea
[PASS] seq=crv_seq_9                              cyc=13 op=RK_X0_ACCESS     rs1=18 rs2=2 wb_write=1 wb_rd=0 wb_data=0x521fa3e4 -> rs1_data=0x9a41be2f rs2_data=0xa001d4d0
[PASS] seq=crv_seq_9                              cyc=14 op=RK_BYPASS_RS1    rs1=16 rs2=21 wb_write=1 wb_rd=16 wb_data=0xb60de7bc -> rs1_data=0xb60de7bc rs2_data=0x3754d184
[PASS] seq=crv_seq_9                              cyc=15 op=RK_BYPASS_RS2    rs1=20 rs2=26 wb_write=1 wb_rd=26 wb_data=0xc97e02b6 -> rs1_data=0x040e58a8 rs2_data=0xc97e02b6
[PASS] seq=crv_seq_9                              cyc=16 op=RK_RANDOM        rs1=19 rs2=15 wb_write=0 wb_rd=6 wb_data=0x14d2abe6 -> rs1_data=0xe0ae671c rs2_data=0xe4c41fa8
[PASS] seq=crv_seq_9                              cyc=17 op=RK_BYPASS_RS1    rs1=29 rs2=21 wb_write=1 wb_rd=29 wb_data=0xd8e30752 -> rs1_data=0xd8e30752 rs2_data=0x3754d184
[PASS] seq=crv_seq_9                              cyc=18 op=RK_BYPASS_BOTH   rs1=24 rs2=24 wb_write=1 wb_rd=24 wb_data=0x420eacae -> rs1_data=0x420eacae rs2_data=0x420eacae
[PASS] seq=crv_seq_9                              cyc=19 op=RK_X0_ACCESS     rs1=15 rs2=30 wb_write=1 wb_rd=0 wb_data=0x802f1b25 -> rs1_data=0xe4c41fa8 rs2_data=0xb01c6dee
[PASS] seq=crv_seq_9                              cyc=20 op=RK_RANDOM        rs1=0 rs2=14 wb_write=0 wb_rd=17 wb_data=0x58c7173f -> rs1_data=0x00000000 rs2_data=0x8b287ab8
[PASS] seq=crv_seq_9                              cyc=21 op=RK_PLAIN_WRITE   rs1=13 rs2=1 wb_write=1 wb_rd=12 wb_data=0x1c005ca7 -> rs1_data=0x1b6dfb87 rs2_data=0xf21a7ccf
[PASS] seq=crv_seq_9                              cyc=22 op=RK_BYPASS_BOTH   rs1=10 rs2=10 wb_write=1 wb_rd=10 wb_data=0xf6d804fc -> rs1_data=0xf6d804fc rs2_data=0xf6d804fc
[PASS] seq=crv_seq_9                              cyc=23 op=RK_RANDOM        rs1=22 rs2=25 wb_write=1 wb_rd=18 wb_data=0x15ef2ab7 -> rs1_data=0xfa2fa9ea rs2_data=0xd363f5e5
[PASS] seq=crv_seq_9                              cyc=24 op=RK_NO_WRITE_READ rs1=1 rs2=2 wb_write=0 wb_rd=16 wb_data=0xb916e2a3 -> rs1_data=0xf21a7ccf rs2_data=0xa001d4d0
[PASS] seq=crv_seq_9                              cyc=25 op=RK_X0_ACCESS     rs1=5 rs2=8 wb_write=1 wb_rd=0 wb_data=0x6fcd4ca0 -> rs1_data=0x281f8333 rs2_data=0x9ac400ee
[PASS] seq=crv_seq_9                              cyc=26 op=RK_RANDOM        rs1=23 rs2=18 wb_write=0 wb_rd=27 wb_data=0x2a567603 -> rs1_data=0x275f9606 rs2_data=0x15ef2ab7
[PASS] seq=crv_seq_9                              cyc=27 op=RK_BYPASS_BOTH   rs1=3 rs2=3 wb_write=1 wb_rd=3 wb_data=0x406591ad -> rs1_data=0x406591ad rs2_data=0x406591ad
[PASS] seq=crv_seq_9                              cyc=28 op=RK_BYPASS_RS1    rs1=6 rs2=8 wb_write=1 wb_rd=6 wb_data=0x658fe595 -> rs1_data=0x658fe595 rs2_data=0x9ac400ee
[PASS] seq=crv_seq_9                              cyc=29 op=RK_PLAIN_WRITE   rs1=11 rs2=15 wb_write=1 wb_rd=31 wb_data=0x526d97fd -> rs1_data=0x5fecaa6c rs2_data=0xe4c41fa8
[PASS] seq=crv_seq_9                              cyc=30 op=RK_PLAIN_WRITE   rs1=6 rs2=4 wb_write=1 wb_rd=8 wb_data=0x07f7024d -> rs1_data=0x658fe595 rs2_data=0xc518bbf6
[PASS] seq=crv_seq_9                              cyc=31 op=RK_BYPASS_RS1    rs1=3 rs2=28 wb_write=1 wb_rd=3 wb_data=0x7ec7b3d4 -> rs1_data=0x7ec7b3d4 rs2_data=0x4bf69eb2
[PASS] seq=crv_seq_9                              cyc=32 op=RK_PLAIN_WRITE   rs1=9 rs2=13 wb_write=1 wb_rd=24 wb_data=0xca33df62 -> rs1_data=0x261c190e rs2_data=0x1b6dfb87
[PASS] seq=crv_seq_9                              cyc=33 op=RK_NO_WRITE_READ rs1=23 rs2=13 wb_write=0 wb_rd=27 wb_data=0xa05bd9a5 -> rs1_data=0x275f9606 rs2_data=0x1b6dfb87
[PASS] seq=crv_seq_9                              cyc=34 op=RK_BYPASS_RS1    rs1=29 rs2=26 wb_write=1 wb_rd=29 wb_data=0x371ab98b -> rs1_data=0x371ab98b rs2_data=0xc97e02b6
[PASS] seq=crv_seq_9                              cyc=35 op=RK_BYPASS_RS1    rs1=19 rs2=23 wb_write=1 wb_rd=19 wb_data=0x8677a2e6 -> rs1_data=0x8677a2e6 rs2_data=0x275f9606
[PASS] seq=crv_seq_9                              cyc=36 op=RK_RANDOM        rs1=24 rs2=18 wb_write=0 wb_rd=26 wb_data=0x7203382a -> rs1_data=0xca33df62 rs2_data=0x15ef2ab7
[PASS] seq=crv_seq_9                              cyc=37 op=RK_RANDOM        rs1=27 rs2=24 wb_write=1 wb_rd=0 wb_data=0xdfd826c6 -> rs1_data=0x67a389a6 rs2_data=0xca33df62
[PASS] seq=crv_seq_9                              cyc=38 op=RK_X0_ACCESS     rs1=18 rs2=27 wb_write=1 wb_rd=0 wb_data=0xeed0070f -> rs1_data=0x15ef2ab7 rs2_data=0x67a389a6
[PASS] seq=crv_seq_9                              cyc=39 op=RK_BYPASS_RS1    rs1=25 rs2=13 wb_write=1 wb_rd=25 wb_data=0xe98f5792 -> rs1_data=0xe98f5792 rs2_data=0x1b6dfb87
[PASS] seq=crv_seq_9                              cyc=40 op=RK_RANDOM        rs1=9 rs2=8 wb_write=0 wb_rd=4 wb_data=0x5a5e54cd -> rs1_data=0x261c190e rs2_data=0x07f7024d
[PASS] seq=crv_seq_9                              cyc=41 op=RK_RANDOM        rs1=21 rs2=17 wb_write=1 wb_rd=4 wb_data=0xbf9a451d -> rs1_data=0x3754d184 rs2_data=0xd8b1212d
[PASS] seq=crv_seq_9                              cyc=42 op=RK_BYPASS_RS1    rs1=30 rs2=0 wb_write=1 wb_rd=30 wb_data=0x837c1add -> rs1_data=0x837c1add rs2_data=0x00000000
[PASS] seq=crv_seq_9                              cyc=43 op=RK_X0_ACCESS     rs1=3 rs2=13 wb_write=1 wb_rd=0 wb_data=0xe28a0f9f -> rs1_data=0x7ec7b3d4 rs2_data=0x1b6dfb87
[PASS] seq=crv_seq_9                              cyc=44 op=RK_RANDOM        rs1=29 rs2=10 wb_write=1 wb_rd=17 wb_data=0xa058cd18 -> rs1_data=0x371ab98b rs2_data=0xf6d804fc
[PASS] seq=crv_seq_9                              cyc=45 op=RK_BYPASS_BOTH   rs1=14 rs2=14 wb_write=1 wb_rd=14 wb_data=0x81365b02 -> rs1_data=0x81365b02 rs2_data=0x81365b02
[PASS] seq=crv_seq_9                              cyc=46 op=RK_BYPASS_RS2    rs1=30 rs2=28 wb_write=1 wb_rd=28 wb_data=0x1bfc3c0c -> rs1_data=0x837c1add rs2_data=0x1bfc3c0c
[PASS] seq=crv_seq_9                              cyc=47 op=RK_BYPASS_RS1    rs1=4 rs2=14 wb_write=1 wb_rd=4 wb_data=0x5664c1f1 -> rs1_data=0x5664c1f1 rs2_data=0x81365b02
[PASS] seq=crv_seq_9                              cyc=48 op=RK_NO_WRITE_READ rs1=25 rs2=16 wb_write=0 wb_rd=7 wb_data=0x2871a491 -> rs1_data=0xe98f5792 rs2_data=0xb60de7bc
[PASS] seq=crv_seq_9                              cyc=49 op=RK_X0_ACCESS     rs1=22 rs2=24 wb_write=1 wb_rd=0 wb_data=0x9ed882ea -> rs1_data=0xfa2fa9ea rs2_data=0xca33df62
[PASS] seq=crv_seq_9                              cyc=50 op=RK_PLAIN_WRITE   rs1=22 rs2=22 wb_write=1 wb_rd=5 wb_data=0xec88b2e0 -> rs1_data=0xfa2fa9ea rs2_data=0xfa2fa9ea
[PASS] seq=crv_seq_9                              cyc=51 op=RK_RANDOM        rs1=3 rs2=15 wb_write=1 wb_rd=19 wb_data=0xe2ea169e -> rs1_data=0x7ec7b3d4 rs2_data=0xe4c41fa8
[PASS] seq=crv_seq_9                              cyc=52 op=RK_PLAIN_WRITE   rs1=14 rs2=23 wb_write=1 wb_rd=20 wb_data=0x486c1029 -> rs1_data=0x81365b02 rs2_data=0x275f9606
[PASS] seq=crv_seq_9                              cyc=53 op=RK_BYPASS_RS1    rs1=25 rs2=23 wb_write=1 wb_rd=25 wb_data=0x6a61f064 -> rs1_data=0x6a61f064 rs2_data=0x275f9606
[PASS] seq=crv_seq_9                              cyc=54 op=RK_BYPASS_RS1    rs1=9 rs2=15 wb_write=1 wb_rd=9 wb_data=0xe0662f28 -> rs1_data=0xe0662f28 rs2_data=0xe4c41fa8
[PASS] seq=crv_seq_9                              cyc=55 op=RK_BYPASS_RS1    rs1=7 rs2=14 wb_write=1 wb_rd=7 wb_data=0x1ed4a948 -> rs1_data=0x1ed4a948 rs2_data=0x81365b02
[PASS] seq=crv_seq_9                              cyc=56 op=RK_PLAIN_WRITE   rs1=5 rs2=19 wb_write=1 wb_rd=12 wb_data=0x731e4fbb -> rs1_data=0xec88b2e0 rs2_data=0xe2ea169e
[PASS] seq=crv_seq_9                              cyc=57 op=RK_BYPASS_RS1    rs1=3 rs2=21 wb_write=1 wb_rd=3 wb_data=0x80469076 -> rs1_data=0x80469076 rs2_data=0x3754d184
[PASS] seq=crv_seq_9                              cyc=58 op=RK_NO_WRITE_READ rs1=1 rs2=10 wb_write=0 wb_rd=30 wb_data=0x37a873ec -> rs1_data=0xf21a7ccf rs2_data=0xf6d804fc
[PASS] seq=crv_seq_9                              cyc=59 op=RK_BYPASS_RS1    rs1=14 rs2=7 wb_write=1 wb_rd=14 wb_data=0x7b508594 -> rs1_data=0x7b508594 rs2_data=0x1ed4a948
[PASS] seq=crv_seq_9                              cyc=60 op=RK_PLAIN_WRITE   rs1=8 rs2=28 wb_write=1 wb_rd=19 wb_data=0xf36de1f0 -> rs1_data=0x07f7024d rs2_data=0x1bfc3c0c
[PASS] seq=crv_seq_9                              cyc=61 op=RK_BYPASS_RS2    rs1=5 rs2=16 wb_write=1 wb_rd=16 wb_data=0x49fe2fe7 -> rs1_data=0xec88b2e0 rs2_data=0x49fe2fe7
[PASS] seq=crv_seq_9                              cyc=62 op=RK_BYPASS_RS2    rs1=20 rs2=15 wb_write=1 wb_rd=15 wb_data=0xc6e8d845 -> rs1_data=0x486c1029 rs2_data=0xc6e8d845
[PASS] seq=crv_seq_9                              cyc=63 op=RK_NO_WRITE_READ rs1=1 rs2=15 wb_write=0 wb_rd=26 wb_data=0xad2956f3 -> rs1_data=0xf21a7ccf rs2_data=0xc6e8d845
[PASS] seq=crv_seq_9                              cyc=64 op=RK_NO_WRITE_READ rs1=23 rs2=15 wb_write=0 wb_rd=11 wb_data=0x9cfb5a6c -> rs1_data=0x275f9606 rs2_data=0xc6e8d845
[PASS] seq=crv_seq_9                              cyc=65 op=RK_BYPASS_RS1    rs1=23 rs2=31 wb_write=1 wb_rd=23 wb_data=0xbdd6927c -> rs1_data=0xbdd6927c rs2_data=0x526d97fd
[PASS] seq=crv_seq_9                              cyc=66 op=RK_X0_ACCESS     rs1=23 rs2=22 wb_write=1 wb_rd=0 wb_data=0x5c234777 -> rs1_data=0xbdd6927c rs2_data=0xfa2fa9ea
[PASS] seq=crv_seq_9                              cyc=67 op=RK_RANDOM        rs1=21 rs2=11 wb_write=0 wb_rd=1 wb_data=0xe6052b38 -> rs1_data=0x3754d184 rs2_data=0x5fecaa6c
[PASS] seq=crv_seq_9                              cyc=68 op=RK_BYPASS_RS1    rs1=7 rs2=17 wb_write=1 wb_rd=7 wb_data=0x60b03de9 -> rs1_data=0x60b03de9 rs2_data=0xa058cd18
[PASS] seq=crv_seq_9                              cyc=69 op=RK_PLAIN_WRITE   rs1=7 rs2=1 wb_write=1 wb_rd=18 wb_data=0x3a051903 -> rs1_data=0x60b03de9 rs2_data=0xf21a7ccf
[PASS] seq=crv_seq_9                              cyc=70 op=RK_BYPASS_RS1    rs1=7 rs2=11 wb_write=1 wb_rd=7 wb_data=0x156f8086 -> rs1_data=0x156f8086 rs2_data=0x5fecaa6c
[PASS] seq=crv_seq_9                              cyc=71 op=RK_X0_ACCESS     rs1=30 rs2=30 wb_write=1 wb_rd=0 wb_data=0x004ee483 -> rs1_data=0x837c1add rs2_data=0x837c1add
[PASS] seq=crv_seq_9                              cyc=72 op=RK_BYPASS_RS2    rs1=25 rs2=18 wb_write=1 wb_rd=18 wb_data=0x4175489c -> rs1_data=0x6a61f064 rs2_data=0x4175489c
[PASS] seq=crv_seq_9                              cyc=73 op=RK_PLAIN_WRITE   rs1=25 rs2=24 wb_write=1 wb_rd=29 wb_data=0xc18bc8f9 -> rs1_data=0x6a61f064 rs2_data=0xca33df62
[PASS] seq=crv_seq_9                              cyc=74 op=RK_BYPASS_RS1    rs1=13 rs2=2 wb_write=1 wb_rd=13 wb_data=0x6c39cc36 -> rs1_data=0x6c39cc36 rs2_data=0xa001d4d0
[PASS] seq=crv_seq_9                              cyc=75 op=RK_BYPASS_RS1    rs1=16 rs2=8 wb_write=1 wb_rd=16 wb_data=0xb86efedd -> rs1_data=0xb86efedd rs2_data=0x07f7024d
[PASS] seq=crv_seq_9                              cyc=76 op=RK_RANDOM        rs1=20 rs2=23 wb_write=1 wb_rd=1 wb_data=0x176dacc9 -> rs1_data=0x486c1029 rs2_data=0xbdd6927c
[PASS] seq=crv_seq_9                              cyc=77 op=RK_BYPASS_RS2    rs1=10 rs2=16 wb_write=1 wb_rd=16 wb_data=0xecdb4c18 -> rs1_data=0xf6d804fc rs2_data=0xecdb4c18
[PASS] seq=crv_seq_9                              cyc=78 op=RK_BYPASS_BOTH   rs1=14 rs2=14 wb_write=1 wb_rd=14 wb_data=0xf9248aff -> rs1_data=0xf9248aff rs2_data=0xf9248aff
[PASS] seq=crv_seq_9                              cyc=79 op=RK_BYPASS_RS2    rs1=4 rs2=5 wb_write=1 wb_rd=5 wb_data=0x8903940b -> rs1_data=0x5664c1f1 rs2_data=0x8903940b
[PASS] seq=crv_seq_9                              cyc=80 op=RK_BYPASS_RS1    rs1=23 rs2=3 wb_write=1 wb_rd=23 wb_data=0x36a92c55 -> rs1_data=0x36a92c55 rs2_data=0x80469076
[PASS] seq=crv_seq_9                              cyc=81 op=RK_BYPASS_RS1    rs1=13 rs2=14 wb_write=1 wb_rd=13 wb_data=0x218030c2 -> rs1_data=0x218030c2 rs2_data=0xf9248aff
[PASS] seq=crv_seq_9                              cyc=82 op=RK_NO_WRITE_READ rs1=5 rs2=2 wb_write=0 wb_rd=10 wb_data=0xca68fbfc -> rs1_data=0x8903940b rs2_data=0xa001d4d0
[PASS] seq=crv_seq_9                              cyc=83 op=RK_BYPASS_RS1    rs1=25 rs2=16 wb_write=1 wb_rd=25 wb_data=0x5b363dbf -> rs1_data=0x5b363dbf rs2_data=0xecdb4c18
[PASS] seq=crv_seq_9                              cyc=84 op=RK_RANDOM        rs1=3 rs2=7 wb_write=1 wb_rd=15 wb_data=0xa099ce58 -> rs1_data=0x80469076 rs2_data=0x156f8086
[PASS] seq=crv_seq_9                              cyc=85 op=RK_BYPASS_RS1    rs1=10 rs2=20 wb_write=1 wb_rd=10 wb_data=0x450e5730 -> rs1_data=0x450e5730 rs2_data=0x486c1029
[PASS] seq=crv_seq_9                              cyc=86 op=RK_NO_WRITE_READ rs1=2 rs2=3 wb_write=0 wb_rd=14 wb_data=0x48771955 -> rs1_data=0xa001d4d0 rs2_data=0x80469076
[PASS] seq=crv_seq_9                              cyc=87 op=RK_BYPASS_RS2    rs1=18 rs2=9 wb_write=1 wb_rd=9 wb_data=0x460fb417 -> rs1_data=0x4175489c rs2_data=0x460fb417
[PASS] seq=crv_seq_9                              cyc=88 op=RK_BYPASS_RS1    rs1=7 rs2=22 wb_write=1 wb_rd=7 wb_data=0x9eb8ec4e -> rs1_data=0x9eb8ec4e rs2_data=0xfa2fa9ea
[PASS] seq=crv_seq_9                              cyc=89 op=RK_X0_ACCESS     rs1=26 rs2=30 wb_write=1 wb_rd=0 wb_data=0xa33d01a8 -> rs1_data=0xc97e02b6 rs2_data=0x837c1add
[PASS] seq=crv_seq_9                              cyc=90 op=RK_NO_WRITE_READ rs1=31 rs2=22 wb_write=0 wb_rd=1 wb_data=0xa7e652cf -> rs1_data=0x526d97fd rs2_data=0xfa2fa9ea
[PASS] seq=crv_seq_9                              cyc=91 op=RK_NO_WRITE_READ rs1=15 rs2=24 wb_write=0 wb_rd=24 wb_data=0x7a9a6417 -> rs1_data=0xa099ce58 rs2_data=0xca33df62
[PASS] seq=crv_seq_9                              cyc=92 op=RK_X0_ACCESS     rs1=1 rs2=30 wb_write=1 wb_rd=0 wb_data=0x259a94b4 -> rs1_data=0x176dacc9 rs2_data=0x837c1add
[PASS] seq=crv_seq_9                              cyc=93 op=RK_PLAIN_WRITE   rs1=23 rs2=12 wb_write=1 wb_rd=13 wb_data=0x9f65b03c -> rs1_data=0x36a92c55 rs2_data=0x731e4fbb
[PASS] seq=crv_seq_9                              cyc=94 op=RK_RANDOM        rs1=22 rs2=11 wb_write=0 wb_rd=14 wb_data=0xec1a3183 -> rs1_data=0xfa2fa9ea rs2_data=0x5fecaa6c
[PASS] seq=crv_seq_9                              cyc=95 op=RK_PLAIN_WRITE   rs1=25 rs2=21 wb_write=1 wb_rd=4 wb_data=0xc2d1dc98 -> rs1_data=0x5b363dbf rs2_data=0x3754d184
[PASS] seq=crv_seq_9                              cyc=96 op=RK_NO_WRITE_READ rs1=9 rs2=1 wb_write=0 wb_rd=2 wb_data=0xcd78c9c8 -> rs1_data=0x460fb417 rs2_data=0x176dacc9
[PASS] seq=crv_seq_9                              cyc=97 op=RK_PLAIN_WRITE   rs1=15 rs2=13 wb_write=1 wb_rd=20 wb_data=0x57dcff7c -> rs1_data=0xa099ce58 rs2_data=0x9f65b03c
[PASS] seq=crv_seq_9                              cyc=98 op=RK_BYPASS_RS1    rs1=27 rs2=30 wb_write=1 wb_rd=27 wb_data=0xb0d8c5c2 -> rs1_data=0xb0d8c5c2 rs2_data=0x837c1add
[PASS] seq=crv_seq_9                              cyc=99 op=RK_PLAIN_WRITE   rs1=7 rs2=13 wb_write=1 wb_rd=2 wb_data=0x122b0913 -> rs1_data=0x9eb8ec4e rs2_data=0x9f65b03c
[PASS] seq=crv_seq_9                              cyc=100 op=RK_BYPASS_RS1    rs1=4 rs2=10 wb_write=1 wb_rd=4 wb_data=0x186ba722 -> rs1_data=0x186ba722 rs2_data=0x450e5730
[PASS] seq=crv_seq_9                              cyc=101 op=RK_BYPASS_RS2    rs1=12 rs2=7 wb_write=1 wb_rd=7 wb_data=0x4087a5d7 -> rs1_data=0x731e4fbb rs2_data=0x4087a5d7
[PASS] seq=crv_seq_9                              cyc=102 op=RK_PLAIN_WRITE   rs1=6 rs2=27 wb_write=1 wb_rd=5 wb_data=0x94d3f228 -> rs1_data=0x658fe595 rs2_data=0xb0d8c5c2
[PASS] seq=crv_seq_9                              cyc=103 op=RK_X0_ACCESS     rs1=15 rs2=30 wb_write=1 wb_rd=0 wb_data=0x0cc38436 -> rs1_data=0xa099ce58 rs2_data=0x837c1add
[PASS] seq=crv_seq_9                              cyc=104 op=RK_PLAIN_WRITE   rs1=25 rs2=19 wb_write=1 wb_rd=26 wb_data=0x780a23c1 -> rs1_data=0x5b363dbf rs2_data=0xf36de1f0
[PASS] seq=crv_seq_9                              cyc=105 op=RK_BYPASS_BOTH   rs1=13 rs2=13 wb_write=1 wb_rd=13 wb_data=0x06e22b33 -> rs1_data=0x06e22b33 rs2_data=0x06e22b33
[PASS] seq=crv_seq_9                              cyc=106 op=RK_BYPASS_BOTH   rs1=26 rs2=26 wb_write=1 wb_rd=26 wb_data=0x962671aa -> rs1_data=0x962671aa rs2_data=0x962671aa
[PASS] seq=crv_seq_9                              cyc=107 op=RK_X0_ACCESS     rs1=14 rs2=31 wb_write=1 wb_rd=0 wb_data=0x945d420f -> rs1_data=0xf9248aff rs2_data=0x526d97fd
[PASS] seq=crv_seq_9                              cyc=108 op=RK_PLAIN_WRITE   rs1=2 rs2=6 wb_write=1 wb_rd=20 wb_data=0xfb407bd8 -> rs1_data=0x122b0913 rs2_data=0x658fe595
[PASS] seq=crv_seq_9                              cyc=109 op=RK_RANDOM        rs1=4 rs2=30 wb_write=0 wb_rd=6 wb_data=0xd7bc04f1 -> rs1_data=0x186ba722 rs2_data=0x837c1add
[PASS] seq=crv_seq_9                              cyc=110 op=RK_X0_ACCESS     rs1=18 rs2=15 wb_write=1 wb_rd=0 wb_data=0x8e564664 -> rs1_data=0x4175489c rs2_data=0xa099ce58
[PASS] seq=crv_seq_9                              cyc=111 op=RK_RANDOM        rs1=27 rs2=15 wb_write=1 wb_rd=4 wb_data=0xd8c68671 -> rs1_data=0xb0d8c5c2 rs2_data=0xa099ce58
[PASS] seq=crv_seq_9                              cyc=112 op=RK_RANDOM        rs1=30 rs2=18 wb_write=0 wb_rd=10 wb_data=0xb7da8a64 -> rs1_data=0x837c1add rs2_data=0x4175489c
[PASS] seq=crv_seq_9                              cyc=113 op=RK_BYPASS_RS1    rs1=11 rs2=4 wb_write=1 wb_rd=11 wb_data=0x09873add -> rs1_data=0x09873add rs2_data=0xd8c68671
[PASS] seq=crv_seq_9                              cyc=114 op=RK_BYPASS_RS1    rs1=29 rs2=17 wb_write=1 wb_rd=29 wb_data=0xce02c248 -> rs1_data=0xce02c248 rs2_data=0xa058cd18
[PASS] seq=crv_seq_9                              cyc=115 op=RK_NO_WRITE_READ rs1=16 rs2=8 wb_write=0 wb_rd=19 wb_data=0x7ec590cd -> rs1_data=0xecdb4c18 rs2_data=0x07f7024d
[PASS] seq=crv_seq_9                              cyc=116 op=RK_BYPASS_RS2    rs1=25 rs2=8 wb_write=1 wb_rd=8 wb_data=0xd386da4c -> rs1_data=0x5b363dbf rs2_data=0xd386da4c
[PASS] seq=crv_seq_9                              cyc=117 op=RK_NO_WRITE_READ rs1=13 rs2=14 wb_write=0 wb_rd=17 wb_data=0xbd5942e2 -> rs1_data=0x06e22b33 rs2_data=0xf9248aff
[PASS] seq=crv_seq_9                              cyc=118 op=RK_RANDOM        rs1=7 rs2=3 wb_write=0 wb_rd=27 wb_data=0xdf39268b -> rs1_data=0x4087a5d7 rs2_data=0x80469076
[PASS] seq=crv_seq_9                              cyc=119 op=RK_BYPASS_BOTH   rs1=24 rs2=24 wb_write=1 wb_rd=24 wb_data=0xfd2a7697 -> rs1_data=0xfd2a7697 rs2_data=0xfd2a7697
[PASS] seq=crv_seq_9                              cyc=120 op=RK_BYPASS_RS2    rs1=22 rs2=1 wb_write=1 wb_rd=1 wb_data=0xedef3c91 -> rs1_data=0xfa2fa9ea rs2_data=0xedef3c91
[PASS] seq=crv_seq_9                              cyc=121 op=RK_BYPASS_RS1    rs1=11 rs2=5 wb_write=1 wb_rd=11 wb_data=0xfa6b3a31 -> rs1_data=0xfa6b3a31 rs2_data=0x94d3f228
[PASS] seq=crv_seq_9                              cyc=122 op=RK_BYPASS_RS2    rs1=16 rs2=13 wb_write=1 wb_rd=13 wb_data=0x5d51d21a -> rs1_data=0xecdb4c18 rs2_data=0x5d51d21a
[PASS] seq=crv_seq_9                              cyc=123 op=RK_PLAIN_WRITE   rs1=6 rs2=11 wb_write=1 wb_rd=15 wb_data=0xb2689826 -> rs1_data=0x658fe595 rs2_data=0xfa6b3a31
[PASS] seq=crv_seq_9                              cyc=124 op=RK_BYPASS_RS1    rs1=5 rs2=18 wb_write=1 wb_rd=5 wb_data=0x31ccd027 -> rs1_data=0x31ccd027 rs2_data=0x4175489c
[PASS] seq=crv_seq_9                              cyc=125 op=RK_NO_WRITE_READ rs1=27 rs2=13 wb_write=0 wb_rd=15 wb_data=0x1eed3f23 -> rs1_data=0xb0d8c5c2 rs2_data=0x5d51d21a
[PASS] seq=crv_seq_9                              cyc=126 op=RK_X0_ACCESS     rs1=27 rs2=6 wb_write=1 wb_rd=0 wb_data=0x9b4d1787 -> rs1_data=0xb0d8c5c2 rs2_data=0x658fe595
[PASS] seq=crv_seq_9                              cyc=127 op=RK_PLAIN_WRITE   rs1=3 rs2=26 wb_write=1 wb_rd=18 wb_data=0x89a06c0c -> rs1_data=0x80469076 rs2_data=0x962671aa
[PASS] seq=crv_seq_9                              cyc=128 op=RK_RANDOM        rs1=24 rs2=22 wb_write=0 wb_rd=5 wb_data=0xabb3d77c -> rs1_data=0xfd2a7697 rs2_data=0xfa2fa9ea
[PASS] seq=crv_seq_9                              cyc=129 op=RK_X0_ACCESS     rs1=17 rs2=17 wb_write=1 wb_rd=0 wb_data=0xa22f710b -> rs1_data=0xa058cd18 rs2_data=0xa058cd18
[PASS] seq=crv_seq_9                              cyc=130 op=RK_RANDOM        rs1=14 rs2=4 wb_write=0 wb_rd=30 wb_data=0x401c5edd -> rs1_data=0xf9248aff rs2_data=0xd8c68671
[PASS] seq=crv_seq_9                              cyc=131 op=RK_RANDOM        rs1=28 rs2=11 wb_write=0 wb_rd=3 wb_data=0xa14fb670 -> rs1_data=0x1bfc3c0c rs2_data=0xfa6b3a31
[PASS] seq=crv_seq_9                              cyc=132 op=RK_RANDOM        rs1=4 rs2=10 wb_write=1 wb_rd=9 wb_data=0xa3411bde -> rs1_data=0xd8c68671 rs2_data=0x450e5730
[PASS] seq=crv_seq_9                              cyc=133 op=RK_BYPASS_RS2    rs1=21 rs2=8 wb_write=1 wb_rd=8 wb_data=0x3bf07e6b -> rs1_data=0x3754d184 rs2_data=0x3bf07e6b
[PASS] seq=crv_seq_9                              cyc=134 op=RK_BYPASS_BOTH   rs1=29 rs2=29 wb_write=1 wb_rd=29 wb_data=0xda898741 -> rs1_data=0xda898741 rs2_data=0xda898741
[PASS] seq=crv_seq_9                              cyc=135 op=RK_NO_WRITE_READ rs1=29 rs2=3 wb_write=0 wb_rd=23 wb_data=0x65aa13e7 -> rs1_data=0xda898741 rs2_data=0x80469076
[PASS] seq=crv_seq_9                              cyc=136 op=RK_BYPASS_RS2    rs1=20 rs2=11 wb_write=1 wb_rd=11 wb_data=0x67242201 -> rs1_data=0xfb407bd8 rs2_data=0x67242201
[PASS] seq=crv_seq_9                              cyc=137 op=RK_BYPASS_RS2    rs1=2 rs2=5 wb_write=1 wb_rd=5 wb_data=0xad41c8c8 -> rs1_data=0x122b0913 rs2_data=0xad41c8c8
[PASS] seq=crv_seq_9                              cyc=138 op=RK_BYPASS_RS2    rs1=20 rs2=25 wb_write=1 wb_rd=25 wb_data=0xc7bed17c -> rs1_data=0xfb407bd8 rs2_data=0xc7bed17c
[PASS] seq=crv_seq_9                              cyc=139 op=RK_RANDOM        rs1=15 rs2=7 wb_write=1 wb_rd=23 wb_data=0x996e5a17 -> rs1_data=0xb2689826 rs2_data=0x4087a5d7
[PASS] seq=crv_seq_9                              cyc=140 op=RK_BYPASS_RS2    rs1=24 rs2=12 wb_write=1 wb_rd=12 wb_data=0x251cf9f3 -> rs1_data=0xfd2a7697 rs2_data=0x251cf9f3
[PASS] seq=crv_seq_9                              cyc=141 op=RK_PLAIN_WRITE   rs1=31 rs2=0 wb_write=1 wb_rd=25 wb_data=0x45e69b5c -> rs1_data=0x526d97fd rs2_data=0x00000000
[PASS] seq=crv_seq_9                              cyc=142 op=RK_PLAIN_WRITE   rs1=7 rs2=3 wb_write=1 wb_rd=5 wb_data=0x47607d7a -> rs1_data=0x4087a5d7 rs2_data=0x80469076
[PASS] seq=crv_seq_9                              cyc=143 op=RK_NO_WRITE_READ rs1=24 rs2=27 wb_write=0 wb_rd=4 wb_data=0x132acbd0 -> rs1_data=0xfd2a7697 rs2_data=0xb0d8c5c2
[PASS] seq=crv_seq_9                              cyc=144 op=RK_X0_ACCESS     rs1=1 rs2=7 wb_write=1 wb_rd=0 wb_data=0xcbcb9d6c -> rs1_data=0xedef3c91 rs2_data=0x4087a5d7
[PASS] seq=crv_seq_9                              cyc=145 op=RK_PLAIN_WRITE   rs1=8 rs2=10 wb_write=1 wb_rd=14 wb_data=0x35be2775 -> rs1_data=0x3bf07e6b rs2_data=0x450e5730
[PASS] seq=crv_seq_9                              cyc=146 op=RK_BYPASS_BOTH   rs1=19 rs2=19 wb_write=1 wb_rd=19 wb_data=0x245c2f78 -> rs1_data=0x245c2f78 rs2_data=0x245c2f78
[PASS] seq=crv_seq_9                              cyc=147 op=RK_BYPASS_RS1    rs1=24 rs2=0 wb_write=1 wb_rd=24 wb_data=0x7bb6e44f -> rs1_data=0x7bb6e44f rs2_data=0x00000000
[PASS] seq=crv_seq_9                              cyc=148 op=RK_RANDOM        rs1=20 rs2=0 wb_write=0 wb_rd=8 wb_data=0xb9aeb20a -> rs1_data=0xfb407bd8 rs2_data=0x00000000
[PASS] seq=crv_seq_9                              cyc=149 op=RK_BYPASS_RS1    rs1=8 rs2=10 wb_write=1 wb_rd=8 wb_data=0xbda52b6d -> rs1_data=0xbda52b6d rs2_data=0x450e5730
[PASS] seq=crv_seq_9                              cyc=150 op=RK_X0_ACCESS     rs1=3 rs2=22 wb_write=1 wb_rd=0 wb_data=0x22065a3d -> rs1_data=0x80469076 rs2_data=0xfa2fa9ea
[PASS] seq=crv_seq_9                              cyc=151 op=RK_RANDOM        rs1=27 rs2=23 wb_write=1 wb_rd=23 wb_data=0x481a24e0 -> rs1_data=0xb0d8c5c2 rs2_data=0x481a24e0
[PASS] seq=crv_seq_9                              cyc=152 op=RK_BYPASS_RS1    rs1=13 rs2=0 wb_write=1 wb_rd=13 wb_data=0x06d77b8e -> rs1_data=0x06d77b8e rs2_data=0x00000000
[PASS] seq=crv_seq_9                              cyc=153 op=RK_BYPASS_BOTH   rs1=14 rs2=14 wb_write=1 wb_rd=14 wb_data=0x4e2c35a3 -> rs1_data=0x4e2c35a3 rs2_data=0x4e2c35a3
[PASS] seq=crv_seq_9                              cyc=154 op=RK_PLAIN_WRITE   rs1=5 rs2=6 wb_write=1 wb_rd=19 wb_data=0x84eb8a74 -> rs1_data=0x47607d7a rs2_data=0x658fe595
[PASS] seq=crv_seq_9                              cyc=155 op=RK_X0_ACCESS     rs1=30 rs2=13 wb_write=1 wb_rd=0 wb_data=0x1c84e935 -> rs1_data=0x837c1add rs2_data=0x06d77b8e
[PASS] seq=crv_seq_9                              cyc=156 op=RK_X0_ACCESS     rs1=29 rs2=19 wb_write=1 wb_rd=0 wb_data=0xf7e7aaa7 -> rs1_data=0xda898741 rs2_data=0x84eb8a74
[PASS] seq=crv_seq_9                              cyc=157 op=RK_X0_ACCESS     rs1=6 rs2=12 wb_write=1 wb_rd=0 wb_data=0xcfc92bfe -> rs1_data=0x658fe595 rs2_data=0x251cf9f3
[PASS] seq=crv_seq_9                              cyc=158 op=RK_X0_ACCESS     rs1=30 rs2=2 wb_write=1 wb_rd=0 wb_data=0x8c339530 -> rs1_data=0x837c1add rs2_data=0x122b0913
[PASS] seq=crv_seq_9                              cyc=159 op=RK_RANDOM        rs1=21 rs2=16 wb_write=1 wb_rd=20 wb_data=0x68c80342 -> rs1_data=0x3754d184 rs2_data=0xecdb4c18
[PASS] seq=crv_seq_9                              cyc=160 op=RK_RANDOM        rs1=20 rs2=25 wb_write=0 wb_rd=19 wb_data=0x35404276 -> rs1_data=0x68c80342 rs2_data=0x45e69b5c
[PASS] seq=crv_seq_9                              cyc=161 op=RK_X0_ACCESS     rs1=13 rs2=15 wb_write=1 wb_rd=0 wb_data=0xa37e75d9 -> rs1_data=0x06d77b8e rs2_data=0xb2689826
[PASS] seq=crv_seq_9                              cyc=162 op=RK_RANDOM        rs1=16 rs2=19 wb_write=0 wb_rd=1 wb_data=0xfa4fd23e -> rs1_data=0xecdb4c18 rs2_data=0x84eb8a74
[PASS] seq=crv_seq_9                              cyc=163 op=RK_BYPASS_RS1    rs1=17 rs2=29 wb_write=1 wb_rd=17 wb_data=0xa0ef7e3d -> rs1_data=0xa0ef7e3d rs2_data=0xda898741
[PASS] seq=crv_seq_9                              cyc=164 op=RK_BYPASS_RS1    rs1=29 rs2=19 wb_write=1 wb_rd=29 wb_data=0x9ee52396 -> rs1_data=0x9ee52396 rs2_data=0x84eb8a74
[PASS] seq=crv_seq_9                              cyc=165 op=RK_RANDOM        rs1=22 rs2=16 wb_write=0 wb_rd=16 wb_data=0x0c1dbf08 -> rs1_data=0xfa2fa9ea rs2_data=0xecdb4c18
[PASS] seq=crv_seq_9                              cyc=166 op=RK_NO_WRITE_READ rs1=18 rs2=31 wb_write=0 wb_rd=17 wb_data=0xf9b3ce2d -> rs1_data=0x89a06c0c rs2_data=0x526d97fd
[PASS] seq=crv_seq_9                              cyc=167 op=RK_BYPASS_BOTH   rs1=29 rs2=29 wb_write=1 wb_rd=29 wb_data=0xad75d19b -> rs1_data=0xad75d19b rs2_data=0xad75d19b
[PASS] seq=crv_seq_9                              cyc=168 op=RK_BYPASS_RS1    rs1=6 rs2=17 wb_write=1 wb_rd=6 wb_data=0x3fb3717f -> rs1_data=0x3fb3717f rs2_data=0xa0ef7e3d
[PASS] seq=crv_seq_9                              cyc=169 op=RK_X0_ACCESS     rs1=24 rs2=27 wb_write=1 wb_rd=0 wb_data=0xa11de1d7 -> rs1_data=0x7bb6e44f rs2_data=0xb0d8c5c2
[PASS] seq=crv_seq_9                              cyc=170 op=RK_PLAIN_WRITE   rs1=5 rs2=13 wb_write=1 wb_rd=30 wb_data=0x296e5dd7 -> rs1_data=0x47607d7a rs2_data=0x06d77b8e
[PASS] seq=crv_seq_9                              cyc=171 op=RK_X0_ACCESS     rs1=11 rs2=30 wb_write=1 wb_rd=0 wb_data=0xbe25bccf -> rs1_data=0x67242201 rs2_data=0x296e5dd7
[PASS] seq=crv_seq_9                              cyc=172 op=RK_BYPASS_RS2    rs1=6 rs2=10 wb_write=1 wb_rd=10 wb_data=0x4915b86e -> rs1_data=0x3fb3717f rs2_data=0x4915b86e
[PASS] seq=crv_seq_9                              cyc=173 op=RK_NO_WRITE_READ rs1=4 rs2=11 wb_write=0 wb_rd=3 wb_data=0x79afa7ea -> rs1_data=0xd8c68671 rs2_data=0x67242201
[PASS] seq=crv_seq_9                              cyc=174 op=RK_BYPASS_RS2    rs1=5 rs2=14 wb_write=1 wb_rd=14 wb_data=0xfda5426b -> rs1_data=0x47607d7a rs2_data=0xfda5426b
[PASS] seq=crv_seq_9                              cyc=175 op=RK_X0_ACCESS     rs1=14 rs2=25 wb_write=1 wb_rd=0 wb_data=0xe73e0457 -> rs1_data=0xfda5426b rs2_data=0x45e69b5c
[PASS] seq=crv_seq_9                              cyc=176 op=RK_PLAIN_WRITE   rs1=17 rs2=24 wb_write=1 wb_rd=4 wb_data=0x65cda4cd -> rs1_data=0xa0ef7e3d rs2_data=0x7bb6e44f
[PASS] seq=crv_seq_9                              cyc=177 op=RK_BYPASS_RS2    rs1=30 rs2=6 wb_write=1 wb_rd=6 wb_data=0x0e9ac35f -> rs1_data=0x296e5dd7 rs2_data=0x0e9ac35f
[PASS] seq=crv_seq_9                              cyc=178 op=RK_PLAIN_WRITE   rs1=19 rs2=7 wb_write=1 wb_rd=8 wb_data=0xb87b1fc9 -> rs1_data=0x84eb8a74 rs2_data=0x4087a5d7
[PASS] seq=crv_seq_9                              cyc=179 op=RK_NO_WRITE_READ rs1=1 rs2=31 wb_write=0 wb_rd=16 wb_data=0x5add0803 -> rs1_data=0xedef3c91 rs2_data=0x526d97fd
[PASS] seq=crv_seq_9                              cyc=180 op=RK_BYPASS_RS1    rs1=28 rs2=1 wb_write=1 wb_rd=28 wb_data=0x4b93a1e7 -> rs1_data=0x4b93a1e7 rs2_data=0xedef3c91
[PASS] seq=crv_seq_9                              cyc=181 op=RK_RANDOM        rs1=30 rs2=23 wb_write=1 wb_rd=24 wb_data=0x421eb1ed -> rs1_data=0x296e5dd7 rs2_data=0x481a24e0
[PASS] seq=crv_seq_9                              cyc=182 op=RK_X0_ACCESS     rs1=26 rs2=4 wb_write=1 wb_rd=0 wb_data=0x9daefd23 -> rs1_data=0x962671aa rs2_data=0x65cda4cd
[PASS] seq=crv_seq_9                              cyc=183 op=RK_BYPASS_RS2    rs1=30 rs2=27 wb_write=1 wb_rd=27 wb_data=0x139c964f -> rs1_data=0x296e5dd7 rs2_data=0x139c964f
[PASS] seq=crv_seq_9                              cyc=184 op=RK_BYPASS_RS2    rs1=5 rs2=3 wb_write=1 wb_rd=3 wb_data=0xc0e9fa84 -> rs1_data=0x47607d7a rs2_data=0xc0e9fa84
[PASS] seq=crv_seq_9                              cyc=185 op=RK_BYPASS_RS1    rs1=2 rs2=31 wb_write=1 wb_rd=2 wb_data=0xad5e2f6a -> rs1_data=0xad5e2f6a rs2_data=0x526d97fd
[PASS] seq=crv_seq_9                              cyc=186 op=RK_RANDOM        rs1=17 rs2=16 wb_write=0 wb_rd=14 wb_data=0x8220bf02 -> rs1_data=0xa0ef7e3d rs2_data=0xecdb4c18
[PASS] seq=crv_seq_9                              cyc=187 op=RK_BYPASS_RS1    rs1=8 rs2=19 wb_write=1 wb_rd=8 wb_data=0x73e0ced9 -> rs1_data=0x73e0ced9 rs2_data=0x84eb8a74
[PASS] seq=crv_seq_9                              cyc=188 op=RK_NO_WRITE_READ rs1=26 rs2=20 wb_write=0 wb_rd=4 wb_data=0x7b798dd8 -> rs1_data=0x962671aa rs2_data=0x68c80342
[PASS] seq=crv_seq_9                              cyc=189 op=RK_RANDOM        rs1=7 rs2=1 wb_write=1 wb_rd=29 wb_data=0xa5a57799 -> rs1_data=0x4087a5d7 rs2_data=0xedef3c91
[PASS] seq=crv_seq_9                              cyc=190 op=RK_BYPASS_RS2    rs1=13 rs2=15 wb_write=1 wb_rd=15 wb_data=0x889cb85e -> rs1_data=0x06d77b8e rs2_data=0x889cb85e
[PASS] seq=crv_seq_9                              cyc=191 op=RK_RANDOM        rs1=27 rs2=11 wb_write=0 wb_rd=2 wb_data=0x5fb4b252 -> rs1_data=0x139c964f rs2_data=0x67242201
[PASS] seq=crv_seq_9                              cyc=192 op=RK_X0_ACCESS     rs1=10 rs2=8 wb_write=1 wb_rd=0 wb_data=0x5b9eec7c -> rs1_data=0x4915b86e rs2_data=0x73e0ced9
[PASS] seq=crv_seq_9                              cyc=193 op=RK_RANDOM        rs1=26 rs2=12 wb_write=1 wb_rd=12 wb_data=0x294206a2 -> rs1_data=0x962671aa rs2_data=0x294206a2
[PASS] seq=crv_seq_9                              cyc=194 op=RK_BYPASS_RS1    rs1=15 rs2=23 wb_write=1 wb_rd=15 wb_data=0x64736103 -> rs1_data=0x64736103 rs2_data=0x481a24e0
[PASS] seq=crv_seq_9                              cyc=195 op=RK_RANDOM        rs1=17 rs2=4 wb_write=1 wb_rd=25 wb_data=0x03b0c5a1 -> rs1_data=0xa0ef7e3d rs2_data=0x65cda4cd
[PASS] seq=crv_seq_9                              cyc=196 op=RK_RANDOM        rs1=7 rs2=31 wb_write=1 wb_rd=25 wb_data=0x73c82812 -> rs1_data=0x4087a5d7 rs2_data=0x526d97fd
[PASS] seq=crv_seq_9                              cyc=197 op=RK_NO_WRITE_READ rs1=25 rs2=9 wb_write=0 wb_rd=29 wb_data=0x65e34e07 -> rs1_data=0x73c82812 rs2_data=0xa3411bde
[PASS] seq=crv_seq_9                              cyc=198 op=RK_BYPASS_RS2    rs1=21 rs2=17 wb_write=1 wb_rd=17 wb_data=0xbfed5afa -> rs1_data=0x3754d184 rs2_data=0xbfed5afa
[PASS] seq=crv_seq_9                              cyc=199 op=RK_BYPASS_RS2    rs1=4 rs2=6 wb_write=1 wb_rd=6 wb_data=0x2c33cea4 -> rs1_data=0x65cda4cd rs2_data=0x2c33cea4

============ REGFILE UNIT TB SUMMARY ============
 SEQUENCES=18  TOTAL_CYCLES=2091  PASS=2091  FAIL=0
 FUNCTIONAL COVERAGE = 100.00 %
 RESULT: ALL CHECKS PASSED
 NOTE: see the FINDING_post_reset_unwritten_reads_x and
       cross_sequence_persistence_check_x5 sequences above -
       both PASS against regfile.v's own literal (never-reset-
       the-array) specification, which is exactly what makes
       this worth flagging: rst_n_i is dead wiring on this DUT.
===================================================

$finish called from file "tb_reg_file.sv", line 570.
$finish at simulation time             20931000

---------------------------------------------------------------------------
VCS Coverage Metrics: during simulation line, cond, FSM, branch, tgl was monitored
---------------------------------------------------------------------------

 Coverage status: End of All Coverages ...

           V C S   S i m u l a t i o n   R e p o r t 
Time: 20931000 ps
CPU Time:      0.170 seconds;       Data structure size:   0.0Mb
Thu Jul 30 08:59:48 2026

