NAME,DEPTH,NODE_KIND,element_id,details,implementation_note,owner,priority
GARUDA SoC,0,SECTION,GARUDA,"Verification plan for garuda_chip_top, Rev 4.0 specification set. Stages follow the flow: vPlan, Static, Block/IP, CPU Core, Integration, SoC Top. Generated from the specifications by tools/gen/gen_vplan_csv.py; extends the 2026-07-20 core and DSU plans.",,,
Stage 2 - Static,1,SECTION,S2,,,,
Lint (HAL),2,SECTION,S2.LINT,"HAL on rtl/soc/filelist_chip.f, top garuda_chip_top.",,,
No HAL errors,3,CHK,S2.LINT.ERR,Every error fixed in RTL or waived with a written reason.,hal -f rtl/soc/filelist_chip.f -top garuda_chip_top,,
Width and truncation,3,CHK,S2.LINT.WIDTH,Unequal-length assignments and comparisons reviewed.,hal -f rtl/soc/filelist_chip.f -top garuda_chip_top,,
Drivers and connectivity,3,CHK,S2.LINT.DRIVE,"No undriven, multiply driven or unconnected nets and ports.",hal -f rtl/soc/filelist_chip.f -top garuda_chip_top,,
Synthesisable RTL,3,CHK,S2.LINT.SYNTH,"No latches other than the clock-gate latch, no incomplete sensitivity lists, no simulation-only constructs outside ifndef SYNTHESIS.",hal -f rtl/soc/filelist_chip.f -top garuda_chip_top,,
Reset and clock use,3,CHK,S2.LINT.RESET,Every flop has a defined reset or a stated reason; no gated or derived clocks outside clk_div and core_clk_gate.,hal -f rtl/soc/filelist_chip.f -top garuda_chip_top,,
Clock domain crossings (HAL CDC),2,SECTION,S2.CDC,hclk and pclk are synchronous; tck and the SPI slave clock are asynchronous to both.,,,
tck - hclk through dmi_cdc,3,CHK,S2.CDC.DMI,Debug transport request and response handshake.,"hal CDC checks, clocks declared in flow/2_static",,
spi slave sck - pclk,3,CHK,S2.CDC.SPIS,Shift register to register layer in garuda_spis_core.,"hal CDC checks, clocks declared in flow/2_static",,
dma_cdc_pulse,3,CHK,S2.CDC.DMA,Event pulses between the DMA engine and its APB side (DMA-5).,"hal CDC checks, clocks declared in flow/2_static",,
asynchronous pads,3,CHK,S2.CDC.PADS,"UART rx, I2C, GPIO and SPI inputs pass a synchroniser with a defined reset level.","hal CDC checks, clocks declared in flow/2_static",,
reset synchronisers,3,CHK,S2.CDC.RESET,"Asynchronous assert, synchronous release in reset_ctrl.","hal CDC checks, clocks declared in flow/2_static",,
Formal (IFV) on pipe_ctrl,2,SECTION,S2.FV,CORE [N-11.2] hold-versus-flush matrix; BUGS.md AUD-8.,,,
a_flush_beats_hold_if_id,3,CHK,S2.FV.a_flush_beats_hold_if_id,assert property in rtl/core/pipe_ctrl_sva.sv,"ifv, flow/2_static/fv_pipe_ctrl",,
a_flush_beats_hold_id_ex,3,CHK,S2.FV.a_flush_beats_hold_id_ex,assert property in rtl/core/pipe_ctrl_sva.sv,"ifv, flow/2_static/fv_pipe_ctrl",,
a_flush_beats_hold_ex_mem,3,CHK,S2.FV.a_flush_beats_hold_ex_mem,assert property in rtl/core/pipe_ctrl_sva.sv,"ifv, flow/2_static/fv_pipe_ctrl",,
a_h2_defers_flush,3,CHK,S2.FV.a_h2_defers_flush,assert property in rtl/core/pipe_ctrl_sva.sv,"ifv, flow/2_static/fv_pipe_ctrl",,
a_h2_defers_flush_loaduse,3,CHK,S2.FV.a_h2_defers_flush_loaduse,assert property in rtl/core/pipe_ctrl_sva.sv,"ifv, flow/2_static/fv_pipe_ctrl",,
a_trap_beats_branch,3,CHK,S2.FV.a_trap_beats_branch,assert property in rtl/core/pipe_ctrl_sva.sv,"ifv, flow/2_static/fv_pipe_ctrl",,
a_no_gate_with_bus,3,CHK,S2.FV.a_no_gate_with_bus,assert property in rtl/core/pipe_ctrl_sva.sv,"ifv, flow/2_static/fv_pipe_ctrl",,
a_no_gate_mid_work,3,CHK,S2.FV.a_no_gate_mid_work,assert property in rtl/core/pipe_ctrl_sva.sv,"ifv, flow/2_static/fv_pipe_ctrl",,
a_no_gate_with_flush,3,CHK,S2.FV.a_no_gate_with_flush,assert property in rtl/core/pipe_ctrl_sva.sv,"ifv, flow/2_static/fv_pipe_ctrl",,
c_h1_ifid,3,COV,S2.FV.c_h1_ifid,cover property in rtl/core/pipe_ctrl_sva.sv,"ifv, flow/2_static/fv_pipe_ctrl",,
c_h1_idex,3,COV,S2.FV.c_h1_idex,cover property in rtl/core/pipe_ctrl_sva.sv,"ifv, flow/2_static/fv_pipe_ctrl",,
c_h2_ifid,3,COV,S2.FV.c_h2_ifid,cover property in rtl/core/pipe_ctrl_sva.sv,"ifv, flow/2_static/fv_pipe_ctrl",,
c_h2_idex,3,COV,S2.FV.c_h2_idex,cover property in rtl/core/pipe_ctrl_sva.sv,"ifv, flow/2_static/fv_pipe_ctrl",,
c_h2_exmem,3,COV,S2.FV.c_h2_exmem,cover property in rtl/core/pipe_ctrl_sva.sv,"ifv, flow/2_static/fv_pipe_ctrl",,
c_h4_ifid,3,COV,S2.FV.c_h4_ifid,cover property in rtl/core/pipe_ctrl_sva.sv,"ifv, flow/2_static/fv_pipe_ctrl",,
c_h4_idex,3,COV,S2.FV.c_h4_idex,cover property in rtl/core/pipe_ctrl_sva.sv,"ifv, flow/2_static/fv_pipe_ctrl",,
c_h5_ifid,3,COV,S2.FV.c_h5_ifid,cover property in rtl/core/pipe_ctrl_sva.sv,"ifv, flow/2_static/fv_pipe_ctrl",,
c_h5_idex,3,COV,S2.FV.c_h5_idex,cover property in rtl/core/pipe_ctrl_sva.sv,"ifv, flow/2_static/fv_pipe_ctrl",,
c_h1_vs_redirect,3,COV,S2.FV.c_h1_vs_redirect,cover property in rtl/core/pipe_ctrl_sva.sv,"ifv, flow/2_static/fv_pipe_ctrl",,
c_h2_vs_redirect,3,COV,S2.FV.c_h2_vs_redirect,cover property in rtl/core/pipe_ctrl_sva.sv,"ifv, flow/2_static/fv_pipe_ctrl",,
c_h4_vs_redirect,3,COV,S2.FV.c_h4_vs_redirect,cover property in rtl/core/pipe_ctrl_sva.sv,"ifv, flow/2_static/fv_pipe_ctrl",,
c_h5_vs_trap,3,COV,S2.FV.c_h5_vs_trap,cover property in rtl/core/pipe_ctrl_sva.sv,"ifv, flow/2_static/fv_pipe_ctrl",,
Stage 3 - Block and IP,1,SECTION,S3,,,,
clk_div + reset_ctrl (21-22),2,SECTION,CLKRST,"GARUDA-CLKRST-SPEC-001. 40 notes and requirements, 1 cited by a check.",tb_crg,,high
2 Requirements,3,SECTION,CLKRST.SEC.2_Requirements,,,,
R-1 Divide the external 500 MHz reference to 250 MHz hclk.,4,CHK,CLKRST.R-1,Divide the external 500 MHz reference to 250 MHz hclk.,NO TAGGED CHECK,,high
R-2 Provide 125 MHz pclk for the APB peripherals 50 duty.,4,CHK,CLKRST.R-2,"Provide 125 MHz pclk for the APB peripherals, 50% duty.",NO TAGGED CHECK,,high
R-3 The divide ratio shall be a parameter so a timing miss is recovera...,4,CHK,CLKRST.R-3,"The divide ratio shall be a parameter, so a timing miss is recoverable without redesign.",NO TAGGED CHECK,,high
R-4 Reset shall not depend on any analog cell inside the chip. ext_rst_...,4,CHK,CLKRST.R-4,"Reset shall not depend on any analog cell inside the chip. ext_rst_n is the only power-on reset source, driven by a board supervisor that holds it low until the core supply is stable.",NO TAGGED CHECK,,high
R-5 Every reset assertion shall last at least 1024 reference cycles at...,4,CHK,CLKRST.R-5,Every reset assertion shall last at least 1024 reference cycles at the point of use.,NO TAGGED CHECK,,high
R-6 No block shall be able to reset the logic that generates its own re...,4,CHK,CLKRST.R-6,No block shall be able to reset the logic that generates its own reset request.,NO TAGGED CHECK,,high
R-7 Reset release shall be synchronous to the clock of the domain being...,4,CHK,CLKRST.R-7,Reset release shall be synchronous to the clock of the domain being released.,NO TAGGED CHECK,,high
R-8 The cause of the last reset shall be readable by firmware after tha...,4,CHK,CLKRST.R-8,The cause of the last reset shall be readable by firmware after that reset.,NO TAGGED CHECK,,high
R-9 A debug-initiated reset shall not reset the Debug Module or the JTA...,4,CHK,CLKRST.R-9,A debug-initiated reset shall not reset the Debug Module or the JTAG TAP.,NO TAGGED CHECK,,high
R-10 500 MHz shall exist on no net other than the pad-to-divider connect...,4,CHK,CLKRST.R-10,500 MHz shall exist on no net other than the pad-to-divider connection.,NO TAGGED CHECK,,high
6 Register map reset_ctrl APB window 9,3,SECTION,CLKRST.SEC.6_Register_map_reset_ctrl_APB_window_9,,,,
N-6.1 RSTREASON bits are reset only by ext_rst_n. They survive watchdog ...,4,CHK,CLKRST.N-6.1,"RSTREASON bits are reset only by ext_rst_n. They survive watchdog, debug and software resets, because a reason register cleared by the reset it records is useless.",NO TAGGED CHECK,,high
N-6.2 Exactly one of bits 0 3 is set by any given reset. Bit 4 is set by...,4,CHK,CLKRST.N-6.2,Exactly one of bits 0–3 is set by any given reset. Bit 4 is set by software and is orthogonal.,NO TAGGED CHECK,,high
N-6.3 Writing 1 to a bit clears it. Writing 0 has no effect.,4,CHK,CLKRST.N-6.3,Writing 1 to a bit clears it. Writing 0 has no effect.,NO TAGGED CHECK,,high
N-6.4 A DIVSEL write takes effect only at the next pclk_phase boundary a...,4,CHK,CLKRST.N-6.4,"A DIVSEL write takes effect only at the next pclk_phase boundary, and the divider transitions glitch-free (§7.5). Changing DIVSEL changes hclk and therefore all peripheral baud rates and both timer rates. Firmware is responsible for reconfiguring them.",NO TAGGED CHECK,,high
N-6.5 DIVSEL is not reset by SWRST so a software reset does not silently...,4,CHK,CLKRST.N-6.5,"DIVSEL is not reset by SWRST, so a software reset does not silently restore 250 MHz after firmware has stepped down to a lower frequency.",CHECKED: tb/clk_div/tb_crg.sv (1 citation). // leave the chip at DIV4 to prove DIVSEL survives SWRST ([N-6.5]),,high
7 Functional description,3,SECTION,CLKRST.SEC.7_Functional_description,,,,
N-7.1 hclk at DIV=2 is generated by a single toggle flop clocked by refclk,4,CHK,CLKRST.N-7.1,hclk at DIV=2 is generated by a single toggle flop clocked by refclk:,NO TAGGED CHECK,,high
N-7.2 A toggle flop is used rather than a clock gate. A gate that passes...,4,CHK,CLKRST.N-7.2,A toggle flop is used rather than a clock gate. A gate that passes every other reference pulse produces a 2 ns high time in an 8 ns period — 25% duty — which halves the usable setup window for every negative-edge-sensitive element and distorts hold margins. A toggle flop gives exactly 50%.,NO TAGGED CHECK,,high
N-7.3 pclk is a second toggle flop clocked by hclk giving 125 MHz at 50 ...,4,CHK,CLKRST.N-7.3,"pclk is a second toggle flop clocked by hclk, giving 125 MHz at 50% duty.",NO TAGGED CHECK,,high
N-7.4 pclk_phase_o is asserted for the one hclk cycle preceding each pclk...,4,CHK,CLKRST.N-7.4,pclk_phase_o is asserted for the one hclk cycle preceding each pclk rising edge. The bridge uses it to know which hclk edge is safe for transfer between the two clocks. This single bit is why no clock-domain-crossing logic is needed anywhere in the chip between hclk and pclk:,NO TAGGED CHECK,,high
N-7.5 Ratio changes are glitch-free on a DIVSEL write DIVBUSY sets the...,4,CHK,CLKRST.N-7.5,"Ratio changes are glitch-free: on a DIVSEL write, DIVBUSY sets, the divider output is held at its current level until the counter reaches a state where the new ratio's edge aligns, then the new ratio takes effect. No output pulse is shorter than the shorter of the two ratios' half-periods.",NO TAGGED CHECK,,high
N-7.6 The three clocks and their relationship (values from GARUDA-SYS-001),4,CHK,CLKRST.N-7.6,The three clocks and their relationship (values from GARUDA-SYS-001):,NO TAGGED CHECK,,high
N-7.7 All reset requests pass through a 1024-cycle down counter clocked b...,4,CHK,CLKRST.N-7.7,All reset requests pass through a 1024-cycle down counter clocked by refclk. A request loads the counter; the reset output stays asserted until the counter reaches zero.,NO TAGGED CHECK,,high
N-7.8 The stretch counter is clocked by refclk not hclk. This is load-be...,4,CHK,CLKRST.N-7.8,"The stretch counter is clocked by refclk, not hclk. This is load-bearing. clk_div's divider is held in reset while reset is asserted (§7.4), so hclk is not running during reset. A stretch counter on hclk would never advance, and reset would never release. refclk comes directly from the pad and runs unconditionally.",NO TAGGED CHECK,,high
N-7.9 Without the stretch an internally generated reset is self-cancelli...,4,CHK,CLKRST.N-7.9,"Without the stretch, an internally generated reset is self-cancelling. The watchdog asserts wdt_rst_req; that resets the watchdog; the watchdog stops asserting; the reset deasserts — one flop delay later. A pulse that short does not reliably reset a flop, let alone a chip, and it is invisible in RTL simulation where...",NO TAGGED CHECK,,high
N-7.10 A new request arriving while the counter is running reloads it. Res...,4,CHK,CLKRST.N-7.10,A new request arriving while the counter is running reloads it. Resets extend; they do not queue.,NO TAGGED CHECK,,high
N-7.11 The reset domain of each source,4,CHK,CLKRST.N-7.11,The reset domain of each source:,NO TAGGED CHECK,,high
N-7.12 The watchdog s request flop is in the ext_rst_n domain. GARUDA-TIME...,4,CHK,CLKRST.N-7.12,"The watchdog's request flop is in the ext_rst_n domain. GARUDA-TIMERS-SPEC-001 §9 states this on the watchdog side; both documents must agree, and GARUDA-SYS-001 reset.sources[wdt_rst_n].resets is the authority.",NO TAGGED CHECK,,high
N-7.13 hartreset does not pass through the stretch counter. It is a level...,4,CHK,CLKRST.N-7.13,"hartreset does not pass through the stretch counter. It is a level from the Debug Module, held as long as the debugger holds it, and is released synchronously to hclk.",NO TAGGED CHECK,,high
N-7.14 Assertion is asynchronous. ext_rst_n reaches every flop s asynchron...,4,CHK,CLKRST.N-7.14,"Assertion is asynchronous. ext_rst_n reaches every flop's asynchronous reset input without waiting for a clock, because at power-on there is no clock to wait for.",NO TAGGED CHECK,,high
N-7.15 Release is synchronous through a two-flop synchroniser in the targ...,4,CHK,CLKRST.N-7.15,"Release is synchronous, through a two-flop synchroniser in the target domain: one for hclk, one for pclk. This prevents flops in the same domain from leaving reset on different cycles, which is how a reset-release race produces a state machine in an illegal state.",NO TAGGED CHECK,,high
N-7.16 clk_div s divider flops use raw_rst_n ext_rst_n directly unstret...,4,CHK,CLKRST.N-7.16,"clk_div's divider flops use raw_rst_n — ext_rst_n directly, unstretched and unsynchronised. They cannot use the stretched output because that output depends on refclk only, while the divider must be in a known state before hclk exists at all. This is the one deliberate exception to [N-7.15] and it is safe because th...",NO TAGGED CHECK,,high
N-7.17 Release order is refclk domain then hclk then pclk. pclk is last...,4,CHK,CLKRST.N-7.17,"Release order is refclk domain, then hclk, then pclk. pclk is last because it is the slowest, so a peripheral can never see its bus interface active before its own reset has released.",NO TAGGED CHECK,,high
N-7.18 Total reset time from ext_rst_n release to first instruction fetch...,4,CHK,CLKRST.N-7.18,Total reset time from ext_rst_n release to first instruction fetch is approximately 2.1 µs at DIV=2. Nothing in the system depends on this being short.,NO TAGGED CHECK,,high
N-7.19 clkdiv_toggle_hclk shall be placed adjacent to the refclk pad. The...,4,CHK,CLKRST.N-7.19,clkdiv_toggle_hclk shall be placed adjacent to the refclk pad. The refclk net shall connect the pad's input buffer to that flop's clock input and to nothing else.,NO TAGGED CHECK,,high
N-7.20 Rationale and why this is in a design document rather than left to...,4,CHK,CLKRST.N-7.20,"Rationale, and why this is in a design document rather than left to physical design: 500 MHz is a 2 ns period, and this is a 1.45 mm die with a bond-wire package. A 500 MHz net routed across the die would need its own insertion-delay budget, would couple into neighbours, and would make the reference clock's duty dis...",NO TAGGED CHECK,,high
N-7.21 clkdiv_toggle_hclk is constrained at 500 MHz (2 ns period) and shal...,4,CHK,CLKRST.N-7.21,"clkdiv_toggle_hclk is constrained at 500 MHz (2 ns period) and shall be excluded from the hclk constraint set. Its timing path is a single flop with its output inverted back to its own input — no combinational logic in between — which is the simplest path that exists, and it will close. But it must be told to the ti...",NO TAGGED CHECK,,high
9 Clock reset and power,3,SECTION,CLKRST.SEC.9_Clock_reset_and_power,,,,
N-9.1 hclk and pclk are synchronous to each other ( 7.4). The only genuin...,4,CHK,CLKRST.N-9.1,"hclk and pclk are synchronous to each other (§7.4). The only genuinely asynchronous boundary in the chip is tck ↔ hclk, inside the Debug Module.",NO TAGGED CHECK,,high
N-9.2 clk_div provides no clock gating. The per-block gates (core WFI DS...,4,CHK,CLKRST.N-9.2,"clk_div provides no clock gating. The per-block gates (core WFI, DSU idle, DMA per-channel, APB per-window) are defined in their own specs and gate these root clocks locally.",NO TAGGED CHECK,,high
N-9.3 pclk at half hclk is itself a power measure it halves the dynamic...,4,CHK,CLKRST.N-9.3,"pclk at half hclk is itself a power measure: it halves the dynamic power of the entire peripheral clock tree and of every peripheral flop, which is the majority of the chip's flop count outside the core. This is the reason pclk exists as a real divided clock rather than an access-rate trick — an enable scheme would...",NO TAGGED CHECK,,high
N-9.4 No power domains no isolation cells no level shifters no retenti...,4,CHK,CLKRST.N-9.4,"No power domains, no isolation cells, no level shifters, no retention flops, no voltage scaling. DIVSEL provides frequency scaling as a coarse, firmware-driven fallback and is not a dynamic power-management mechanism.",NO TAGGED CHECK,,high
memories isram bootrom dsram (3-4-5),2,SECTION,MEM,"GARUDA-MEM-SPEC-001. 55 notes and requirements, 9 cited by a check.",tb_mem_subsystem,,high
2 Requirements,3,SECTION,MEM.SEC.2_Requirements,,,,
R-1 64 KiB instruction memory at ISRAM_BASE readable by the instructio...,4,CHK,MEM.R-1,"64 KiB instruction memory at ISRAM_BASE, readable by the instruction port.",NO TAGGED CHECK,,high
R-2 ISRAM shall be writable by the data port and by Debug SBA so that...,4,CHK,MEM.R-2,"ISRAM shall be writable by the data port and by Debug SBA, so that boot and JTAG can load it.",NO TAGGED CHECK,,high
R-3 ISRAM shall be write-protectable after boot so flight code cannot...,4,CHK,MEM.R-3,"ISRAM shall be write-protectable after boot, so flight code cannot corrupt its own instructions.",NO TAGGED CHECK,,high
R-4 4 KiB read-only Boot ROM at BOOTROM_BASE containing the reset vector.,4,CHK,MEM.R-4,"4 KiB read-only Boot ROM at BOOTROM_BASE, containing the reset vector.",NO TAGGED CHECK,,high
R-5 64 KiB data memory at DSRAM_BASE contiguous as a single AHB slave.,4,CHK,MEM.R-5,"64 KiB data memory at DSRAM_BASE, contiguous, as a single AHB slave.",NO TAGGED CHECK,,high
R-6 All three shall be zero-wait-state at 250 MHz.,4,CHK,MEM.R-6,All three shall be zero-wait-state at 250 MHz.,NO TAGGED CHECK,,high
R-7 The bootloader shall copy firmware from SPI flash to ISRAM without...,4,CHK,MEM.R-7,The bootloader shall copy firmware from SPI flash to ISRAM without using the DMA.,NO TAGGED CHECK,,high
R-8 The bootloader shall copy the .data initialisation image to DSRAM.,4,CHK,MEM.R-8,The bootloader shall copy the .data initialisation image to DSRAM.,NO TAGGED CHECK,,high
R-9 The bootloader shall verify the image with CRC-32 before executing it.,4,CHK,MEM.R-9,The bootloader shall verify the image with CRC-32 before executing it.,NO TAGGED CHECK,,high
R-10 A verification failure shall leave the chip recoverable over JTAG ...,4,CHK,MEM.R-10,"A verification failure shall leave the chip recoverable over JTAG, not halted.",NO TAGGED CHECK,,high
R-11 A boot_sel pin shall select JTAG load instead of flash boot.,4,CHK,MEM.R-11,A boot_sel pin shall select JTAG load instead of flash boot.,NO TAGGED CHECK,,high
R-12 The design shall assume SRAM macros with no sleep retention or ECC...,4,CHK,MEM.R-12,"The design shall assume SRAM macros with no sleep, retention or ECC pins.",NO TAGGED CHECK,,high
4 Sub-block inventory,3,SECTION,MEM.SEC.4_Sub_block_inventory,,,,
N-4.1 All macro instantiations are confined to sram_wrapper.v with this...,4,CHK,MEM.N-4.1,"All macro instantiations are confined to sram_wrapper.v, with this interface and no other:",NO TAGGED CHECK,,high
N-4.2 No sleep retain light-sleep ECC redundancy-repair or test-mode...,4,CHK,MEM.N-4.2,"No sleep, retain, light-sleep, ECC, redundancy-repair or test-mode pin is assumed to exist. If the chosen compiler provides them, they are tied to their inactive state inside sram_wrapper.v and nowhere else. Rationale: the design must not be blocked on which macro options the compiler run produces, and a power savin...",NO TAGGED CHECK,,high
N-4.3 sram_wrapper.v has a behavioural model for simulation selected by...,4,CHK,MEM.N-4.3,"sram_wrapper.v has a behavioural model for simulation, selected by ifdef SIM_SRAM . It is byte-enable accurate and drives X on an uninitialised read, so firmware that reads uninitialised memory fails in simulation rather than passing by luck.",NO TAGGED CHECK,,high
6 Register map mem_ctl,3,SECTION,MEM.SEC.6_Register_map_mem_ctl,,,,
N-6.1 ILOCK is write-1-to-set and sticky. There is no software path to cl...,4,CHK,MEM.N-6.1,ILOCK is write-1-to-set and sticky. There is no software path to clear it. It clears only on hreset_n deassertion.,NO TAGGED CHECK,,high
N-6.2 Rationale for no software clear the bit exists to make instruction...,4,CHK,MEM.N-6.2,"Rationale for no software clear: the bit exists to make instruction memory immutable during flight. A bit that firmware can clear is a bit that a wild pointer can clear, which defeats the purpose. Legitimate reasons to write ISRAM again — reflashing, recovery — all involve a reset, and reset clears it.",NO TAGGED CHECK,,high
7 Functional description,3,SECTION,MEM.SEC.7_Functional_description,,,,
N-7.1 Region decode is performed by ahb_decoder on HADDR 31 28 per GARUD...,4,CHK,MEM.N-7.1,"Region decode is performed by ahb_decoder on HADDR[31:28] per GARUDA-AHB-SPEC-001. Within a region, each slave decodes the low bits of its own size and ignores the rest. Values from GARUDA-SYS-001:",NO TAGGED CHECK,,high
N-7.2 Addresses above a region s size but inside its 256 MiB decode granu...,4,CHK,MEM.N-7.2,"Addresses above a region's size but inside its 256 MiB decode granule alias down (the high bits are ignored). This is deliberate: alias-free decode would need a range comparator per slave for no benefit, and the linker never emits such an address. An out-of-region address produces ERROR from the default slave instead.",CHECKED: tb/mem/tb_mem_subsystem.sv (2 citations). // aliasing inside the 256 MiB granule [N-7.2],,high
N-7.3 All three memories support word halfword and byte accesses. hsize_...,4,CHK,MEM.N-7.3,"All three memories support word, halfword and byte accesses. hsize_i and haddr_i[1:0] generate byte enables:",CHECKED: tb/mem/tb_mem_subsystem.sv (1 citation). // byte/half/word lanes [N-7.3],,high
N-7.4 Misaligned accesses (WORD with haddr 1 0 = 00 HALF with haddr 0 ...,4,CHK,MEM.N-7.4,"Misaligned accesses (WORD with haddr[1:0] != 00, HALF with haddr[0] != 0) never reach the slaves: the core detects them and raises a precise misaligned exception before the transfer is issued. A slave that nevertheless sees one responds ERROR, as a backstop against a defective master.","CHECKED: tb/mem/tb_mem_subsystem.sv (1 citation). check(u_m.r_resp[0] && u_m.r_resp[1], ""[N-7.4] misaligned word/half - ERROR"");",,high
N-7.5 Sub-word accesses to Boot ROM are permitted and read the containing...,4,CHK,MEM.N-7.5,"Sub-word accesses to Boot ROM are permitted and read the containing word with the appropriate bytes selected, because .rodata in the ROM may be byte-addressed.","CHECKED: tb/mem/tb_mem_subsystem.sv (1 citation). check(u_m.r_data[5][31:16] == 16'hB000, ""Boot ROM halfword read is legal [N-7.5]"");",,high
N-7.6 All three memories are zero-wait-state hreadyout_o is held high co...,4,CHK,MEM.N-7.6,"All three memories are zero-wait-state: hreadyout_o is held high continuously. The macro's read data arrives one cycle after the address, which lines up exactly with the AHB address-phase/data-phase split — the address is registered in the address phase and the data appears in the data phase with no stall inserted.",CHECKED: tb/mem/tb_mem_subsystem.sv (2 citations). // zero wait states on every legal access [N-7.6],,high
N-7.7 This is only achievable if the macros meet the 4 ns cycle with the...,4,CHK,MEM.N-7.7,"This is only achievable if the macros meet the 4 ns cycle with the AHB address multiplexing in front of them. If the compiler run shows they do not, the recovery is DIVSEL=1 (125 MHz) per ADR-0001, not a wait state, because a wait state on instruction fetch costs performance on every cycle of the flight loop.",NO TAGGED CHECK,,high
N-7.8 When ILOCK is set a write transfer to the ISRAM region with hsel_i...,4,CHK,MEM.N-7.8,"When ILOCK is set, a write transfer to the ISRAM region with hsel_i asserted produces a two-cycle ERROR response, and no data is written to the macro.","CHECKED: tb/mem/tb_mem_subsystem.sv (3 citations). // ILOCK refuses writes, SBA bypasses, reads ok [N-7.8]..[N-7.10]",,high
N-7.9 The lock is bypassed when hmaster_is_sba_i is asserted that is w...,4,CHK,MEM.N-7.9,"The lock is bypassed when hmaster_is_sba_i is asserted — that is, when the Debug Module is the granted master. Rationale: the lock's purpose is to protect against a firmware bug, and the debugger is outside that threat model. Without the bypass, a chip that has locked ISRAM and then hung could not be recovered over...","CHECKED: tb/mem/tb_mem_subsystem.sv (1 citation). check(!u_m.r_resp[3] && u_m.r_data[4] == 32'h5BA0_5BA0, ""[N-7.9] SBA write bypasses ILOCK"");",,high
N-7.10 Reads are never affected by ILOCK.,4,CHK,MEM.N-7.10,Reads are never affected by ILOCK.,"CHECKED: tb/mem/tb_mem_subsystem.sv (2 citations). // ILOCK refuses writes, SBA bypasses, reads ok [N-7.8]..[N-7.10]",,high
N-7.11 Four 16 KiB macros selected by haddr 15 14 behind one AHB slave...,4,CHK,MEM.N-7.11,"Four 16 KiB macros, selected by haddr[15:14], behind one AHB slave port. The region is contiguous: 0x2000_0000–0x2000_FFFF.",CHECKED: tb/mem/tb_mem_subsystem.sv (1 citation). // DSRAM bank decode on haddr[15:14] [N-7.11],,high
N-7.12 There is no bank-level concurrency. With a single shared AHB layer...,4,CHK,MEM.N-7.12,"There is no bank-level concurrency. With a single shared AHB layer (ADR-0004) only one master holds the bus at a time, so concurrent bank access is unreachable and four separate slave ports would only add three sets of hrdata/hreadyout to multiplex.",NO TAGGED CHECK,,high
N-7.13 Bank selection is combinational from the registered address. All fo...,4,CHK,MEM.N-7.13,"Bank selection is combinational from the registered address. All four macros receive the same address and write data; only the selected macro's write enable is asserted, and the read multiplex selects the corresponding rdata.",NO TAGGED CHECK,,high
N-7.14 Contiguity is a linker requirement not a preference a single heap...,4,CHK,MEM.N-7.14,"Contiguity is a linker requirement, not a preference: a single heap growing up and a single stack growing down cannot span a fragmented region.",NO TAGGED CHECK,,high
N-7.15 SRAM contents are undefined after reset. Macros do not reset their...,4,CHK,MEM.N-7.15,SRAM contents are undefined after reset. Macros do not reset their arrays.,NO TAGGED CHECK,,high
N-7.16 Consequently .bss zeroing is firmware s job (crt0) not the bootlo...,4,CHK,MEM.N-7.16,"Consequently, .bss zeroing is firmware's job (crt0), not the bootloader's. The bootloader copies only what has an initial value; zeroing 64 KiB in the boot ROM would waste boot time on memory the firmware may not all use.",NO TAGGED CHECK,,high
8 Boot,3,SECTION,MEM.SEC.8_Boot,,,,
N-8.1 MAGIC is checked first. An erased flash reads 0xFFFFFFFF so a blan...,4,CHK,MEM.N-8.1,"MAGIC is checked first. An erased flash reads 0xFFFFFFFF, so a blank board takes the recovery path rather than attempting to execute erased memory.",NO TAGGED CHECK,,high
N-8.2 Step 9 is executable because the core s data port can read ISRAM (A...,4,CHK,MEM.N-8.2,"Step 9 is executable because the core's data port can read ISRAM (ADR-0005). In the Rev 1.2 design it was not: the data port had no path to ISRAM, so no master in the chip could perform that read, and the CRC step could not have been implemented.",NO TAGGED CHECK,,high
N-8.3 Step 8 was absent from Rev 1.2 entirely. Without it every initiali...,4,CHK,MEM.N-8.3,"Step 8 was absent from Rev 1.2 entirely. Without it, every initialised global variable in the firmware holds undefined data at main().",NO TAGGED CHECK,,high
N-8.4 The recovery loop at step 12 is nop nop j loop rather than a wfi...,4,CHK,MEM.N-8.4,"The recovery loop at step 12 is nop; nop; j loop rather than a wfi or a halt, so the core is fetching and the bus is quiet but alive, which is the state SBA needs.",NO TAGGED CHECK,,high
N-8.5 Each flash word is read by write the command byte to the SPI data...,4,CHK,MEM.N-8.5,"Each flash word is read by: write the command byte to the SPI data register, poll the status register for completion, write the address bytes, poll, then write four dummy bytes and read four received bytes, polling each. Roughly 20 instructions per word.",NO TAGGED CHECK,,high
N-8.6 64 KiB is 16 384 words so about 330 000 instructions plus SPI wir...,4,CHK,MEM.N-8.6,"64 KiB is 16,384 words, so about 330,000 instructions, plus SPI wire time at 20 MHz SCLK: about 8 bits × 4 bytes per word × 16,384 = 524,288 bit times ≈ 26 ms. Boot takes tens of milliseconds, once, at power-on. Nothing in the system cares.",NO TAGGED CHECK,,high
N-8.6a MEASURED 2026-09-23 the estimate above is 2.6x optimistic. The f...,4,CHK,MEM.N-8.6a,"MEASURED, 2026-09-23 — the estimate above is 2.6x optimistic. The flash boot path is now built and make test_chip_flash runs it. A 32-bit word costs 64 SCLK, not 32: eight command bits and twenty-four address bits precede every thirty-two data bits, because spim_read_word() issues one command per word. At the boot C...",NO TAGGED CHECK,,high
N-8.7 The DMA alternative was rejected because a P2M transfer from the SP...,4,CHK,MEM.N-8.7,"The DMA alternative was rejected because a P2M transfer from the SPI master requires that peripheral's data register to produce a new byte per read without a per-byte command sequence, and no document in this project had verified that the sourced IP behaves that way. (That gap is now closed in the other direction: G...",NO TAGGED CHECK,,high
N-8.8 CRC-32-IEEE-802.3 polynomial 0x04C11DB7 initial value 0xFFFFFFFF ...,4,CHK,MEM.N-8.8,"CRC-32/IEEE-802.3: polynomial 0x04C11DB7, initial value 0xFFFFFFFF, reflected input and output, final XOR 0xFFFFFFFF. Computed bitwise, no lookup table — a 256-entry table would consume a quarter of the 4 KiB ROM.",NO TAGGED CHECK,,high
N-8.9 CRC-32 rather than CRC-16 the loop is the same shape and the same...,4,CHK,MEM.N-8.9,"CRC-32 rather than CRC-16: the loop is the same shape and the same ROM cost, and over a 64 KiB image the undetected-error probability goes from 2⁻¹⁶ to 2⁻³².",NO TAGGED CHECK,,high
N-8.10 Bitwise CRC-32 over 64 KiB is roughly 8 cycles per bit 524 288 bi...,4,CHK,MEM.N-8.10,"Bitwise CRC-32 over 64 KiB is roughly 8 cycles per bit × 524,288 bits ≈ 4 M cycles ≈ 17 ms at 250 MHz. Acceptable for the same reason as [N-8.6].",NO TAGGED CHECK,,high
N-8.10a MEASURED the built ROM is 820 bytes (205 words of 1024) against t...,4,CHK,MEM.N-8.10a,"MEASURED: the built ROM is 820 bytes (205 words of 1024), against this ~500-byte estimate. The difference is mostly the bounded spin loops in sw/bootrom/spim.c — every wait there has a timeout so a dead SPI bus fails MAGIC and lands in boot_fail() instead of hanging until the watchdog. Still 20% of the budget.",NO TAGGED CHECK,,high
N-8.11 The remaining ROM is filled with an illegal-instruction pattern (0x...,4,CHK,MEM.N-8.11,"The remaining ROM is filled with an illegal-instruction pattern (0x00000000), so a jump into unused ROM raises an illegal-instruction exception rather than executing whatever the mask happens to contain.",NO TAGGED CHECK,,high
N-8.12 The ROM installs a minimal trap handler at a fixed ROM address and...,4,CHK,MEM.N-8.12,"The ROM installs a minimal trap handler at a fixed ROM address and points mtvec at it before touching the SPI. Any exception during boot sets RSTREASON.BOOTFAIL and branches to the recovery loop. Without this, a bus ERROR from a misconfigured SPI access during boot would vector to an uninitialised mtvec and the chip...",NO TAGGED CHECK,,high
N-8.13 The linker script shall satisfy,4,CHK,MEM.N-8.13,The linker script shall satisfy:,NO TAGGED CHECK,,high
N-8.14 .rodata placement in ISRAM is a deliberate consequence of ADR-0005....,4,CHK,MEM.N-8.14,".rodata placement in ISRAM is a deliberate consequence of ADR-0005. With the Rev 3.1 reachability restriction, .rodata could not have been in ISRAM at all, and every constant, jump table and string in the firmware would have had to be copied to DSRAM, consuming data memory and boot time.",NO TAGGED CHECK,,high
9 Clock reset and power,3,SECTION,MEM.SEC.9_Clock_reset_and_power,,,,
N-9.1 All three memories and mem_ctl s enforcement logic are in the hclk...,4,CHK,MEM.N-9.1,All three memories and mem_ctl's enforcement logic are in the hclk domain. mem_ctl's APB register interface is in the pclk domain. No CDC: see GARUDA-CLKRST-SPEC-001 §7.4.,NO TAGGED CHECK,,high
N-9.2 ILOCK is reset by hreset_n. It is therefore cleared by external wa...,4,CHK,MEM.N-9.2,"ILOCK is reset by hreset_n. It is therefore cleared by external, watchdog, debug and software resets alike — every path that leads to the bootloader running again.",NO TAGGED CHECK,,high
N-9.3 Macro arrays are not reset ( N-7.15 ).,4,CHK,MEM.N-9.3,Macro arrays are not reset ([N-7.15]).,NO TAGGED CHECK,,high
N-9.4 Power the macros are clock-gated by their own enable a macro who...,4,CHK,MEM.N-9.4,"Power: the macros are clock-gated by their own enable — a macro whose bank is not selected receives no clock edge that matters, and the compiler's own enable pin handles this. No retention or sleep is used ([N-4.2]). Leakage on 132 KiB is accepted as-is.",NO TAGGED CHECK,,high
N-9.5 ISRAM after boot is read-only in practice so no write power is con...,4,CHK,MEM.N-9.5,"ISRAM after boot is read-only in practice, so no write power is consumed there during flight.",NO TAGGED CHECK,,high
11 Verification plan,3,SECTION,MEM.SEC.11_Verification_plan,,,,
N-11.1 t_boot_ requires a behavioural SPI flash model with the command-add...,4,CHK,MEM.N-11.1,"t_boot_ requires a behavioural SPI flash model with the command/address/dummy sequence of the actual part. This model is the single most valuable piece of the memory testbench, because it is the only way to verify the sequence that has no recovery on silicon. It shall be written before the bootloader assembly.",NO TAGGED CHECK,,high
dma (9),2,SECTION,DMA,"GARUDA-DMA-SPEC-001. 45 notes and requirements, 38 cited by a check.",tb_dma_top,,high
2 Requirements,3,SECTION,DMA.SEC.2_Requirements,,,,
R-1 Six independent channels one peripheral each.,4,CHK,DMA.R-1,"Six independent channels, one peripheral each.","CHECKED: tb/dma/tb_dma_top.sv (1 citation). check(bad == 0, $sformatf(""[R-1] [R-2] each of 6 channels x byte/half/word: 4 beats copied exactly, SAR/DAR advanced by the beat size (%0d errors)""...",,high
R-2 P2M M2P and M2M transfer modes.,4,CHK,DMA.R-2,"P2M, M2P and M2M transfer modes.","CHECKED: tb/dma/tb_dma_top.sv (2 citations). check(bad == 0, $sformatf(""[R-1] [R-2] each of 6 channels x byte/half/word: 4 beats copied exactly, SAR/DAR advanced by the beat size (%0d errors)""...",,high
R-3 No CDC logic on the configuration interface.,4,CHK,DMA.R-3,No CDC logic on the configuration interface.,"CHECKED: tb/dma/tb_dma_top.sv (1 citation). ""[R-3] [N-5.1] [N-9.1] [N-8.2] back-to-back writes all land and a read directly behind a write returns the new value (no synchroniser latency)"");",,high
R-4 Fixed-priority channel arbitration re-evaluated per beat.,4,CHK,DMA.R-4,"Fixed-priority channel arbitration, re-evaluated per beat.","CHECKED: tb/dma/tb_dma_top.sv (2 citations). check(bad == 0, $sformatf(""[R-4] [N-7.11] two channels requesting in the same cycle: the higher priority of §6.3 is served first, all 15 pairs (%0d...",,high
R-5 Per-channel completion and error interrupts.,4,CHK,DMA.R-5,Per-channel completion and error interrupts.,"CHECKED: tb/dma/tb_dma_top.sv (2 citations). check(ibad == 0, $sformatf(""[R-5] [N-7.3] completion raises only that channel's dma_complete line, until ICLR (%0d errors)"", ibad));",,high
R-6 A channel shall report a consistent transfer count and completion s...,4,CHK,DMA.R-6,A channel shall report a consistent transfer count and completion status.,"CHECKED: tb/dma/tb_dma_top.sv (2 citations). check(d[15:0] == 0 && d[17] && !d[16] && !d[18], ""[R-6] [N-7.3] STAT: REMAINING 0, COMPLETE, not ACTIVE"");",,high
R-7 A hardware completion shall not be lost to a simultaneous software...,4,CHK,DMA.R-7,A hardware completion shall not be lost to a simultaneous software write.,"CHECKED: tb/dma/tb_dma_top.sv (2 citations). check(bad == 0, $sformatf(""[N-7.19] [R-7] COMPLETE setting in the cycle ICLR clears it is not lost (set wins); a later ICLR clears it (%0d errors)""...",,high
R-8 An AHB ERROR shall abort only the affected channel.,4,CHK,DMA.R-8,An AHB ERROR shall abort only the affected channel.,"CHECKED: tb/dma/tb_dma_top.sv (1 citation). ""[R-8] [N-7.14] the other channel ran to completion: data intact, no ERROR, no error IRQ"");",,high
R-9 The DMA shall have no access to Boot ROM or ISRAM.,4,CHK,DMA.R-9,The DMA shall have no access to Boot ROM or ISRAM.,"CHECKED: tb/dma/tb_dma_top.sv (3 citations). check(d[18] && d[21:19] == 3'd2, ""[R-9] [N-6.3] DAR in ISRAM - ERROR, ERRPHASE = write"");",,high
4 Sub-block inventory,3,SECTION,DMA.SEC.4_Sub_block_inventory,,,,
N-4.1 Deleted in Rev 3.0 dma_cdc_gray.v dma_cdc_pulse.v dma_cdc_sync.v.,4,CHK,DMA.N-4.1,"Deleted in Rev 3.0: dma_cdc_gray.v, dma_cdc_pulse.v, dma_cdc_sync.v.",NO TAGGED CHECK,,high
5 Interfaces,3,SECTION,DMA.SEC.5_Interfaces,,,,
N-5.1 pclk_i and preset_n_i remain as ports because the APB side genuinel...,4,CHK,DMA.N-5.1,"pclk_i and preset_n_i remain as ports because the APB side genuinely runs on pclk. What is deleted is the synchroniser logic between the domains, not the second clock. The register file's hclk-visible values are sampled directly, per GARUDA-AHB2APB-SPEC-001 §7.2.","CHECKED: tb/dma/tb_dma_top.sv (2 citations). // ---- 16. back-to-back APB accesses (the old DMA-5; R-3, [N-5.1], [N-9.1]) -----------------",,high
6 Register map APB window 5 (0x4000_5000),3,SECTION,DMA.SEC.6_Register_map_APB_window_5_0x4000_5000_,,,,
N-6.1 MODE = 3 is reserved and a write of 3 leaves MODE unchanged rather...,4,CHK,DMA.N-6.1,"MODE = 3 is reserved and a write of 3 leaves MODE unchanged, rather than being accepted and behaving as one of the legal modes. An illegal mode that silently aliases is worse than one that refuses.","CHECKED: tb/dma/tb_dma_top.sv (1 citation). rd(R(2, CR), d); check(d[2:1] == 2'd1, ""[N-6.1] MODE = 3 write leaves MODE unchanged"");",,high
N-6.2 REMAINING and COMPLETE are updated in the same cycle by the same lo...,4,CHK,DMA.N-6.2,"REMAINING and COMPLETE are updated in the same cycle by the same logic, so they are never inconsistent (R-6). Erratum D-1 was exactly this inconsistency, caused by the two fields being updated on opposite sides of the deleted clock crossing: COMPLETE arrived through a pulse synchroniser while REMAINING arrived throu...","CHECKED: tb/dma/tb_dma_top.sv (3 citations). // ---- 15. STAT is exact on every read (the old DMA-4; R-6, [N-6.2], [N-8.1]) ---------------",,high
N-6.3 ERRPHASE distinguishes a failed source read from a failed destinati...,4,CHK,DMA.N-6.3,"ERRPHASE distinguishes a failed source read from a failed destination write. Without it, an error on an M2M transfer leaves firmware unable to tell which address was bad, and the source and destination are both still in the registers, so the distinction costs three bits and saves a debugging session.","CHECKED: tb/dma/tb_dma_top.sv (2 citations). check(d[18] && d[21:19] == 3'd2, ""[R-9] [N-6.3] DAR in ISRAM - ERROR, ERRPHASE = write"");",,high
N-6.4 Channel 4 serves the SPI slave (ESP32 - ESP-NOW mesh) restored and...,4,CHK,DMA.N-6.4,"Channel 4 serves the SPI slave (ESP32 / ESP-NOW mesh), restored and required per ADR-0020 Rev 2 (APF's neighbour-position source). Its registers, interrupts and arbiter position already exist and work; dma_req_i[4] is still tied low at the top level and must be un-tied when rtl/spi_slave/ is built (RTL work item). P...",NO TAGGED CHECK,,high
N-6.5 The priority order is by consequence of not being serviced. The IMU...,4,CHK,DMA.N-6.5,"The priority order is by consequence of not being serviced. The IMU is the control loop's hard-real-time input and is highest. The console is lowest because nothing depends on it — dropping a debug character is free. GPS at 115200 baud is one beat every ~21,700 hclk cycles, so its low priority costs nothing.",NO TAGGED CHECK,,high
7 Functional description,3,SECTION,DMA.SEC.7_Functional_description,,,,
N-7.1 Firmware writes SAR DAR CNT and MODE then sets EN. The channel w...,4,CHK,DMA.N-7.1,"Firmware writes SAR, DAR, CNT and MODE, then sets EN. The channel waits for dma_req_i[n], performs one beat, decrements REMAINING, and asserts dma_ack_o[n].","CHECKED: tb/dma/tb_dma_top.sv (3 citations). check(ok, ""[N-7.1] [N-7.9] P2M: 8 peripheral words landed in order from a pclk-domain requester, SINC=0 DINC=1"");",,high
N-7.2 A beat is a read followed by a write as two separate AHB SINGLE tr...,4,CHK,DMA.N-7.2,"A beat is a read followed by a write, as two separate AHB SINGLE transfers. The DMA does not use bursts.","CHECKED: tb/dma/tb_dma_top.sv (2 citations). check(burst_seen == 0, ""[N-7.2] M3 only ever issues SINGLE transfers: HBURST = 0, HTRANS never SEQ or BUSY"");",,high
N-7.3 When REMAINING reaches zero COMPLETE sets ACTIVE clears hardware...,4,CHK,DMA.N-7.3,"When REMAINING reaches zero: COMPLETE sets, ACTIVE clears, hardware clears EN, and dma_complete_o[n] asserts if IE_COMP is set.","CHECKED: tb/dma/tb_dma_top.sv (4 citations). check(d[15:0] == 0 && d[17] && !d[16] && !d[18], ""[R-6] [N-7.3] STAT: REMAINING 0, COMPLETE, not ACTIVE"");",,high
N-7.4 dma_complete_o n is level and stays asserted until ICLR clears COM...,4,CHK,DMA.N-7.4,dma_complete_o[n] is level and stays asserted until ICLR clears COMPLETE. This matches the CLIC's level-triggered contract (GARUDA-CLIC-SPEC-001 §7.2).,"CHECKED: tb/dma/tb_dma_top.sv (1 citation). check(comp[2] && !err[2], ""[N-7.4] complete IRQ (CLIC ID 3) asserted, level"");",,high
N-7.5 M2M has no peripheral request. It runs continuously while enabled ...,4,CHK,DMA.N-7.5,"M2M has no peripheral request. It runs continuously while enabled, taking a beat whenever it wins arbitration. Because the DMA is the highest-priority AHB master (M3), an M2M transfer will stall the core for the duration.","CHECKED: tb/dma/tb_dma_top.sv (1 citation). check(ok, ""[N-7.5] M2M: 16 words copied with no peripheral request"");",,high
N-7.6 That is a real hazard and firmware must treat it as one an M2M tra...,4,CHK,DMA.N-7.6,"That is a real hazard and firmware must treat it as one: an M2M transfer of 16,384 beats holds M3 requesting for ~32,768 cycles, during which the core progresses only in the gaps. There is no rate limiting in hardware. The mitigation is firmware discipline — break large M2M transfers into chunks — and it is stated h...",NO TAGGED CHECK,,high
N-7.7 dma_req_i n is level the peripheral asserts it while it has data...,4,CHK,DMA.N-7.7,"dma_req_i[n] is level: the peripheral asserts it while it has data (P2M) or space (M2P), and deasserts when the beat has been taken.",CHECKED: tb/dma/tb_dma_top.sv (7 citations). // acknowledged ([N-7.7]); the test raises req[n] itself -----------------------,,high
N-7.8 dma_ack_o n is a single-cycle pulse asserted when the beat completes.,4,CHK,DMA.N-7.8,dma_ack_o[n] is a single-cycle pulse asserted when the beat completes.,"CHECKED: tb/dma/tb_dma_top.sv (1 citation). check(ack_wbad == 0, ""[N-7.8] every dma_ack pulse is exactly one pclk period wide (2 hclk, DECISIONS D-16)"");",,high
N-7.9 All six peripherals request lines are in the pclk domain and cross...,4,CHK,DMA.N-7.9,"All six peripherals' request lines are in the pclk domain and cross to hclk. This crossing is synchronous (GARUDA-AHB2APB-SPEC-001 §7.2) and requires no synchroniser. The peripheral asserts on a pclk edge, which is also an hclk edge, so the hclk sample is of a stable value.","CHECKED: tb/dma/tb_dma_top.sv (1 citation). check(ok, ""[N-7.1] [N-7.9] P2M: 8 peripheral words landed in order from a pclk-domain requester, SINC=0 DINC=1"");",,high
N-7.10 Because pclk is half hclk a request asserted for one pclk cycle is...,4,CHK,DMA.N-7.10,"Because pclk is half hclk, a request asserted for one pclk cycle is visible for two hclk cycles. The channel state machine takes at most one beat per request assertion, tracked by an edge-qualified taken flag, so a two-cycle-visible request does not produce two beats.","CHECKED: tb/dma/tb_dma_top.sv (3 citations). check(p_acks == 8, ""[N-7.10] exactly one beat (one ack) per request assertion"");",,high
N-7.11 Fixed priority per GARUDA-SYS-001 re-evaluated at each beat bounda...,4,CHK,DMA.N-7.11,"Fixed priority per GARUDA-SYS-001, re-evaluated at each beat boundary. A channel that wins arbitration completes its full read-write beat pair before arbitration is re-evaluated; a beat is never split between channels.","CHECKED: tb/dma/tb_dma_top.sv (5 citations). $sformatf(""[N-7.11] ch0 (prio 5) always granted over ch5 (prio 0) - %0d contested cycles"", both_seen));",,high
N-7.12 Starvation channel 5 can be starved while higher channels request...,4,CHK,DMA.N-7.12,"Starvation: channel 5 can be starved while higher channels request continuously. With real peripheral rates — the IMU at 8 kHz, the others far slower — the aggregate request rate is a few thousand beats per second against 125 million available, so starvation is unreachable.","CHECKED: tb/dma/tb_dma_top.sv (2 citations). // ---- 19. a request withdrawn before it is granted takes no beat ([N-7.7], [N-7.12]) ------",,high
N-7.13 An AHB ERROR on either the read or the write beat ERROR sets ERRP...,4,CHK,DMA.N-7.13,"An AHB ERROR on either the read or the write beat: ERROR sets, ERRPHASE records which, EN clears, ACTIVE clears, REMAINING freezes at its value at the point of failure, and dma_error_o[n] asserts if IE_ERR is set.","CHECKED: tb/dma/tb_dma_top.sv (6 citations). check(d[18] && d[21:19] == 3'd1 && !d[17], ""[N-7.13] ERROR, ERRPHASE = read, not COMPLETE"");",,high
N-7.14 Only the affected channel aborts (R-8). Other channels continue. Th...,4,CHK,DMA.N-7.14,Only the affected channel aborts (R-8). Other channels continue. There is no global error state.,"CHECKED: tb/dma/tb_dma_top.sv (1 citation). ""[R-8] [N-7.14] the other channel ran to completion: data intact, no ERROR, no error IRQ"");",,high
N-7.15 REMAINING freezing rather than zeroing means firmware can compute e...,4,CHK,DMA.N-7.15,"REMAINING freezing rather than zeroing means firmware can compute exactly which address failed: SAR and DAR also hold their values at the point of failure, since they are only incremented on a successful beat.","CHECKED: tb/dma/tb_dma_top.sv (4 citations). check(d[15:0] == 4, ""[N-7.15] REMAINING frozen at the failure point (4 of 6 left)"");",,high
N-7.16 The channel is not automatically retried. A bus error from a DMA ch...,4,CHK,DMA.N-7.16,"The channel is not automatically retried. A bus error from a DMA channel means a bad address in SAR/DAR, which is a firmware bug, and retrying a bad address forever is worse than stopping.","CHECKED: tb/dma/tb_dma_top.sv (1 citation). check(n_rd == nr0 && n_wr == nw0 && d[0] == 0, ""[N-7.16] no automatic retry: M3 idle and EN still clear 60 cycles after the error"");",,high
N-7.17 Hardware clears EN on completion or error. Firmware may write CR in...,4,CHK,DMA.N-7.17,Hardware clears EN on completion or error. Firmware may write CR in the same cycle. Hardware wins for the EN bit; the rest of the write takes effect.,"CHECKED: tb/dma/tb_dma_top.sv (2 citations). // for each class comes from the spec ([N-7.17], [N-7.19], §6.2 ""sticky"").",,high
N-7.18 This is erratum D-2. Previously the software write took the whole r...,4,CHK,DMA.N-7.18,"This is erratum D-2. Previously the software write took the whole register, including a stale EN = 1, so a channel that had just completed was re-enabled with REMAINING = 0 and never completed again — it sat ACTIVE with nothing to do, and firmware waiting on COMPLETE hung. The fix is a per-bit priority on EN only.","CHECKED: tb/dma/tb_dma_top.sv (1 citation). check(bad == 0, $sformatf(""[R-7] [N-7.17] [N-7.18] [N-7.19] hardware wins EN on the collision, the rest of the write lands, COMPLETE is kept, the c...",,high
N-7.19 The general rule which applies to every hardware-updated field in...,4,CHK,DMA.N-7.19,"The general rule, which applies to every hardware-updated field in this block: where hardware and software write the same bit in the same cycle, hardware wins for bits hardware owns (EN, COMPLETE, ERROR, REMAINING, ACTIVE), and software wins for bits it owns (MODE, SINC, DINC, SIZE, IE_, SAR, DAR, CNT). Stating it a...","CHECKED: tb/dma/tb_dma_top.sv (4 citations). // for each class comes from the spec ([N-7.17], [N-7.19], §6.2 ""sticky"").",,high
N-7.20 The DMA reaches DSRAM and the APB region. It has no path to ISRAM o...,4,CHK,DMA.N-7.20,"The DMA reaches DSRAM and the APB region. It has no path to ISRAM or Boot ROM (R-9, GARUDA-SYS-001 ahb.master_reachability).","CHECKED: tb/dma/tb_dma_top.sv (2 citations). check(isram_touch == 0, ""[R-9] [N-7.20] no AHB transfer ever addressed ISRAM/Boot ROM"");",,high
N-7.21 The ISRAM path existed in Rev 2.2 only to support the DMA boot copy...,4,CHK,DMA.N-7.21,"The ISRAM path existed in Rev 2.2 only to support the DMA boot copy. With the polled-PIO bootloader (ADR-0015) nothing needs it, and removing it means a DMA channel misconfigured with an ISRAM address gets a clean ERROR rather than corrupting instruction memory. This is an omission of an unused path that happens to...","CHECKED: tb/dma/tb_dma_top.sv (1 citation). $sformatf(""[R-9] [N-7.20] [N-7.21] SAR or DAR in 0x0.../0x1... on every channel: clean ERROR with the right ERRPHASE, REMAINING frozen, EN clear, n...",,high
8 Timing,3,SECTION,DMA.SEC.8_Timing,,,,
N-8.1 REMAINING and COMPLETE change on the same edge the D-1 inconsiste...,4,CHK,DMA.N-8.1,REMAINING and COMPLETE change on the same edge — the D-1 inconsistency is structurally impossible now that there is no crossing between them.,"CHECKED: tb/dma/tb_dma_top.sv (2 citations). // ---- 15. STAT is exact on every read (the old DMA-4; R-6, [N-6.2], [N-8.1]) ---------------",,high
N-8.2 Every DMA register access is 3 4 hclk cycles faster and the regist...,4,CHK,DMA.N-8.2,"Every DMA register access is 3–4 hclk cycles faster, and the register file has one fewer failure mode. This is a side benefit; the reason for the change is correctness of the model, not speed.","CHECKED: tb/dma/tb_dma_top.sv (1 citation). ""[R-3] [N-5.1] [N-9.1] [N-8.2] back-to-back writes all land and a read directly behind a write returns the new value (no synchroniser latency)"");",,high
9 Clock reset and power,3,SECTION,DMA.SEC.9_Clock_reset_and_power,,,,
N-9.1 Two clocks no CDC. The channel logic arbiter engine and AHB mast...,4,CHK,DMA.N-9.1,"Two clocks, no CDC. The channel logic, arbiter, engine and AHB master are in hclk. The APB register interface is in pclk. Values cross on shared edges (GARUDA-AHB2APB-SPEC-001 §7.2).","CHECKED: tb/dma/tb_dma_top.sv (2 citations). // ---- 16. back-to-back APB accesses (the old DMA-5; R-3, [N-5.1], [N-9.1]) -----------------",,high
N-9.2 Reset is hreset_n for the hclk side and preset_n for the APB side....,4,CHK,DMA.N-9.2,"Reset is hreset_n for the hclk side and preset_n for the APB side. All channels reset disabled with CNT = 0, so no transfer can begin before firmware configures one.","CHECKED: tb/dma/tb_dma_top.sv (1 citation). ""[N-9.2] reset: all six channels disabled, CR fields/SAR/DAR/CNT/STAT at reset values, no IRQ, no ack, M3 idle"");",,high
N-9.3 Power each channel s registers and state machine are gated by that...,4,CHK,DMA.N-9.3,Power: each channel's registers and state machine are gated by that channel's EN. A disabled channel receives no clock. With all channels idle the block is inert apart from the arbiter's combinational logic.,NO TAGGED CHECK,,high
N-9.4 The per-channel gate is the cleanest clock-gating opportunity in th...,4,CHK,DMA.N-9.4,"The per-channel gate is the cleanest clock-gating opportunity in the chip: EN is an explicit, single-bit, already-registered idle condition, unlike the core's WFI condition which has to be derived from pipeline state.",NO TAGGED CHECK,,high
11 Verification plan,3,SECTION,DMA.SEC.11_Verification_plan,,,,
N-11.1 The existing regression passes for R-1 R-2 R-4 and R-8. Rev 3.0 s...,4,CHK,DMA.N-11.1,"The existing regression passes for R-1, R-2, R-4 and R-8. Rev 3.0's verification burden is mostly re-running those after the CDC removal, plus the two regression guards. Removing logic is lower risk than adding it, but the request/acknowledge path changes timing, so §7.3 needs re-verification rather than assumption.",NO TAGGED CHECK,,high
N-11.2 t_dma_write_collision must hit the collision cycle exactly. A rando...,4,CHK,DMA.N-11.2,"t_dma_write_collision must hit the collision cycle exactly. A random test will almost never produce it, which is why D-2 survived to be found late. The test needs a directed, cycle-accurate trigger.","CHECKED: tb/dma/tb_dma_top.sv (3 citations). // against the hardware EN clear (R-7 / D-2, [N-11.2])",,high
clic (10),2,SECTION,CLIC,"GARUDA-CLIC-SPEC-001. 43 notes and requirements, 7 cited by a check.",tb_clic,,high
1 Purpose and scope,3,SECTION,CLIC.SEC.1_Purpose_and_scope,,,,
N-1.1 clic_ctrl is already implemented and verified inside garuda_core_to...,4,CHK,CLIC.N-1.1,clic_ctrl is already implemented and verified inside garuda_core_top. This block supplies it with a single winning ID and its level; it does not duplicate the take logic. Splitting it this way keeps the take decision in the same timing cone as the CSRs it reads.,NO TAGGED CHECK,,high
2 Requirements,3,SECTION,CLIC.SEC.2_Requirements,,,,
R-1 Aggregate 32 interrupt sources into a single winning ID and level f...,4,CHK,CLIC.R-1,Aggregate 32 interrupt sources into a single winning ID and level for the core.,NO TAGGED CHECK,,high
R-2 Per-ID enable pending and 8-bit level.,4,CHK,CLIC.R-2,"Per-ID enable, pending, and 8-bit level.",NO TAGGED CHECK,,high
R-3 All sources shall be level-triggered fixed in hardware.,4,CHK,CLIC.R-3,"All sources shall be level-triggered, fixed in hardware.",NO TAGGED CHECK,,high
R-4 All interrupts disabled at reset.,4,CHK,CLIC.R-4,All interrupts disabled at reset.,NO TAGGED CHECK,,high
R-5 ID 0 shall never be assigned to any source.,4,CHK,CLIC.R-5,ID 0 shall never be assigned to any source.,NO TAGGED CHECK,,high
R-6 The machine timer shall not consume a CLIC ID.,4,CHK,CLIC.R-6,The machine timer shall not consume a CLIC ID.,NO TAGGED CHECK,,high
R-7 Selection shall complete in one cycle and add no latency to the cor...,4,CHK,CLIC.R-7,Selection shall complete in one cycle and add no latency to the core's take decision.,NO TAGGED CHECK,,high
R-8 An ID s level shall be changeable while that ID is pending without...,4,CHK,CLIC.R-8,"An ID's level shall be changeable while that ID is pending, without losing the pending state.",NO TAGGED CHECK,,high
5 Interfaces,3,SECTION,CLIC.SEC.5_Interfaces,,,,
N-5.1 There is no mintthresh input to this block. Rev 1.1 implied one an...,4,CHK,CLIC.N-5.1,"There is no mintthresh input to this block. Rev 1.1 implied one, and the core RTL exposes a clic_mintthresh_o port that no consumer reads. The threshold comparison is part of the take decision and belongs in clic_ctrl with the other CSR reads; performing it here would mean shipping the threshold out of the core and...",NO TAGGED CHECK,,high
N-5.2 irq_src_i is a flat 32-bit vector positioned by the ID map. The to...,4,CHK,CLIC.N-5.2,"irq_src_i is a flat 32-bit vector, positioned by the ID map. The top level does the mapping, so this block contains no per-peripheral knowledge and the ID map exists in exactly one place.",NO TAGGED CHECK,,high
6 Register map APB window 10 (0x4000_A000),3,SECTION,CLIC.SEC.6_Register_map_APB_window_10_0x4000_A000_,,,,
N-6.1 Reset value is zero every interrupt is disabled at reset. Firmware...,4,CHK,CLIC.N-6.1,Reset value is zero: every interrupt is disabled at reset. Firmware enables sources explicitly after configuring the peripherals that drive them. A source enabled before its peripheral is configured can fire on a spurious level and trap into a handler whose state is not yet initialised.,NO TAGGED CHECK,,high
N-6.2 Bit 0 is hardwired to zero and ignores writes. ID 0 is never assign...,4,CHK,CLIC.N-6.2,Bit 0 is hardwired to zero and ignores writes. ID 0 is never assigned (§7.5).,"CHECKED: tb/clic/tb_clic.sv (2 citations). // CLICIE bits 0/7/23-31 hardwired zero ([N-6.2], [N-6.3], as amended by INT-2/INT-3)",,high
N-6.3 Bits 13 and 14 are hardwired to zero and ignore writes ID 13 is re...,4,CHK,CLIC.N-6.3,"Bits 13 and 14 are hardwired to zero and ignore writes: ID 13 is reserved by ADR-0010 and ID 14 by ADR-0020. Reserved-and-unwritable rather than merely unassigned, so an enable of an ID with no source cannot produce a permanently-clear pending bit that a debugging engineer then spends an afternoon on.","CHECKED: tb/clic/tb_clic.sv (2 citations). // CLICIE bits 0/7/23-31 hardwired zero ([N-6.2], [N-6.3], as amended by INT-2/INT-3)",,high
N-6.4 Read-only and combinational from the source lines. There is no wri...,4,CHK,CLIC.N-6.4,"Read-only, and combinational from the source lines. There is no write path, no set register and no clear register.",CHECKED: tb/clic/tb_clic.sv (2 citations). // CLICIP combinational and read-only ([N-6.4]),,high
N-6.5 This follows from level triggering a pending bit that firmware cou...,4,CHK,CLIC.N-6.5,"This follows from level triggering: a pending bit that firmware could clear while the source is still asserted would immediately re-assert, and firmware that expected the clear to work would spin. Clearing an interrupt means clearing the condition in the peripheral, which is what its own register map provides.",NO TAGGED CHECK,,high
N-6.6 All 8 bits are implemented giving 255 usable levels. A level of 0...,4,CHK,CLIC.N-6.6,"All 8 bits are implemented, giving 255 usable levels. A level of 0 means the interrupt is never taken even when enabled and pending, because the take condition requires level mintthresh and mintthresh is at minimum 0.",NO TAGGED CHECK,,high
N-6.7 Writing CLICINTCFG n while ID n is pending changes the level witho...,4,CHK,CLIC.N-6.7,"Writing CLICINTCFG[n] while ID n is pending changes the level without disturbing the pending state, since pending is combinational from the source (R-8). Changing the level of an interrupt that is currently being serviced changes the mintstatus.mil comparison for nested interrupts and is firmware's responsibility.",NO TAGGED CHECK,,high
N-6.8 CLICINTCFG for IDs 0 13 14 and 23 31 is writable but has no effec...,4,CHK,CLIC.N-6.8,"CLICINTCFG for IDs 0, 13, 14 and 23–31 is writable but has no effect, as those IDs can never be enabled.",NO TAGGED CHECK,,high
7 Functional description,3,SECTION,CLIC.SEC.7_Functional_description,,,,
N-7.1 pending n is combinational pending n = irq_src_i n . No capture ...,4,CHK,CLIC.N-7.1,"pending[n] is combinational: pending[n] = irq_src_i[n]. No capture, no latch, no synchroniser. Every source is already in the hclk domain — the peripherals' interrupt outputs cross from pclk to hclk, and that crossing is synchronous (GARUDA-AHB2APB-SPEC-001 §7.2), so no CDC is needed.",NO TAGGED CHECK,,high
N-7.2 Every source is level-triggered. There is no edge-detect logic and...,4,CHK,CLIC.N-7.2,Every source is level-triggered. There is no edge-detect logic and no configuration bit to select trigger type.,NO TAGGED CHECK,,high
N-7.3 Rationale trigger type is a property of the source s hardware not...,4,CHK,CLIC.N-7.3,"Rationale: trigger type is a property of the source's hardware, not a firmware preference. Every source in this chip holds its line asserted until its condition is cleared in the peripheral — a UART's receive-FIFO-not-empty, a DMA channel's complete flag, the watchdog's warning threshold. Making trigger type configu...",NO TAGGED CHECK,,high
N-7.4 The firmware consequence which must be understood a handler must...,4,CHK,CLIC.N-7.4,"The firmware consequence, which must be understood: a handler must clear the condition in the peripheral before returning. mret with the source still asserted re-enters the handler immediately. This is the standard level-triggered contract and it is stated here because Rev 1.1's configurable trigger type left it amb...",NO TAGGED CHECK,,high
N-7.5 level_select finds the enabled pending ID with the highest level. T...,4,CHK,CLIC.N-7.5,level_select finds the enabled pending ID with the highest level. Ties are broken by the lowest ID.,"CHECKED: tb/clic/tb_clic.sv (3 citations). // highest level wins, lowest ID breaks ties ([N-7.5]), valid ignores level",,high
N-7.6 Implemented as a two-stage tree eight 4-input comparators then on...,4,CHK,CLIC.N-7.6,"Implemented as a two-stage tree: eight 4-input comparators, then one 8-input comparator. Each comparison carries {level, ~id} so that a single magnitude comparison resolves both the level and the tie-break, and the tree is 5 levels of logic deep at 32 inputs.",NO TAGGED CHECK,,high
N-7.7 The lowest-ID tie-break puts the DMA channels (IDs 1 12) ahead of t...,4,CHK,CLIC.N-7.7,"The lowest-ID tie-break puts the DMA channels (IDs 1–12) ahead of the peripherals at equal level, which matches the priority reasoning in GARUDA-SYS-001 dma.priority_note — a DMA channel not serviced loses data, a peripheral interrupt merely waits.",NO TAGGED CHECK,,high
N-7.8 clic_irq_valid_o is the OR of enable pending. It is presented to...,4,CHK,CLIC.N-7.8,"clic_irq_valid_o is the OR of enable & pending. It is presented to clic_ctrl in the same cycle, and clic_ctrl performs the take decision. This block adds one combinational tree to that path and no register stage (R-7).","CHECKED: tb/clic/tb_clic.sv (1 citation). #1 check(valid && level == 0 && id == 1, ""[N-7.8]: valid with level 0; lowest ID presented"");",,high
N-7.9 For completeness since this document s output feeds it directly,4,CHK,CLIC.N-7.9,"For completeness, since this document's output feeds it directly:",NO TAGGED CHECK,,high
N-7.10 Both comparisons are strictly greater. An interrupt at exactly the...,4,CHK,CLIC.N-7.10,"Both comparisons are strictly greater. An interrupt at exactly the current level does not preempt. Equal-level preemption would allow a handler to be interrupted by another instance of its own level, which recurses and overflows the stack.",NO TAGGED CHECK,,high
N-7.11 mintstatus.mil is the level of the interrupt currently being servic...,4,CHK,CLIC.N-7.11,"mintstatus.mil is the level of the interrupt currently being serviced, so the second comparison is what implements nesting.",NO TAGGED CHECK,,high
N-7.12 ID 0 is never assigned to any source CLICIE 0 is hardwired low a...,4,CHK,CLIC.N-7.12,"ID 0 is never assigned to any source, CLICIE[0] is hardwired low, and irq_src_i[0] is tied low at the top level.",NO TAGGED CHECK,,high
N-7.13 Rationale clic_irq_id_o reads 0 when nothing is pending. If ID 0 w...,4,CHK,CLIC.N-7.13,"Rationale: clic_irq_id_o reads 0 when nothing is pending. If ID 0 were also a real source, an engineer at bring-up could not distinguish ""no interrupt"" from ""source 0 fired"", and an uninitialised or stuck-at-zero ID path would look like normal operation. Reserving it means a trap with mcause ID 0 is unambiguously a...","CHECKED: tb/clic/tb_clic.sv (1 citation). src = 0; #1 check(!valid && id == 0, ""nothing pending - valid low, ID reads 0 ([N-7.13])"");",,high
N-7.14 mtip reaches the core as a single wire into mip.MTIP generated by...,4,CHK,CLIC.N-7.14,"mtip reaches the core as a single wire into mip.MTIP, generated by the timers block (GARUDA-TIMERS-SPEC-001 §7). It does not occupy a CLIC ID.",NO TAGGED CHECK,,high
N-7.15 Rev 1.1 assigned it ID 13 while the core already implemented mip.M...,4,CHK,CLIC.N-7.15,"Rev 1.1 assigned it ID 13, while the core already implemented mip.MTIP directly and that path was verified. Two mechanisms existed for one interrupt. The core's path is kept because it works and is tested; ID 13 is freed.",NO TAGGED CHECK,,high
N-7.16 The consequence stated honestly the machine timer cannot be level...,4,CHK,CLIC.N-7.16,"The consequence, stated honestly: the machine timer cannot be level-prioritised against CLIC sources, and cannot preempt or be preempted by them under the level scheme. It is the RISC-V architectural timer driving a 1 kHz control loop; it does not need to participate in the level hierarchy. Firmware controls its pri...",NO TAGGED CHECK,,high
N-7.17 If the winning source deasserts between clic_irq_valid_o asserting...,4,CHK,CLIC.N-7.17,"If the winning source deasserts between clic_irq_valid_o asserting and the core taking the trap, clic_ctrl may enter a handler for a condition that is no longer present. The handler must tolerate this by checking the peripheral's own status register before acting. This is inherent to level triggering with a pipeline...",NO TAGGED CHECK,,high
N-7.18 If the winning ID changes between valid asserting and the take the...,4,CHK,CLIC.N-7.18,"If the winning ID changes between valid asserting and the take, the core takes the new winner. mcause is written from the ID present at the take cycle, not the one that first caused valid to assert, so mcause is always consistent with the handler that runs.",NO TAGGED CHECK,,high
9 Clock reset and power,3,SECTION,CLIC.SEC.9_Clock_reset_and_power,,,,
N-9.1 The interrupt path sources pending enable level selection i...,4,CHK,CLIC.N-9.1,"The interrupt path — sources, pending, enable, level, selection — is entirely in hclk. The APB register interface is in pclk. Register values cross pclk→hclk synchronously, no CDC.",NO TAGGED CHECK,,high
N-9.2 CLICIE resets to zero (R-4). CLICINTCFG resets to zero so an inter...,4,CHK,CLIC.N-9.2,"CLICIE resets to zero (R-4). CLICINTCFG resets to zero, so an interrupt that is enabled before its level is set is still never taken (level 0). Both defaults fail safe.","CHECKED: tb/clic/tb_clic.sv (1 citation). // CLICINFO, reset state all-disabled/level-0 (R-4, [N-9.2])",,high
N-9.3 Power level_select is combinational and re-evaluates whenever any...,4,CHK,CLIC.N-9.3,Power: level_select is combinational and re-evaluates whenever any source or configuration changes. With all interrupts idle its inputs are static and it consumes nothing. No clock gating is applied; the register file is small and must respond to a source asserting at any time.,NO TAGGED CHECK,,high
N-9.4 An enabled pending interrupt must be able to wake the core from WF...,4,CHK,CLIC.N-9.4,"An enabled, pending interrupt must be able to wake the core from WFI. The clic_irq_valid_o term feeds the core's wake condition directly and is not gated by mstatus.MIE, so WFI wakes on a pending enabled interrupt even with interrupts globally disabled, as the privileged specification requires. This block therefore...",NO TAGGED CHECK,,high
11 Verification plan,3,SECTION,CLIC.SEC.11_Verification_plan,,,,
N-11.1 t_clic currently times out and the cause is not diagnosed. The exis...,4,CHK,CLIC.N-11.1,"t_clic currently times out and the cause is not diagnosed. The existing sanity suite is 8 of 9 passing, with t_clic the failure. It must be diagnosed before any of this block's RTL is written: the failure is in the CLIC path, the take logic in clic_ctrl is what this block feeds, and building an aggregator on top of...",NO TAGGED CHECK,,high
N-11.2 t_clic_nest should be reachable by formal for depth 2 3 which is w...,4,CHK,CLIC.N-11.2,"t_clic_nest should be reachable by formal for depth 2–3, which is worth doing: nesting bugs depend on the interleaving of take and mret, and directed tests cover only the interleavings someone thought of.",NO TAGGED CHECK,,high
timers + watchdog (11),2,SECTION,TIMERS,"GARUDA-TIMERS-SPEC-001. 49 notes and requirements, 16 cited by a check.",tb_timers,,high
2 Requirements,3,SECTION,TIMERS.SEC.2_Requirements,,,,
R-1 64-bit monotonic mtime counter readable by firmware.,4,CHK,TIMERS.R-1,"64-bit monotonic mtime counter, readable by firmware.",NO TAGGED CHECK,,high
R-2 64-bit mtimecmp writable by firmware.,4,CHK,TIMERS.R-2,"64-bit mtimecmp, writable by firmware.",NO TAGGED CHECK,,high
R-3 mtip shall be delivered to the core as a single wire.,4,CHK,TIMERS.R-3,mtip shall be delivered to the core as a single wire.,NO TAGGED CHECK,,high
R-4 A 32-bit read of mtime s halves shall never return a torn value.,4,CHK,TIMERS.R-4,A 32-bit read of mtime's halves shall never return a torn value.,NO TAGGED CHECK,,high
R-5 Writing mtimecmp shall not produce a spurious mtip.,4,CHK,TIMERS.R-5,Writing mtimecmp shall not produce a spurious mtip.,NO TAGGED CHECK,,high
R-6 32-bit watchdog with a programmable timeout and a magic-value kick.,4,CHK,TIMERS.R-6,32-bit watchdog with a programmable timeout and a magic-value kick.,NO TAGGED CHECK,,high
R-7 The watchdog shall raise an interrupt before it resets so firmware...,4,CHK,TIMERS.R-7,"The watchdog shall raise an interrupt before it resets, so firmware can record why.",NO TAGGED CHECK,,high
R-8 The watchdog s reset request shall not be cleared by the reset it c...,4,CHK,TIMERS.R-8,The watchdog's reset request shall not be cleared by the reset it causes.,"CHECKED: tb/timers/tb_timers.sv (1 citation). check(wdt_req, ""[R-8] [N-7.21] the request is still asserted at the instant hreset_n falls"");",,high
R-9 The watchdog shall not be disableable once enabled.,4,CHK,TIMERS.R-9,The watchdog shall not be disableable once enabled.,NO TAGGED CHECK,,high
5 Interfaces,3,SECTION,TIMERS.SEC.5_Interfaces,,,,
N-5.1 mtime_i and mtimecmp_i as 64-bit inputs to the core are deleted. Th...,4,CHK,TIMERS.N-5.1,mtime_i and mtimecmp_i as 64-bit inputs to the core are deleted. The core's port list loses 128 signals and its in-core comparator; see RTL delta R4.,NO TAGGED CHECK,,high
6 Register map APB window 11 (0x4000_B000),3,SECTION,TIMERS.SEC.6_Register_map_APB_window_11_0x4000_B000_,,,,
N-6.1 mtimecmp resets to all ones not zero. A zero reset value would sat...,4,CHK,TIMERS.N-6.1,"mtimecmp resets to all ones, not zero. A zero reset value would satisfy mtime = mtimecmp on the first cycle after reset and assert mtip before firmware has installed a handler. All-ones means mtip cannot assert for 2⁶⁴ cycles — about 2,300 years at 250 MHz — which is to say never until firmware sets it.","CHECKED: tb/timers/tb_timers.sv (3 citations). // mtimecmp reset value, mtip never asserts at reset [N-6.1]",,high
N-6.2 EN is write-1-to-set and sticky clearable only by reset. Rationale...,4,CHK,TIMERS.N-6.2,"EN is write-1-to-set and sticky, clearable only by reset. Rationale: a watchdog that firmware can disable is a watchdog that a hung firmware path can disable. The canonical failure is a stuck loop that happens to include a register write that clears the enable. On a flight controller, a watchdog that can be switched...","CHECKED: tb/timers/tb_timers.sv (2 citations). // WDT: EN sticky RW1S, idle WDTVAL = WDTLOAD, magic kick [N-6.2], [N-6.4]",,high
N-6.3 Once EN is set firmware must kick within WDTLOAD cycles forever. T...,4,CHK,TIMERS.N-6.3,"Once EN is set, firmware must kick within WDTLOAD cycles forever. There is no way back. This is deliberate and must be stated in the firmware's startup documentation.",NO TAGGED CHECK,,high
N-6.4 Writing 0x5A5A_C3C3 reloads the counter from WDTLOAD. Any other val...,4,CHK,TIMERS.N-6.4,Writing 0x5A5A_C3C3 reloads the counter from WDTLOAD. Any other value is ignored and sets no error.,"CHECKED: tb/timers/tb_timers.sv (2 citations). // WDT: EN sticky RW1S, idle WDTVAL = WDTLOAD, magic kick [N-6.2], [N-6.4]",,high
N-6.5 A magic value rather than any write a wild pointer sweeping throug...,4,CHK,TIMERS.N-6.5,"A magic value rather than any write: a wild pointer sweeping through the peripheral address space, or a runaway memset, would otherwise kick the watchdog and mask exactly the failure it should catch. A specific 32-bit constant makes an accidental kick improbable.",NO TAGGED CHECK,,high
N-6.6 When WDTVAL equals WDTWARN and WARNEN is set wdt_warn_irq_o assert...,4,CHK,TIMERS.N-6.6,"When WDTVAL equals WDTWARN and WARNEN is set, wdt_warn_irq_o asserts (CLIC ID 22).","CHECKED: tb/timers/tb_timers.sv (2 citations). // warning IRQ, then a full-length stretched reset [N-6.6], §8.3",,high
N-6.7 Purpose the warning fires while the core is still running so the...,4,CHK,TIMERS.N-6.7,"Purpose: the warning fires while the core is still running, so the handler can record diagnostic state — the current task, a stack pointer, a loop counter — into DSRAM before the reset arrives. After the reset, RSTREASON.WDT says the watchdog fired and the DSRAM record says what the firmware was doing. Without the w...",NO TAGGED CHECK,,high
N-6.8 The warning is level-triggered like every CLIC source and asserts...,4,CHK,TIMERS.N-6.8,"The warning is level-triggered like every CLIC source, and asserts while WDTVAL == WDTWARN, which is one hclk cycle unless the counter is stopped. Firmware's handler must be short. Setting WDTWARN to roughly 10% of WDTLOAD gives the handler 90% of the timeout budget to run in.",NO TAGGED CHECK,,high
7 Functional description,3,SECTION,TIMERS.SEC.7_Functional_description,,,,
N-7.1 mtime is a 64-bit up counter incrementing every hclk cycle. At 250...,4,CHK,TIMERS.N-7.1,"mtime is a 64-bit up counter incrementing every hclk cycle. At 250 MHz one tick is 4 ns and the counter wraps after about 2,300 years.",NO TAGGED CHECK,,high
N-7.2 mtime increments on hclk not on a divided tick. Rev 1.0 s rate was...,4,CHK,TIMERS.N-7.2,"mtime increments on hclk, not on a divided tick. Rev 1.0's rate was hclk-derived too, so nothing changes, but it is worth noting the consequence: mtime is a cycle counter, and a DIVSEL change (GARUDA-CLKRST-SPEC-001 §6.2) changes its rate. Firmware that uses mtime for wall-clock timing must recompute its scaling aft...",NO TAGGED CHECK,,high
N-7.3 mtime is writable as the privileged specification requires so fir...,4,CHK,TIMERS.N-7.3,"mtime is writable, as the privileged specification requires, so firmware can set the epoch. A write takes effect immediately and can therefore cause mtip to assert or deassert on the next cycle. That is correct behaviour and firmware should write mtime only during initialisation.",NO TAGGED CHECK,,high
N-7.4 A 32-bit bus cannot read 64 bits atomically. If firmware reads the...,4,CHK,TIMERS.N-7.4,"A 32-bit bus cannot read 64 bits atomically. If firmware reads the low word, the counter carries into the high word, and then firmware reads the high word, the combination is wrong by 2³².",NO TAGGED CHECK,,high
N-7.5 The mechanism reading MTIME_LO latches mtime 63 32 into mtime_sha...,4,CHK,TIMERS.N-7.5,The mechanism: reading MTIME_LO latches mtime[63:32] into mtime_shadow in the same cycle. A subsequent read of MTIME_HI returns the shadow. So the sequence read-LO then read-HI returns a coherent 64-bit value.,CHECKED: tb/timers/tb_timers.sv (2 citations). // coherent 64-bit mtime read across a low-word carry [N-7.5],,high
N-7.6 Firmware must read LO first. Reading HI alone returns whatever was...,4,CHK,TIMERS.N-7.6,"Firmware must read LO first. Reading HI alone returns whatever was last latched, which may be stale. This is stated in the register description and must be in the firmware's timer accessor, not left to whoever writes the next driver.",NO TAGGED CHECK,,high
N-7.7 The same technique is used for the DSU accumulator taps (GARUDA-DEB...,4,CHK,TIMERS.N-7.7,The same technique is used for the DSU accumulator taps (GARUDA-DEBUG-SPEC-001 §6.8).,NO TAGGED CHECK,,high
N-7.8 mtip_o = (mtime = mtimecmp) a 64-bit unsigned comparison combinat...,4,CHK,TIMERS.N-7.8,"mtip_o = (mtime = mtimecmp), a 64-bit unsigned comparison, combinational from the two registers, registered once before leaving the block.","CHECKED: tb/timers/tb_timers.sv (3 citations). // mtip assert on =, clear by advancing mtimecmp [N-7.8]..[N-7.10]",,high
N-7.9 The comparison is = not ==. With == a mtimecmp write to a value a...,4,CHK,TIMERS.N-7.9,"The comparison is =, not ==. With ==, a mtimecmp write to a value already passed would never match and the interrupt would be lost for 2⁶⁴ cycles. = means a late write asserts mtip immediately, which is the recoverable behaviour.","CHECKED: tb/timers/tb_timers.sv (1 citation). check(mtip, ""[N-7.9] a deadline already passed asserts at once (=, not ==)"");",,high
N-7.10 mtip_o is level not a pulse. It stays asserted until firmware adva...,4,CHK,TIMERS.N-7.10,"mtip_o is level, not a pulse. It stays asserted until firmware advances mtimecmp past mtime. This is the privileged specification's contract: the timer handler clears the interrupt by writing the next deadline. A handler that returns without advancing mtimecmp re-enters immediately.","CHECKED: tb/timers/tb_timers.sv (2 citations). // mtip assert on =, clear by advancing mtimecmp [N-7.8]..[N-7.10]",,high
N-7.11 Writing a 64-bit compare value through 32-bit registers can transie...,4,CHK,TIMERS.N-7.11,"Writing a 64-bit compare value through 32-bit registers can transiently create a value that is neither the old nor the new one. Writing LO first can make the pair momentarily smaller than mtime, asserting a spurious mtip.",NO TAGGED CHECK,,high
N-7.12 The required firmware sequence which the privileged specification...,4,CHK,TIMERS.N-7.12,"The required firmware sequence, which the privileged specification also prescribes:","CHECKED: tb/timers/tb_timers.sv (1 citation). task automatic set_cmp(input [31:0] h, input [31:0] l); // [N-7.12] sequence",,high
N-7.13 Hardware does not enforce this and cannot it has no way to know a...,4,CHK,TIMERS.N-7.13,"Hardware does not enforce this and cannot: it has no way to know a two-register write is one logical operation. A write-enable side register could serialise it, but that adds a register and a firmware step for a sequence the architecture already specifies. The sequence is therefore a firmware requirement, stated her...",NO TAGGED CHECK,,high
N-7.14 For the 1 kHz loop the deadline advances within the low word almost...,4,CHK,TIMERS.N-7.14,"For the 1 kHz loop the deadline advances within the low word almost always (GARUDA_HCLK_HZ / 1000 = 250,000 ticks), so step 2 is only needed on a low-word wrap, roughly every 17 seconds. The driver should still perform all three steps unconditionally; the saving is not worth a conditional path that is exercised once...",NO TAGGED CHECK,,high
N-7.15 wdt_ctr is a 32-bit down counter decrementing every hclk cycle whi...,4,CHK,TIMERS.N-7.15,"wdt_ctr is a 32-bit down counter, decrementing every hclk cycle while EN is set. At 250 MHz a full 32-bit count is about 17 seconds, so any practical timeout is representable.",NO TAGGED CHECK,,high
N-7.16 A WDTKICK magic write reloads from WDTLOAD. Reaching zero asserts t...,4,CHK,TIMERS.N-7.16,A WDTKICK magic write reloads from WDTLOAD. Reaching zero asserts the reset request.,CHECKED: tb/timers/tb_timers.sv (1 citation). if (ctr_d != 32'd0) req_rise_bad = req_rise_bad + 1; // [N-7.16]: only at zero,,high
N-7.17 The counter does not run while EN is clear and WDTVAL reads WDTLOAD.,4,CHK,TIMERS.N-7.17,"The counter does not run while EN is clear, and WDTVAL reads WDTLOAD.","CHECKED: tb/timers/tb_timers.sv (1 citation). apb(T, 0, 12'h018, 0, r, e); check(r == 3000, ""[N-7.17] WDTVAL reads WDTLOAD while disabled"");",,high
N-7.18 WDTLOAD is writable while running. The new value takes effect at th...,4,CHK,TIMERS.N-7.18,"WDTLOAD is writable while running. The new value takes effect at the next kick, not immediately, so a firmware bug that writes a tiny WDTLOAD does not cause an instant reset — it causes one at the next kick, which is at least diagnosable.",NO TAGGED CHECK,,high
N-7.19 wdt_rst_req_flop is reset by ext_rst_n_i not by hreset_n_i.,4,CHK,TIMERS.N-7.19,"wdt_rst_req_flop is reset by ext_rst_n_i, not by hreset_n_i.",CHECKED: tb/timers/tb_timers.sv (1 citation). // t_wdt_req_survives: request flop outside hreset_n [N-7.19],,high
N-7.20 This is the requirement of ADR-0003 seen from the watchdog s side ...,4,CHK,TIMERS.N-7.20,"This is the requirement of ADR-0003 seen from the watchdog's side, and it is the single most important sentence in this document. The watchdog's reset request causes hreset_n to assert. If the request flop were in the hreset_n domain, that reset would clear the flop, the request would deassert, and hreset_n would de...",NO TAGGED CHECK,,high
N-7.21 With the flop in the ext_rst_n domain the request persists through...,4,CHK,TIMERS.N-7.21,"With the flop in the ext_rst_n domain, the request persists through the reset it caused. reset_ctrl's stretch counter (GARUDA-CLKRST-SPEC-001 §7.2) then holds the reset for its full 1024 reference cycles regardless of the requester's state, and the request is cleared when the counter expires, by an explicit clear fr...","CHECKED: tb/timers/tb_timers.sv (3 citations). check(wdt_req, ""[R-8] [N-7.21] the request is still asserted at the instant hreset_n falls"");",,high
N-7.22 RSTREASON.WDT is likewise in the ext_rst_n domain so firmware can...,4,CHK,TIMERS.N-7.22,"RSTREASON.WDT is likewise in the ext_rst_n domain, so firmware can read after the reset that the watchdog caused it.","CHECKED: tb/timers/tb_timers.sv (1 citation). apb(R, 0, 12'h000, 0, r, e); check(r == 32'h2, ""[N-7.22] RSTREASON = WDT after the watchdog reset"");",,high
N-7.23 The watchdog continues counting while the core is held in hartreset...,4,CHK,TIMERS.N-7.23,The watchdog continues counting while the core is held in hartreset by the debugger. A debug session that stops the core for longer than the timeout will therefore trigger a watchdog reset.,NO TAGGED CHECK,,high
N-7.24 This is accepted rather than fixed. The alternatives are worse a d...,4,CHK,TIMERS.N-7.24,"This is accepted rather than fixed. The alternatives are worse: a debug-mode freeze bit would need the DM to signal this block, and more importantly a watchdog that stops for one reason will eventually be stopped for another. The practical workaround is that the watchdog is not enabled until late in firmware initial...",NO TAGGED CHECK,,high
9 Clock reset and power,3,SECTION,TIMERS.SEC.9_Clock_reset_and_power,,,,
N-9.1 Both counters and the comparator are in hclk. The APB interface is...,4,CHK,TIMERS.N-9.1,"Both counters and the comparator are in hclk. The APB interface is in pclk. Register values cross synchronously, no CDC.",NO TAGGED CHECK,,high
N-9.2 Reset domains,4,CHK,TIMERS.N-9.2,Reset domains:,"CHECKED: tb/timers/tb_timers.sv (2 citations). check(ok && !warn_irq && !wdt_req, ""[N-9.2] reset values: WDTCTL = 0, WDTLOAD = all ones, WDTWARN = 0, watchdog disabled, no warning, no request"");",,high
N-9.3 mtime resetting to 0 on a watchdog reset means firmware cannot meas...,4,CHK,TIMERS.N-9.3,"mtime resetting to 0 on a watchdog reset means firmware cannot measure how long it was hung. Accepted: preserving mtime across reset would need it in the ext_rst_n domain, 64 flops in a second reset domain, and the DSRAM diagnostic record from the early warning already gives the useful information.",NO TAGGED CHECK,,high
N-9.4 Power neither counter can be clock gated in any useful way. mtime...,4,CHK,TIMERS.N-9.4,"Power: neither counter can be clock gated in any useful way. mtime must increment every cycle by definition, and the watchdog must count while the core is asleep — indeed especially then, since a core that never wakes from WFI is exactly what the watchdog catches. 96 flops toggling continuously is the cost of having...",NO TAGGED CHECK,,high
N-9.5 This block is therefore one of the few that stays fully active duri...,4,CHK,TIMERS.N-9.5,This block is therefore one of the few that stays fully active during WFI. The core's WFI clock gate does not extend here.,NO TAGGED CHECK,,high
11 Verification plan,3,SECTION,TIMERS.SEC.11_Verification_plan,,,,
N-11.1 t_wdt_req_survives is the most important test in this document. It...,4,CHK,TIMERS.N-11.1,"t_wdt_req_survives is the most important test in this document. It is the regression guard for the runt-pulse class of bug described in §8.4, which RTL simulation would otherwise hide because reset is modelled as instantaneous. The test must check the duration of hreset_n, not merely that it asserted.",NO TAGGED CHECK,,high
N-11.2 t_mtimecmp_naive deliberately verifies that the wrong firmware sequ...,4,CHK,TIMERS.N-11.2,"t_mtimecmp_naive deliberately verifies that the wrong firmware sequence fails. This is unusual but valuable: it documents in executable form why [N-7.12] exists, so a future engineer who ""simplifies"" the driver sees a test fail rather than an intermittent spurious interrupt at 17-second intervals.",NO TAGGED CHECK,,high
debug JTAG DM SBA (12),2,SECTION,DEBUG,"GARUDA-DEBUG-SPEC-001. 44 notes and requirements, 25 cited by a check.",tb_debug,,high
2 Requirements,3,SECTION,DEBUG.SEC.2_Requirements,,,,
R-1 4-wire JTAG interface TCK TMS TDI TDO. No TRST_n.,4,CHK,DEBUG.R-1,"4-wire JTAG interface: TCK, TMS, TDI, TDO. No TRST_n.",NO TAGGED CHECK,,high
R-2 The Debug Module shall access memory and peripherals without any co...,4,CHK,DEBUG.R-2,The Debug Module shall access memory and peripherals without any core involvement.,NO TAGGED CHECK,,high
R-3 The debugger shall be able to write firmware into ISRAM including...,4,CHK,DEBUG.R-3,"The debugger shall be able to write firmware into ISRAM, including when ILOCK is set.",NO TAGGED CHECK,,high
R-4 The debugger shall be able to hold the core stopped and release it.,4,CHK,DEBUG.R-4,The debugger shall be able to hold the core stopped and release it.,NO TAGGED CHECK,,high
R-5 ndmreset shall reset the system without resetting the Debug Module...,4,CHK,DEBUG.R-5,ndmreset shall reset the system without resetting the Debug Module or the TAP.,NO TAGGED CHECK,,high
R-6 The three DSU accumulators shall be readable without stopping the c...,4,CHK,DEBUG.R-6,The three DSU accumulators shall be readable without stopping the core.,NO TAGGED CHECK,,high
R-7 The debug subsystem shall require no modification to the core RTL.,4,CHK,DEBUG.R-7,The debug subsystem shall require no modification to the core RTL.,NO TAGGED CHECK,,high
R-8 A debug session shall survive a system reset.,4,CHK,DEBUG.R-8,A debug session shall survive a system reset.,NO TAGGED CHECK,,high
5 Interfaces,3,SECTION,DEBUG.SEC.5_Interfaces,,,,
N-5.1 TRST_n is not implemented. The TAP is reset by holding TMS high for...,4,CHK,DEBUG.N-5.1,"TRST_n is not implemented. The TAP is reset by holding TMS high for five TCK cycles, which IEEE 1149.1 requires every compliant TAP to support. This saves a pin (ADR-0020) and every probe and OpenOCD support it.",CHECKED: tb/debug/tb_debug.sv (2 citations). // ---- [N-5.1] five TMS-high clocks reach Test-Logic-Reset from mid-scan states ----,,high
N-5.2 The TAP has no power-on reset of its own. Its state machine reaches...,4,CHK,DEBUG.N-5.2,"The TAP has no power-on reset of its own. Its state machine reaches Test-Logic-Reset from any state within five TCK cycles of TMS high, and OpenOCD begins every session that way. The TAP is therefore usable without hreset_n ever having deasserted, which is what makes debugging a chip stuck in reset possible.",NO TAGGED CHECK,,high
N-5.3 There is no connection to the core s pipeline register file or CSR...,4,CHK,DEBUG.N-5.3,"There is no connection to the core's pipeline, register file or CSRs. That absence is the point of Rev 2.0 and the reason R-7 is satisfiable.",NO TAGGED CHECK,,high
6 Register map,3,SECTION,DEBUG.SEC.6_Register_map,,,,
N-6.1 IDCODE = 0x0000_0DB1. Bits 11 1 are the JEDEC manufacturer ID left...,4,CHK,DEBUG.N-6.1,"IDCODE = 0x0000_0DB1. Bits 11:1 are the JEDEC manufacturer ID, left as zero pending an assignment; bits 31:12 are the part number 0x00000; bit 0 is 1 as IEEE 1149.1 requires. A probe uses IDCODE to confirm the chain is alive, which is the first thing to check at bring-up.","CHECKED: tb/debug/tb_debug.sv (1 citation). check(o[31:0] == 32'h0000_0DB1, ""[N-6.1] IDCODE = 0x0000_0DB1"");",,high
N-6.2 idle = 5 rather than 0. The DMI crossing takes a tck hclk tck round...,4,CHK,DEBUG.N-6.2,"idle = 5 rather than 0. The DMI crossing takes a tck→hclk→tck round trip through a two-flop handshake; telling the debugger to wait removes most retries and makes sessions markedly faster. This is a real, measurable difference at bring-up and costs nothing.","CHECKED: tb/debug/tb_debug.sv (1 citation). check(o[3:0] == 1 && o[9:4] == 7 && o[14:12] == 5, ""[N-6.2] DTMCS: version 1, abits 7, idle 5"");",,high
N-6.3 Addresses 0x04 (data0) 0x16 (abstractcs) 0x17 (command) and 0x20 ...,4,CHK,DEBUG.N-6.3,"Addresses 0x04 (data0), 0x16 (abstractcs), 0x17 (command) and 0x20–0x2F (progbuf) are not implemented and read as zero. A debugger discovers this through abstractcs.progbufsize = 0 and abstractcs.datacount = 0, which is the standard discovery mechanism: OpenOCD then uses SBA for memory access without needing a custo...","CHECKED: tb/debug/tb_debug.sv (2 citations). dmr(7'h16, r); check(r == 0, ""[N-6.3] abstractcs reads 0: datacount 0, progbufsize 0"");",,high
N-6.4 dmactive resets to 0 and is reset only by tck-domain TAP reset ne...,4,CHK,DEBUG.N-6.4,"dmactive resets to 0 and is reset only by tck-domain TAP reset — never by hreset_n, ndmreset or hartreset. This is what satisfies R-8: a system reset in the middle of a debug session leaves the session intact.",NO TAGGED CHECK,,high
N-6.5 sbautoincrement with sbreadondata is what makes bulk transfer usabl...,4,CHK,DEBUG.N-6.5,"sbautoincrement with sbreadondata is what makes bulk transfer usable: the debugger sets the address once, then reads sbdata0 repeatedly, each read returning the next word and starting the fetch of the one after. One DMI access per word instead of three. sbreadonaddr does the same for the first word. Without these, l...","CHECKED: tb/debug/tb_debug.sv (1 citation). check(ok, ""[N-6.5] readonaddr + readondata streams 8 words, one DMI read each"");",,high
N-6.6 Only 32-bit access is supported. sbaccess8 and sbaccess16 read 0 so...,4,CHK,DEBUG.N-6.6,"Only 32-bit access is supported. sbaccess8 and sbaccess16 read 0 so the debugger knows not to attempt them; an attempt sets sberror = 3. Rationale: byte access would require byte-enable generation in the SBA master for no use case — firmware images are word-aligned, and peripheral registers are word-only anyway (GAR...","CHECKED: tb/debug/tb_debug.sv (3 citations). check(r[4:3] == 0 && r[1:0] == 0, ""[N-6.6] sbaccess8/16/64/128 read 0"");",,high
N-6.7 Read-only captured from the live DSU outputs into an hclk register...,4,CHK,DEBUG.N-6.7,"Read-only, captured from the live DSU outputs into an hclk register on every DMI read. The core need not be stopped.","CHECKED: tb/debug/tb_debug.sv (1 citation). check(lo !== hi, ""[N-6.7] the taps are read live while the accumulator runs (no halt needed)"");",,high
N-6.8 A 48-bit value read as two 32-bit halves can tear if the accumulato...,4,CHK,DEBUG.N-6.8,"A 48-bit value read as two 32-bit halves can tear if the accumulator changes between the two reads. Reading _lo captures both halves into a holding register simultaneously, and the subsequent _hi read returns the captured upper half rather than the live value. So the sequence read-_lo then read-_hi returns a coheren...","CHECKED: tb/debug/tb_debug.sv (4 citations). check(ok, ""[N-6.8] dsuacc0 lo-then-hi is a coherent 48-bit snapshot while running"");",,high
7 Functional description,3,SECTION,DEBUG.SEC.7_Functional_description,,,,
N-7.1 The debugger holds TMS high for five TCK cycles to reset the TAP ...,4,CHK,DEBUG.N-7.1,"The debugger: holds TMS high for five TCK cycles to reset the TAP; reads IDCODE to confirm the chain; reads DTMCS for abits and idle; writes dmactive = 1; polls dmstatus until the DM responds. No system reset is required, and the core continues running throughout.","CHECKED: tb/debug/tb_debug.sv (1 citation). dmr(7'h10, r); check(r[0] == 1, ""[N-7.1] dmactive set"");",,high
N-7.2 A read write sbaddress0 if sbreadonaddr is set the transfer start...,4,CHK,DEBUG.N-7.2,"A read: write sbaddress0; if sbreadonaddr is set the transfer starts immediately, otherwise it starts when sbdata0 is read. sbbusy is high during the AHB transfer. Read sbdata0 for the result.","CHECKED: tb/debug/tb_debug.sv (6 citations). dmr(7'h3C, r); check(r == 32'hCAFE_0001, ""[N-7.2] SBA write then read-on-addr to DSRAM"");",,high
N-7.3 A write write sbaddress0 then write sbdata0. The write to sbdata0...,4,CHK,DEBUG.N-7.3,"A write: write sbaddress0, then write sbdata0. The write to sbdata0 triggers the AHB transfer.","CHECKED: tb/debug/tb_debug.sv (2 citations). check(n_xfer == x0, ""[N-7.3] writing sbaddress0 with sbreadonaddr = 0 starts no transfer"");",,high
N-7.4 Accessing sbdata0 or sbaddress0 while sbbusy is high sets sbbusyerr...,4,CHK,DEBUG.N-7.4,Accessing sbdata0 or sbaddress0 while sbbusy is high sets sbbusyerror and the access is discarded. The debugger must poll or respect the idle hint.,"CHECKED: tb/debug/tb_debug.sv (5 citations). // ---- [N-7.4] sbbusy / sbbusyerror: slow hclk, 255 wait states -----------------------",,high
N-7.5 The SBA master issues single 32-bit AHB transfers as M2. It reaches...,4,CHK,DEBUG.N-7.5,"The SBA master issues single 32-bit AHB transfers as M2. It reaches ISRAM, Boot ROM, DSRAM and the entire APB region (GARUDA-SYS-001 ahb.master_reachability).","CHECKED: tb/debug/tb_debug.sv (2 citations). check(u_isram.bd_read(32'h0000_FFFC) == 32'h70F0_FFFC, ""[N-7.5] SBA writes the last word of ISRAM (0x0000_FFFC)"");",,high
N-7.6 An AHB ERROR response sets sberror = 4. A misaligned sbaddress0 set...,4,CHK,DEBUG.N-7.6,"An AHB ERROR response sets sberror = 4. A misaligned sbaddress0 sets sberror = 2 and no transfer is issued. sberror is sticky and must be cleared by W1C before further accesses succeed, so a failure cannot be silently overwritten by the next access.","CHECKED: tb/debug/tb_debug.sv (4 citations). dmr(7'h38, r); check(r[14:12] == 2 && n_xfer == x0, ""[N-7.6] misaligned sbaddress0 - sberror 2, no transfer issued"");",,high
N-7.7 SBA writes to ISRAM bypass MEMCTL.ILOCK (GARUDA-MEM-SPEC-001 N-7.9...,4,CHK,DEBUG.N-7.7,"SBA writes to ISRAM bypass MEMCTL.ILOCK (GARUDA-MEM-SPEC-001 [N-7.9]). This is what makes recovery possible on a chip that has locked ISRAM and then hung: the debugger can replace the firmware image without a reset, preserving the DSRAM state you want to inspect.","CHECKED: tb/debug/tb_debug.sv (1 citation). check(ok, ""[N-7.7] 8-word autoincrement load into ISRAM with ILOCK set (SBA bypass)"");",,high
N-7.8 Halt in this design means holding the core in hartreset. haltreq...,4,CHK,DEBUG.N-7.8,"""Halt"" in this design means holding the core in hartreset. haltreq sets hartreset; resumereq clears it. The aliases exist so that an unmodified OpenOCD flow works.","CHECKED: tb/debug/tb_debug.sv (2 citations). #200 check(hartreset, ""[N-7.8] haltreq holds the hart in hartreset"");",,high
N-7.9 The semantics differ from Debug 0.13 in a way that must be understo...,4,CHK,DEBUG.N-7.9,"The semantics differ from Debug 0.13 in a way that must be understood, because the difference is not cosmetic:","CHECKED: tb/debug/tb_debug.sv (1 citation). dmr(7'h11, r); check(r[9] && r[8] && !r[11] && !r[10], ""[N-7.9] dmstatus: any/allhalted mirror hartreset, not running"");",,high
N-7.10 So this is not a debugger in the breakpoint-and-inspect sense. It i...,4,CHK,DEBUG.N-7.10,"So this is not a debugger in the breakpoint-and-inspect sense. It is a loader plus a memory and peripheral inspector, with the ability to stop the core so that inspection is not racing against it. The honest description: you can see all of memory and every peripheral register at any time, and you can load and start...",NO TAGGED CHECK,,high
N-7.11 The practical technique for register-level debugging is for firmwar...,4,CHK,DEBUG.N-7.11,"The practical technique for register-level debugging is for firmware to write its state to a known DSRAM location — a trap handler that dumps all 31 GPRs, mepc, mcause and mtval to a fixed struct — which SBA then reads. This makes an exception fully diagnosable, and it costs about 40 instructions in the firmware's t...",NO TAGGED CHECK,,high
N-7.12 ndmreset resets the system but not the DM or the TAP (GARUDA-CLKRST...,4,CHK,DEBUG.N-7.12,"ndmreset resets the system but not the DM or the TAP (GARUDA-CLKRST-SPEC-001 §7.3). If it reset the DM, dmcontrol.ndmreset would clear itself and the debugger would lose the session it just used — the failure mode Debug 0.13 §3.2 exists to prevent.","CHECKED: tb/debug/tb_debug.sv (2 citations). dmr(7'h10, r); check(r[1:0] == 2'b11, ""[N-7.12] dmcontrol.ndmreset and dmactive still set while ndmreset is asserted"");",,high
N-7.13 hartreset resets the core and DSU only. The bus memories and perip...,4,CHK,DEBUG.N-7.13,"hartreset resets the core and DSU only. The bus, memories and peripherals stay live, which is exactly what SBA needs while the core is stopped.","CHECKED: tb/debug/tb_debug.sv (1 citation). check(n_xfer == x0 + 1 && hartreset, ""[N-7.13] SBA still reaches memory while the hart is held in hartreset"");",,high
N-7.14 ndmreset is a level not a pulse it is held until the debugger cle...,4,CHK,DEBUG.N-7.14,"ndmreset is a level, not a pulse: it is held until the debugger clears it. It does not pass through reset_ctrl's stretch counter, which exists for the self-cancelling sources ([N-7.9] of the ClkRst spec); a debugger-held level has no such problem.","CHECKED: tb/debug/tb_debug.sv (2 citations). #200 check(ndmreset && !hartreset, ""[N-7.14] ndmreset is a level out to reset_ctrl"");",,high
N-7.15 tck is a genuinely asynchronous clock it comes from the probe at...,4,CHK,DEBUG.N-7.15,"tck is a genuinely asynchronous clock: it comes from the probe, at an unrelated frequency, and may stop entirely between accesses. The DMI crossing is therefore a real CDC and uses a two-flop request/acknowledge handshake in each direction.","CHECKED: tb/debug/tb_debug.sv (3 citations). // ---- DMI crossing scoreboard ([N-7.15], BUGS CDC-1) -----------------------------",,high
N-7.16 This is the only asynchronous crossing in the chip. The hclk pclk b...,4,CHK,DEBUG.N-7.16,"This is the only asynchronous crossing in the chip. The hclk↔pclk boundary is synchronous (GARUDA-AHB2APB-SPEC-001 §7.2). Stating this here means any future reviewer knows exactly where to look for CDC review: one module, dmi_cdc.v.","CHECKED: tb/debug/tb_debug.sv (1 citation). $sformatf(""[N-7.16] whole run: %0d DMI requests launched in tck, %0d delivered in hclk, none lost, duplicated or corrupted"", n_launch, n_pulse));",,high
N-7.17 tck may stop mid-handshake. The hclk side therefore never waits on...,4,CHK,DEBUG.N-7.17,tck may stop mid-handshake. The hclk side therefore never waits on tck progress to complete an AHB transfer: the transfer runs to completion and the result waits in sbdata0 for whenever tck resumes. An hclk-side state machine that waited on tck could hold the bus indefinitely when a probe is unplugged.,CHECKED: tb/debug/tb_debug.sv (3 citations). // ---- [N-7.17] tck stops mid-handshake: the hclk side finishes on its own ----------,,high
N-7.18 With boot_sel = 1 (GARUDA-MEM-SPEC-001 8.2 step 12) the ROM spins...,4,CHK,DEBUG.N-7.18,"With boot_sel = 1 (GARUDA-MEM-SPEC-001 §8.2 step 12) the ROM spins with ISRAM unlocked. The loop is then: build, sbaddress0 = ISRAM_BASE, stream 64 KiB through sbdata0 with autoincrement, clear hartreset, run. No SPI flash programming, no board handling. This is the single largest practical benefit of Rev 2.0 and th...",NO TAGGED CHECK,,high
8 Timing,3,SECTION,DEBUG.SEC.8_Timing,,,,
N-8.1 At 20 MHz TCK a 41-bit DMI write plus TAP overhead is roughly 50 T...,4,CHK,DEBUG.N-8.1,"At 20 MHz TCK, a 41-bit DMI write plus TAP overhead is roughly 50 TCK cycles ≈ 2.5 µs. 16,384 words ≈ 41 ms. A full firmware load over JTAG takes well under a second, against tens of seconds for an SPI flash program-and-verify cycle plus board handling.",NO TAGGED CHECK,,high
9 Clock reset and power,3,SECTION,DEBUG.SEC.9_Clock_reset_and_power,,,,
N-9.1 dmactive is in the tck domain and is reset only by TAP reset. Every...,4,CHK,DEBUG.N-9.1,"dmactive is in the tck domain and is reset only by TAP reset. Everything else in the hclk half is reset by hreset_n excluding ndmreset — that is, the DM's hclk logic is reset by external, watchdog and software resets, but not by the debug reset it generates itself.",NO TAGGED CHECK,,high
N-9.2 The TAP works with hclk stopped and hreset_n asserted. The hclk hal...,4,CHK,DEBUG.N-9.2,"The TAP works with hclk stopped and hreset_n asserted. The hclk half does not, so SBA requires the system to be out of reset. A chip stuck in reset can still be identified over JTAG (IDCODE, DTMCS) even if its memory cannot be read, which is enough to distinguish ""dead chip"" from ""chip held in reset"" at bring-up — t...","CHECKED: tb/debug/tb_debug.sv (2 citations). check(o[31:0] == 32'h0000_0DB1, ""[N-9.2] IDCODE readable with hclk stopped and the DM in reset"");",,high
N-9.3 Power the tck domain is inert with no probe attached since tck do...,4,CHK,DEBUG.N-9.3,"Power: the tck domain is inert with no probe attached, since tck does not toggle. The hclk half is gated by dmactive — with no debug session, the DM's hclk logic receives no clock. The DSU tap registers are the exception, being combinational capture only.",NO TAGGED CHECK,,high
11 Verification plan,3,SECTION,DEBUG.SEC.11_Verification_plan,,,,
N-11.1 t_tck_stops is the test most likely to catch a real bug because a...,4,CHK,DEBUG.N-11.1,"t_tck_stops is the test most likely to catch a real bug, because a probe being unplugged mid-access is routine at bring-up and an hclk-side machine that waits on tck would hold the bus forever. It must cover a stop in every phase of the handshake, not just the idle state.","CHECKED: tb/debug/tb_debug.sv (1 citation). check(r == 32'h57A1_0001 && st == 2'd0, ""[N-11.1] tck stopped before, during and after a scan: the read result is intact"");",,high
N-11.2 Formal is recommended for dmi_cdc.v. It is the only asynchronous cr...,4,CHK,DEBUG.N-11.2,"Formal is recommended for dmi_cdc.v. It is the only asynchronous crossing in the chip, it is small, and a CDC bug there is intermittent and extremely hard to diagnose from a waveform.",NO TAGGED CHECK,,high
13 Not implemented,3,SECTION,DEBUG.SEC.13_Not_implemented,,,,
N-13.1 The honest summary of this table v1 gives you a loader and a memor...,4,CHK,DEBUG.N-13.1,"The honest summary of this table: v1 gives you a loader and a memory inspector, not a source-level debugger. The capability gap is real and it is the weakest point in the chip's bring-up story. It is accepted because the alternative was an unverified fourth control mode in the core's hold/flush logic, and an unverif...",NO TAGGED CHECK,,high
spi_master (13),2,SECTION,SPIM,"GARUDA-SPIM-SPEC-001. 27 notes and requirements, 7 cited by a check.",tb_spim,,medium
2 Requirements,3,SECTION,SPIM.SEC.2_Requirements,,,,
R-1 Read the boot flash with a single-bit SPI mode-0 transfer command...,4,CHK,SPIM.R-1,"Read the boot flash with a single-bit SPI mode-0 transfer: command 0x03, 24-bit address, streamed data.","CHECKED: tb/spi_master/tb_spim.sv (3 citations). check(w == 32'h44524147, $sformatf(""[R-1] flash read at 0x20 returned %08h (bytes 44 52 41 47)"", w));",,medium
R-2 Hold one chip select asserted across command address and data phas...,4,CHK,SPIM.R-2,"Hold one chip select asserted across command, address and data phases of a transfer.",NO TAGGED CHECK,,medium
R-3 Two independent chip selects cs_flash_n cs_imu_n.,4,CHK,SPIM.R-3,"Two independent chip selects: cs_flash_n, cs_imu_n.","CHECKED: tb/spi_master/tb_spim.sv (2 citations). check(cs_both == 0, ""[R-3] the two chip selects are never asserted together"");",,medium
R-4 SCLK 20 MHz from pclk = 125 MHz.,4,CHK,SPIM.R-4,SCLK ≤ 20 MHz from pclk = 125 MHz.,"CHECKED: tb/spi_master/tb_spim.sv (1 citation). check(sclk_min = 31.9, $sformatf(""[R-4] shortest SCLK half-period %0.1f ns (= 32 ns = 15.6 MHz)"", sclk_min));",,medium
R-5 Never stall the APB bus the register interface is polled.,4,CHK,SPIM.R-5,Never stall the APB bus: the register interface is polled.,"CHECKED: tb/spi_master/tb_spim.sv (1 citation). check(pready_viol == 0, ""[R-5] PREADY high in every cycle of every access"");",,medium
R-6 One held level interrupt to CLIC ID 15.,4,CHK,SPIM.R-6,"One held, level interrupt to CLIC ID 15.","CHECKED: tb/spi_master/tb_spim.sv (2 citations). check(irq, ""[R-6] transfer-complete IRQ is asserted and still held 40 cycles later"");",,medium
R-7 DMA request-acknowledge on channel 0 one beat per assertion.,4,CHK,SPIM.R-7,"DMA request/acknowledge on channel 0, one beat per assertion.","CHECKED: tb/spi_master/tb_spim.sv (4 citations). check(dma_req, ""[R-7] dma_req asserts once the RX FIFO has a word"");",,medium
R-8 cs__n high and sclk low from reset until firmware acts.,4,CHK,SPIM.R-8,cs__n high and sclk low from reset until firmware acts.,"CHECKED: tb/spi_master/tb_spim.sv (2 citations). check(cs_flash_n && cs_imu_n && !sclk, ""[R-8] pins at safe idle while in reset"");",,medium
6 Register map APB window 1 (0x4000_1000),3,SECTION,SPIM.SEC.6_Register_map_APB_window_1_0x4000_1000_,,,,
N-6.1 8 selects cs_flash_n and 9 selects cs_imu_n 11 10 are unused...,4,CHK,SPIM.N-6.1,[8] selects cs_flash_n and [9] selects cs_imu_n; [11:10] are unused and must be written 0. The upstream IP has four chip selects; the wrapper maps the low two to pins and ties the rest off.,NO TAGGED CHECK,,medium
N-6.1a Poll 20 16 not 0 to wait for read data. 0 means the engine...,4,CHK,SPIM.N-6.1a,"Poll [20:16], not [0], to wait for read data. [0] means ""the engine is in its IDLE state"", which is also true in the cycles between the STATUS write and the engine acting on it: a poll loop tight enough to read STATUS before the engine has started sees idle, reads an empty RXFIFO and gets zero. Waiting for a word to...",NO TAGGED CHECK,,medium
N-6.2 SCLK = pclk - (2 (CLKDIV + 1)). At pclk = 125 MHz R-4 ( 20 MHz)...,4,CHK,SPIM.N-6.2,"SCLK = pclk / (2 × (CLKDIV + 1)). At pclk = 125 MHz, R-4 (≤20 MHz) requires CLKDIV ≥ 3, which gives 15.6 MHz. CLKDIV = 3 is the boot value. A DIVSEL change (CLKRST §6.2) changes pclk and therefore SCLK; firmware that lowers the chip frequency must re-program this register, and the Boot ROM runs at the reset DIVSEL,...",NO TAGGED CHECK,,medium
N-6.3 The engine asserts the selected chip select for the whole transfer...,4,CHK,SPIM.N-6.3,"The engine asserts the selected chip select for the whole transfer — command, address, dummy and data — and releases it at the end. This is R-2, and it is why a flash read works without software CS control. Firmware must not change [11:8] while STATUS[0] reads 0.",NO TAGGED CHECK,,medium
7 Functional description,3,SECTION,SPIM.SEC.7_Functional_description,,,,
N-7.1 The sequence the Boot ROM performs (sw-bootrom-spim.c) once per 32...,4,CHK,SPIM.N-7.1,"The sequence the Boot ROM performs (sw/bootrom/spim.c), once per 32-bit word:",NO TAGGED CHECK,,medium
N-7.2 SPICMD and SPIADR are shifted MSB-first from bit 31 which is why b...,4,CHK,SPIM.N-7.2,"SPICMD and SPIADR are shifted MSB-first from bit 31, which is why both are left-aligned. Getting this wrong is the classic flash bring-up failure: the command goes out as zeros and the flash returns all ones, which looks exactly like an erased device.",NO TAGGED CHECK,,medium
N-7.3 RXFIFO returns the four bytes in the order they arrived first byte...,4,CHK,SPIM.N-7.3,"RXFIFO returns the four bytes in the order they arrived, first byte in [31:24]. spim_read_word() therefore byte-swaps into the little-endian word the image header expects, and tools/mkbootimg.py writes the image in that same order. The two must agree; the test that proves they do is make test_chip_flash.",NO TAGGED CHECK,,medium
N-7.3a Boot time. One word per command costs 64 SCLK 8 command 24 addre...,4,CHK,SPIM.N-7.3a,"Boot time. One word per command costs 64 SCLK — 8 command, 24 address, 32 data — so half the bus time is per-word overhead. Measured: 4.1 µs per word at CLKDIV = 3, and make test_chip_flash boots a 700-byte image in 1.12 ms. Extrapolated to a full 64 KiB ISRAM image that is ~67 ms, which is a long time to hold a fli...",NO TAGGED CHECK,,medium
N-7.4 Mode 0 only SCLK idles low data is sampled on the rising edge and...,4,CHK,SPIM.N-7.4,"Mode 0 only: SCLK idles low, data is sampled on the rising edge and launched on the falling edge.",NO TAGGED CHECK,,medium
N-7.5 The wrapper never asserts the upstream quad-mode controls so the e...,4,CHK,SPIM.N-7.5,"The wrapper never asserts the upstream quad-mode controls, so the engine stays in single-bit mode (SPI_STD) and only mosi drives ([N-7.6]).",NO TAGGED CHECK,,medium
N-7.6 The upstream lanes are quad-SPI pads and single-bit mode uses two...,4,CHK,SPIM.N-7.6,"The upstream lanes are quad-SPI pads, and single-bit mode uses two different lane numbers for the two directions: spi_master_tx drives IO0 (spi_sdo0 → mosi) and spi_master_rx shifts in IO1 (data_int_next = {data_int[30:0], sdi1}), which is where MISO sits on a quad-capable flash. So the wrapper connects miso to spi_...",NO TAGGED CHECK,,medium
N-7.7 IRQSTAT 0 captures transfer completion 1 - 2 the upstream RX-TX...,4,CHK,SPIM.N-7.7,"IRQSTAT[0] captures transfer completion, [1]/[2] the upstream RX/TX FIFO threshold events. All three are captured sticky by the shim, so a one-cycle upstream pulse becomes the held level the CLIC requires (D-17, D-21).",NO TAGGED CHECK,,medium
N-7.8 With DMACTL 0 set dma_req_o asserts while the RX FIFO holds at le...,4,CHK,SPIM.N-7.8,"With DMACTL[0] set, dma_req_o asserts while the RX FIFO holds at least one word, and drops for one pclk after each dma_ack_i — the one-beat rule of D-21. DMACTL[1] does the same for TX space.",NO TAGGED CHECK,,medium
N-7.9 DMA beats are 32-bit words so channel 0 must be configured with CR...,4,CHK,SPIM.N-7.9,"DMA beats are 32-bit words, so channel 0 must be configured with CR.SIZE = word. An IMU burst therefore moves four bytes per beat.",NO TAGGED CHECK,,medium
N-7.10 The Boot ROM does not use DMA (ADR-0015).,4,CHK,SPIM.N-7.10,The Boot ROM does not use DMA (ADR-0015).,NO TAGGED CHECK,,medium
9 Clock reset and power,3,SECTION,SPIM.SEC.9_Clock_reset_and_power,,,,
N-9.1 One clock pclk. irq_o and dma_req_o cross to hclk synchronously (D...,4,CHK,SPIM.N-9.1,"One clock: pclk. irq_o and dma_req_o cross to hclk synchronously (D-5), no synchroniser.",NO TAGGED CHECK,,medium
N-9.2 spim_miso_i is asynchronous to pclk and is passed through the shim ...,4,CHK,SPIM.N-9.2,spim_miso_i is asynchronous to pclk and is passed through the shim's two-flop synchroniser before it reaches the engine.,NO TAGGED CHECK,,medium
N-9.3 Reset state (R-8) cs_flash_n = cs_imu_n = 1 sclk = 0 mosi = 0. A...,4,CHK,SPIM.N-9.3,"Reset state (R-8): cs_flash_n = cs_imu_n = 1, sclk = 0, mosi = 0. A board must not see a chip select asserted before firmware runs.",NO TAGGED CHECK,,medium
N-9.4 Power the window s PSEL is the natural clock-gate enable (AHB2APB...,4,CHK,SPIM.N-9.4,Power: the window's PSEL is the natural clock-gate enable (AHB2APB [N-9.5]); no gating is implemented in this block.,NO TAGGED CHECK,,medium
spi_slave (14),2,SECTION,SPIS,"GARUDA-SPIS-SPEC-001. 28 notes and requirements, 24 cited by a check.",tb_spis,,high
2 Requirements,3,SECTION,SPIS.SEC.2_Requirements,,,,
R-1 Receive bytes from an external SPI master MSB first mode 0.,4,CHK,SPIS.R-1,"Receive bytes from an external SPI master, MSB first, mode 0.","CHECKED: tb/spi_slave/tb_spis.sv (4 citations). check(d[ST_RXVALID], ""[R-1] RXVALID set after a packet"");",,high
R-2 Transmit a response byte on the same transfer.,4,CHK,SPIS.R-2,Transmit a response byte on the same transfer.,"CHECKED: tb/spi_slave/tb_spis.sv (3 citations). check(u_esp.n_rx() == 1, ""[R-2] the master clocked one byte back"");",,high
R-3 Frame a packet on cs_n a falling edge starts one a rising edge en...,4,CHK,SPIS.R-3,"Frame a packet on cs_n: a falling edge starts one, a rising edge ends it.","CHECKED: tb/spi_slave/tb_spis.sv (3 citations). check(d[ST_DONE], ""[R-3] [N-7.3] packet-done (STATUS[3]) latched on the cs_n rising edge"");",,high
R-4 Add no new asynchronous clock domain to the chip.,4,CHK,SPIS.R-4,Add no new asynchronous clock domain to the chip.,"CHECKED: tb/spi_slave/tb_spis.sv (1 citation). $sformatf(""[R-4] correct at and above the specified 24 ns half period (first failure at %0d ns)"",",,high
R-5 Word-only APB never stalls.,4,CHK,SPIS.R-5,"Word-only APB, never stalls.","CHECKED: tb/spi_slave/tb_spis.sv (7 citations). check(e, ""[R-5] PSLVERR on an unmapped offset"");",,high
R-6 One held level interrupt to CLIC ID 14.,4,CHK,SPIS.R-6,"One held, level interrupt to CLIC ID 14.","CHECKED: tb/spi_slave/tb_spis.sv (4 citations). check(!irq, ""[R-6] no interrupt before a packet"");",,high
R-7 DMA request-acknowledge on channel 4 one beat per assertion byte...,4,CHK,SPIS.R-7,"DMA request/acknowledge on channel 4, one beat per assertion, byte in [7:0].","CHECKED: tb/spi_slave/tb_spis.sv (5 citations). check(dma_req, ""[R-7] [N-7.6] dma_req asserts - bytes are waiting from the last packet"");",,high
R-8 Report an RX overrun rather than dropping a byte silently.,4,CHK,SPIS.R-8,Report an RX overrun rather than dropping a byte silently.,"CHECKED: tb/spi_slave/tb_spis.sv (5 citations). check(d[8:4] == 5'd16, $sformatf(""[R-8] [N-8.1] FIFO holds 16 (got %0d)"", d[8:4]));",,high
R-9 miso released and all state idle out of reset a partial packet mus...,4,CHK,SPIS.R-9,miso released and all state idle out of reset; a partial packet must not be presented as data.,"CHECKED: tb/spi_slave/tb_spis.sv (5 citations). check(!miso_oe, ""[R-9] MISO released while in reset"");",,high
6 Register map APB window 0 (0x4000_0000),3,SECTION,SPIS.SEC.6_Register_map_APB_window_0_0x4000_0000_,,,,
N-6.0 Window 0 was deliberately left unmapped by ADR-0020 rather than com...,4,CHK,SPIS.N-6.0,"Window 0 was deliberately left unmapped by ADR-0020 rather than compacting the window map when this block was cut, precisely so it could come back without moving anything. This is the block it was held for.",NO TAGGED CHECK,,high
N-6.1 Reading RXDATA pops one byte and drops the DMA request for it. 31 ...,4,CHK,SPIS.N-6.1,Reading RXDATA pops one byte and drops the DMA request for it. [31:8] read 0.,"CHECKED: tb/spi_slave/tb_spis.sv (4 citations). // ---- [N-6.1] RXDATA pop, and the DMA request that goes with it ----------------------------",,high
N-6.2 TXDATA is not double-buffered per byte it is loaded into the shift...,4,CHK,SPIS.N-6.2,"TXDATA is not double-buffered per byte: it is loaded into the shifter at the start of each byte. Firmware or the DMA must write the next response before the master clocks the following byte, which at the [N-7.2] maximum SCLK leaves at least 8 × 6 = 48 pclk. If nothing is written, the previous value is re-sent — a de...",CHECKED: tb/spi_slave/tb_spis.sv (4 citations). // ---- [N-6.2] TXDATA is loaded at the start of EVERY byte ------------------------,,high
7 Functional description,3,SECTION,SPIS.SEC.7_Functional_description,,,,
N-7.1 An SPI slave s shift clock is generated by the other end of the wir...,4,CHK,SPIS.N-7.1,"An SPI slave's shift clock is generated by the other end of the wire. The obvious implementation clocks the shift register on sclk directly and hands bytes to pclk through an asynchronous FIFO. This design does not do that, for a reason that is about the chip and not about this block:",NO TAGGED CHECK,,high
N-7.1a The price stated plainly. Oversampling imposes a maximum SCLK. Two...,4,CHK,SPIS.N-7.1a,"The price, stated plainly. Oversampling imposes a maximum SCLK. Two pclk of synchroniser plus edge detection need the half-period to be at least three pclk to be seen reliably, so SCLK ≤ pclk / 6 = 20.8 MHz, and the specification limit is SCLK ≤ 20 MHz with pclk at 125 MHz. An ESP32 SPI master defaults well below th...","CHECKED: tb/spi_slave/tb_spis.sv (2 citations). // [N-7.1a] says SCLK <= pclk/6. pclk is 8 ns, so the limit is a 24 ns",,high
N-7.1b If DIVSEL lowers pclk the SCLK limit scales with it. At the DIV=4...,4,CHK,SPIS.N-7.1b,"If DIVSEL lowers pclk, the SCLK limit scales with it. At the DIV=4 timing fallback (pclk = 62.5 MHz) the limit is 10 MHz. Firmware that changes the chip frequency must re-negotiate the companion's SPI clock, exactly as it must re-program the UART divisors.","CHECKED: tb/spi_slave/tb_spis.sv (3 citations). real pclk_half = 4.0; // 125 MHz, 8 ns; [N-7.1b] slows it",,high
N-7.2 Mode 0 only SCLK idles low mosi is sampled on the rising edge and...,4,CHK,SPIS.N-7.2,"Mode 0 only: SCLK idles low, mosi is sampled on the rising edge and miso changes on the falling edge, MSB first, 8 bits per byte. Matching block 13's mode ([SPIM N-7.4]) keeps one convention in the chip.","CHECKED: tb/spi_slave/tb_spis.sv (4 citations). // [N-7.2] mode 0: miso is launched from the falling edge, so inside the",,high
N-7.3 cs_n falling starts a packet the bit counter and shifter reset so...,4,CHK,SPIS.N-7.3,"cs_n falling starts a packet: the bit counter and shifter reset, so a packet always begins byte-aligned regardless of what preceded it. cs_n rising ends it and sets IRQSTAT[1] and STATUS[3].","CHECKED: tb/spi_slave/tb_spis.sv (9 citations). check(d[ST_DONE], ""[R-3] [N-7.3] packet-done (STATUS[3]) latched on the cs_n rising edge"");",,high
N-7.3a A packet whose bit count is not a multiple of 8 leaves a partial by...,4,CHK,SPIS.N-7.3a,"A packet whose bit count is not a multiple of 8 leaves a partial byte in the shifter. That partial byte is discarded, never pushed. A truncated ESP-NOW frame must not appear to firmware as a short but valid one; the packet-complete interrupt plus the FIFO level is how firmware sees the truncation.","CHECKED: tb/spi_slave/tb_spis.sv (2 citations). $sformatf(""[N-7.3a] a 12-bit frame delivers ONE byte, not two (level=%0d)"", d[8:4]));",,high
N-7.4 Three sources into the standard sticky tail (D-21) 0 a byte arri...,4,CHK,SPIS.N-7.4,"Three sources into the standard sticky tail (D-21): [0] a byte arrived, [1] the packet completed, [2] overrun. The intended handler waits on [1], then drains the FIFO — one interrupt per packet rather than per byte.","CHECKED: tb/spi_slave/tb_spis.sv (6 citations). check(irq, ""[R-6] [N-7.4] packet-complete interrupt asserted"");",,high
N-7.5 If a byte completes while the RX FIFO is full the new byte is drop...,4,CHK,SPIS.N-7.5,"If a byte completes while the RX FIFO is full, the new byte is dropped, STATUS[2] latches and IRQSTAT[2] sets. Dropping the newest rather than the oldest keeps the bytes already accepted contiguous, so a packet is truncated rather than interleaved — a truncated packet fails its checksum, an interleaved one might not.","CHECKED: tb/spi_slave/tb_spis.sv (9 citations). check(d[ST_OVR], ""[R-8] [N-7.5] OVERRUN (STATUS[2]) is set"");",,high
N-7.6 DMACTL 0 requests a beat while STATUS 0 (RXVALID) is set. Word-si...,4,CHK,SPIS.N-7.6,"DMACTL[0] requests a beat while STATUS[0] (RXVALID) is set. Word-sized beats, byte in [7:0], request drops for at least one pclk after every dma_ack_i — the shim's hold-off, for the dma_chan.v taken_q rule (D-16, D-21). Channel 4 is this block's; dma_req_i[4] was tied low at the SoC top for as long as the block did...","CHECKED: tb/spi_slave/tb_spis.sv (6 citations). check(dma_req, ""[R-7] [N-7.6] dma_req asserts - bytes are waiting from the last packet"");",,high
8 Timing,3,SECTION,SPIS.SEC.8_Timing,,,,
N-8.1 RX FIFO depth is 16 bytes matching the UART s. At the maximum SCLK...,4,CHK,SPIS.N-8.1,"RX FIFO depth is 16 bytes, matching the UART's. At the maximum SCLK an 8-bit byte takes 400 ns, so a full FIFO represents 6.4 µs of slack for the DMA or firmware to respond — comfortably more than an interrupt latency.","CHECKED: tb/spi_slave/tb_spis.sv (1 citation). check(d[8:4] == 5'd16, $sformatf(""[R-8] [N-8.1] FIFO holds 16 (got %0d)"", d[8:4]));",,high
9 Clock reset and power,3,SECTION,SPIS.SEC.9_Clock_reset_and_power,,,,
N-9.1 One clock domain pclk. No CDC that is N-7.1 and it is the bloc...,4,CHK,SPIS.N-9.1,One clock domain: pclk. No CDC — that is [N-7.1] and it is the block's main design property. The three pad inputs pass through the shim's two-flop synchronisers.,NO TAGGED CHECK,,high
N-9.2 spis_miso_oe_o is 0 out of reset and is asserted only while cs_n is...,4,CHK,SPIS.N-9.2,"spis_miso_oe_o is 0 out of reset and is asserted only while cs_n is active and CTRL.EN is set. On a bus the ESP32 may share, a slave that drives MISO while not selected is a contention fault, not a protocol one.","CHECKED: tb/spi_slave/tb_spis.sv (5 citations). // [N-9.2] MISO may only be driven while selected. cs_n is synchronised, so",,high
N-9.2a There is a bounded release tail and it is deliberate. cs_n reaches...,4,CHK,SPIS.N-9.2a,"There is a bounded release tail, and it is deliberate. cs_n reaches the block through the shim's two-flop synchroniser, so the output enable drops 2 pclk (16 ns at 125 MHz) after the pin rises, measured in tb_spis. Releasing from the raw pin instead would remove the tail but put a combinational path from an asynchro...","CHECKED: tb/spi_slave/tb_spis.sv (3 citations). // [N-9.2a] how long after the cs_n PIN rises the output enable drops, in pclk",,high
N-9.3 All framing state bit counter shifter byte-assembly resets wi...,4,CHK,SPIS.N-9.3,"All framing state — bit counter, shifter, byte-assembly — resets with preset_n and again on every cs_n falling edge ([N-7.3]), so the block cannot come up mid-byte after a reset that lands during a transfer.",CHECKED: tb/spi_slave/tb_spis.sv (3 citations). // ---- [N-9.3] a reset that lands during a transfer --------------------------------------------,,high
13 Not implemented,3,SECTION,SPIS.SEC.13_Not_implemented,,,,
N-13.1 CPOL-CPHA other than mode 0 quad-dual 16-bit words hardware pack...,4,CHK,SPIS.N-13.1,"CPOL/CPHA other than mode 0, quad/dual, 16-bit words, hardware packet length or CRC. The ESP-NOW frame format is firmware's.",NO TAGGED CHECK,,high
N-13.2 No TX FIFO one holding register ( N-6.2 ).,4,CHK,SPIS.N-13.2,No TX FIFO: one holding register ([N-6.2]).,CHECKED: tb/spi_slave/tb_spis.sv (2 citations). // [N-13.2] one holding register: a second write replaces the first,,high
i2c (15),2,SECTION,I2C,"GARUDA-I2C-SPEC-001. 29 notes and requirements, 26 cited by a check.",tb_i2c,,high
2 Requirements,3,SECTION,I2C.SEC.2_Requirements,,,,
R-1 Master write and read transfers to a 7-bit addressed slave with re...,4,CHK,I2C.R-1,"Master write and read transfers to a 7-bit addressed slave, with repeated start.","CHECKED: tb/i2c/tb_i2c.sv (8 citations). check(ok && !d[ST_NACK], ""[R-1] the slave acknowledged its address"");",,high
R-2 SCL at or below 100 kHz and 400 kHz from pclk = 125 MHz.,4,CHK,I2C.R-2,SCL at or below 100 kHz and 400 kHz from pclk = 125 MHz.,"CHECKED: tb/i2c/tb_i2c.sv (3 citations). check(ok, ""[R-2] a transfer ran at PRESCALE 249"");",,high
R-3 Word-only APB 32-bit registers at word-aligned offsets.,4,CHK,I2C.R-3,"Word-only APB, 32-bit registers at word-aligned offsets.","CHECKED: tb/i2c/tb_i2c.sv (4 citations). check(e, ""[R-3] PSLVERR on an unmapped offset"");",,high
R-4 Never stall the APB bus.,4,CHK,I2C.R-4,Never stall the APB bus.,"CHECKED: tb/i2c/tb_i2c.sv (1 citation). check(pready_viol == 0, ""[R-4] PREADY high in every cycle of every access"");",,high
R-5 One held level interrupt to CLIC ID 16.,4,CHK,I2C.R-5,"One held, level interrupt to CLIC ID 16.","CHECKED: tb/i2c/tb_i2c.sv (5 citations). check(!irq, ""[R-5] no interrupt before a transfer"");",,high
R-6 DMA request-acknowledge on channel 1 one beat per assertion.,4,CHK,I2C.R-6,"DMA request/acknowledge on channel 1, one beat per assertion.","CHECKED: tb/i2c/tb_i2c.sv (6 citations). check(!dma_req, ""[R-6] no request with nothing received"");",,high
R-7 Report a NACK and arbitration loss without hanging.,4,CHK,I2C.R-7,"Report a NACK, and arbitration loss, without hanging.","CHECKED: tb/i2c/tb_i2c.sv (9 citations). check(ok && d[ST_NACK], ""[R-7] an unanswered address sets STATUS.RXNACK"");",,high
R-8 A wedged slave must not hang the SoC a transfer that stalls is aba...,4,CHK,I2C.R-8,A wedged slave must not hang the SoC: a transfer that stalls is abandoned and the bus released.,"CHECKED: tb/i2c/tb_i2c.sv (9 citations). check(ok && !d[ST_TO], ""[R-8] a slave stretching 20 us inside a 480 us budget completes"");",,high
R-9 Open-drain discipline the block never drives either line high.,4,CHK,I2C.R-9,Open-drain discipline: the block never drives either line high.,"CHECKED: tb/i2c/tb_i2c.sv (1 citation). check(drive_high == 0, ""[R-9] [N-9.2] the block never drove either line high"");",,high
R-10 Pins released (inputs) from reset until firmware acts.,4,CHK,I2C.R-10,Pins released (inputs) from reset until firmware acts.,"CHECKED: tb/i2c/tb_i2c.sv (3 citations). check(!scl_oe && !sda_oe, ""[R-10] both lines released while in reset"");",,high
6 Register map APB window 2 (0x4000_2000),3,SECTION,I2C.SEC.6_Register_map_APB_window_2_0x4000_2000_,,,,
N-6.1 The nominal divider is five prescaler ticks per SCL bit,4,CHK,I2C.N-6.1,The nominal divider is five prescaler ticks per SCL bit:,"CHECKED: tb/i2c/tb_i2c.sv (1 citation). // test is about the arithmetic in [N-6.1], not the data path.",,high
N-6.2 Write-only and self-clearing the bits are handed to the byte contr...,4,CHK,I2C.N-6.2,Write-only and self-clearing: the bits are handed to the byte controller for one transfer and drop when it acknowledges. The usual combinations:,"CHECKED: tb/i2c/tb_i2c.sv (4 citations). check(d == 32'd0 && !e, ""[N-6.2] CMD is write-only: it reads 0"");",,high
N-6.2a NACK ( 4 ) is the level this master drives on the acknowledge bit a...,4,CHK,I2C.N-6.2a,"NACK ([4]) is the level this master drives on the acknowledge bit after a read. I²C requires the master to NACK the final byte it reads, so that the slave releases SDA; forgetting it is the classic reason a bus then refuses to produce a STOP.","CHECKED: tb/i2c/tb_i2c.sv (2 citations). check(u_slv.mack, ""[N-6.2a] CMD.NACK put a NACK on the wire after the byte read"");",,high
N-6.2b Writing CMD while STATUS.TIP is set is ignored and raises PSLVERR....,4,CHK,I2C.N-6.2b,Writing CMD while STATUS.TIP is set is ignored and raises PSLVERR. One command at a time — the byte controller has no queue.,"CHECKED: tb/i2c/tb_i2c.sv (2 citations). check(e, ""[N-6.2b] a second CMD while TIP raises PSLVERR"");",,high
N-6.3,4,CHK,I2C.N-6.3,,"CHECKED: tb/i2c/tb_i2c.sv (13 citations). check(d[5:0] == 6'd0, $sformatf(""[N-6.3] STATUS is 0 on an idle bus: no false START out of reset (%02h)"", d[5:0]));",,high
N-6.4 Reading it clears RXVALID and drops the DMA request. It does not st...,4,CHK,I2C.N-6.4,Reading it clears RXVALID and drops the DMA request. It does not start a transfer — the next byte needs another RD command.,"CHECKED: tb/i2c/tb_i2c.sv (3 citations). check(!d[ST_RXVALID], ""[R-1] [N-6.4] reading RXDATA cleared RXVALID"");",,high
7 Functional description,3,SECTION,I2C.SEC.7_Functional_description,,,,
N-7.1 Write value V to register R of the device at 7-bit address A,4,CHK,I2C.N-7.1,Write value V to register R of the device at 7-bit address A:,CHECKED: tb/i2c/tb_i2c.sv (2 citations). // ---- a register write to the slave ([N-7.1]) ---------------------------------,,high
N-7.2 The repeated start is what makes this atomic on a shared bus,4,CHK,I2C.N-7.2,The repeated start is what makes this atomic on a shared bus:,"CHECKED: tb/i2c/tb_i2c.sv (1 citation). // ---- a register read, with a repeated start ([N-7.2]) --------------------------",,high
N-7.3 Four sources into the standard sticky tail (D-21),4,CHK,I2C.N-7.3,Four sources into the standard sticky tail (D-21):,"CHECKED: tb/i2c/tb_i2c.sv (5 citations). check(d[0] && !d[3], ""[N-7.3] an acknowledged byte raises IRQSTAT[0] and not IRQSTAT[3]"");",,high
N-7.4 The vendored bit controller detects that SDA read back low while th...,4,CHK,I2C.N-7.4,"The vendored bit controller detects that SDA read back low while this master was releasing it, asserts i2c_al, and the byte controller returns to idle. GARUDA latches it sticky in STATUS.AL and raises IRQSTAT[1]. Firmware must treat the whole transfer as failed and retry from the START; the byte in RXDATA is meaning...",CHECKED: tb/i2c/tb_i2c.sv (7 citations). // ---- arbitration loss ([N-7.4]) ---------------------------------------------------------------,,high
N-7.5 I C lets a slave hold SCL low to stall the master ( clock stretchin...,4,CHK,I2C.N-7.5,"I²C lets a slave hold SCL low to stall the master (""clock stretching""), and the vendored bit controller honours it by freezing its divider (slave_wait). There is no upper bound. A slave that is confused, held in reset, or simply absent while something else pulls SCL low therefore stalls the transfer for ever: TIP ne...","CHECKED: tb/i2c/tb_i2c.sv (8 citations). check(d[ST_TO], ""[R-8] [N-7.5] STATUS.TIMEOUT is set"");",,high
N-7.5a A timeout releases the pins but does not send a STOP there is no...,4,CHK,I2C.N-7.5a,"A timeout releases the pins but does not send a STOP — there is no way to send one on a bus whose clock is held low by somebody else. The bus recovers when the slave lets go. Firmware that wants to force the issue must clock the bus manually, which GARUDA cannot do without GPIO on these pins; recorded as OPEN-I1.","CHECKED: tb/i2c/tb_i2c.sv (1 citation). check(u_slv.n_stop == stop0, ""[N-7.5a] the timeout released the pins without sending a STOP"");",,high
N-9.2 See 9.,4,CHK,I2C.N-9.2,See §9.,"CHECKED: tb/i2c/tb_i2c.sv (1 citation). check(drive_high == 0, ""[R-9] [N-9.2] the block never drove either line high"");",,high
N-7.7 DMACTL 0 requests a beat while STATUS.RXVALID is set DMACTL 1 re...,4,CHK,I2C.N-7.7,DMACTL[0] requests a beat while STATUS.RXVALID is set; DMACTL[1] requests while the block can accept a byte (EN and not TIP). Beats are word-sized with the byte in [7:0] (D-21).,"CHECKED: tb/i2c/tb_i2c.sv (6 citations). check(d[31:8] == 24'd0, ""[R-6] [N-7.7] word-sized beat, byte in [7:0]"");",,high
9 Clock reset and power,3,SECTION,I2C.SEC.9_Clock_reset_and_power,,,,
N-9.1 Single domain pclk 125 MHz reset preset_n. No CDC inside the block.,4,CHK,I2C.N-9.1,"Single domain: pclk, 125 MHz, reset preset_n. No CDC inside the block.",NO TAGGED CHECK,,high
N-9.3 scl and sda inputs are asynchronous and pass through the shim s two...,4,CHK,I2C.N-9.3,"scl and sda inputs are asynchronous and pass through the shim's two-flop synchronisers. The vendored core adds its own spike filter on top (filter_cnt, 16× SCL).","CHECKED: tb/i2c/tb_i2c.sv (2 citations). check(!d[ST_BUSY], ""[N-9.3] a one-pclk spike on SDA is filtered, not taken as a START"");",,high
N-9.4 Out of reset both _oe are 0 lines released pulled up by the boar...,4,CHK,I2C.N-9.4,"Out of reset both _oe are 0 — lines released, pulled up by the board. R-10.","CHECKED: tb/i2c/tb_i2c.sv (1 citation). check(!scl_oe && !sda_oe, ""[R-10] [N-9.4] both lines released out of reset"");",,high
13 Not implemented,3,SECTION,I2C.SEC.13_Not_implemented,,,,
N-13.1 Slave mode 10-bit addressing general call SMBus PEC high-speed...,4,CHK,I2C.N-13.1,"Slave mode, 10-bit addressing, general call, SMBus PEC, high-speed mode. The vendored controllers support none of them.",NO TAGGED CHECK,,high
N-13.2 No bus-recovery clocking ( N-7.5a ).,4,CHK,I2C.N-13.2,No bus-recovery clocking ([N-7.5a]).,NO TAGGED CHECK,,high
uart0-1-2 (16-17-18),2,SECTION,UART,"GARUDA-UART-SPEC-001. 32 notes and requirements, 31 cited by a check.",tb_uart,,medium
2 Requirements,3,SECTION,UART.SEC.2_Requirements,,,,
R-1 Transmit and receive 8N1 frames at a programmable baud rate byte-a...,4,CHK,UART.R-1,"Transmit and receive 8N1 frames at a programmable baud rate, byte-accurate in both directions.","CHECKED: tb/uart/tb_uart.sv (19 citations). check(u_term.n_rx() == 1, ""[R-1] [N-7.2] the terminal received one frame"");",,medium
R-2 115200 baud from pclk = 125 MHz with 1 baud error.,4,CHK,UART.R-2,115200 baud from pclk = 125 MHz with ≤1% baud error.,"CHECKED: tb/uart/tb_uart.sv (3 citations). check(u_term.n_rx() == 1 && u_term.get() == 8'h55, ""[R-2] 0x55 at divisor 1084"");",,medium
R-3 Word-only APB every register is 32 bits at a word-aligned offset ...,4,CHK,UART.R-3,"Word-only APB: every register is 32 bits at a word-aligned offset, even though upstream is byte-addressed.","CHECKED: tb/uart/tb_uart.sv (5 citations). check(d[31:8] == 24'd0, ""[R-3] [N-6.2] PRDATA[31:8] reads 0, not X"");",,medium
R-4 Never stall the APB bus.,4,CHK,UART.R-4,Never stall the APB bus.,"CHECKED: tb/uart/tb_uart.sv (1 citation). check(pready_viol == 0, ""[R-4] PREADY high in every cycle of every access"");",,medium
R-5 One held level interrupt per instance to its CLIC ID.,4,CHK,UART.R-5,"One held, level interrupt per instance to its CLIC ID.","CHECKED: tb/uart/tb_uart.sv (7 citations). check(!irq, ""[R-5] no interrupt with an empty RX FIFO"");",,medium
R-6 DMA request-acknowledge on the instance s channel one beat per ass...,4,CHK,UART.R-6,"DMA request/acknowledge on the instance's channel, one beat per assertion, word-sized beats carrying one byte in [7:0].","CHECKED: tb/uart/tb_uart.sv (6 citations). check(!dma_req, ""[R-6] no request with an empty RX FIFO"");",,medium
R-7 Report parity and framing errors to firmware without losing receive...,4,CHK,UART.R-7,Report parity and framing errors to firmware without losing received data.,"CHECKED: tb/uart/tb_uart.sv (17 citations). check(ok && !d[LSR_PE], ""[R-7] a clean 8E1 frame sets no parity error"");",,medium
R-8 tx high (line idle) from reset until firmware acts rx synchronised...,4,CHK,UART.R-8,tx high (line idle) from reset until firmware acts; rx synchronised before use.,"CHECKED: tb/uart/tb_uart.sv (2 citations). check(tx === 1'b1, ""[R-8] tx is high (line idle) while in reset"");",,medium
R-9 Three instances are independent no shared register interrupt DMA...,4,CHK,UART.R-9,"Three instances are independent: no shared register, interrupt, DMA channel or clock enable.","CHECKED: tb/uart/tb_uart.sv (10 citations). // ---- three instances, nothing shared ([R-9]) -------------------------------------------------------",,medium
6 Register map one 4 KiB window per instance,3,SECTION,UART.SEC.6_Register_map_one_4_KiB_window_per_instance,,,,
N-6.1 Upstream decodes register_adr = PADDR 2 0 eight registers at byt...,4,CHK,UART.N-6.1,"Upstream decodes register_adr = PADDR[2:0] — eight registers at byte offsets 0–7. GARUDA's bridge rejects sub-word accesses before they reach a peripheral (AHB2APB [N-7.12]), so a byte-addressed register file cannot be reached at all. The shim is configured with ADDR_SHIFT = 2, which presents our word offset 4n to t...","CHECKED: tb/uart/tb_uart.sv (1 citation). check(d == 32'h3, ""[R-3] [N-6.1] LCR at word offset 0x0C reaches byte register 3"");",,medium
N-6.2 PRDATA 31 8 reads 0 not X upstream zero-extends every read (PRDA...,4,CHK,UART.N-6.2,"PRDATA[31:8] reads 0, not X: upstream zero-extends every read (PRDATA = {24'b0, …}). Firmware may read a whole word and mask.","CHECKED: tb/uart/tb_uart.sv (1 citation). check(d[31:8] == 24'd0, ""[R-3] [N-6.2] PRDATA[31:8] reads 0, not X"");",,medium
N-6.2a LCR 7 is the Divisor Latch Access Bit. While it is set offsets 0x...,4,CHK,UART.N-6.2a,"LCR[7] is the Divisor Latch Access Bit. While it is set, offsets 0x00 and 0x04 address the baud divisor (DLL, DLM) instead of the data and interrupt-enable registers. This is the 16550's original sin and it is preserved here because the register file is.","CHECKED: tb/uart/tb_uart.sv (2 citations). bfm.read(R_DLL, d, e); check(d == 32'h3C, ""[R-3] [N-6.2a] DLAB=1: offset 0x00 is DLL"");",,medium
N-6.3 Bits GARUDA relies on. Bits 0 5 and 6 are levels recomputed every...,4,CHK,UART.N-6.3,"Bits GARUDA relies on. Bits 0, 5 and 6 are levels recomputed every pclk from FIFO occupancy; bits 2 and 3 describe the byte currently at the head of the RX FIFO and travel with it:","CHECKED: tb/uart/tb_uart.sv (3 citations). check(d[7:0] == 8'h60, $sformatf(""[N-6.3] DR is a level: it drops when the FIFO empties (LSR=%02h)"", d[7:0]));",,medium
N-6.3a Reading LSR has no effect on data. Upstream s read path asserts clr...,4,CHK,UART.N-6.3a,"Reading LSR has no effect on data. Upstream's read path asserts clr_int into uart_interrupt and nothing else — it does not pop a FIFO and does not alter regs_q[LSR]. This is what makes the wrapper's idle-cycle poll ([N-7.4]) safe, and it was verified by reading the upstream read mux, not by assuming (D-23).",CHECKED: tb/uart/tb_uart.sv (3 citations). // ---- LSR: reading it changes nothing ([N-6.3a]) ------------------------------------,,medium
N-6.3b TEMT (bit 6) not THRE (bit 5) is the bit to poll before cutting p...,4,CHK,UART.N-6.3b,"TEMT (bit 6), not THRE (bit 5), is the bit to poll before cutting power or changing the baud rate. THRE goes high as soon as the last byte leaves the FIFO for the shift register, up to ten bit-times before the stop bit is actually on the wire.",CHECKED: tb/uart/tb_uart.sv (4 citations). // ---- THRE and TEMT are different things ([N-6.3b]) ---------------------------------,,medium
7 Functional description,3,SECTION,UART.SEC.7_Functional_description,,,,
N-7.1 The divisor is a plain per-bit counter there is no 16 oversampling,4,CHK,UART.N-7.1,The divisor is a plain per-bit counter — there is no 16× oversampling:,"CHECKED: tb/uart/tb_uart.sv (4 citations). // test is the arithmetic in [N-7.1], not the data path.",,medium
N-7.2,4,CHK,UART.N-7.2,,"CHECKED: tb/uart/tb_uart.sv (1 citation). check(u_term.n_rx() == 1, ""[R-1] [N-7.2] the terminal received one frame"");",,medium
N-7.3,4,CHK,UART.N-7.3,,"CHECKED: tb/uart/tb_uart.sv (2 citations). check(ok, ""[R-1] [N-7.3] LSR[0] set after the terminal sent a byte"");",,medium
N-7.4 Upstream exposes tx_elements and rx_elements only as internal signa...,4,CHK,UART.N-7.4,"Upstream exposes tx_elements and rx_elements only as internal signals — they are not ports. The wrapper needs them as levels for both the interrupt and the DMA request, so, exactly as the SPI master does with its STATUS register (SPIM [N-7.4]), the wrapper — the only APB master into the IP — reads LSR in the cycles...","CHECKED: tb/uart/tb_uart.sv (2 citations). // ---- how stale the polled status is, and what that does to the RX request ([N-7.4]) ----------",,medium
N-7.5 uart_interrupt s output is left unconnected and firmware must leav...,4,CHK,UART.N-7.5,"uart_interrupt's output is left unconnected, and firmware must leave IER (offset 0x04) at 0. The block's interrupt is built in the wrapper from the LSR levels of [N-7.4] and delivered through the standard sticky tail (D-21):","CHECKED: tb/uart/tb_uart.sv (7 citations). check(irq, ""[R-5] [N-7.5] W1C alone does not clear it - the byte is still waiting"");",,medium
N-7.5a Bit 2 is one line error event for both causes the interrupt only...,4,CHK,UART.N-7.5a,"Bit 2 is one ""line error"" event for both causes: the interrupt only has to say the byte at the head of the FIFO is suspect. Firmware reads LSR to tell them apart, and the distinction is worth having — a parity error means noise on the line, a framing error means the baud rate is wrong.","CHECKED: tb/uart/tb_uart.sv (2 citations). check(d[2], ""[R-7] [N-7.5a] IRQSTAT[2] captured the line error"");",,medium
N-7.6 DMACTL 0 requests a beat while LSR 0 is set (a byte is waiting) ...,4,CHK,UART.N-7.6,DMACTL[0] requests a beat while LSR[0] is set (a byte is waiting); DMACTL[1] requests while LSR[5] is set (the TX FIFO has room). The request drops for at least one pclk after every dma_ack_i — the shim's hold-off — because dma_chan.v takes one beat per assertion and a request that stays high deadlocks the channel a...,"CHECKED: tb/uart/tb_uart.sv (6 citations). check(dma_req, ""[R-6] [N-7.6] dma_req asserts when a byte arrives"");",,medium
N-7.6a Beats are word-sized the byte lives in 7 0 and 31 8 reads 0. F...,4,CHK,UART.N-7.6a,Beats are word-sized; the byte lives in [7:0] and [31:8] reads 0. Firmware sets the DMA channel's SIZE to word and the peripheral address to this window's offset 0x00.,"CHECKED: tb/uart/tb_uart.sv (1 citation). check(d[31:8] == 24'd0, ""[R-6a] [N-7.6a] word-sized beat, byte in [7:0], rest 0"");",,medium
N-7.6b dma_req_o is forced low while the DLAB shadow is set ( N-6.2a ).,4,CHK,UART.N-7.6b,dma_req_o is forced low while the DLAB shadow is set ([N-6.2a]).,"CHECKED: tb/uart/tb_uart.sv (2 citations). check(!dma_req, ""[N-7.6b] the request is withdrawn while DLAB is set"");",,medium
8 Timing,3,SECTION,UART.SEC.8_Timing,,,,
N-8.1 Upstream samples each bit at its centre. On the falling edge of the...,4,CHK,UART.N-8.1,Upstream samples each bit at its centre. On the falling edge of the start bit the baud counter runs to cfg_div_i[15:1] — a half bit period — rather than the full cfg_div_i it uses for every later bit:,"CHECKED: tb/uart/tb_uart.sv (2 citations). // ---- receiver baud tolerance ([N-8.1], OPEN-U1) --------------------------------",,medium
9 Clock reset and power,3,SECTION,UART.SEC.9_Clock_reset_and_power,,,,
N-9.1 Single clock domain pclk 125 MHz from preset_n. The IP is fully...,4,CHK,UART.N-9.1,"Single clock domain: pclk, 125 MHz, from preset_n. The IP is fully synchronous to it; there is no CDC inside the block.",NO TAGGED CHECK,,medium
N-9.2 uart_rx_i is a pad input asynchronous to pclk and is passed through...,4,CHK,UART.N-9.2,"uart_rx_i is a pad input asynchronous to pclk and is passed through the shim's two-flop synchroniser before it reaches the IP. Upstream adds three more flops of its own (reg_rx_sync), which is harmless — five flops of latency on a signal whose bit period is 1085 clocks.","CHECKED: tb/uart/tb_uart.sv (1 citation). check(d[7:0] == 8'h60, $sformatf(""[N-9.2] [N-9.3] LSR is 0x60 out of reset: rx came up idle through the synchroniser, no garbage byte framed (%02h)...",,medium
N-9.3 uart_tx_o is high out of reset (R-8). Upstream resets its transmitt...,4,CHK,UART.N-9.3,"uart_tx_o is high out of reset (R-8). Upstream resets its transmitter to the idle line state, and the wrapper adds nothing: a UART line held low is a continuous break condition to whatever is on the other end.","CHECKED: tb/uart/tb_uart.sv (2 citations). check(tx === 1'b1, ""[R-8] [N-9.3] tx is high out of reset"");",,medium
13 Not implemented,3,SECTION,UART.SEC.13_Not_implemented,,,,
N-13.1 MCR (0x10) and MSR (0x18) are not implemented at all upstream s wr...,4,CHK,UART.N-13.1,"MCR (0x10) and MSR (0x18) are not implemented at all: upstream's write case list is THR/IER/LCR/FCR and its read mux covers RBR/LSR/LCR/IER/IIR; everything else falls to default. They decode without PSLVERR and read 0. No modem-control pin exists on GARUDA anyway (PHYS §3.1), so firmware must not use hardware flow c...",CHECKED: tb/uart/tb_uart.sv (2 citations). // cleanly (no PSLVERR) and read 0. [N-13.1]/[N-13.2] say so; this test,,medium
N-13.2 SCR (0x1C) the 16550 scratch register is likewise not implemented...,4,CHK,UART.N-13.2,"SCR (0x1C), the 16550 scratch register, is likewise not implemented — writes are dropped and reads return 0. Do not use it as a scratchpad; it is not one.",CHECKED: tb/uart/tb_uart.sv (2 citations). // cleanly (no PSLVERR) and read 0. [N-13.1]/[N-13.2] say so; this test,,medium
N-13.2a Upstream s FCR trigger-level field is writable and feeds uart_inter...,4,CHK,UART.N-13.2a,"Upstream's FCR trigger-level field is writable and feeds uart_interrupt, which GARUDA does not use ([N-7.5]). It therefore has no observable effect. It is left writable rather than blocked so that the vendored register file is untouched.","CHECKED: tb/uart/tb_uart.sv (2 citations). // ---- FCR: the clears work, the trigger level does nothing ([N-13.2a]) ---------------------------",,medium
N-13.3 No break generation or detection no auto-baud no RS-485 direction...,4,CHK,UART.N-13.3,"No break generation or detection, no auto-baud, no RS-485 direction pin, no 9-bit address mode.",CHECKED: tb/uart/tb_uart.sv (5 citations). // ---- break ([N-13.3]) ---------------------------------------------------------------------------,,medium
gpio (19),2,SECTION,GPIO,"GARUDA-GPIO-SPEC-001. 20 notes and requirements, 10 cited by a check.",tb_gpio,,medium
2 Requirements,3,SECTION,GPIO.SEC.2_Requirements,,,,
R-1 Drive either pin high or low under firmware control.,4,CHK,GPIO.R-1,Drive either pin high or low under firmware control.,"CHECKED: tb/gpio/tb_gpio.sv (2 citations). check(pin[0] === 1'b1, ""[R-1] PADOUTSET drives pin 0 high"");",,medium
R-2 Read the level on either pin whether driven or not.,4,CHK,GPIO.R-2,"Read the level on either pin, whether driven or not.","CHECKED: tb/gpio/tb_gpio.sv (3 citations). check(d[0] == 1'b1, ""[R-2] an output pin reads back the level it drives"");",,medium
R-3 Per-pin direction control independently.,4,CHK,GPIO.R-3,"Per-pin direction control, independently.","CHECKED: tb/gpio/tb_gpio.sv (1 citation). check(gpio_oe == 2'b01, ""[R-3] PADDIR made pin 0 an output and left pin 1 an input"");",,medium
R-4 Word-only APB 32-bit registers at word-aligned offsets.,4,CHK,GPIO.R-4,"Word-only APB, 32-bit registers at word-aligned offsets.","CHECKED: tb/gpio/tb_gpio.sv (2 citations). check(e, ""[R-4] PSLVERR on an unmapped offset"");",,medium
R-5 Never stall the APB bus.,4,CHK,GPIO.R-5,Never stall the APB bus.,"CHECKED: tb/gpio/tb_gpio.sv (1 citation). check(pready_viol == 0, ""[R-5] PREADY high in every cycle of every access"");",,medium
R-6 One held level interrupt to CLIC ID 20 from a per-pin edge or leve...,4,CHK,GPIO.R-6,"One held level interrupt to CLIC ID 20, from a per-pin edge or level condition.","CHECKED: tb/gpio/tb_gpio.sv (8 citations). check(!irq, ""[R-6] no interrupt before an edge"");",,medium
R-7 Pad inputs synchronised before use.,4,CHK,GPIO.R-7,Pad inputs synchronised before use.,"CHECKED: tb/gpio/tb_gpio.sv (1 citation). check(d[1] == 1'b0, ""[R-7] and follows it low, through the synchronisers"");",,medium
R-8 Both pins released (inputs) from reset until firmware acts.,4,CHK,GPIO.R-8,Both pins released (inputs) from reset until firmware acts.,"CHECKED: tb/gpio/tb_gpio.sv (2 citations). check(gpio_oe == 2'b00, ""[R-8] both pins are inputs while in reset"");",,medium
6 Register map APB window 7 (0x4000_7000),3,SECTION,GPIO.SEC.6_Register_map_APB_window_7_0x4000_7000_,,,,
N-6.1 GPIOEN n gates the input path. A pin used only as an output does n...,4,CHK,GPIO.N-6.1,"GPIOEN[n] gates the input path. A pin used only as an output does not need it; a pin read or used as an interrupt source does, and forgetting it is the usual reason a GPIO interrupt never arrives.",NO TAGGED CHECK,,medium
N-6.2 Bits 31 2 of every register exist in the vendored RTL and are wri...,4,CHK,GPIO.N-6.2,"Bits [31:2] of every register exist in the vendored RTL and are writable, but no pin is attached. Firmware must ignore them. t_gpio_width asserts that reads return 0 there.","CHECKED: tb/gpio/tb_gpio.sv (1 citation). check(d[31:2] == 30'd0, ""[N-6.2] and bits [31:2] read 0 - no pins behind them"");",,medium
N-6.3 PADOUTSET and PADOUTCLR exist so two contexts can own one pin each...,4,CHK,GPIO.N-6.3,"PADOUTSET and PADOUTCLR exist so two contexts can own one pin each without a read-modify-write race on PADOUT. On a chip with an interrupt handler toggling one pin and a control loop toggling the other, use them.",NO TAGGED CHECK,,medium
7 Functional description,3,SECTION,GPIO.SEC.7_Functional_description,,,,
N-7.1,4,CHK,GPIO.N-7.1,,NO TAGGED CHECK,,medium
N-7.2,4,CHK,GPIO.N-7.2,,NO TAGGED CHECK,,medium
N-7.3 The vendored block s interrupt output is a one-cycle pulse not a l...,4,CHK,GPIO.N-7.3,"The vendored block's interrupt output is a one-cycle pulse, not a level: assign interrupt = s_is_int_all, and s_is_int_all is a combinational edge detect gated by INTEN/GPIOEN/INTTYPE. It is therefore exactly the SPI master's situation ([SPIM N-7.7]) and the shim's sticky IRQSTAT[0] is what turns it into the held le...","CHECKED: tb/gpio/tb_gpio.sv (4 citations). // ---- interrupt: rising edge, and the two-step clear of [N-7.3] --------------------",,medium
N-7.3a For the same reason the wrapper must never poll INTSTATUS. The SPI...,4,CHK,GPIO.N-7.3a,For the same reason the wrapper must never poll INTSTATUS. The SPI and UART wrappers read a status register in idle cycles to recover FIFO state ([SPIM N-7.4]); doing that here would silently eat every interrupt. GPIO needs no such polling — it has no FIFO and no DMA — and the wrapper does none.,NO TAGGED CHECK,,medium
9 Clock reset and power,3,SECTION,GPIO.SEC.9_Clock_reset_and_power,,,,
N-9.1 Single domain pclk reset preset_n.,4,CHK,GPIO.N-9.1,"Single domain, pclk, reset preset_n.",NO TAGGED CHECK,,medium
N-9.2 gpio_oe is 0 out of reset both pins are inputs until firmware say...,4,CHK,GPIO.N-9.2,gpio_oe is 0 out of reset — both pins are inputs until firmware says otherwise (R-8). On a flight controller a GPIO that powers up driving is a pin fighting whatever is on the other side of it.,NO TAGGED CHECK,,medium
N-9.3 The IP s dft_cg_enable_i is tied low. It bypasses an internal clock...,4,CHK,GPIO.N-9.3,The IP's dft_cg_enable_i is tied low. It bypasses an internal clock gate in test mode; DFT insertion must revisit it ([N-14.1]).,NO TAGGED CHECK,,medium
13 Not implemented,3,SECTION,GPIO.SEC.13_Not_implemented,,,,
N-13.1 PADCFG (drive strength pull-up-down slew) is writable and has no...,4,CHK,GPIO.N-13.1,"PADCFG (drive strength, pull-up/down, slew) is writable and has no effect: GARUDA has no pad cells in RTL, so there is nothing to configure. When the pad ring lands, these bits become real and this note must go.",NO TAGGED CHECK,,medium
N-13.2 DMACTL exists so every peripheral window has the same tail but GPI...,4,CHK,GPIO.N-13.2,"DMACTL exists so every peripheral window has the same tail, but GPIO owns no DMA channel in the Rev 4.0 map. Writing it does nothing.",NO TAGGED CHECK,,medium
pwm (20),2,SECTION,PWM,"GARUDA-PWM-SPEC-001. 21 notes and requirements, 17 cited by a check.",tb_pwm,,high
1 Purpose and scope,3,SECTION,PWM.SEC.1_Purpose_and_scope,,,,
N-1.1 Every other peripheral in this chip is adapted from open-source RTL...,4,CHK,PWM.N-1.1,"Every other peripheral in this chip is adapted from open-source RTL (D-22). PWM is the exception, and deliberately. PULP's only option is apb_adv_timer: four timers with four channels each, an event unit and a capture/trigger matrix. The verification cost dominates the design cost. For a general-purpose timer you ha...",NO TAGGED CHECK,,high
2 Requirements,3,SECTION,PWM.SEC.2_Requirements,,,,
R-1 Produce a pulse of programmable width at a programmable period acc...,4,CHK,PWM.R-1,"Produce a pulse of programmable width at a programmable period, accurate to one tick.","CHECKED: tb/pwm/tb_pwm.sv (8 citations). check(npulse[0] = 2, $sformatf(""[R-1] channel 0 is pulsing (%0d pulses)"", npulse[0]));",,high
R-2 Four channels with independent duty and independent enable.,4,CHK,PWM.R-2,Four channels with independent duty and independent enable.,"CHECKED: tb/pwm/tb_pwm.sv (2 citations). $sformatf(""[R-2] ch3 width %0.0f ns (3200) - four independent duties"", width[3]));",,high
R-3 All four channels share one time base their rising edges are aligned.,4,CHK,PWM.R-3,All four channels share one time base; their rising edges are aligned.,"CHECKED: tb/pwm/tb_pwm.sv (1 citation). ""[R-3] [N-7.2] all four outputs rise in the same cycle - one shared time base"");",,high
R-4 Word-only APB never stalls.,4,CHK,PWM.R-4,"Word-only APB, never stalls.","CHECKED: tb/pwm/tb_pwm.sv (8 citations). check(e, ""[R-4] PSLVERR on an unmapped offset"");",,high
R-5 A duty written mid-pulse must never shorten the pulse in progress.,4,CHK,PWM.R-5,A duty written mid-pulse must never shorten the pulse in progress.,"CHECKED: tb/pwm/tb_pwm.sv (3 citations). $sformatf(""[R-5] [N-7.3] the pulse in progress kept its original width (%0.0f ns)"",",,high
R-6 Outputs low at reset low when disabled and low within one cycle o...,4,CHK,PWM.R-6,"Outputs low at reset, low when disabled, and low within one cycle of EN clearing.","CHECKED: tb/pwm/tb_pwm.sv (6 citations). check(pwm == 4'b0000, ""[R-6] [N-9.2] all four outputs LOW while in reset - motors off"");",,high
R-7 A duty wider than the period is clamped and reported not left unde...,4,CHK,PWM.R-7,"A duty wider than the period is clamped and reported, not left undefined.","CHECKED: tb/pwm/tb_pwm.sv (4 citations). check(d[16], ""[R-7] [N-7.4] STATUS reports channel 0's duty was clamped"");",,high
R-8 Period and duty resolution adequate for 50 Hz servo and 4 kHz OneSh...,4,CHK,PWM.R-8,Period and duty resolution adequate for 50 Hz servo and 4 kHz OneShot125.,"CHECKED: tb/pwm/tb_pwm.sv (4 citations). $sformatf(""[R-8] with PRESCALE 9, 25 ticks = %0.0f ns (2000 expected)"",",,high
R-9 One held level interrupt to CLIC ID 21.,4,CHK,PWM.R-9,"One held, level interrupt to CLIC ID 21.","CHECKED: tb/pwm/tb_pwm.sv (4 citations). check(irq, ""[R-7] [R-9] and it raised the clamp interrupt"");",,high
6 Register map APB window 8 (0x4000_8000),3,SECTION,PWM.SEC.6_Register_map_APB_window_8_0x4000_8000_,,,,
N-6.1 CTRL.EN is the master switch and CTRL 7 4 are per-channel. An outp...,4,CHK,PWM.N-6.1,CTRL.EN is the master switch and CTRL[7:4] are per-channel. An output is high only when both are set and the counter is below that channel's shadowed duty. Every other combination is low.,CHECKED: tb/pwm/tb_pwm.sv (6 citations). // [N-6.1] an output may be high only with CTRL.EN AND its own enable set,,high
7 Functional description,3,SECTION,PWM.SEC.7_Functional_description,,,,
N-7.1 Pick a tick that makes the numbers whole then work in ticks,4,CHK,PWM.N-7.1,"Pick a tick that makes the numbers whole, then work in ticks:","CHECKED: tb/pwm/tb_pwm.sv (3 citations). $sformatf(""[N-7.1] PRESCALE 124, PERIOD 20000, DUTY 1500: frame %0.3f ms rise to rise, pulse %0.3f ms - exact"",",,high
N-7.1a PRESCALE and PERIOD are not double-buffered only the duties are....,4,CHK,PWM.N-7.1a,"PRESCALE and PERIOD are not double-buffered — only the duties are. Change them with CTRL.EN clear, then re-enable; changing the period under a running frame is not defined and is not tested.","CHECKED: tb/pwm/tb_pwm.sv (2 citations). // ---- [N-7.1a] PRESCALE and PERIOD changed with EN clear, then re-enabled -------------",,high
N-7.2 There is one prescaler and one counter and four comparators read i...,4,CHK,PWM.N-7.2,"There is one prescaler and one counter, and four comparators read it. The four rising edges are therefore in the same clock cycle by construction, not by configuration — no register value can skew them. That is R-3, and t_pwm_aligned asserts pwm_o == 4'b1111 in the cycle after a rise.","CHECKED: tb/pwm/tb_pwm.sv (4 citations). // [N-7.2] with all four channels enabled and non-zero, any rising edge",,high
N-7.3 A write to DUTYn lands in a holding register. The core copies all f...,4,CHK,PWM.N-7.3,A write to DUTYn lands in a holding register. The core copies all four into shadow registers only at the period boundary. So a control loop that updates duty at an arbitrary moment — which is what a control loop does — can never shorten the pulse already on the wire.,"CHECKED: tb/pwm/tb_pwm.sv (5 citations). $sformatf(""[R-5] [N-7.3] the pulse in progress kept its original width (%0.0f ns)"",",,high
N-7.4 DUTYn PERIOD is a programming error with a real-world meaning the...,4,CHK,PWM.N-7.4,"DUTYn PERIOD is a programming error with a real-world meaning: the line would stay high across the wrap and an ESC would see a continuous signal rather than a frame. The core clamps the shadow to PERIOD (a steady 100% duty, which is at least a defined state), sets STATUS[16+n], and raises IRQSTAT[1].","CHECKED: tb/pwm/tb_pwm.sv (5 citations). check(d[16], ""[R-7] [N-7.4] STATUS reports channel 0's duty was clamped"");",,high
N-7.5 Clearing CTRL.EN drives all four outputs low combinationally in th...,4,CHK,PWM.N-7.5,"Clearing CTRL.EN drives all four outputs low combinationally, in the same cycle — not at the end of the frame. A fault handler that has decided to stop the motors should not have to wait 20 ms for a frame boundary. t_pwm_stop clears EN mid-pulse and checks all four are low two cycles later.","CHECKED: tb/pwm/tb_pwm.sv (4 citations). ""[R-6] [N-7.5] clearing EN mid-pulse: all four low two cycles later"");",,high
9 Clock reset and power,3,SECTION,PWM.SEC.9_Clock_reset_and_power,,,,
N-9.1 Single domain pclk reset preset_n. No CDC no pad inputs.,4,CHK,PWM.N-9.1,"Single domain, pclk, reset preset_n. No CDC, no pad inputs.",NO TAGGED CHECK,,high
N-9.2 pwm_o is 0 out of reset (R-6). This is the block where safe idle is...,4,CHK,PWM.N-9.2,"pwm_o is 0 out of reset (R-6). This is the block where safe idle is a design requirement rather than an integration detail: an ESC reads a low line as ""no signal"" and holds the motor stopped, so a chip in reset, a chip half-configured, and a chip with a disabled PWM block all present the same harmless state to the m...","CHECKED: tb/pwm/tb_pwm.sv (6 citations). check(pwm == 4'b0000, ""[R-6] [N-9.2] all four outputs LOW while in reset - motors off"");",,high
13 Not implemented,3,SECTION,PWM.SEC.13_Not_implemented,,,,
N-13.1 DShot dead-time insertion complementary outputs input capture p...,4,CHK,PWM.N-13.1,"DShot, dead-time insertion, complementary outputs, input capture, phase-shifted channels. None is needed by a quadrotor ESC interface, and each would enlarge exactly the state space [N-1.1] set out to keep small.",NO TAGGED CHECK,,high
N-13.2 PERIOD-PRESCALE are not double-buffered ( N-7.1a ).,4,CHK,PWM.N-13.2,PERIOD/PRESCALE are not double-buffered ([N-7.1a]).,NO TAGGED CHECK,,high
Stage 4 - CPU Core,1,SECTION,S4,,,,
ISA tests in lockstep with Spike,2,SECTION,S4.ISA,"rv32ui, rv32um, rv32mi. Each test self-checks and every retired instruction is compared against Spike (tools/lockstep.py).",,,
add,3,TC,S4.ISA.add,,scripts/run_regression.sh,,high
addi,3,TC,S4.ISA.addi,,scripts/run_regression.sh,,high
and,3,TC,S4.ISA.and,,scripts/run_regression.sh,,high
andi,3,TC,S4.ISA.andi,,scripts/run_regression.sh,,high
auipc,3,TC,S4.ISA.auipc,,scripts/run_regression.sh,,high
beq,3,TC,S4.ISA.beq,,scripts/run_regression.sh,,high
bge,3,TC,S4.ISA.bge,,scripts/run_regression.sh,,high
bgeu,3,TC,S4.ISA.bgeu,,scripts/run_regression.sh,,high
blt,3,TC,S4.ISA.blt,,scripts/run_regression.sh,,high
bltu,3,TC,S4.ISA.bltu,,scripts/run_regression.sh,,high
bne,3,TC,S4.ISA.bne,,scripts/run_regression.sh,,high
fence_i,3,TC,S4.ISA.fence_i,,scripts/run_regression.sh,,high
jal,3,TC,S4.ISA.jal,,scripts/run_regression.sh,,high
jalr,3,TC,S4.ISA.jalr,,scripts/run_regression.sh,,high
lb,3,TC,S4.ISA.lb,,scripts/run_regression.sh,,high
lbu,3,TC,S4.ISA.lbu,,scripts/run_regression.sh,,high
ld_st,3,TC,S4.ISA.ld_st,,scripts/run_regression.sh,,high
lh,3,TC,S4.ISA.lh,,scripts/run_regression.sh,,high
lhu,3,TC,S4.ISA.lhu,,scripts/run_regression.sh,,high
lui,3,TC,S4.ISA.lui,,scripts/run_regression.sh,,high
lw,3,TC,S4.ISA.lw,,scripts/run_regression.sh,,high
mul,3,TC,S4.ISA.mul,,scripts/run_regression.sh,,high
mulh,3,TC,S4.ISA.mulh,,scripts/run_regression.sh,,high
mulhsu,3,TC,S4.ISA.mulhsu,,scripts/run_regression.sh,,high
mulhu,3,TC,S4.ISA.mulhu,,scripts/run_regression.sh,,high
or,3,TC,S4.ISA.or,,scripts/run_regression.sh,,high
ori,3,TC,S4.ISA.ori,,scripts/run_regression.sh,,high
p-csr,3,TC,S4.ISA.p-csr,,scripts/run_regression.sh,,high
p-div,3,TC,S4.ISA.p-div,,scripts/run_regression.sh,,high
p-divu,3,TC,S4.ISA.p-divu,,scripts/run_regression.sh,,high
p-illegal,3,TC,S4.ISA.p-illegal,,scripts/run_regression.sh,,high
p-lh-misaligned,3,TC,S4.ISA.p-lh-misaligned,,scripts/run_regression.sh,,high
p-lw-misaligned,3,TC,S4.ISA.p-lw-misaligned,,scripts/run_regression.sh,,high
p-ma_addr,3,TC,S4.ISA.p-ma_addr,,scripts/run_regression.sh,,high
p-ma_data,3,TC,S4.ISA.p-ma_data,,scripts/run_regression.sh,,high
p-ma_fetch,3,TC,S4.ISA.p-ma_fetch,,scripts/run_regression.sh,,high
p-mcsr,3,TC,S4.ISA.p-mcsr,,scripts/run_regression.sh,,high
p-rem,3,TC,S4.ISA.p-rem,,scripts/run_regression.sh,,high
p-remu,3,TC,S4.ISA.p-remu,,scripts/run_regression.sh,,high
p-sbreak,3,TC,S4.ISA.p-sbreak,,scripts/run_regression.sh,,high
p-scall,3,TC,S4.ISA.p-scall,,scripts/run_regression.sh,,high
p-sh-misaligned,3,TC,S4.ISA.p-sh-misaligned,,scripts/run_regression.sh,,high
p-shamt,3,TC,S4.ISA.p-shamt,,scripts/run_regression.sh,,high
p-sw-misaligned,3,TC,S4.ISA.p-sw-misaligned,,scripts/run_regression.sh,,high
p-zicntr,3,TC,S4.ISA.p-zicntr,,scripts/run_regression.sh,,high
sb,3,TC,S4.ISA.sb,,scripts/run_regression.sh,,high
sh,3,TC,S4.ISA.sh,,scripts/run_regression.sh,,high
simple,3,TC,S4.ISA.simple,,scripts/run_regression.sh,,high
sll,3,TC,S4.ISA.sll,,scripts/run_regression.sh,,high
slli,3,TC,S4.ISA.slli,,scripts/run_regression.sh,,high
slt,3,TC,S4.ISA.slt,,scripts/run_regression.sh,,high
slti,3,TC,S4.ISA.slti,,scripts/run_regression.sh,,high
sltiu,3,TC,S4.ISA.sltiu,,scripts/run_regression.sh,,high
sltu,3,TC,S4.ISA.sltu,,scripts/run_regression.sh,,high
sra,3,TC,S4.ISA.sra,,scripts/run_regression.sh,,high
srai,3,TC,S4.ISA.srai,,scripts/run_regression.sh,,high
srl,3,TC,S4.ISA.srl,,scripts/run_regression.sh,,high
srli,3,TC,S4.ISA.srli,,scripts/run_regression.sh,,high
st_ld,3,TC,S4.ISA.st_ld,,scripts/run_regression.sh,,high
sub,3,TC,S4.ISA.sub,,scripts/run_regression.sh,,high
sw,3,TC,S4.ISA.sw,,scripts/run_regression.sh,,high
xor,3,TC,S4.ISA.xor,,scripts/run_regression.sh,,high
xori,3,TC,S4.ISA.xori,,scripts/run_regression.sh,,high
Core sanity tests,2,SECTION,S4.SANITY,,,,
t_loadbranch,3,TC,S4.SANITY.t_loadbranch,11 load-use into a branch,sw/tests/t_loadbranch.S on tb_boot,,high
t_flush,3,TC,S4.SANITY.t_flush,22 flush with outstanding fetch,sw/tests/t_flush.S on tb_boot,,high
t_buserr,3,TC,S4.SANITY.t_buserr,17 D-port ERROR response,sw/tests/t_buserr.S on tb_boot,,high
t_irq,3,TC,S4.SANITY.t_irq,"18/19 CLIC interrupt mid-stream, MRET resume",sw/tests/t_irq.S on tb_boot,,high
t_wfi,3,TC,S4.SANITY.t_wfi,20 WFI sleep and wake,sw/tests/t_wfi.S on tb_boot,,high
t_dsu,3,TC,S4.SANITY.t_dsu,9/13 DSU Custom-0 and busy hold,sw/tests/t_dsu.S on tb_boot,,high
t_mem,3,TC,S4.SANITY.t_mem,"item 6: width x offset matrix, byte enables, misalign traps",sw/tests/t_mem.S on tb_boot,,high
t_clic,3,TC,S4.SANITY.t_clic,"18: CLIC id/level/threshold sweep, take and block",sw/tests/t_clic.S on tb_boot,,high
t_cov,3,TC,S4.SANITY.t_cov,"coverage closure: FENCE, reserved encodings, CSR sweep, toggle walks",sw/tests/t_cov.S on tb_boot,,high
t_mtip,3,TC,S4.SANITY.t_mtip,"T-8: timer-only WFI wake, then clear, core keeps running",sw/tests/t_mtip.S on tb_boot,,high
t_hold_flush_matrix,3,TC,S4.SANITY.t_hold_flush_matrix,"[N-11.2] hold x flush matrix: 19 cells, interrupts and D-port waits",sw/tests/t_hold_flush_matrix.S on tb_boot,,high
t_dsu_b2b,3,TC,S4.SANITY.t_dsu_b2b,DSU instructions back to back through the pipeline (DSU-11..13),sw/tests/t_dsu_b2b.S on tb_boot,,high
Stall and timing robustness,2,SECTION,S4.TIMING,,,,
ISA suite under random wait states 20 seeds,3,TC,S4.TIMING.RAND,I and D port waits 0..8 per access.,,,high
t_hold_flush_matrix,3,TC,S4.TIMING.MATRIX,"CORE [N-11.2]: 19 hold-versus-flush cells, each checked on architectural state; sw/tests/t_hold_flush_matrix.S.",,,high
t_dsu_b2b,3,TC,S4.TIMING.DSUB2B,DSU instructions back to back through the pipeline; sw/tests/t_dsu_b2b.S.,,,high
Random programs in lockstep with Spike,3,TC,S4.TIMING.RANDPROG,Random instruction streams with random interrupts. NOT RUN: no generator yet.,,,high
Functional coverage (tb-cov-garuda_cov.sv),2,SECTION,S4.COV,,,,
cg_decode,3,COV,S4.COV.cg_decode,covergroup cg_decode,,,
cg_alu,3,COV,S4.COV.cg_alu,covergroup cg_alu,,,
cg_ldst,3,COV,S4.COV.cg_ldst,covergroup cg_ldst,,,
cg_hazard,3,COV,S4.COV.cg_hazard,covergroup cg_hazard,,,
cg_trap,3,COV,S4.COV.cg_trap,covergroup cg_trap,,,
cg_ahb,3,COV,S4.COV.cg_ahb,covergroup cg_ahb,,,
cg_dsu,3,COV,S4.COV.cg_dsu,covergroup cg_dsu,,,
core (1),2,SECTION,CORE,"GARUDA-CORE-SPEC-001. 64 notes and requirements, 7 cited by a check.",tb_boot + unit/element testbenches,,high
1 Purpose and scope,3,SECTION,CORE.SEC.1_Purpose_and_scope,,,,
N-1.1 The WFI clock gate is the only Rev 3.0 change that touches the pipe...,4,CHK,CORE.N-1.1,"The WFI clock gate is the only Rev 3.0 change that touches the pipeline control logic, and the pipeline control logic is where 4 of the 27 errata came from. §7.7 specifies it as a consumer of the existing quiescence term rather than a new decode of the WFI instruction, precisely so that it cannot become a fifth.",NO TAGGED CHECK,,high
2 Requirements,3,SECTION,CORE.SEC.2_Requirements,,,,
R-1 RV32I base plus M extension. No A F D C.,4,CHK,CORE.R-1,"RV32I base plus M extension. No A, F, D, C.",NO TAGGED CHECK,,high
R-2 M-mode only. No U or S mode no PMP.,4,CHK,CORE.R-2,"M-mode only. No U or S mode, no PMP.",NO TAGGED CHECK,,high
R-3 Five-stage in-order pipeline single issue.,4,CHK,CORE.R-3,"Five-stage in-order pipeline, single issue.",NO TAGGED CHECK,,high
R-4 All synchronous exceptions precise.,4,CHK,CORE.R-4,All synchronous exceptions precise.,NO TAGGED CHECK,,high
R-5 CLIC-mode interrupts mtvec.MODE = 3.,4,CHK,CORE.R-5,"CLIC-mode interrupts, mtvec.MODE = 3.",NO TAGGED CHECK,,high
R-6 The machine timer shall arrive as a single mtip_i wire.,4,CHK,CORE.R-6,The machine timer shall arrive as a single mtip_i wire.,NO TAGGED CHECK,,high
R-7 A debug-controlled reset shall stop the core without disturbing the...,4,CHK,CORE.R-7,A debug-controlled reset shall stop the core without disturbing the bus.,NO TAGGED CHECK,,high
R-8 WFI shall stop the core s clock and wake on a pending enabled inter...,4,CHK,CORE.R-8,WFI shall stop the core's clock and wake on a pending enabled interrupt.,NO TAGGED CHECK,,high
R-9 The DSU shall be an in-pipeline EX extension not a bus peripheral.,4,CHK,CORE.R-9,"The DSU shall be an in-pipeline EX extension, not a bus peripheral.",NO TAGGED CHECK,,high
R-10 Target 250 MHz with a documented fallback if closure fails.,4,CHK,CORE.R-10,"Target 250 MHz, with a documented fallback if closure fails.",NO TAGGED CHECK,,high
5 Interfaces,3,SECTION,CORE.SEC.5_Interfaces,,,,
N-5.1 Deleted mtime_i 63 0 and mtimecmp_i 63 0 . 128 signals and the co...,4,CHK,CORE.N-5.1,Deleted: mtime_i[63:0] and mtimecmp_i[63:0]. 128 signals and the comparator they fed (garuda_core_top.v:126) are removed; the comparison now happens in block 11 (ADR-0010). This takes a 64-bit comparator out of a timing cone that already contains the 33×33 multiplier.,NO TAGGED CHECK,,high
N-5.2 Deleted clic_mintthresh_o 7 0 . No consumer ever read it. It impli...,4,CHK,CORE.N-5.2,"Deleted: clic_mintthresh_o[7:0]. No consumer ever read it. It implied that the CLIC block performed the threshold comparison, which it does not — that comparison is in clic_ctrl, inside this core, alongside the CSRs it reads. Removing the port removes the ambiguity.",NO TAGGED CHECK,,high
N-5.3 core_rst_n_i and hartreset_n_i are separate ports not ORed outside...,4,CHK,CORE.N-5.3,"core_rst_n_i and hartreset_n_i are separate ports, not ORed outside. The core ORs them internally so that both produce identical internal reset behaviour, while reset_ctrl and the Debug Module can drive them independently — hartreset leaves the bus, memories and peripherals running, which is what SBA needs (GARUDA-D...",NO TAGGED CHECK,,high
6 Register map CSRs,3,SECTION,CORE.SEC.6_Register_map_CSRs,,,,
N-6.1 mip.MTIP is read-only and reflects mtip_i combinationally. Firmware...,4,CHK,CORE.N-6.1,"mip.MTIP is read-only and reflects mtip_i combinationally. Firmware clears the timer interrupt by advancing mtimecmp in block 11, not by writing mip — which is what the privileged specification requires, and which the three-step sequence of GARUDA-TIMERS-SPEC-001 §7.4 implements.",NO TAGGED CHECK,,high
N-6.2 mcycle and minstret are the measurement instruments for the loop du...,4,CHK,CORE.N-6.2,"mcycle and minstret are the measurement instruments for the loop duty cycle that no document asserts a figure for. Firmware reads mcycle around each loop stage. Until that measurement exists, no spec in this project states an idle percentage.",NO TAGGED CHECK,,high
N-6.3 Debug CSRs dcsr (0x7B0) dpc (0x7B1) dscratch0-1 (0x7B2-3) are...,4,CHK,CORE.N-6.3,"Debug CSRs — dcsr (0x7B0), dpc (0x7B1), dscratch0/1 (0x7B2/3) — are not implemented and raise an illegal-instruction exception. This is the deliberate consequence of ADR-0012: the debug subsystem is System Bus Access only and needs none of them. See GARUDA-DEBUG-SPEC-001 §1.3 for what that costs and §13 for the v2 p...",NO TAGGED CHECK,,high
7 Functional description,3,SECTION,CORE.SEC.7_Functional_description,,,,
N-7.1 IF ID EX MEM WB in-order single issue no branch prediction.,4,CHK,CORE.N-7.1,"IF → ID → EX → MEM → WB, in-order, single issue, no branch prediction.",NO TAGGED CHECK,,high
N-7.2 Branches and jumps resolve in EX and flush IF and ID a 2-cycle pen...,4,CHK,CORE.N-7.2,"Branches and jumps resolve in EX and flush IF and ID: a 2-cycle penalty on a taken branch. No predictor. At 250,000 cycles per loop iteration against a few thousand branches, a predictor would save well under 1% of the budget for a significant area and verification cost.",NO TAGGED CHECK,,high
N-7.3 The prefetch buffer holds up to 4 instructions and issues undefined...,4,CHK,CORE.N-7.3,"The prefetch buffer holds up to 4 instructions and issues undefined-length INCR bursts on the I-port. It absorbs arbitration latency, which is why the I-port is the lowest-priority AHB master.",NO TAGGED CHECK,,high
N-7.4 MUL MULH MULHU MULHSU use one shared 33 33 signed multiplier in...,4,CHK,CORE.N-7.4,"MUL, MULH, MULHU, MULHSU use one shared 33×33 signed multiplier in EX, single cycle. The 33-bit width handles the signed/unsigned combinations with one datapath.",NO TAGGED CHECK,,high
N-7.5 This multiplier is the critical path. In series with the EX result...,4,CHK,CORE.N-7.5,"This multiplier is the critical path. In series with the EX result multiplexer, and with the DSU in the same cone, it is what makes 250 MHz (4 ns) a real question rather than a formality.",NO TAGGED CHECK,,high
N-7.6 DIV DIVU REM REMU trap to a software handler. There is no divider.,4,CHK,CORE.N-7.6,"DIV, DIVU, REM, REMU trap to a software handler. There is no divider.",NO TAGGED CHECK,,high
N-7.7 Rationale and why this stays a Newton-Raphson software routine co...,4,CHK,CORE.N-7.7,"Rationale, and why this stays: a Newton-Raphson software routine costs roughly 150–250 cycles including trap overhead. The EKF performs a handful of divisions per iteration, so the total is a few thousand cycles of 250,000. A multi-cycle hardware divider would cost area, a new stall condition in the pipeline control...",NO TAGGED CHECK,,high
N-7.8 The consequence for firmware division is expensive and must not ap...,4,CHK,CORE.N-7.8,"The consequence for firmware: division is expensive and must not appear in the innermost APF loop. The handler must be installed before any division executes, which means before main().",NO TAGGED CHECK,,high
N-7.9 The DSU decodes the Custom-0 opcode space from the raw instruction...,4,CHK,CORE.N-7.9,"The DSU decodes the Custom-0 opcode space from the raw instruction word in EX. It is in the pipeline, not on the bus, so a multiply-accumulate is one instruction rather than a bus round trip. GARUDA-DSU-SPEC-001 specifies it.",NO TAGGED CHECK,,high
N-7.10 The DSU asserts dsu_busy for a same-accumulator RAW hazard which p...,4,CHK,CORE.N-7.10,"The DSU asserts dsu_busy for a same-accumulator RAW hazard, which pipe_ctrl treats as an ordinary hold. It is not a special case in the hold logic — see §7.6.",NO TAGGED CHECK,,high
N-7.11 The DSU sits in the EX timing cone alongside the multiplier. Both a...,4,CHK,CORE.N-7.11,The DSU sits in the EX timing cone alongside the multiplier. Both are part of the 250 MHz question.,NO TAGGED CHECK,,high
N-7.12 All nine synchronous causes are implemented and precise,4,CHK,CORE.N-7.12,All nine synchronous causes are implemented and precise:,NO TAGGED CHECK,,high
N-7.13 Precise means mepc is the address of the faulting instruction eve...,4,CHK,CORE.N-7.13,"Precise means: mepc is the address of the faulting instruction, every earlier instruction has retired, and no later instruction has changed architectural state. This is what makes a bus ERROR diagnosable — mepc points at the exact load or store.",CHECKED: sw/tests/t_hold_flush_matrix.S (1 citation). # trap and must complete ([N-7.13]),,high
N-7.14 mepc bit 0 is hardwired to zero. With no C extension all instructio...,4,CHK,CORE.N-7.14,mepc bit 0 is hardwired to zero. With no C extension all instructions are 4-byte aligned.,NO TAGGED CHECK,,high
N-7.15 CLIC mode only mtvec.MODE = 3. clic_ctrl computes,4,CHK,CORE.N-7.15,"CLIC mode only, mtvec.MODE = 3. clic_ctrl computes:","CHECKED: tb/core/tb_clic_ctrl.sv (1 citation). // Spec: GARUDA-CORE-SPEC-001 Rev 3.0 §7.5 [N-7.15], [N-7.16], [N-7.27];",,high
N-7.16 Both comparisons strictly greater equal level never preempts (GARU...,4,CHK,CORE.N-7.16,Both comparisons strictly greater; equal level never preempts (GARUDA-CLIC-SPEC-001 §7.4).,"CHECKED: tb/core/tb_clic_ctrl.sv (1 citation). // Spec: GARUDA-CORE-SPEC-001 Rev 3.0 §7.5 [N-7.15], [N-7.16], [N-7.27];",,high
N-7.17 mtip is separate it enters mip.MTIP and is taken via mstatus.MIE ...,4,CHK,CORE.N-7.17,"mtip is separate: it enters mip.MTIP and is taken via mstatus.MIE & mie.MTIE, the classic CLINT path, not through the CLIC level hierarchy. Two mechanisms coexist deliberately (ADR-0010) — the CLIC path for the 20 peripheral and DMA sources, the mip path for the architectural timer. The consequence is that the timer...",NO TAGGED CHECK,,high
N-7.18 An interrupt is taken only when a real instruction is in EX. This i...,4,CHK,CORE.N-7.18,"An interrupt is taken only when a real instruction is in EX. This is erratum T-2's fix: taking an interrupt on an empty EX stage wrote a meaningless mepc, so the handler returned to nowhere.",NO TAGGED CHECK,,high
N-7.19 This section is normative and is the only place in the project wher...,4,CHK,CORE.N-7.19,"This section is normative and is the only place in the project where these interactions are specified. No other document, and no RTL comment, may re-derive them.",NO TAGGED CHECK,,high
N-7.20 Rationale for stating it this way 4 of this core s 27 errata came...,4,CHK,CORE.N-7.20,"Rationale for stating it this way: 4 of this core's 27 errata came from the interaction of hold and flush conditions, not from either in isolation. They were found by directed tests, which means they were found by someone thinking of the case. The cross product is small enough to enumerate, so it is enumerated.",NO TAGGED CHECK,,high
N-7.21 Flush always beats hold. If any F and any H are asserted in the sam...,4,CHK,CORE.N-7.21,"Flush always beats hold. If any F and any H are asserted in the same cycle, the flush takes effect and the hold is ignored for the flushed stages.",NO TAGGED CHECK,,high
N-7.22 The reason which is the crux of the erratum class a hold preserve...,4,CHK,CORE.N-7.22,"The reason, which is the crux of the erratum class: a hold preserves state so an instruction can complete later. A flush says that instruction must never complete. Honouring a hold during a flush keeps an instruction alive that the flush has already logically killed — and the classic symptom is mepc or a register wr...",NO TAGGED CHECK,,high
N-7.23 The full cross product all 20 combinations,4,CHK,CORE.N-7.23,"The full cross product, all 20 combinations:",CHECKED: sw/tests/t_hold_flush_matrix.S (1 citation). # t_hold_flush_matrix.S -- CORE-SPEC [N-11.2] / [N-7.23]: every hold cause,,high
N-7.24 H2 is the one exception to N-7.21 and it is not a policy choice ...,4,CHK,CORE.N-7.24,"H2 is the one exception to [N-7.21], and it is not a policy choice: AHB-Lite has no mechanism to abort a transfer whose address phase has been accepted. The data phase must complete. So a flush concurrent with an outstanding D-port transfer is deferred until hready, then applied. The instruction in MEM completes its...","CHECKED: sw/tests/t_hold_flush_matrix.S (1 citation). CHK x23, x5, 1 # mepc = the ECALL, [N-7.24]",,high
N-7.25 A load or store already in MEM always completes its writeback even...,4,CHK,CORE.N-7.25,"A load or store already in MEM always completes its writeback, even under F1 or F2. Its bus transfer has been committed and its result is architecturally required — the instruction has passed the point at which it could be discarded.","CHECKED: sw/tests/t_hold_flush_matrix.S (1 citation). CHK x13, x11, 0 # the store in MEM completed ([N-7.25])",,high
N-7.26 Multiple simultaneous flushes F2 (trap) beats all others. A trap o...,4,CHK,CORE.N-7.26,"Multiple simultaneous flushes: F2 (trap) beats all others. A trap on the same cycle as a taken branch means the branch never architecturally happened, and mepc must be the branch's address, not its target. Erratum T-4 (the fault loop) was this priority inverted.",NO TAGGED CHECK,,high
N-7.27 WFI in EX asserts H5 holding the pipeline. The core wakes when cli...,4,CHK,CORE.N-7.27,"WFI in EX asserts H5, holding the pipeline. The core wakes when clic_irq_valid_i (with that source enabled) or mtip_i is asserted — regardless of mstatus.MIE, as the privileged specification requires. If MIE is clear the core resumes at the instruction after WFI without taking a trap.","CHECKED: tb/core/tb_clic_ctrl.sv (1 citation). // Spec: GARUDA-CORE-SPEC-001 Rev 3.0 §7.5 [N-7.15], [N-7.16], [N-7.27];",,high
N-7.28 pipe_ctrl exports a single quiescent signal asserted when the pipe...,4,CHK,CORE.N-7.28,"pipe_ctrl exports a single quiescent signal, asserted when the pipeline is held by H5 and no bus transfer is outstanding. core_clk_gate uses exactly this signal, through a standard ICG, to gate hclk to the core and DSU.",NO TAGGED CHECK,,high
N-7.29 The gate s enable is quiescent from pipe_ctrl not a separate decod...,4,CHK,CORE.N-7.29,"The gate's enable is quiescent from pipe_ctrl, not a separate decode of the WFI instruction. This is normative and it is the whole reason §7.6 is written as a single table. A second piece of logic deciding ""the core is idle"" would be a second opinion about pipeline state, and the first time the two disagreed — a flu...",NO TAGGED CHECK,,high
N-7.30 Wake takes one cycle to ungate the clock. Total WFI wake latency is...,4,CHK,CORE.N-7.30,"Wake takes one cycle to ungate the clock. Total WFI wake latency is 2 cycles: one to ungate, one to resume fetch. At 4 ns that is 8 ns against a 4 ms loop period.",NO TAGGED CHECK,,high
N-7.31 The wake condition is combinational from clic_irq_valid_i and mtip_...,4,CHK,CORE.N-7.31,"The wake condition is combinational from clic_irq_valid_i and mtip_i, which are outside the gated domain. A gated clock cannot be woken by logic inside the gated domain, so the wake term is deliberately outside it.",NO TAGGED CHECK,,high
N-7.32 Power firmware s loop is compute-then-WFI so the core and DSU clo...,4,CHK,CORE.N-7.32,"Power: firmware's loop is compute-then-WFI, so the core and DSU clock trees are off for most of each iteration. This is the largest single power saving in the chip, since the core and DSU hold the majority of the design's flops. The actual duty cycle is a firmware measurement ([N-6.2]) and is not asserted here.",NO TAGGED CHECK,,high
N-7.33 core_rst_n_i and hartreset_n_i are ORed internally. Either produces...,4,CHK,CORE.N-7.33,core_rst_n_i and hartreset_n_i are ORed internally. Either produces a full core and DSU reset.,NO TAGGED CHECK,,high
N-7.34 On reset the PC is BOOTROM_BASE (0x1000_0000) from the generated h...,4,CHK,CORE.N-7.34,"On reset the PC is BOOTROM_BASE (0x1000_0000), from the generated header. The prefetch buffer is empty, all CSRs take their reset values, and mtvec is uninitialised — which is why the bootloader installs a trap handler before touching the SPI (GARUDA-MEM-SPEC-001 §8.6).",NO TAGGED CHECK,,high
N-7.35 hartreset does not reset the bus memories or peripherals so the D...,4,CHK,CORE.N-7.35,"hartreset does not reset the bus, memories or peripherals, so the Debug Module's SBA keeps working while the core is held. Resume is release of hartreset, and the core restarts from the reset vector — it does not continue from where it was (GARUDA-DEBUG-SPEC-001 [N-7.9]).",NO TAGGED CHECK,,high
N-7.36 Target 250 MHz (4 ns) at DIV=2. The critical path is the 33 33 mult...,4,CHK,CORE.N-7.36,"Target 250 MHz (4 ns) at DIV=2. The critical path is the 33×33 multiplier in series with the EX result multiplexer, with the DSU in the same cone.",NO TAGGED CHECK,,high
N-7.37 Closure is not asserted by this document. If synthesis and place-an...,4,CHK,CORE.N-7.37,"Closure is not asserted by this document. If synthesis and place-and-route show it does not close, the recovery is DIVSEL = 1 (DIV=4, 125 MHz) per ADR-0001 — a parameter change in clk_div, with no change to this core. At 125 MHz the loop budget is 125,000 cycles, still far more than the workload needs.",NO TAGGED CHECK,,high
N-7.38 Stating the fallback in advance is deliberate a timing miss discov...,4,CHK,CORE.N-7.38,Stating the fallback in advance is deliberate: a timing miss discovered after the GDSII handoff is a schedule problem only if the recovery has to be invented then.,NO TAGGED CHECK,,high
9 Clock reset and power,3,SECTION,CORE.SEC.9_Clock_reset_and_power,,,,
N-9.1 One clock domain hclk. No CDC anywhere in this core.,4,CHK,CORE.N-9.1,One clock domain: hclk. No CDC anywhere in this core.,NO TAGGED CHECK,,high
N-9.2 Two reset inputs ORed internally ( N-7.33 ).,4,CHK,CORE.N-9.2,"Two reset inputs, ORed internally ([N-7.33]).",NO TAGGED CHECK,,high
N-9.3 Clock gating one root gate on core + DSU enabled by quiescent ( 7...,4,CHK,CORE.N-9.3,"Clock gating: one root gate on core + DSU, enabled by quiescent (§7.7). No other gating in the core — finer-grained gating would need per-stage idle conditions derived from the same pipeline state, which is the duplication [N-7.29] forbids.",NO TAGGED CHECK,,high
N-9.4 The CSR file is inside the gated domain. mcycle therefore stops dur...,4,CHK,CORE.N-9.4,"The CSR file is inside the gated domain. mcycle therefore stops during WFI, which is correct — it counts cycles the core executed. mtime in block 11 keeps running, so wall-clock time is unaffected. Firmware measuring duty cycle should use mtime for elapsed time and mcycle for active cycles; the ratio is the duty cyc...",NO TAGGED CHECK,,high
11 Verification plan,3,SECTION,CORE.SEC.11_Verification_plan,,,,
N-11.1 The existing suite 63-63 lockstep against Spike plus the 27 erra...,4,CHK,CORE.N-11.1,"The existing suite — 63/63 lockstep against Spike, plus the 27 errata regression tests — is retained and must continue to pass. Rev 3.0's additions:",NO TAGGED CHECK,,high
N-11.2a STATUS 2026-09-26. The properties of N-11.3 now exist (rtl-core-p...,4,CHK,CORE.N-11.2a,"STATUS 2026-09-26. The properties of [N-11.3] now exist (rtl/core/pipe_ctrl_sva.sv, bound at garuda_core_top) and the matrix is measurable with make pipe_matrix. Measured across every test hex: the nine plain hold x register cells are all reached; all four hold-versus-flush collision cells are reached zero times — a...",NO TAGGED CHECK,,high
N-11.2 t_core_hold_flush_matrix is the most valuable new test in this proj...,4,CHK,CORE.N-11.2,t_core_hold_flush_matrix is the most valuable new test in this project. Four errata came from this cross product and all four were found by someone thinking of the case. The matrix is 20 entries; enumerating it exhaustively costs a day and closes the class.,NO TAGGED CHECK,,high
N-11.3 Formal is strongly recommended for pipe_ctrl. The hold-flush compos...,4,CHK,CORE.N-11.3,"Formal is strongly recommended for pipe_ctrl. The hold/flush composition is a small, bounded, purely combinational-plus-one-register property set, and it is the highest-probability location for a remaining silicon bug in the whole chip. The properties a_flush_beats_hold, a_h2_defers_flush, a_trap_beats_branch, a_no_...",NO TAGGED CHECK,,high
N-11.4 The WFI gate must be verified at gate level after synthesis not on...,4,CHK,CORE.N-11.4,"The WFI gate must be verified at gate level after synthesis, not only in RTL. An ICG's enable timing and the resulting clock waveform are not visible in RTL simulation, and a gate that opens a cycle late or produces a runt pulse is a silicon-only failure.",NO TAGGED CHECK,,high
dsu (2),2,SECTION,DSU,"GARUDA-DSU-SPEC-001. 45 notes and requirements, 0 cited by a check.",tb_dsu_top,,high
2 Requirements,3,SECTION,DSU.SEC.2_Requirements,,,,
R-1 Three independent 16 16 multiply-accumulate units with 48-bit accum...,4,CHK,DSU.R-1,Three independent 16×16 multiply-accumulate units with 48-bit accumulators.,NO TAGGED CHECK,,high
R-2 Decoded in EX from Custom-0 not a bus peripheral.,4,CHK,DSU.R-2,Decoded in EX from Custom-0; not a bus peripheral.,NO TAGGED CHECK,,high
R-3 A stated normative fixed-point format.,4,CHK,DSU.R-3,"A stated, normative fixed-point format.",NO TAGGED CHECK,,high
R-4 Saturating accumulation with a sticky overflow flag per accumulator.,4,CHK,DSU.R-4,Saturating accumulation with a sticky overflow flag per accumulator.,NO TAGGED CHECK,,high
R-5 Same-accumulator RAW hazards interlocked in hardware.,4,CHK,DSU.R-5,Same-accumulator RAW hazards interlocked in hardware.,NO TAGGED CHECK,,high
R-6 Accumulators readable by the debugger without stopping the core.,4,CHK,DSU.R-6,Accumulators readable by the debugger without stopping the core.,NO TAGGED CHECK,,high
R-7 acc_sel = 2 b11 shall be illegal everywhere.,4,CHK,DSU.R-7,acc_sel = 2'b11 shall be illegal everywhere.,NO TAGGED CHECK,,high
5 Interfaces,3,SECTION,DSU.SEC.5_Interfaces,,,,
N-5.1 The DSU is in the core s EX timing cone in parallel with the 33 33...,4,CHK,DSU.N-5.1,"The DSU is in the core's EX timing cone, in parallel with the 33×33 multiplier. Both contribute to the 250 MHz question (GARUDA-CORE-SPEC-001 §7.9).",NO TAGGED CHECK,,high
6 Numeric contract normative,3,SECTION,DSU.SEC.6_Numeric_contract_normative,,,,
N-6.1 This section is the authority on DSU number formats. Firmware the...,4,CHK,DSU.N-6.1,"This section is the authority on DSU number formats. Firmware, the RTL and the testbench all follow it. It did not exist before Rev 3.0.",NO TAGGED CHECK,,high
N-6.2 Operand extraction MAC uses the low 16 bits of rs1_i and rs2_i in...,4,CHK,DSU.N-6.2,"Operand extraction: MAC uses the low 16 bits of rs1_i and rs2_i, interpreted as signed Q1.15. The upper 16 bits are ignored, not checked. Firmware packs two Q1.15 values per 32-bit word where useful.",NO TAGGED CHECK,,high
N-6.3 The product s 30 fractional bits align exactly with the accumulator...,4,CHK,DSU.N-6.3,"The product's 30 fractional bits align exactly with the accumulator's 30 fractional bits, so accumulation is a plain 48-bit add with no shift. This is why Q18.30 was chosen rather than a format requiring realignment on every accumulate — a shifter in the accumulate path would land in the EX critical cone.",NO TAGGED CHECK,,high
N-6.4 Headroom 18 integer bits against a product magnitude below 2.0 all...,4,CHK,DSU.N-6.4,"Headroom: 18 integer bits against a product magnitude below 2.0 allows 2¹⁷ = 131,072 accumulations before the integer field can overflow, worst case. Practical loops here accumulate 10 to 50 terms.",NO TAGGED CHECK,,high
N-6.5 Q1.15 operands are restricted to ( 1 +1). Any value outside that r...,4,CHK,DSU.N-6.5,"Q1.15 operands are restricted to (−1, +1). Any value outside that range must be scaled by firmware before it reaches the DSU. The unit does not check, and an out-of-range operand is silently reinterpreted — a wrapped Q1.15 value, not a saturated one.",NO TAGGED CHECK,,high
N-6.6 This is the load-bearing limitation and the reason 7.5 exists. A q...,4,CHK,DSU.N-6.6,"This is the load-bearing limitation and the reason §7.5 exists. A quantity with a dynamic range wider than about 2¹⁵ relative steps cannot be represented in Q1.15 at fixed scaling, and an EKF covariance matrix has exactly that problem: diagonal terms span many orders of magnitude as the filter converges.",NO TAGGED CHECK,,high
N-6.7 On accumulate if the 49-bit intermediate sum exceeds the 48-bit si...,4,CHK,DSU.N-6.7,"On accumulate, if the 49-bit intermediate sum exceeds the 48-bit signed range, the accumulator saturates to 0x7FFF_FFFF_FFFF (positive) or 0x8000_0000_0000 (negative), and the sticky overflow flag for that accumulator sets.",NO TAGGED CHECK,,high
N-6.8 Saturation rather than wrap a wrapped accumulator changes sign so...,4,CHK,DSU.N-6.8,"Saturation rather than wrap: a wrapped accumulator changes sign, so an APF repulsion force would reverse direction and push the vehicle toward the obstacle. Saturation gives a wrong magnitude in the right direction, which degrades rather than inverts.",NO TAGGED CHECK,,high
N-6.9 The overflow flag is sticky and set-beats-clear a MACCLEAR in the...,4,CHK,DSU.N-6.9,"The overflow flag is sticky and set-beats-clear: a MACCLEAR in the same cycle as an overflow leaves the flag set. Firmware must check it after a computation, not assume its own clear won.",NO TAGGED CHECK,,high
7 Functional description,3,SECTION,DSU.SEC.7_Functional_description,,,,
N-7.1 Every instruction is single-cycle throughput. The only stall is the...,4,CHK,DSU.N-7.1,Every instruction is single-cycle throughput. The only stall is the same-accumulator RAW interlock (§7.3).,NO TAGGED CHECK,,high
N-7.2 MACDOT is the EKF and APF primitive it issues two 16 16 products i...,4,CHK,DSU.N-7.2,"MACDOT is the EKF and APF primitive: it issues two 16×16 products into two different accumulators in one instruction, which is what makes a 2-element dot product one cycle rather than two.",NO TAGGED CHECK,,high
N-7.3 MACSAT converts an accumulator back to Q1.15 with saturation which...,4,CHK,DSU.N-7.3,"MACSAT converts an accumulator back to Q1.15 with saturation, which is the normal way a result re-enters the RV32IM datapath. MACREAD_LO/_HI give the raw Q18.30 value for firmware that needs the full precision or is writing diagnostics.",NO TAGGED CHECK,,high
N-7.4 acc_sel = 2 b11 raises an illegal-instruction exception in every in...,4,CHK,DSU.N-7.4,"acc_sel = 2'b11 raises an illegal-instruction exception in every instruction that carries the field (R-7). It does not alias to ACC_MAG, and it does not silently do nothing.",NO TAGGED CHECK,,high
N-7.5 Rationale an illegal encoding that aliases to a real accumulator t...,4,CHK,DSU.N-7.5,Rationale: an illegal encoding that aliases to a real accumulator turns an assembler bug or a corrupted instruction word into a silent wrong answer in the flight computation. Raising the exception makes it a precise fault with mtval = the instruction.,NO TAGGED CHECK,,high
N-7.6 An accumulator write has a one-cycle result latency. An instruction...,4,CHK,DSU.N-7.6,"An accumulator write has a one-cycle result latency. An instruction reading the same accumulator in the next cycle — MACREAD_LO immediately after MAC, for instance — would read the stale value.",NO TAGGED CHECK,,high
N-7.7 dsu_interlock detects this and asserts dsu_busy_o which pipe_ctrl...,4,CHK,DSU.N-7.7,"dsu_interlock detects this and asserts dsu_busy_o, which pipe_ctrl treats as hold source H4 (GARUDA-CORE-SPEC-001 §7.6). One cycle of stall.",NO TAGGED CHECK,,high
N-7.8 The interlock is per accumulator. A MAC on ACC_FX followed by a MAC...,4,CHK,DSU.N-7.8,The interlock is per accumulator. A MAC on ACC_FX followed by a MACREAD_LO on ACC_FY does not stall. This is what makes three accumulators worth having: firmware interleaves work on different accumulators and the interlock never fires.,NO TAGGED CHECK,,high
N-7.9 dsu_busy_o is an ordinary hold source not a special case in the pi...,4,CHK,DSU.N-7.9,"dsu_busy_o is an ordinary hold source, not a special case in the pipeline control logic. The flush-beats-hold rule of [N-7.21] in the core spec applies to it exactly as to load-use: a branch or trap concurrent with dsu_busy discards the DSU operation in EX. That matters because the accumulator must not be updated by...",NO TAGGED CHECK,,high
N-7.10 The artificial potential field inner loop computes for each neighb...,4,CHK,DSU.N-7.10,"The artificial potential field inner loop computes, for each neighbour, a repulsion vector inversely proportional to distance, and sums the vectors:",NO TAGGED CHECK,,high
N-7.11 Roughly 300 cycles for 10 neighbours against 250 000 cycles per lo...,4,CHK,DSU.N-7.11,"Roughly 300 cycles for 10 neighbours, against 250,000 cycles per loop iteration. Positions normalised to the field extent are naturally within (−1, +1), so Q1.15 is the right format for this computation and there is no scaling difficulty.",NO TAGGED CHECK,,high
N-7.12 This is the DSU s clear unqualified win and it is the workload it...,4,CHK,DSU.N-7.12,"This is the DSU's clear, unqualified win, and it is the workload it was designed around.",NO TAGGED CHECK,,high
N-7.13 The DSU accelerates the parts of the EKF whose operands are bounded...,4,CHK,DSU.N-7.13,"The DSU accelerates the parts of the EKF whose operands are bounded and well-scaled, and does not accelerate the rest. Stating which is which:",NO TAGGED CHECK,,high
N-7.14 So the covariance path is RV32IM firmware using the core s 33 33 m...,4,CHK,DSU.N-7.14,"So the covariance path is RV32IM firmware, using the core's 33×33 multiplier and the software divide handler. The DSU serves the prediction and residual paths.",NO TAGGED CHECK,,high
N-7.15 This document does not claim a speedup figure for the EKF. The figu...,4,CHK,DSU.N-7.15,"This document does not claim a speedup figure for the EKF. The figure is measurable — profile with mcycle around each stage, with and without the DSU path — and it is the single most useful number for the project's technical write-up. Until it is measured, no figure is asserted. Asserting one and being asked to defe...",NO TAGGED CHECK,,high
N-7.16 A v2 option that would extend the DSU s reach here is block floatin...,4,CHK,DSU.N-7.16,"A v2 option that would extend the DSU's reach here is block floating-point: a per-matrix exponent held in firmware, with MACSHIFT used to renormalise between blocks. MACSHIFT exists and is sufficient for this; it requires no hardware change, only a firmware scheme. Recorded as a possibility, not a commitment.",NO TAGGED CHECK,,high
N-7.17 All three accumulators and all three overflow flags are continuousl...,4,CHK,DSU.N-7.17,"All three accumulators and all three overflow flags are continuously visible to the Debug Module, with no core involvement (R-6).",NO TAGGED CHECK,,high
N-7.18 This is the most valuable observability in the chip. With SBA-only...,4,CHK,DSU.N-7.18,"This is the most valuable observability in the chip. With SBA-only debug there is no GPR inspection (GARUDA-DEBUG-SPEC-001 [N-7.9]), so during bring-up of the APF or EKF the accumulators are the only direct window into the arithmetic. A wrong repulsion force is visible here immediately, without instrumenting firmware.",NO TAGGED CHECK,,high
N-7.19 The 48-bit values are read as two 32-bit halves with a coherent-sna...,4,CHK,DSU.N-7.19,The 48-bit values are read as two 32-bit halves with a coherent-snapshot mechanism (GARUDA-DEBUG-SPEC-001 §6.8).,NO TAGGED CHECK,,high
N-7.20 The DSU is inside the core s WFI clock gate and additionally gated...,4,CHK,DSU.N-7.20,"The DSU is inside the core's WFI clock gate, and additionally gated by dsu_idle — no Custom-0 instruction in EX and no interlock pending.",NO TAGGED CHECK,,high
N-7.21 dsu_idle is derived in dsu_decode from dsu_valid_i and the interloc...,4,CHK,DSU.N-7.21,"dsu_idle is derived in dsu_decode from dsu_valid_i and the interlock state, both of which are already registered. It is not a second opinion about pipeline state, so it does not fall foul of GARUDA-CORE-SPEC-001 [N-7.29].",NO TAGGED CHECK,,high
N-7.22 The accumulators must retain their values while gated so they are...,4,CHK,DSU.N-7.22,"The accumulators must retain their values while gated, so they are not reset by the gate and the gate is enable-based, never a reset. An accumulator cleared by entering an idle cycle would corrupt a computation split across a stall.",NO TAGGED CHECK,,high
9 Clock reset and power,3,SECTION,DSU.SEC.9_Clock_reset_and_power,,,,
N-9.1 One clock domain hclk gated as in 7.7. No CDC.,4,CHK,DSU.N-9.1,"One clock domain, hclk, gated as in §7.7. No CDC.",NO TAGGED CHECK,,high
N-9.2 core_rst_n_i clears all three accumulators and all three overflow f...,4,CHK,DSU.N-9.2,core_rst_n_i clears all three accumulators and all three overflow flags.,NO TAGGED CHECK,,high
N-9.3 Power three 16 16 multipliers and three 48-bit adders are a meanin...,4,CHK,DSU.N-9.3,"Power: three 16×16 multipliers and three 48-bit adders are a meaningful share of the core's dynamic power when active, and they are active for a few hundred cycles per millisecond. dsu_idle gating is therefore worth more here than almost anywhere else in the chip, in proportion to the logic it covers.",NO TAGGED CHECK,,high
11 Verification plan,3,SECTION,DSU.SEC.11_Verification_plan,,,,
N-11.1 t_dsu_qformat against a Python golden model is the test Rev 3.0 exi...,4,CHK,DSU.N-11.1,"t_dsu_qformat against a Python golden model is the test Rev 3.0 exists to make possible. Without a stated format there was nothing to compare against, so the arithmetic was verified only for self-consistency. A golden model turns ""the RTL does what the RTL does"" into ""the RTL computes the specified function.""",NO TAGGED CHECK,,high
N-11.2 t_dsu_apf must state a numerical error bound against the float refe...,4,CHK,DSU.N-11.2,"t_dsu_apf must state a numerical error bound against the float reference, not merely ""close."" That bound is what firmware relies on when it decides whether Q1.15 is adequate for a given field extent, and it is a number the project's write-up will want.",NO TAGGED CHECK,,high
N-11.3 OPEN-9 resolution path mac_unit.v 140 computes overflow from a 49-...,4,CHK,DSU.N-11.3,"OPEN-9 resolution path: mac_unit.v:140 computes overflow from a 49-bit result_ext via kogge_stone_49, which is what a_ovf_from_49 requires. Rev 2.0 listed the widening as unapplied. Read u_csa2's width and confirm — if the compressor is 48 bits, the guard bit reads a truncated carry and the widening is still needed;...",NO TAGGED CHECK,,high
Stage 5 - Integration,1,SECTION,S5,,,,
ahb interconnect (6),2,SECTION,AHB,"GARUDA-AHB-SPEC-001. 39 notes and requirements, 0 cited by a check.",tb_ahb_interconnect,,high
2 Requirements,3,SECTION,AHB.SEC.2_Requirements,,,,
R-1 Full compliance with AHB-Lite IHI 0033A single-master-at-a-time se...,4,CHK,AHB.R-1,"Full compliance with AHB-Lite IHI 0033A, single-master-at-a-time semantics.",NO TAGGED CHECK,,high
R-2 Four masters I-port D-port Debug SBA DMA.,4,CHK,AHB.R-2,"Four masters: I-port, D-port, Debug SBA, DMA.",NO TAGGED CHECK,,high
R-3 Four slave regions ISRAM Boot ROM DSRAM APB.,4,CHK,AHB.R-3,"Four slave regions: ISRAM, Boot ROM, DSRAM, APB.",NO TAGGED CHECK,,high
R-4 Every master shall be able to reach every slave it is permitted to...,4,CHK,AHB.R-4,Every master shall be able to reach every slave it is permitted to address. No structural reachability restriction.,NO TAGGED CHECK,,high
R-5 Fixed-priority arbitration re-evaluated every beat never inside a...,4,CHK,AHB.R-5,"Fixed-priority arbitration, re-evaluated every beat, never inside a data phase.",NO TAGGED CHECK,,high
R-6 An undecoded address shall produce a two-cycle ERROR never a hang.,4,CHK,AHB.R-6,"An undecoded address shall produce a two-cycle ERROR, never a hang.",NO TAGGED CHECK,,high
R-7 The interconnect shall report to the ISRAM slave when the granted m...,4,CHK,AHB.R-7,The interconnect shall report to the ISRAM slave when the granted master is SBA.,NO TAGGED CHECK,,high
R-8 Zero wait states inserted by the interconnect itself.,4,CHK,AHB.R-8,Zero wait states inserted by the interconnect itself.,NO TAGGED CHECK,,high
R-9 A master s burst shall not be corrupted by losing arbitration mid-b...,4,CHK,AHB.R-9,A master's burst shall not be corrupted by losing arbitration mid-burst.,NO TAGGED CHECK,,high
5 Interfaces,3,SECTION,AHB.SEC.5_Interfaces,,,,
N-5.1 M0 (I-port) drives hwrite_i low permanently and hwdata_i is unconne...,4,CHK,AHB.N-5.1,M0 (I-port) drives hwrite_i low permanently and hwdata_i is unconnected. The interconnect does not rely on this; a write from M0 would be routed normally and rejected by the ISRAM lock or the ROM slave. Relying on it would be the Rev 3.1 mistake in miniature.,NO TAGGED CHECK,,high
N-5.2 HPROT is not decoded not used for access control and not routed....,4,CHK,AHB.N-5.2,"HPROT is not decoded, not used for access control, and not routed. It is tied to 4'b0011 (data, privileged, non-bufferable, non-cacheable) at each slave. The chip is M-mode only with no PMP, so there is no privilege distinction for HPROT to carry.",NO TAGGED CHECK,,high
N-5.3 HMASTLOCK is not implemented. No master requires locked sequences ...,4,CHK,AHB.N-5.3,"HMASTLOCK is not implemented. No master requires locked sequences: the core is single-hart with no atomics (no A extension), and the DMA's transfers are independent beats.",NO TAGGED CHECK,,high
N-5.4 HPROT HMASTLOCK and burst types beyond SINGLE-INCR being absent is...,4,CHK,AHB.N-5.4,"HPROT, HMASTLOCK and burst types beyond SINGLE/INCR being absent is stated here so no other document assumes they exist.",NO TAGGED CHECK,,high
6 Register map,3,SECTION,AHB.SEC.6_Register_map,,,,
N-6.1 The interconnect has no registers and no APB window. It is not soft...,4,CHK,AHB.N-6.1,"The interconnect has no registers and no APB window. It is not software-visible. Bus errors surface as precise exceptions in the master that caused them, not as status bits here — a status register would be read after the fact and could not identify which access failed.",NO TAGGED CHECK,,high
7 Functional description,3,SECTION,AHB.SEC.7_Functional_description,,,,
N-7.1 One shared AHB-Lite layer. Exactly one master holds the bus at a ti...,4,CHK,AHB.N-7.1,"One shared AHB-Lite layer. Exactly one master holds the bus at a time. All four slaves see the same address and control bus, distinguished by HSEL.",NO TAGGED CHECK,,high
N-7.2 Total bandwidth is one 32-bit beat per hclk cycle 1 GB-s at 250 MH...,4,CHK,AHB.N-7.2,Total bandwidth is one 32-bit beat per hclk cycle: 1 GB/s at 250 MHz. Measured demand during a flight-loop iteration is approximately 7% of that.,NO TAGGED CHECK,,high
N-7.3 Fixed priority from GARUDA-SYS-001 ahb.masters,4,CHK,AHB.N-7.3,"Fixed priority, from GARUDA-SYS-001 ahb.masters:",NO TAGGED CHECK,,high
N-7.4 Grant is re-evaluated on every beat boundary that is on every cy...,4,CHK,AHB.N-7.4,"Grant is re-evaluated on every beat boundary — that is, on every cycle where HREADY is high.",NO TAGGED CHECK,,high
N-7.5 Grant is locked for the duration of a data phase. Once a transfer s...,4,CHK,AHB.N-7.5,"Grant is locked for the duration of a data phase. Once a transfer's address phase has been accepted, the grant cannot move until that transfer's data phase completes. AHB-Lite has no way to abort a transfer in its data phase, so moving the grant would corrupt both the outgoing and incoming transfers. This is the sin...",NO TAGGED CHECK,,high
N-7.6 A burst from M0 is split at beat boundaries if a higher-priority ma...,4,CHK,AHB.N-7.6,"A burst from M0 is split at beat boundaries if a higher-priority master requests. The interposed beat completes, then M0's burst resumes with HTRANS = NONSEQ on its next beat rather than SEQ. M0's prefetch buffer treats a NONSEQ restart as a normal fetch, so no state is lost.",NO TAGGED CHECK,,high
N-7.7 Starvation bound M0 is the lowest priority and can in principle be...,4,CHK,AHB.N-7.7,"Starvation bound: M0 is the lowest priority and can in principle be starved while M3, M2 and M1 all request continuously. In practice the DMA issues at most one beat per peripheral byte — a 1 Mbit/s peripheral is one beat every 2000 cycles — so the bound is not reachable. No round-robin or ageing is implemented; add...",NO TAGGED CHECK,,high
N-7.8 Every master shall be physically connected to every slave listed fo...,4,CHK,AHB.N-7.8,Every master shall be physically connected to every slave listed for it in GARUDA-SYS-001 ahb.master_reachability:,NO TAGGED CHECK,,high
N-7.9 The only permitted access restriction mechanisms in this chip are (...,4,CHK,AHB.N-7.9,"The only permitted access restriction mechanisms in this chip are (a) address decode, (b) the ISRAM write lock, and (c) a slave's own rejection of an operation it does not support, such as a write to Boot ROM. Structural reachability restrictions — removing a wire so a master cannot address a slave — are forbidden....",NO TAGGED CHECK,,high
N-7.10 M3 (DMA) has no Boot ROM path because nothing requires it the boot...,4,CHK,AHB.N-7.10,"M3 (DMA) has no Boot ROM path because nothing requires it: the bootloader is polled PIO (ADR-0015) and no runtime function reads the ROM. This is an omission of an unused path, not an access-control mechanism, and it is recorded in GARUDA-SYS-001 so any future need for it is a one-line change there rather than a dis...",NO TAGGED CHECK,,high
N-7.11 Decode is on HADDR 31 28 giving 16 possible 256 MiB granules of...,4,CHK,AHB.N-7.11,"Decode is on HADDR[31:28], giving 16 possible 256 MiB granules, of which four are used:",NO TAGGED CHECK,,high
N-7.12 HSEL is one-hot. hsel_none is asserted for every unused encoding an...,4,CHK,AHB.N-7.12,HSEL is one-hot. hsel_none is asserted for every unused encoding and selects the default slave.,NO TAGGED CHECK,,high
N-7.13 Within a granule addresses above the slave s size alias down the...,4,CHK,AHB.N-7.13,"Within a granule, addresses above the slave's size alias down; the slave ignores the unused address bits. GARUDA-MEM-SPEC-001 [N-7.2] states the same and gives the reasoning.",NO TAGGED CHECK,,high
N-7.14 hmaster_is_sba_o is asserted whenever the granted master is M2 and...,4,CHK,AHB.N-7.14,"hmaster_is_sba_o is asserted whenever the granted master is M2, and is routed to the ISRAM slave only. It carries the grant, registered into the data phase alongside the transfer, so the slave evaluates it in the same cycle as the write.",NO TAGGED CHECK,,high
N-7.15 Its sole purpose is the ISRAM lock bypass of GARUDA-MEM-SPEC-001 N...,4,CHK,AHB.N-7.15,Its sole purpose is the ISRAM lock bypass of GARUDA-MEM-SPEC-001 [N-7.9]. It is not a general privilege signal and no other slave receives it.,NO TAGGED CHECK,,high
N-7.16 The default slave responds to any selected transfer with the AHB tw...,4,CHK,AHB.N-7.16,"The default slave responds to any selected transfer with the AHB two-cycle ERROR: HRESP high with HREADY low in the first cycle, then HRESP high with HREADY high in the second.",NO TAGGED CHECK,,high
N-7.17 The ERROR is returned to the granted master which raises a precise...,4,CHK,AHB.N-7.17,"The ERROR is returned to the granted master, which raises a precise exception: instruction access fault for M0, load or store access fault for M1. The DMA sets its channel's error status and raises its error interrupt. The SBA sets sberror.",NO TAGGED CHECK,,high
N-7.18 The bus never hangs on an undecoded address. There is no timeout me...,4,CHK,AHB.N-7.18,"The bus never hangs on an undecoded address. There is no timeout mechanism in the interconnect because there is no path by which a transfer can fail to terminate: every encoding of HADDR[31:28] selects either a real slave or the default slave, and the APB bridge — the only slave that can take unbounded time — has it...",NO TAGGED CHECK,,high
N-7.19 The interconnect inserts no wait states. HREADY seen by the granted...,4,CHK,AHB.N-7.19,"The interconnect inserts no wait states. HREADY seen by the granted master is the selected slave's hreadyout, combinationally. All three memories are zero-wait-state; only the APB bridge extends transfers.",NO TAGGED CHECK,,high
N-7.20 An ungranted master sees HREADY low which holds it in its address...,4,CHK,AHB.N-7.20,"An ungranted master sees HREADY low, which holds it in its address phase until granted. This is the standard AHB-Lite mechanism for stalling a master and requires no additional handshake.",NO TAGGED CHECK,,high
9 Clock reset and power,3,SECTION,AHB.SEC.9_Clock_reset_and_power,,,,
N-9.1 The entire interconnect is in the hclk domain. There is no clock cr...,4,CHK,AHB.N-9.1,The entire interconnect is in the hclk domain. There is no clock crossing inside it. The hclk↔pclk relationship is handled entirely within the APB bridge and is synchronous in any case (GARUDA-CLKRST-SPEC-001 §7.4).,NO TAGGED CHECK,,high
N-9.2 Reset is hreset_n. On reset the arbiter grants M0 all HSEL are low...,4,CHK,AHB.N-9.2,"Reset is hreset_n. On reset the arbiter grants M0, all HSEL are low, and HREADY is high, so an ungranted master's first request is accepted immediately rather than stalling on a bus that appears busy.",NO TAGGED CHECK,,high
N-9.3 Power the interconnect is combinational apart from the arbiter s g...,4,CHK,AHB.N-9.3,"Power: the interconnect is combinational apart from the arbiter's grant register, so it consumes essentially nothing when idle. No clock gating is applied. Gating the interconnect would require predicting the next request a cycle early, which is not possible and would save a handful of flops.",NO TAGGED CHECK,,high
11 Verification plan,3,SECTION,AHB.SEC.11_Verification_plan,,,,
N-11.1 t_ahb_reachability exists specifically so that a future attempt to...,4,CHK,AHB.N-11.1,"t_ahb_reachability exists specifically so that a future attempt to save area by removing a master-slave path fails a test rather than silently breaking boot. The covers are the regression guard for MEM-1, and they should be treated as non-negotiable.",NO TAGGED CHECK,,high
N-11.2 The existing regression already covers R-1 R-3 R-5 R-6 R-8 and...,4,CHK,AHB.N-11.2,"The existing regression already covers R-1, R-3, R-5, R-6, R-8 and R-9 for three masters with zero protocol violations. Rev 4.0's incremental verification burden is M2: the SBA master, its priority position, and the hmaster_is_sba indication.",NO TAGGED CHECK,,high
ahb2apb bridge + apb fabric (7-8),2,SECTION,AHB2APB,"GARUDA-AHB2APB-SPEC-001. 39 notes and requirements, 6 cited by a check.","tb_ahb2apb, tb_apb_shim",,high
2 Requirements,3,SECTION,AHB2APB.SEC.2_Requirements,,,,
R-1 Convert AHB-Lite transfers in the APB region to APB3 transfers.,4,CHK,AHB2APB.R-1,Convert AHB-Lite transfers in the APB region to APB3 transfers.,NO TAGGED CHECK,,high
R-2 Decode eleven 4 KiB windows.,4,CHK,AHB2APB.R-2,Decode eleven 4 KiB windows.,NO TAGGED CHECK,,high
R-3 Peripherals shall be clocked at 125 MHz not 250 MHz to halve peri...,4,CHK,AHB2APB.R-3,"Peripherals shall be clocked at 125 MHz, not 250 MHz, to halve peripheral-domain dynamic power.",NO TAGGED CHECK,,high
R-4 No clock-domain-crossing synchronisers shall be required between hc...,4,CHK,AHB2APB.R-4,"No clock-domain-crossing synchronisers shall be required between hclk and pclk, and the reason shall be stated as a checkable property rather than asserted.",NO TAGGED CHECK,,high
R-5 The APB access rate shall be a per-window parameter so an IP with...,4,CHK,AHB2APB.R-5,"The APB access rate shall be a per-window parameter, so an IP with a lower maximum frequency can be accommodated without a second clock.",NO TAGGED CHECK,,high
R-6 Byte and halfword accesses shall be rejected with an error not sil...,4,CHK,AHB2APB.R-6,"Byte and halfword accesses shall be rejected with an error, not silently widened.",NO TAGGED CHECK,,high
R-7 A peripheral that never asserts PREADY shall not hang the bus.,4,CHK,AHB2APB.R-7,A peripheral that never asserts PREADY shall not hang the bus.,NO TAGGED CHECK,,high
R-8 An access to an unmapped window offset shall return an error.,4,CHK,AHB2APB.R-8,An access to an unmapped window offset shall return an error.,NO TAGGED CHECK,,high
5 Interfaces,3,SECTION,AHB2APB.SEC.5_Interfaces,,,,
N-5.1 APB_DIV is a synthesis parameter not a register. The value is a pr...,4,CHK,AHB2APB.N-5.1,"APB_DIV is a synthesis parameter, not a register. The value is a property of the peripheral IP instantiated in that window, fixed at integration, and a register would let firmware set a value the IP cannot meet.",NO TAGGED CHECK,,high
6 Register map,3,SECTION,AHB2APB.SEC.6_Register_map,,,,
N-6.1 The bridge has no registers. It is transparent apart from the error...,4,CHK,AHB2APB.N-6.1,"The bridge has no registers. It is transparent apart from the error responses of §7.5–§7.7, which surface as precise faults in the accessing master. mem_ctl's MEMCTL register occupies offset 0x20 of window 8 and belongs to GARUDA-MEM-SPEC-001, not to the bridge.",NO TAGGED CHECK,,high
N-6.2 0x4000_0000 (window index 0 of the old map) is unmapped it held th...,4,CHK,AHB2APB.N-6.2,"0x4000_0000 (window index 0 of the old map) is unmapped: it held the SPI slave, which ADR-0020 removed for the pin budget. An access there returns SLVERR per §7.7. The address is retained as unmapped rather than compacting the map, so the 36-pin variant can reinstate the SPI slave without moving ten other base addre...",NO TAGGED CHECK,,high
7 Functional description,3,SECTION,AHB2APB.SEC.7_Functional_description,,,,
N-7.1 An AHB transfer with hsel_i high htrans_i = NONSEQ or SEQ and a l...,4,CHK,AHB2APB.N-7.1,"An AHB transfer with hsel_i high, htrans_i = NONSEQ or SEQ, and a legal size starts an APB transfer. The FSM runs IDLE → SETUP → ACCESS → DONE.",NO TAGGED CHECK,,high
N-7.2 hreadyout_o is held low from acceptance until DONE stalling the AH...,4,CHK,AHB2APB.N-7.2,"hreadyout_o is held low from acceptance until DONE, stalling the AHB master.",NO TAGGED CHECK,,high
N-7.3 Minimum latency is 4 pclk cycles = 8 hclk cycles = 32 ns at APB_DIV...,4,CHK,AHB2APB.N-7.3,Minimum latency is 4 pclk cycles = 8 hclk cycles = 32 ns at APB_DIV=÷1. A peripheral register access therefore costs the core about 8 cycles. At 7% bus utilisation and a few dozen peripheral accesses per flight-loop iteration this is immaterial; DMA exists so that per-byte peripheral traffic does not pay it.,NO TAGGED CHECK,,high
N-7.4 pclk is generated by a toggle flop clocked by hclk (GARUDA-CLKRST-S...,4,CHK,AHB2APB.N-7.4,pclk is generated by a toggle flop clocked by hclk (GARUDA-CLKRST-SPEC-001 [N-7.3]). Therefore:,NO TAGGED CHECK,,high
N-7.5 Consequently every transfer between the domains is sampled on an ed...,4,CHK,AHB2APB.N-7.5,"Consequently every transfer between the domains is sampled on an edge both domains share. There is no window in which a pclk flop samples an hclk flop mid-transition, because the two never transition at different times. Metastability requires a setup violation from an unknown phase relationship; here the phase relat...",NO TAGGED CHECK,,high
N-7.6 STA handles this with one create_clock and two create_generated_clo...,4,CHK,AHB2APB.N-7.6,"STA handles this with one create_clock and two create_generated_clock statements. The hclk→pclk paths are timed as ordinary multi-cycle synchronous paths. No synchronisers, no metastability, no CDC waivers, no gray coding.",NO TAGGED CHECK,,high
N-7.7 This is different in kind from the tck hclk boundary in the Debug M...,4,CHK,AHB2APB.N-7.7,"This is different in kind from the tck↔hclk boundary in the Debug Module, which is a genuine asynchronous crossing with an unrelated clock source and does require synchronisers.",NO TAGGED CHECK,,high
N-7.8 The hclk-side capture registers load on any hclk edge and the pclk...,4,CHK,AHB2APB.N-7.8,"The hclk-side capture registers load on any hclk edge, and the pclk-side FSM advances only on pclk edges. The bridge uses pclk_phase_i to guarantee that the hclk side does not change the captured address or write data during the hclk cycle in which the pclk side samples it. Assertion a_capture_stable_at_phase (§10)...",NO TAGGED CHECK,,high
N-7.9 APB_DIV extends the ACCESS phase for a window by holding PENABLE as...,4,CHK,AHB2APB.N-7.9,"APB_DIV extends the ACCESS phase for a window by holding PENABLE asserted for 1, 2, 4 or 8 pclk cycles before sampling PREADY.",NO TAGGED CHECK,,high
N-7.10 This is an access-rate mechanism not a clocking mechanism. The per...,4,CHK,AHB2APB.N-7.10,"This is an access-rate mechanism, not a clocking mechanism. The peripheral's flops still receive pclk at 125 MHz. It therefore accommodates an IP whose interface timing needs longer phases, but not an IP whose internal logic cannot meet the 8 ns pclk period. For that case the only remedies are DIVSEL on clk_div (GAR...",NO TAGGED CHECK,,high
N-7.11 All eleven windows default to 1 on the assumption that a simple UA...,4,CHK,AHB2APB.N-7.11,"All eleven windows default to ÷1 on the assumption that a simple UART, SPI or I²C block in a 28 nm process meets 125 MHz. If an IP datasheet later shows otherwise, that window's APB_DIV changes and nothing else in the chip is affected.",NO TAGGED CHECK,,high
N-7.12 Only hsize_i = WORD (3 b010) is accepted. BYTE and HALFWORD accesse...,4,CHK,AHB2APB.N-7.12,Only hsize_i = WORD (3'b010) is accepted. BYTE and HALFWORD accesses produce a two-cycle AHB ERROR without generating any APB transfer.,"CHECKED: tb/ahb2apb/tb_ahb2apb.sv (1 citation). check(u_m.r_resp[0] && u_m.r_resp[1], ""[N-7.12] byte and halfword rejected with ERROR"");",,high
N-7.13 Rationale APB3 has no byte enables. A bridge that accepted a byte...,4,CHK,AHB2APB.N-7.13,"Rationale: APB3 has no byte enables. A bridge that accepted a byte write would have to read the word, merge, and write back — three transfers for one, and a read-modify-write against a peripheral whose registers may have read side effects, clear-on-read fields or write-1-to-clear semantics. Silently doing that is wo...",NO TAGGED CHECK,,high
N-7.14 Every peripheral register in this chip is 32 bits and word-aligned ...,4,CHK,AHB2APB.N-7.14,"Every peripheral register in this chip is 32 bits and word-aligned, so no correct firmware performs a sub-word peripheral access.",NO TAGGED CHECK,,high
N-7.15 If PREADY for the selected window is not asserted within 16 pclk cy...,4,CHK,AHB2APB.N-7.15,"If PREADY for the selected window is not asserted within 16 pclk cycles of entering ACCESS, the bridge abandons the transfer, deasserts PSEL and PENABLE, and returns a two-cycle AHB ERROR.","CHECKED: tb/ahb2apb/tb_ahb2apb.sv (1 citation). check(u_m.r_resp[0], ""[N-7.15] 16-pclk PREADY timeout - ERROR"");",,high
N-7.16 16 cycles is chosen as comfortably longer than any legitimate wait...,4,CHK,AHB2APB.N-7.16,16 cycles is chosen as comfortably longer than any legitimate wait in this peripheral set — none of them inserts more than 2 — while being short enough that a hung peripheral costs 128 ns rather than a stalled flight loop.,NO TAGGED CHECK,,high
N-7.17 The timeout is the only thing standing between a defective or unclo...,4,CHK,AHB2APB.N-7.17,The timeout is the only thing standing between a defective or unclocked peripheral and a permanently stalled bus. GARUDA-AHB-SPEC-001 [N-7.18] relies on it: the interconnect has no timeout of its own precisely because the only slave that can stall indefinitely has one here.,NO TAGGED CHECK,,high
N-7.18 A timeout leaves the peripheral in an undefined state it may have...,4,CHK,AHB2APB.N-7.18,A timeout leaves the peripheral in an undefined state — it may have latched a write. No recovery is attempted. The reasonable firmware response is to treat the access fault as fatal and reset.,NO TAGGED CHECK,,high
N-7.19 haddr 15 12 values with no window 0x0 (the removed SPI slave) an...,4,CHK,AHB2APB.N-7.19,haddr[15:12] values with no window — 0x0 (the removed SPI slave) and 0xB–0xF — assert no PSEL and return a two-cycle AHB ERROR.,"CHECKED: tb/ahb2apb/tb_ahb2apb.sv (2 citations). check(u_m.r_resp[2] && u_m.r_resp[3], ""[N-7.19] window 0 and 0xC unmapped - ERROR"");",,high
N-7.20 A window asserting PSLVERR with PREADY causes the bridge to return...,4,CHK,AHB2APB.N-7.20,"A window asserting PSLVERR with PREADY causes the bridge to return a two-cycle AHB ERROR. Peripherals assert PSLVERR for unmapped offsets within their own window and for illegal field writes, as defined in each peripheral's own specification.","CHECKED: tb/ahb2apb/tb_ahb2apb.sv (1 citation). check(u_m.r_resp[0], ""[N-7.20] PSLVERR - ERROR"");",,high
N-7.21 All three error sources sub-word unmapped window PSLVERR prod...,4,CHK,AHB2APB.N-7.21,"All three error sources — sub-word, unmapped window, PSLVERR — produce the identical AHB two-cycle ERROR. The master cannot distinguish them, and does not need to: all three are firmware bugs, and mepc identifies the instruction.",NO TAGGED CHECK,,high
9 Clock reset and power,3,SECTION,AHB2APB.SEC.9_Clock_reset_and_power,,,,
N-9.1 The bridge is the only block in the chip spanning hclk and pclk. Bo...,4,CHK,AHB2APB.N-9.1,The bridge is the only block in the chip spanning hclk and pclk. Both are synchronous (§7.2). tck does not appear here.,NO TAGGED CHECK,,high
N-9.2 hreadyout_o resets to 0 not 1. The bridge spans two reset releases...,4,CHK,AHB2APB.N-9.2,"hreadyout_o resets to 0, not 1. The bridge spans two reset releases: hreset_n deasserts two hclk cycles after the stretch counter expires, preset_n two pclk cycles after that (GARUDA-CLKRST-SPEC-001 §7.17). Between those two moments the AHB side is live and the APB side is still in reset. Resetting hreadyout_o low h...","CHECKED: tb/ahb2apb/tb_ahb2apb.sv (1 citation). check(!hreadyout, ""[N-9.2] hreadyout low while preset_n still asserted"");",,high
N-9.3 hreadyout_o is released only when both hreset_n_i and the synchroni...,4,CHK,AHB2APB.N-9.3,hreadyout_o is released only when both hreset_n_i and the synchronised preset_n_i are deasserted. This is the requirement GARUDA-CLKRST-SPEC-001 §5.2 refers to.,"CHECKED: tb/ahb2apb/tb_ahb2apb.sv (1 citation). check(hreadyout, ""[N-9.3] hreadyout released after both resets"");",,high
N-9.4 Power the pclk domain at half hclk halves the dynamic power of the...,4,CHK,AHB2APB.N-9.4,"Power: the pclk domain at half hclk halves the dynamic power of the peripheral clock tree and of every peripheral flop, which together are the largest flop population outside the core. This is the whole reason pclk exists as a real divided clock rather than an access-rate trick — APB_DIV alone would deliver the same...",NO TAGGED CHECK,,high
N-9.5 Each window s PSEL is a natural enable term for a per-peripheral cl...,4,CHK,AHB2APB.N-9.5,"Each window's PSEL is a natural enable term for a per-peripheral clock gate. The gate belongs to the peripheral, not the bridge, so that a peripheral with internal timers — the PWM, for instance — can keep running while unselected. The bridge exposes psel_o and makes no gating decision.",NO TAGGED CHECK,,high
11 Verification plan,3,SECTION,AHB2APB.SEC.11_Verification_plan,,,,
N-11.1 t_apb_no_cdc and t_apb_reset_skew are the two tests specific to thi...,4,CHK,AHB2APB.N-11.1,"t_apb_no_cdc and t_apb_reset_skew are the two tests specific to this bridge's architecture rather than to APB3 in general. The first checks the property the whole chip's clocking rests on; the second covers a window that exists only because two reset releases are staggered, and that no protocol checker would look for.",NO TAGGED CHECK,,high
N-11.2 Formal is recommended for a_no_hang and a_capture_stable_at_phase....,4,CHK,AHB2APB.N-11.2,"Formal is recommended for a_no_hang and a_capture_stable_at_phase. Both are small, bounded, and load-bearing for the rest of the design.",NO TAGGED CHECK,,high
Chip-level integration checks,2,SECTION,S5.INT,,,,
Whole chip elaborates with no unresolved or unconnected ports,3,CHK,S5.INT.ELAB,irun -elaborate on rtl/soc/filelist_chip.f; HAL connectivity.,,,high
Register walk over every APB window,3,CHK,S5.INT.REGWALK,"Reset value, read/write bits, unmapped offsets answer with an error; addresses from sw/common/garuda_map.h.",,,high
Each interrupt line reaches its CLIC ID,3,CHK,S5.INT.IRQ,Per garuda_system.yaml clic section.,,,high
Each DMA request line reaches its channel,3,CHK,S5.INT.DMAREQ,Per garuda_system.yaml dma section.,,,high
Four masters under seed sweep AHB checker fatal,3,CHK,S5.INT.ARB,"iport, dport, sba, dma contending; ADR-0004 priority.",,,high
Every inter-block port toggles,3,CHK,S5.INT.TOGGLE,Toggle coverage on block boundary ports in IMC.,,,high
Stage 6 - SoC Top,1,SECTION,S6,,,,
Chip tests from the pins (tb_chip),2,SECTION,S6.CHIP,garuda_chip_top with the real boot ROM; AHB checker on all four masters and the shared bus.,,,
t_chip_basic,3,TC,S6.CHIP.basic,"boot path, ILOCK, precise bus faults, DMA R-9",sw/chip/t_chip_basic.c on tb/soc/filelist_chip.f,,high
t_chip_irq,3,TC,S6.CHIP.irq,"DMA completion through the CLIC, machine timer, watchdog warning, WFI and clock gate",sw/chip/t_chip_irq.c on tb/soc/filelist_chip.f,,high
t_chip_wdt,3,TC,S6.CHIP.wdt,"a real watchdog reset: RSTREASON = WDT, DSRAM survives",sw/chip/t_chip_wdt.c on tb/soc/filelist_chip.f,,high
t_chip_flash,3,TC,S6.CHIP.flash,"boot_sel = 0: ROM reads the image over SPI, checks CRC-32, sets ILOCK, jumps",sw/chip/t_chip_flash.c on tb/soc/filelist_chip.f,,high
t_chip_uart,3,TC,S6.CHIP.uart,three UARTs through the pins,sw/chip/t_chip_uart.c on tb/soc/filelist_chip.f,,high
t_chip_periph,3,TC,S6.CHIP.periph,"SPI master, I2C, GPIO, PWM, SPI slave through the pins",sw/chip/t_chip_periph.c on tb/soc/filelist_chip.f,,high
t_chip_integ,3,TC,S6.CHIP.integ,"every DMA and peripheral interrupt line to its CLIC ID, every DMA request line to its channel, one precise bus fault per unmapped offset, absent window and sub-word access",sw/chip/t_chip_integ.c on tb/soc/filelist_chip.f,,high
t_chip_jtag,3,TC,S6.CHIP.jtag,"halt, load ISRAM over SBA, mailbox, resume, run",sw/chip/t_chip_jtag.c on tb/soc/filelist_chip.f,,high
No assertion fires in any chip test,3,CHK,S6.SVA,Simulator assertion errors count as test failures.,,,high
No X reaches a pin or the bus after reset,3,CHK,S6.XPROP,X-propagation run from power-on reset.,,,high
Every clock divider ratio,3,CHK,S6.CLKDIV,"hclk at /2, /4, /8, /16 with pclk = hclk/2.",,,high
Reset during bus activity,3,CHK,S6.RSTMID,External and watchdog reset asserted mid-transfer; chip reboots cleanly.,,,high
WFI wake from each source,3,CHK,S6.WAKE,"Timer, watchdog warning, DMA, each peripheral interrupt.",,,high
